#! /opt/homebrew/Cellar/icarus-verilog/13.0/bin/vvp
:ivl_version "13.0 (stable)" "(v13_0)";
:ivl_delay_selection "TYPICAL";
:vpi_time_precision - 12;
:vpi_module "/opt/homebrew/Cellar/icarus-verilog/13.0/lib/ivl/system.vpi";
:vpi_module "/opt/homebrew/Cellar/icarus-verilog/13.0/lib/ivl/vhdl_sys.vpi";
:vpi_module "/opt/homebrew/Cellar/icarus-verilog/13.0/lib/ivl/vhdl_textio.vpi";
:vpi_module "/opt/homebrew/Cellar/icarus-verilog/13.0/lib/ivl/v2005_math.vpi";
:vpi_module "/opt/homebrew/Cellar/icarus-verilog/13.0/lib/ivl/va_math.vpi";
:vpi_module "/opt/homebrew/Cellar/icarus-verilog/13.0/lib/ivl/v2009.vpi";
S_0x10309bc20 .scope package, "$unit" "$unit" 2 1;
 .timescale 0 0;
S_0x10309bda0 .scope module, "tb_sbm_alg11_accum" "tb_sbm_alg11_accum" 3 15;
 .timescale -9 -12;
P_0x1030a4740 .param/l "CELLS" 1 3 24, +C4<0000000000000000000000000000000000000000000000000000000001000000>;
P_0x1030a4780 .param/l "FEAT_MAX" 0 3 20, +C4<00000000000000000000000001000000>;
P_0x1030a47c0 .param/l "HC" 1 3 23, +C4<00000000000000000000000000001000>;
P_0x1030a4800 .param/l "IMG_H" 0 3 17, +C4<00000000000000000000000001000000>;
P_0x1030a4840 .param/l "IMG_W" 0 3 16, +C4<00000000000000000000000001000000>;
P_0x1030a4880 .param/l "LANES" 0 3 19, +C4<00000000000000000000000000000100>;
P_0x1030a48c0 .param/l "LM_BYTES" 1 3 26, +C4<0000000000000000000000000000000000000000000000000000000000000000000000000000000000000000000000000000000000000000000000000000000000000000000000001000000000000000>;
P_0x1030a4900 .param/l "RESP_BASE" 0 3 21, C4<00001000000000000000000000000000>;
P_0x1030a4940 .param/l "T" 0 3 18, +C4<00000000000000000000000000001000>;
P_0x1030a4980 .param/l "TP_MAX" 1 3 25, +C4<0000000000000000000000000000000000000000000000000000000001000000>;
P_0x1030a49c0 .param/l "WC" 1 3 22, +C4<00000000000000000000000000001000>;
L_0x7bec26b50 .functor BUFZ 1, v0x7bf1b4dc0_0, C4<0>, C4<0>, C4<0>;
L_0x7bec26bc0 .functor BUFZ 1, v0x7bf1b4dc0_0, C4<0>, C4<0>, C4<0>;
v0x7bf1afca0_0 .var "clk", 0 0;
v0x7bf1afd40_0 .var/i "err", 31 0;
v0x7bf1afde0 .array "feats", 63 0, 31 0;
v0x7bf1afe80 .array "g_hits", 63 0, 31 0;
v0x7bf1aff20_0 .var/i "g_max", 31 0;
v0x7bf1b4000_0 .var/i "g_nfeat", 31 0;
v0x7bf1b40a0_0 .var/i "g_nhit", 31 0;
v0x7bf1b4140_0 .var "g_raw_thr", 8 0;
v0x7bf1b41e0 .array "g_score", 63 0, 7 0;
v0x7bf1b4280_0 .var/i "g_tp", 31 0;
v0x7bf1b4320_0 .var/i "i", 31 0;
v0x7bf1b43c0_0 .net "irq_done", 0 0, L_0x7bee5dae0;  1 drivers
v0x7bf1b4460_0 .var/i "j", 31 0;
v0x7bf1b4500_0 .var "lfsr", 15 0;
v0x7bf1b45a0_0 .net "m_axi_araddr", 31 0, L_0x7bec27cd0;  1 drivers
L_0x7be87df20 .functor BUFT 1, C4<01>, C4<0>, C4<0>, C4<0>;
v0x7bf1b4640_0 .net "m_axi_arburst", 1 0, L_0x7be87df20;  1 drivers
L_0x7be87de90 .functor BUFT 1, C4<00000000>, C4<0>, C4<0>, C4<0>;
v0x7bf1b46e0_0 .net "m_axi_arlen", 7 0, L_0x7be87de90;  1 drivers
L_0x7be879210 .functor BUFT 1, C4<1>, C4<0>, C4<0>, C4<0>;
v0x7bf1b4780_0 .net "m_axi_arready", 0 0, L_0x7be879210;  1 drivers
L_0x7be87ded8 .functor BUFT 1, C4<101>, C4<0>, C4<0>, C4<0>;
v0x7bf1b4820_0 .net "m_axi_arsize", 2 0, L_0x7be87ded8;  1 drivers
v0x7bf1b48c0_0 .net "m_axi_arvalid", 0 0, L_0x7bec27c60;  1 drivers
v0x7bf1b4960_0 .net "m_axi_rdata", 255 0, L_0x7bf1b8960;  1 drivers
v0x7bf1b4a00_0 .net "m_axi_rlast", 0 0, L_0x7bec26bc0;  1 drivers
L_0x7be87e088 .functor BUFT 1, C4<1>, C4<0>, C4<0>, C4<0>;
v0x7bf1b4aa0_0 .net "m_axi_rready", 0 0, L_0x7be87e088;  1 drivers
L_0x7be879258 .functor BUFT 1, C4<00>, C4<0>, C4<0>, C4<0>;
v0x7bf1b4b40_0 .net "m_axi_rresp", 1 0, L_0x7be879258;  1 drivers
v0x7bf1b4be0_0 .net "m_axi_rvalid", 0 0, L_0x7bec26b50;  1 drivers
v0x7bf1b4c80_0 .var/i "ncase", 31 0;
v0x7bf1b4d20_0 .var "r_addr", 31 0;
v0x7bf1b4dc0_0 .var "r_pend", 0 0;
v0x7bf1b4e60_0 .var "rd", 31 0;
v0x7bf1b4f00_0 .var/i "rdcnt", 31 0;
v0x7bf1b4fa0 .array "resp_mem", 32767 0, 7 0;
v0x7bf1b5040_0 .var "rst_n", 0 0;
v0x7bf1b50e0_0 .var "s_axi_aclk", 0 0;
v0x7bf1b5180_0 .var "s_axi_araddr", 7 0;
v0x7bf1b5220_0 .var "s_axi_aresetn", 0 0;
v0x7bf1b52c0_0 .net "s_axi_arready", 0 0, L_0x7bee5dcc0;  1 drivers
v0x7bf1b5360_0 .var "s_axi_arvalid", 0 0;
v0x7bf1b5400_0 .var "s_axi_awaddr", 7 0;
v0x7bf1b54a0_0 .net "s_axi_awready", 0 0, L_0x7bee5db80;  1 drivers
v0x7bf1b5540_0 .var "s_axi_awvalid", 0 0;
v0x7bf1b55e0_0 .var "s_axi_bready", 0 0;
L_0x7be87ee50 .functor BUFT 1, C4<00>, C4<0>, C4<0>, C4<0>;
v0x7bf1b5680_0 .net "s_axi_bresp", 1 0, L_0x7be87ee50;  1 drivers
v0x7bf1b5720_0 .net "s_axi_bvalid", 0 0, L_0x7bf1c93b0;  1 drivers
v0x7bf1b57c0_0 .net "s_axi_rdata", 31 0, L_0x7bee4d720;  1 drivers
v0x7bf1b5860_0 .var "s_axi_rready", 0 0;
L_0x7be87ee98 .functor BUFT 1, C4<00>, C4<0>, C4<0>, C4<0>;
v0x7bf1b5900_0 .net "s_axi_rresp", 1 0, L_0x7be87ee98;  1 drivers
v0x7bf1b59a0_0 .net "s_axi_rvalid", 0 0, L_0x7bec27e20;  1 drivers
v0x7bf1b5a40_0 .var "s_axi_wdata", 31 0;
v0x7bf1b5ae0_0 .net "s_axi_wready", 0 0, L_0x7bee5dc20;  1 drivers
v0x7bf1b5b80_0 .var "s_axi_wstrb", 3 0;
v0x7bf1b5c20_0 .var "s_axi_wvalid", 0 0;
v0x7bf1b5cc0_0 .var/i "to", 31 0;
LS_0x7bf1b8960_0_0 .concat8 [ 8 8 8 8], L_0x7bec25d50, L_0x7bec25dc0, L_0x7bec25e30, L_0x7bec25ea0;
LS_0x7bf1b8960_0_4 .concat8 [ 8 8 8 8], L_0x7bec25f10, L_0x7bec25f80, L_0x7bec25ff0, L_0x7bec26060;
LS_0x7bf1b8960_0_8 .concat8 [ 8 8 8 8], L_0x7bec260d0, L_0x7bec26140, L_0x7bec261b0, L_0x7bec26220;
LS_0x7bf1b8960_0_12 .concat8 [ 8 8 8 8], L_0x7bec26290, L_0x7bec26300, L_0x7bec26370, L_0x7bec263e0;
LS_0x7bf1b8960_0_16 .concat8 [ 8 8 8 8], L_0x7bec26450, L_0x7bec264c0, L_0x7bec26530, L_0x7bec265a0;
LS_0x7bf1b8960_0_20 .concat8 [ 8 8 8 8], L_0x7bec26610, L_0x7bec26680, L_0x7bec266f0, L_0x7bec26760;
LS_0x7bf1b8960_0_24 .concat8 [ 8 8 8 8], L_0x7bec267d0, L_0x7bec26840, L_0x7bec268b0, L_0x7bec26920;
LS_0x7bf1b8960_0_28 .concat8 [ 8 8 8 8], L_0x7bec26990, L_0x7bec26a00, L_0x7bec26a70, L_0x7bec26ae0;
LS_0x7bf1b8960_1_0 .concat8 [ 32 32 32 32], LS_0x7bf1b8960_0_0, LS_0x7bf1b8960_0_4, LS_0x7bf1b8960_0_8, LS_0x7bf1b8960_0_12;
LS_0x7bf1b8960_1_4 .concat8 [ 32 32 32 32], LS_0x7bf1b8960_0_16, LS_0x7bf1b8960_0_20, LS_0x7bf1b8960_0_24, LS_0x7bf1b8960_0_28;
L_0x7bf1b8960 .concat8 [ 128 128 0 0], LS_0x7bf1b8960_1_0, LS_0x7bf1b8960_1_4;
S_0x10309c060 .scope module, "dut" "sbm_alg11_accum" 3 299, 4 30 0, S_0x10309bda0;
 .timescale -9 -12;
    .port_info 0 /INPUT 1 "clk";
    .port_info 1 /INPUT 1 "rst_n";
    .port_info 2 /INPUT 1 "s_axi_aclk";
    .port_info 3 /INPUT 1 "s_axi_aresetn";
    .port_info 4 /INPUT 8 "s_axi_awaddr";
    .port_info 5 /INPUT 1 "s_axi_awvalid";
    .port_info 6 /OUTPUT 1 "s_axi_awready";
    .port_info 7 /INPUT 32 "s_axi_wdata";
    .port_info 8 /INPUT 4 "s_axi_wstrb";
    .port_info 9 /INPUT 1 "s_axi_wvalid";
    .port_info 10 /OUTPUT 1 "s_axi_wready";
    .port_info 11 /OUTPUT 2 "s_axi_bresp";
    .port_info 12 /OUTPUT 1 "s_axi_bvalid";
    .port_info 13 /INPUT 1 "s_axi_bready";
    .port_info 14 /INPUT 8 "s_axi_araddr";
    .port_info 15 /INPUT 1 "s_axi_arvalid";
    .port_info 16 /OUTPUT 1 "s_axi_arready";
    .port_info 17 /OUTPUT 32 "s_axi_rdata";
    .port_info 18 /OUTPUT 2 "s_axi_rresp";
    .port_info 19 /OUTPUT 1 "s_axi_rvalid";
    .port_info 20 /INPUT 1 "s_axi_rready";
    .port_info 21 /OUTPUT 32 "m_axi_araddr";
    .port_info 22 /OUTPUT 1 "m_axi_arvalid";
    .port_info 23 /INPUT 1 "m_axi_arready";
    .port_info 24 /OUTPUT 8 "m_axi_arlen";
    .port_info 25 /OUTPUT 3 "m_axi_arsize";
    .port_info 26 /OUTPUT 2 "m_axi_arburst";
    .port_info 27 /INPUT 256 "m_axi_rdata";
    .port_info 28 /INPUT 1 "m_axi_rvalid";
    .port_info 29 /OUTPUT 1 "m_axi_rready";
    .port_info 30 /INPUT 2 "m_axi_rresp";
    .port_info 31 /INPUT 1 "m_axi_rlast";
    .port_info 32 /OUTPUT 1 "irq_done";
P_0x7bf15c000 .param/l "AW" 1 4 83, +C4<00000000000000000000000000000011>;
P_0x7bf15c040 .param/l "BANK_DEPTH" 1 4 82, +C4<00000000000000000000000000000001000>;
P_0x7bf15c080 .param/l "CELLS" 1 4 79, +C4<0000000000000000000000000000000000000000000000000000000001000000>;
P_0x7bf15c0c0 .param/l "CHUNK" 1 4 81, +C4<000000000000000000000000000000000000000000000000000000000000010000>;
P_0x7bf15c100 .param/l "FCNTW" 1 4 85, +C4<00000000000000000000000000000111>;
P_0x7bf15c140 .param/l "FEAT_MAX" 0 4 35, +C4<00000000000000000000000001000000>;
P_0x7bf15c180 .param/l "HC" 1 4 78, +C4<00000000000000000000000000001000>;
P_0x7bf15c1c0 .param/l "HIT_FIFO_DEPTH" 0 4 37, +C4<00000000000000000000000001000000>;
P_0x7bf15c200 .param/l "IMG_H" 0 4 33, +C4<00000000000000000000000001000000>;
P_0x7bf15c240 .param/l "IMG_W" 0 4 32, +C4<00000000000000000000000001000000>;
P_0x7bf15c280 .param/l "LANES" 0 4 31, +C4<00000000000000000000000000000100>;
P_0x7bf15c2c0 .param/l "LW" 1 4 86, +C4<00000000000000000000000000000011>;
P_0x7bf15c300 .param/l "RESP_BASE" 0 4 36, C4<00001000000000000000000000000000>;
P_0x7bf15c340 .param/l "SCAN_WD_MAX" 1 4 87, +C4<000000000000000000000000000000000000000000000000000000000000000000000000000000000000001000100000000>;
P_0x7bf15c380 .param/l "ST_DONE" 1 4 109, C4<111>;
P_0x7bf15c3c0 .param/l "ST_FEAT" 1 4 108, C4<010>;
P_0x7bf15c400 .param/l "ST_FEAT2" 1 4 108, C4<011>;
P_0x7bf15c440 .param/l "ST_IDLE" 1 4 108, C4<000>;
P_0x7bf15c480 .param/l "ST_PUSH" 1 4 109, C4<110>;
P_0x7bf15c4c0 .param/l "ST_RUN" 1 4 109, C4<100>;
P_0x7bf15c500 .param/l "ST_SCAN" 1 4 109, C4<101>;
P_0x7bf15c540 .param/l "ST_ZERO" 1 4 108, C4<001>;
P_0x7bf15c580 .param/l "T" 0 4 34, +C4<00000000000000000000000000001000>;
P_0x7bf15c5c0 .param/l "TPW" 1 4 84, +C4<00000000000000000000000000000111>;
P_0x7bf15c600 .param/l "TP_MAX" 1 4 80, +C4<0000000000000000000000000000000000000000000000000000000001000000>;
P_0x7bf15c640 .param/l "WC" 1 4 77, +C4<00000000000000000000000000001000>;
L_0x7bf1c8d20 .functor AND 1, v0x7bf1a1c20_0, v0x7bf1a6a80_0, C4<1>, C4<1>;
L_0x7bf1c8d90 .functor AND 1, L_0x7bf1c8d20, v0x7bf1b55e0_0, C4<1>, C4<1>;
L_0x7bf1c8e00 .functor AND 1, v0x7bf1a1ae0_0, v0x7bf1b5860_0, C4<1>, C4<1>;
L_0x7bec27870 .functor BUFZ 1, L_0x7bf1c92d0, C4<0>, C4<0>, C4<0>;
L_0x7bf1c8e70 .functor AND 1, L_0x7bf1c8d90, L_0x7bee53ca0, C4<1>, C4<1>;
L_0x7bf1c8ee0 .functor NOT 1, v0x7bf1b5220_0, C4<0>, C4<0>, C4<0>;
L_0x7bf1c8f50 .functor AND 1, L_0x7bf1c8e00, L_0x7bee5c500, C4<1>, C4<1>;
L_0x7bf1c8fc0 .functor NOT 1, v0x7bf1b5040_0, C4<0>, C4<0>, C4<0>;
L_0x7bf1c9030 .functor AND 1, v0x7bf1a59a0_0, L_0x7bee5cc80, C4<1>, C4<1>;
L_0x7bf1c90a0 .functor AND 1, L_0x7bee5cdc0, L_0x7bee5cf00, C4<1>, C4<1>;
L_0x7bf1c9110 .functor AND 1, L_0x7bee5d4a0, v0x7bf1a1e00_0, C4<1>, C4<1>;
L_0x7bf1c9180 .functor AND 1, v0x7bf1a3160_0, L_0x7bee5d720, C4<1>, C4<1>;
L_0x7bf1c91f0 .functor AND 1, L_0x7bf1c9180, L_0x7be879210, C4<1>, C4<1>;
L_0x7bf1c92d0 .functor AND 1, L_0x7bec26b50, L_0x7bee5d7c0, C4<1>, C4<1>;
L_0x7bec27c60 .functor BUFZ 1, L_0x7bf1c9180, C4<0>, C4<0>, C4<0>;
L_0x7bec27cd0 .functor BUFZ 32, L_0x7bf1bfc00, C4<00000000000000000000000000000000>, C4<00000000000000000000000000000000>, C4<00000000000000000000000000000000>;
L_0x7bf1c9260 .functor AND 1, L_0x7bee5d860, L_0x7bee5d900, C4<1>, C4<1>;
L_0x7bf1c9340 .functor AND 1, L_0x7bee5d9a0, L_0x7bee5da40, C4<1>, C4<1>;
L_0x7bec27d40 .functor BUFZ 32, L_0x7bee4cfa0, C4<00000000000000000000000000000000>, C4<00000000000000000000000000000000>, C4<00000000000000000000000000000000>;
L_0x7bec27db0 .functor BUFZ 1, L_0x7bee4d040, C4<0>, C4<0>, C4<0>;
L_0x7bf1c93b0 .functor AND 1, v0x7bf1a1c20_0, v0x7bf1a6a80_0, C4<1>, C4<1>;
L_0x7bec27e20 .functor BUFZ 1, v0x7bf1a1ae0_0, C4<0>, C4<0>, C4<0>;
v0x7bf19e300_0 .net *"_ivl_108", 0 0, L_0x7bf1c8d20;  1 drivers
L_0x7be87df68 .functor BUFT 1, C4<10000>, C4<0>, C4<0>, C4<0>;
v0x7bf19e3a0_0 .net/2u *"_ivl_113", 4 0, L_0x7be87df68;  1 drivers
L_0x7be87dfb0 .functor BUFT 1, C4<00000>, C4<0>, C4<0>, C4<0>;
v0x7bf19e440_0 .net/2u *"_ivl_117", 4 0, L_0x7be87dfb0;  1 drivers
v0x7bf19e4e0_0 .net *"_ivl_121", 7 0, L_0x7bf1bf0c0;  1 drivers
v0x7bf19e580_0 .net *"_ivl_123", 5 0, L_0x7bf1bf160;  1 drivers
L_0x7be87dff8 .functor BUFT 1, C4<00>, C4<0>, C4<0>, C4<0>;
v0x7bf19e620_0 .net *"_ivl_126", 1 0, L_0x7be87dff8;  1 drivers
v0x7bf19e6c0_0 .net *"_ivl_129", 7 0, L_0x7bf1bf200;  1 drivers
v0x7bf19e760_0 .net *"_ivl_131", 5 0, L_0x7bf1bf2a0;  1 drivers
L_0x7be87e040 .functor BUFT 1, C4<00>, C4<0>, C4<0>, C4<0>;
v0x7bf19e800_0 .net *"_ivl_134", 1 0, L_0x7be87e040;  1 drivers
v0x7bf19e8a0_0 .net *"_ivl_142", 5 0, L_0x7bee53c00;  1 drivers
L_0x7be87e0d0 .functor BUFT 1, C4<000011>, C4<0>, C4<0>, C4<0>;
v0x7bf19e940_0 .net/2u *"_ivl_143", 5 0, L_0x7be87e0d0;  1 drivers
v0x7bf19e9e0_0 .net *"_ivl_145", 0 0, L_0x7bee53ca0;  1 drivers
v0x7bf19ea80_0 .net *"_ivl_152", 5 0, L_0x7bee5c460;  1 drivers
L_0x7be87e4c0 .functor BUFT 1, C4<001001>, C4<0>, C4<0>, C4<0>;
v0x7bf19eb20_0 .net/2u *"_ivl_153", 5 0, L_0x7be87e4c0;  1 drivers
v0x7bf19ebc0_0 .net *"_ivl_155", 0 0, L_0x7bee5c500;  1 drivers
v0x7bf19ec60_0 .net *"_ivl_162", 0 0, L_0x7bee5cc80;  1 drivers
v0x7bf19ed00_0 .net *"_ivl_166", 11 0, L_0x7bee5cd20;  1 drivers
v0x7bf19eda0_0 .net *"_ivl_167", 31 0, L_0x7bf1bf480;  1 drivers
L_0x7be87e8b0 .functor BUFT 1, C4<00000000000000000000>, C4<0>, C4<0>, C4<0>;
v0x7bf19ee40_0 .net *"_ivl_170", 19 0, L_0x7be87e8b0;  1 drivers
L_0x7be87e8f8 .functor BUFT 1, C4<00000000000000000000000001000000>, C4<0>, C4<0>, C4<0>;
v0x7bf19eee0_0 .net/2u *"_ivl_171", 31 0, L_0x7be87e8f8;  1 drivers
v0x7bf19ef80_0 .net *"_ivl_173", 0 0, L_0x7bee5cdc0;  1 drivers
v0x7bf19f020_0 .net *"_ivl_176", 11 0, L_0x7bee5ce60;  1 drivers
v0x7bf19f0c0_0 .net *"_ivl_177", 31 0, L_0x7bf1bf520;  1 drivers
L_0x7be87e940 .functor BUFT 1, C4<00000000000000000000>, C4<0>, C4<0>, C4<0>;
v0x7bf19f160_0 .net *"_ivl_180", 19 0, L_0x7be87e940;  1 drivers
L_0x7be87e988 .functor BUFT 1, C4<00000000000000000000000001000000>, C4<0>, C4<0>, C4<0>;
v0x7bf19f200_0 .net/2u *"_ivl_181", 31 0, L_0x7be87e988;  1 drivers
v0x7bf19f2a0_0 .net *"_ivl_183", 0 0, L_0x7bee5cf00;  1 drivers
v0x7bf19f340_0 .net *"_ivl_188", 2 0, L_0x7bee5cfa0;  1 drivers
v0x7bf19f3e0_0 .net *"_ivl_190", 2 0, L_0x7bee5d040;  1 drivers
v0x7bf19f480_0 .net *"_ivl_194", 8 0, L_0x7bee5d0e0;  1 drivers
v0x7bf19f520_0 .net *"_ivl_195", 31 0, L_0x7bf1bf660;  1 drivers
L_0x7be87e9d0 .functor BUFT 1, C4<00000000000000000000000>, C4<0>, C4<0>, C4<0>;
v0x7bf19f5c0_0 .net *"_ivl_198", 22 0, L_0x7be87e9d0;  1 drivers
v0x7bf19f660_0 .net *"_ivl_200", 31 0, L_0x7bee5d180;  1 drivers
v0x7bf19f700_0 .net *"_ivl_202", 8 0, L_0x7bee5d220;  1 drivers
v0x7bf19f7a0_0 .net *"_ivl_203", 31 0, L_0x7bf1bf700;  1 drivers
L_0x7be87ea18 .functor BUFT 1, C4<00000000000000000000000>, C4<0>, C4<0>, C4<0>;
v0x7bf19f840_0 .net *"_ivl_206", 22 0, L_0x7be87ea18;  1 drivers
v0x7bf19f8e0_0 .net *"_ivl_209", 63 0, L_0x7bf1bf840;  1 drivers
L_0x7be87ea60 .functor BUFT 1, C4<00000000000000000000000000000000>, C4<0>, C4<0>, C4<0>;
v0x7bf19f980_0 .net *"_ivl_212", 31 0, L_0x7be87ea60;  1 drivers
v0x7bf19fa20_0 .net *"_ivl_214", 2 0, L_0x7bee5d2c0;  1 drivers
v0x7bf19fac0_0 .net *"_ivl_215", 8 0, L_0x7bf1bf8e0;  1 drivers
v0x7bf19fb60_0 .net *"_ivl_217", 63 0, L_0x7bf1bf980;  1 drivers
L_0x7be87eaa8 .functor BUFT 1, C4<0000000000000000000000000000000000000000000000000000000>, C4<0>, C4<0>, C4<0>;
v0x7bf19fc00_0 .net *"_ivl_220", 54 0, L_0x7be87eaa8;  1 drivers
L_0x7be87eaf0 .functor BUFT 1, C4<0000000000000000000000000000000000000000000000000000000001000000>, C4<0>, C4<0>, C4<0>;
v0x7bf19fca0_0 .net/2u *"_ivl_221", 63 0, L_0x7be87eaf0;  1 drivers
v0x7bf19fd40_0 .net *"_ivl_224", 63 0, L_0x7bee5d360;  1 drivers
v0x7bf19fde0_0 .net *"_ivl_225", 63 0, L_0x7bf1bfa20;  1 drivers
v0x7bf19fe80_0 .net *"_ivl_227", 63 0, L_0x7bf1bfac0;  1 drivers
L_0x7be87eb38 .functor BUFT 1, C4<00000000000000000000000000000000>, C4<0>, C4<0>, C4<0>;
v0x7bf19ff20_0 .net *"_ivl_230", 31 0, L_0x7be87eb38;  1 drivers
v0x7bf1a0000_0 .net *"_ivl_231", 63 0, L_0x7bf1bfb60;  1 drivers
L_0x7be87eb80 .functor BUFT 1, C4<011>, C4<0>, C4<0>, C4<0>;
v0x7bf1a00a0_0 .net/2u *"_ivl_235", 2 0, L_0x7be87eb80;  1 drivers
v0x7bf1a0140_0 .net *"_ivl_237", 0 0, L_0x7bee5d4a0;  1 drivers
L_0x7be87ebc8 .functor BUFT 1, C4<100>, C4<0>, C4<0>, C4<0>;
v0x7bf1a01e0_0 .net/2u *"_ivl_241", 2 0, L_0x7be87ebc8;  1 drivers
L_0x7be87ec10 .functor BUFT 1, C4<001>, C4<0>, C4<0>, C4<0>;
v0x7bf1a0280_0 .net/2u *"_ivl_245", 2 0, L_0x7be87ec10;  1 drivers
L_0x7be87ec58 .functor BUFT 1, C4<101>, C4<0>, C4<0>, C4<0>;
v0x7bf1a0320_0 .net/2u *"_ivl_249", 2 0, L_0x7be87ec58;  1 drivers
v0x7bf1a03c0_0 .net *"_ivl_254", 0 0, L_0x7bee5d720;  1 drivers
v0x7bf1a0460_0 .net *"_ivl_260", 0 0, L_0x7bee5d7c0;  1 drivers
v0x7bf1a0500_0 .net *"_ivl_265", 31 0, L_0x7bf1bfc00;  1 drivers
v0x7bf1a05a0_0 .net *"_ivl_267", 3 0, L_0x7bf1bfca0;  1 drivers
L_0x7be87eca0 .functor BUFT 1, C4<0>, C4<0>, C4<0>, C4<0>;
v0x7bf1a0640_0 .net *"_ivl_270", 0 0, L_0x7be87eca0;  1 drivers
L_0x7be87ece8 .functor BUFT 1, C4<101>, C4<0>, C4<0>, C4<0>;
v0x7bf1a06e0_0 .net/2u *"_ivl_273", 2 0, L_0x7be87ece8;  1 drivers
v0x7bf1a0780_0 .net *"_ivl_275", 0 0, L_0x7bee5d860;  1 drivers
L_0x7be87ed30 .functor BUFT 1, C4<101>, C4<0>, C4<0>, C4<0>;
v0x7bf1a0820_0 .net/2u *"_ivl_277", 2 0, L_0x7be87ed30;  1 drivers
v0x7bf1a08c0_0 .net *"_ivl_279", 0 0, L_0x7bee5d900;  1 drivers
L_0x7be87ed78 .functor BUFT 1, C4<110>, C4<0>, C4<0>, C4<0>;
v0x7bf1a0960_0 .net/2u *"_ivl_283", 2 0, L_0x7be87ed78;  1 drivers
v0x7bf1a0a00_0 .net *"_ivl_285", 0 0, L_0x7bee5d9a0;  1 drivers
L_0x7be87edc0 .functor BUFT 1, C4<110>, C4<0>, C4<0>, C4<0>;
v0x7bf1a0aa0_0 .net/2u *"_ivl_287", 2 0, L_0x7be87edc0;  1 drivers
v0x7bf1a0b40_0 .net *"_ivl_289", 0 0, L_0x7bee5da40;  1 drivers
L_0x7be87ee08 .functor BUFT 1, C4<111>, C4<0>, C4<0>, C4<0>;
v0x7bf1a0be0_0 .net/2u *"_ivl_299", 2 0, L_0x7be87ee08;  1 drivers
v0x7bf1a0c80_0 .net *"_ivl_318", 5 0, L_0x7bee5dd60;  1 drivers
L_0x7be87eee0 .functor BUFT 1, C4<000001>, C4<0>, C4<0>, C4<0>;
v0x7bf1a0d20_0 .net/2u *"_ivl_319", 5 0, L_0x7be87eee0;  1 drivers
v0x7bf1a0dc0_0 .net *"_ivl_321", 0 0, L_0x7bee5de00;  1 drivers
L_0x7be87ef28 .functor BUFT 1, C4<00000000000000000000000000000>, C4<0>, C4<0>, C4<0>;
v0x7bf1a0e60_0 .net/2u *"_ivl_323", 28 0, L_0x7be87ef28;  1 drivers
v0x7bf1a0f00_0 .net *"_ivl_325", 31 0, L_0x7bf1bfd40;  1 drivers
v0x7bf1a0fa0_0 .net *"_ivl_328", 5 0, L_0x7bee5dea0;  1 drivers
L_0x7be87ef70 .functor BUFT 1, C4<001000>, C4<0>, C4<0>, C4<0>;
v0x7bf1a1040_0 .net/2u *"_ivl_329", 5 0, L_0x7be87ef70;  1 drivers
v0x7bf1a10e0_0 .net *"_ivl_331", 0 0, L_0x7bee5df40;  1 drivers
L_0x7be87efb8 .functor BUFT 1, C4<00000000000000000000000000>, C4<0>, C4<0>, C4<0>;
v0x7bf1a1180_0 .net/2u *"_ivl_333", 25 0, L_0x7be87efb8;  1 drivers
v0x7bf1a1220_0 .net *"_ivl_335", 31 0, L_0x7bf1bfde0;  1 drivers
v0x7bf1a12c0_0 .net *"_ivl_338", 5 0, L_0x7bee5dfe0;  1 drivers
L_0x7be87f000 .functor BUFT 1, C4<001001>, C4<0>, C4<0>, C4<0>;
v0x7bf1a1360_0 .net/2u *"_ivl_339", 5 0, L_0x7be87f000;  1 drivers
v0x7bf1a1400_0 .net *"_ivl_341", 0 0, L_0x7bee5e080;  1 drivers
L_0x7be87f048 .functor BUFT 1, C4<00000000000000000000000000000000>, C4<0>, C4<0>, C4<0>;
v0x7bf1a14a0_0 .net/2u *"_ivl_343", 31 0, L_0x7be87f048;  1 drivers
v0x7bf1a1540_0 .net *"_ivl_345", 31 0, L_0x7bee4d4a0;  1 drivers
v0x7bf1a15e0_0 .net *"_ivl_348", 5 0, L_0x7bee5e120;  1 drivers
L_0x7be87f090 .functor BUFT 1, C4<001010>, C4<0>, C4<0>, C4<0>;
v0x7bf1a1680_0 .net/2u *"_ivl_349", 5 0, L_0x7be87f090;  1 drivers
v0x7bf1a1720_0 .net *"_ivl_351", 0 0, L_0x7bee5e1c0;  1 drivers
L_0x7be87f0d8 .functor BUFT 1, C4<00000000000000000000000000000000>, C4<0>, C4<0>, C4<0>;
v0x7bf1a17c0_0 .net/2u *"_ivl_353", 31 0, L_0x7be87f0d8;  1 drivers
v0x7bf1a1860_0 .net *"_ivl_355", 31 0, L_0x7bee4d540;  1 drivers
v0x7bf1a1900_0 .net *"_ivl_357", 31 0, L_0x7bee4d5e0;  1 drivers
v0x7bf1a19a0_0 .net *"_ivl_359", 31 0, L_0x7bee4d680;  1 drivers
v0x7bf1a1a40_0 .var/i "ai", 31 0;
v0x7bf1a1ae0_0 .var "ar_ok", 0 0;
v0x7bf1a1b80_0 .var "araddr_r", 7 0;
v0x7bf1a1c20_0 .var "aw_ok", 0 0;
v0x7bf1a1cc0_0 .var "awaddr_r", 7 0;
v0x7bf1a1d60_0 .var "base_r", 31 0;
v0x7bf1a1e00_0 .var "bounds_r", 0 0;
v0x7bf1a1ea0_0 .var "cand_din", 31 0;
v0x7bf1a1f40_0 .net "cand_dout", 31 0, L_0x7bee4d2c0;  1 drivers
v0x7bf1a1fe0_0 .net "cand_empty", 0 0, L_0x7bee5c6e0;  1 drivers
v0x7bf1a2080_0 .net "cand_pop", 0 0, L_0x7bf1c8f50;  1 drivers
v0x7bf1a2120_0 .net "cand_rdcnt", 5 0, L_0x7bee4d360;  1 drivers
v0x7bf1a21c0_0 .var "cand_wr", 0 0;
v0x7bf1a2260_0 .var "cfg_nfeat", 31 0;
v0x7bf1a2300_0 .var "cfg_nfeat_c", 31 0;
v0x7bf1a23a0_0 .var "cfg_resp", 31 0;
v0x7bf1a2440_0 .var "cfg_resp_c", 31 0;
v0x7bf1a24e0_0 .var "cfg_thr", 31 0;
v0x7bf1a2580_0 .var "cfg_thr_c", 31 0;
v0x7bf1a2620_0 .var "cfg_tp", 31 0;
v0x7bf1a26c0_0 .var "cfg_tp_c", 31 0;
v0x7bf1a2760_0 .var "cfg_wc", 31 0;
v0x7bf1a2800_0 .var "cfg_wc_c", 31 0;
v0x7bf1a28a0_0 .var/i "ci", 31 0;
v0x7bf1a2940_0 .net "clk", 0 0, v0x7bf1afca0_0;  1 drivers
v0x7bf1a29e0_0 .var "coll_lane", 2 0;
v0x7bf1a2a80_0 .var "done_flag", 0 0;
v0x7bf1a2b20_0 .var "done_s0", 0 0;
v0x7bf1a2bc0_0 .var "done_s1", 0 0;
v0x7bf1a2c60_0 .var "fcnt", 6 0;
v0x7bf1a2d00_0 .net "feat_dout", 31 0, L_0x7bee4d0e0;  1 drivers
v0x7bf1a2da0_0 .net "feat_empty", 0 0, L_0x7bee53e80;  1 drivers
v0x7bf1a2e40_0 .net "feat_full", 0 0, L_0x7bee53de0;  1 drivers
v0x7bf1a2ee0_0 .var "feat_rd", 0 0;
v0x7bf1a2f80_0 .net "feat_wr", 0 0, L_0x7bf1c8e70;  1 drivers
v0x7bf1a3020_0 .var "gmax_r", 7 0;
v0x7bf1a30c0_0 .var "grant_id", 2 0;
v0x7bf1a3160_0 .var "grant_v", 0 0;
v0x7bf1a3200 .array "hempty_mux_prev", 3 0;
v0x7bf1a3200_0 .net v0x7bf1a3200 0, 0 0, L_0x7bee4cc80; 1 drivers
v0x7bf1a3200_1 .net v0x7bf1a3200 1, 0 0, L_0x7bee4cdc0; 1 drivers
v0x7bf1a3200_2 .net v0x7bf1a3200 2, 0 0, L_0x7bee4cf00; 1 drivers
v0x7bf1a3200_3 .net v0x7bf1a3200 3, 0 0, L_0x7bee4d040; 1 drivers
v0x7bf1a32a0_0 .net "hit_mux", 31 0, L_0x7bec27d40;  1 drivers
v0x7bf1a3340 .array "hit_mux_prev", 3 0;
v0x7bf1a3340_0 .net v0x7bf1a3340 0, 31 0, L_0x7bee4cbe0; 1 drivers
v0x7bf1a3340_1 .net v0x7bf1a3340 1, 31 0, L_0x7bee4cd20; 1 drivers
v0x7bf1a3340_2 .net v0x7bf1a3340 2, 31 0, L_0x7bee4ce60; 1 drivers
v0x7bf1a3340_3 .net v0x7bf1a3340 3, 31 0, L_0x7bee4cfa0; 1 drivers
v0x7bf1a33e0_0 .net "hitempty_mux", 0 0, L_0x7bec27db0;  1 drivers
v0x7bf1a3480_0 .net "irq_done", 0 0, L_0x7bee5dae0;  alias, 1 drivers
v0x7bf1a3520_0 .net "lite_rd_pop", 0 0, L_0x7bf1c8e00;  1 drivers
v0x7bf1a35c0_0 .net "lite_wr_pulse", 0 0, L_0x7bf1c8d90;  1 drivers
v0x7bf1a3660_0 .net "m_axi_araddr", 31 0, L_0x7bec27cd0;  alias, 1 drivers
v0x7bf1a3700_0 .net "m_axi_arburst", 1 0, L_0x7be87df20;  alias, 1 drivers
v0x7bf1a37a0_0 .net "m_axi_arlen", 7 0, L_0x7be87de90;  alias, 1 drivers
v0x7bf1a3840_0 .net "m_axi_arready", 0 0, L_0x7be879210;  alias, 1 drivers
v0x7bf1a38e0_0 .net "m_axi_arsize", 2 0, L_0x7be87ded8;  alias, 1 drivers
v0x7bf1a3980_0 .net "m_axi_arvalid", 0 0, L_0x7bec27c60;  alias, 1 drivers
v0x7bf1a3a20_0 .net "m_axi_rdata", 255 0, L_0x7bf1b8960;  alias, 1 drivers
v0x7bf1a3ac0_0 .net "m_axi_rlast", 0 0, L_0x7bec26bc0;  alias, 1 drivers
v0x7bf1a3b60_0 .net "m_axi_rready", 0 0, L_0x7be87e088;  alias, 1 drivers
v0x7bf1a3c00_0 .net "m_axi_rresp", 1 0, L_0x7be879258;  alias, 1 drivers
v0x7bf1a3ca0_0 .net "m_axi_rvalid", 0 0, L_0x7bec26b50;  alias, 1 drivers
v0x7bf1a3d40_0 .var "max_score_r", 31 0;
v0x7bf1a3de0_0 .var "max_score_s0", 31 0;
v0x7bf1a3e80_0 .var "max_score_s1", 31 0;
v0x7bf1a3f20_0 .var/i "mg", 31 0;
v0x7bf1a4000_0 .var "min_idx", 4 0;
v0x7bf1a40a0_0 .var "out_cnt", 4 0;
v0x7bf1a4140_0 .net "out_empty", 0 0, L_0x7bee53a20;  1 drivers
v0x7bf1a41e0 .array "out_fifo", 15 0, 7 0;
v0x7bf1a4280_0 .net "out_full", 0 0, L_0x7bee53980;  1 drivers
v0x7bf1a4320_0 .var "out_rd", 3 0;
v0x7bf1a43c0_0 .var "out_wr", 3 0;
v0x7bf1a4460_0 .var "prev_st", 2 0;
v0x7bf1a4500_0 .net "push_entry", 0 0, L_0x7bf1c9340;  1 drivers
v0x7bf1a45a0_0 .var "push_idx", 5 0;
v0x7bf1a4640_0 .net "r_fill", 0 0, L_0x7bec27870;  1 drivers
v0x7bf1a46e0_0 .net "r_lane", 2 0, L_0x7bee53ac0;  1 drivers
v0x7bf1a4780_0 .net "r_slot", 0 0, L_0x7bee53b60;  1 drivers
v0x7bf1a4820_0 .var "raw_thr_r", 8 0;
v0x7bf1a48c0_0 .var "rr_ptr", 2 0;
v0x7bf1a4960_0 .net "rst_n", 0 0, v0x7bf1b5040_0;  1 drivers
v0x7bf1a4a00_0 .net "s_axi_aclk", 0 0, v0x7bf1b50e0_0;  1 drivers
v0x7bf1a4aa0_0 .net "s_axi_araddr", 7 0, v0x7bf1b5180_0;  1 drivers
v0x7bf1a4b40_0 .net "s_axi_aresetn", 0 0, v0x7bf1b5220_0;  1 drivers
v0x7bf1a4be0_0 .net "s_axi_arready", 0 0, L_0x7bee5dcc0;  alias, 1 drivers
v0x7bf1a4c80_0 .net "s_axi_arvalid", 0 0, v0x7bf1b5360_0;  1 drivers
v0x7bf1a4d20_0 .net "s_axi_awaddr", 7 0, v0x7bf1b5400_0;  1 drivers
v0x7bf1a4dc0_0 .net "s_axi_awready", 0 0, L_0x7bee5db80;  alias, 1 drivers
v0x7bf1a4e60_0 .net "s_axi_awvalid", 0 0, v0x7bf1b5540_0;  1 drivers
v0x7bf1a4f00_0 .net "s_axi_bready", 0 0, v0x7bf1b55e0_0;  1 drivers
v0x7bf1a4fa0_0 .net "s_axi_bresp", 1 0, L_0x7be87ee50;  alias, 1 drivers
v0x7bf1a5040_0 .net "s_axi_bvalid", 0 0, L_0x7bf1c93b0;  alias, 1 drivers
v0x7bf1a50e0_0 .net "s_axi_rdata", 31 0, L_0x7bee4d720;  alias, 1 drivers
v0x7bf1a5180_0 .net "s_axi_rready", 0 0, v0x7bf1b5860_0;  1 drivers
v0x7bf1a5220_0 .net "s_axi_rresp", 1 0, L_0x7be87ee98;  alias, 1 drivers
v0x7bf1a52c0_0 .net "s_axi_rvalid", 0 0, L_0x7bec27e20;  alias, 1 drivers
v0x7bf1a5360_0 .net "s_axi_wdata", 31 0, v0x7bf1b5a40_0;  1 drivers
v0x7bf1a5400_0 .net "s_axi_wready", 0 0, L_0x7bee5dc20;  alias, 1 drivers
v0x7bf1a54a0_0 .net "s_axi_wstrb", 3 0, v0x7bf1b5b80_0;  1 drivers
v0x7bf1a5540_0 .net "s_axi_wvalid", 0 0, v0x7bf1b5c20_0;  1 drivers
v0x7bf1a55e0_0 .net "scan_entry", 0 0, L_0x7bf1c9260;  1 drivers
v0x7bf1a5680_0 .var "scan_wd", 31 0;
v0x7bf1a5720_0 .var "st", 2 0;
v0x7bf1a57c0_0 .var "start_l1", 0 0;
v0x7bf1a5860_0 .net "start_pulse", 0 0, L_0x7bf1c9030;  1 drivers
v0x7bf1a5900_0 .var "start_s0", 0 0;
v0x7bf1a59a0_0 .var "start_s1", 0 0;
v0x7bf1a5a40_0 .var "start_s2", 0 0;
v0x7bf1a5ae0_0 .var "status_c", 0 0;
v0x7bf1a5b80_0 .var "status_s0", 0 0;
v0x7bf1a5c20_0 .var "status_s1", 0 0;
v0x7bf1a5cc0 .array "t32", 31 0, 31 0;
v0x7bf1a5d60_0 .var "tcnt", 5 0;
v0x7bf1a5e00_0 .var "tperr_c", 0 0;
v0x7bf1a5ea0_0 .var "tperr_s0", 0 0;
v0x7bf1a5f40_0 .var "tperr_s1", 0 0;
v0x7bf1a5fe0_0 .net "w_ar_fire", 0 0, L_0x7bf1c91f0;  1 drivers
v0x7bf1a6080_0 .net "w_ar_go", 0 0, L_0x7bf1c9180;  1 drivers
v0x7bf1a6120_0 .net "w_base", 31 0, L_0x7bee5d400;  1 drivers
v0x7bf1a61c0_0 .net "w_block", 5 0, L_0x7bf1bf5c0;  1 drivers
v0x7bf1a6260_0 .net "w_bounds_ok", 0 0, L_0x7bf1c90a0;  1 drivers
v0x7bf1a6300_0 .net "w_done", 3 0, L_0x7bf1be8a0;  1 drivers
v0x7bf1a63a0_0 .net "w_grant", 3 0, L_0x7bf1bed00;  1 drivers
v0x7bf1a6440 .array "w_hit", 3 0;
v0x7bf1a6440_0 .net v0x7bf1a6440 0, 31 0, L_0x7bec26df0; 1 drivers
v0x7bf1a6440_1 .net v0x7bf1a6440 1, 31 0, L_0x7bec27100; 1 drivers
v0x7bf1a6440_2 .net v0x7bf1a6440 2, 31 0, L_0x7bec27410; 1 drivers
v0x7bf1a6440_3 .net v0x7bf1a6440 3, 31 0, L_0x7bec27720; 1 drivers
v0x7bf1a64e0 .array "w_hit_is", 3 0;
v0x7bf1a64e0_0 .net v0x7bf1a64e0 0, 2 0, L_0x7bf1beda0; 1 drivers
v0x7bf1a64e0_1 .net v0x7bf1a64e0 1, 2 0, L_0x7bf1bee40; 1 drivers
v0x7bf1a64e0_2 .net v0x7bf1a64e0 2, 2 0, L_0x7bf1beee0; 1 drivers
v0x7bf1a64e0_3 .net v0x7bf1a64e0 3, 2 0, L_0x7bf1bef80; 1 drivers
v0x7bf1a6580_0 .net "w_hitempty", 3 0, L_0x7bf1beb20;  1 drivers
v0x7bf1a6620_0 .net "w_hitpop", 3 0, L_0x7bf1bf020;  1 drivers
v0x7bf1a66c0_0 .net "w_hitv", 3 0, L_0x7bf1bea80;  1 drivers
v0x7bf1a6760_0 .net "w_init", 0 0, L_0x7bf1c9110;  1 drivers
v0x7bf1a6800_0 .net "w_lm", 31 0, L_0x7bf1bf7a0;  1 drivers
v0x7bf1a68a0 .array "w_max", 3 0;
v0x7bf1a68a0_0 .net v0x7bf1a68a0 0, 7 0, L_0x7bec26e60; 1 drivers
v0x7bf1a68a0_1 .net v0x7bf1a68a0 1, 7 0, L_0x7bec27170; 1 drivers
v0x7bf1a68a0_2 .net v0x7bf1a68a0 2, 7 0, L_0x7bec27480; 1 drivers
v0x7bf1a68a0_3 .net v0x7bf1a68a0 3, 7 0, L_0x7bec27790; 1 drivers
v0x7bf1a6940_0 .net "w_need", 3 0, L_0x7bf1be940;  1 drivers
v0x7bf1a69e0_0 .net "w_nslot", 3 0, L_0x7bf1be9e0;  1 drivers
v0x7bf1a6a80_0 .var "w_ok", 0 0;
v0x7bf1a6b20_0 .net "w_r_fire", 0 0, L_0x7bf1c92d0;  1 drivers
v0x7bf1a6bc0 .array "w_req", 3 0;
v0x7bf1a6bc0_0 .net v0x7bf1a6bc0 0, 31 0, L_0x7bec26d10; 1 drivers
v0x7bf1a6bc0_1 .net v0x7bf1a6bc0 1, 31 0, L_0x7bec27020; 1 drivers
v0x7bf1a6bc0_2 .net v0x7bf1a6bc0 2, 31 0, L_0x7bec27330; 1 drivers
v0x7bf1a6bc0_3 .net v0x7bf1a6bc0 3, 31 0, L_0x7bec27640; 1 drivers
v0x7bf1a6c60_0 .net "w_run", 0 0, L_0x7bee5d540;  1 drivers
v0x7bf1a6d00_0 .net "w_scan", 0 0, L_0x7bee5d680;  1 drivers
v0x7bf1a6da0_0 .net "w_scan_done", 3 0, L_0x7bf1bec60;  1 drivers
v0x7bf1a6e40_0 .net "w_scan_stall", 3 0, L_0x7bf1bebc0;  1 drivers
v0x7bf1a6ee0_0 .net "w_zero", 0 0, L_0x7bee5d5e0;  1 drivers
v0x7bf1a6f80_0 .var "wdata_r", 31 0;
v0x7bf1a7020_0 .var "zero_addr_r", 2 0;
v0x7bf1a5cc0_0 .array/port v0x7bf1a5cc0, 0;
v0x7bf1a5cc0_1 .array/port v0x7bf1a5cc0, 1;
v0x7bf1a5cc0_2 .array/port v0x7bf1a5cc0, 2;
E_0x7bee12e00/0 .event anyedge, v0x7bf1a5d60_0, v0x7bf1a5cc0_0, v0x7bf1a5cc0_1, v0x7bf1a5cc0_2;
v0x7bf1a5cc0_3 .array/port v0x7bf1a5cc0, 3;
v0x7bf1a5cc0_4 .array/port v0x7bf1a5cc0, 4;
v0x7bf1a5cc0_5 .array/port v0x7bf1a5cc0, 5;
v0x7bf1a5cc0_6 .array/port v0x7bf1a5cc0, 6;
E_0x7bee12e00/1 .event anyedge, v0x7bf1a5cc0_3, v0x7bf1a5cc0_4, v0x7bf1a5cc0_5, v0x7bf1a5cc0_6;
v0x7bf1a5cc0_7 .array/port v0x7bf1a5cc0, 7;
v0x7bf1a5cc0_8 .array/port v0x7bf1a5cc0, 8;
v0x7bf1a5cc0_9 .array/port v0x7bf1a5cc0, 9;
v0x7bf1a5cc0_10 .array/port v0x7bf1a5cc0, 10;
E_0x7bee12e00/2 .event anyedge, v0x7bf1a5cc0_7, v0x7bf1a5cc0_8, v0x7bf1a5cc0_9, v0x7bf1a5cc0_10;
v0x7bf1a5cc0_11 .array/port v0x7bf1a5cc0, 11;
v0x7bf1a5cc0_12 .array/port v0x7bf1a5cc0, 12;
v0x7bf1a5cc0_13 .array/port v0x7bf1a5cc0, 13;
v0x7bf1a5cc0_14 .array/port v0x7bf1a5cc0, 14;
E_0x7bee12e00/3 .event anyedge, v0x7bf1a5cc0_11, v0x7bf1a5cc0_12, v0x7bf1a5cc0_13, v0x7bf1a5cc0_14;
v0x7bf1a5cc0_15 .array/port v0x7bf1a5cc0, 15;
v0x7bf1a5cc0_16 .array/port v0x7bf1a5cc0, 16;
v0x7bf1a5cc0_17 .array/port v0x7bf1a5cc0, 17;
v0x7bf1a5cc0_18 .array/port v0x7bf1a5cc0, 18;
E_0x7bee12e00/4 .event anyedge, v0x7bf1a5cc0_15, v0x7bf1a5cc0_16, v0x7bf1a5cc0_17, v0x7bf1a5cc0_18;
v0x7bf1a5cc0_19 .array/port v0x7bf1a5cc0, 19;
v0x7bf1a5cc0_20 .array/port v0x7bf1a5cc0, 20;
v0x7bf1a5cc0_21 .array/port v0x7bf1a5cc0, 21;
v0x7bf1a5cc0_22 .array/port v0x7bf1a5cc0, 22;
E_0x7bee12e00/5 .event anyedge, v0x7bf1a5cc0_19, v0x7bf1a5cc0_20, v0x7bf1a5cc0_21, v0x7bf1a5cc0_22;
v0x7bf1a5cc0_23 .array/port v0x7bf1a5cc0, 23;
v0x7bf1a5cc0_24 .array/port v0x7bf1a5cc0, 24;
v0x7bf1a5cc0_25 .array/port v0x7bf1a5cc0, 25;
v0x7bf1a5cc0_26 .array/port v0x7bf1a5cc0, 26;
E_0x7bee12e00/6 .event anyedge, v0x7bf1a5cc0_23, v0x7bf1a5cc0_24, v0x7bf1a5cc0_25, v0x7bf1a5cc0_26;
v0x7bf1a5cc0_27 .array/port v0x7bf1a5cc0, 27;
v0x7bf1a5cc0_28 .array/port v0x7bf1a5cc0, 28;
v0x7bf1a5cc0_29 .array/port v0x7bf1a5cc0, 29;
v0x7bf1a5cc0_30 .array/port v0x7bf1a5cc0, 30;
E_0x7bee12e00/7 .event anyedge, v0x7bf1a5cc0_27, v0x7bf1a5cc0_28, v0x7bf1a5cc0_29, v0x7bf1a5cc0_30;
v0x7bf1a5cc0_31 .array/port v0x7bf1a5cc0, 31;
E_0x7bee12e00/8 .event anyedge, v0x7bf1a5cc0_31, v0x7bf1a4000_0;
E_0x7bee12e00 .event/or E_0x7bee12e00/0, E_0x7bee12e00/1, E_0x7bee12e00/2, E_0x7bee12e00/3, E_0x7bee12e00/4, E_0x7bee12e00/5, E_0x7bee12e00/6, E_0x7bee12e00/7, E_0x7bee12e00/8;
E_0x7bee12e40 .event anyedge, v0x7bf1a48c0_0, v0x7bf1a6940_0;
L_0x7bee021c0 .part v0x7bf1a26c0_0, 0, 7;
L_0x7bee02260 .part L_0x7bf1bed00, 0, 1;
L_0x7bee023a0 .part L_0x7bf1bf020, 0, 1;
L_0x7bee03840 .part v0x7bf1a26c0_0, 0, 7;
L_0x7bee038e0 .part L_0x7bf1bed00, 1, 1;
L_0x7bee03a20 .part L_0x7bf1bf020, 1, 1;
L_0x7bee50a00 .part v0x7bf1a26c0_0, 0, 7;
L_0x7bee50aa0 .part L_0x7bf1bed00, 2, 1;
L_0x7bee50be0 .part L_0x7bf1bf020, 2, 1;
L_0x7bee52080 .part v0x7bf1a26c0_0, 0, 7;
L_0x7bf1be8a0 .concat8 [ 1 1 1 1], L_0x7bf40d810, L_0x7bf40e610, L_0x7bf40da40, L_0x7bf40fdb0;
L_0x7bf1be940 .concat8 [ 1 1 1 1], L_0x7bf40f250, L_0x7bf40ddc0, L_0x7bf40f950, L_0x7bf1c84d0;
L_0x7bf1be9e0 .concat8 [ 1 1 1 1], v0x7bf174b40_0, v0x7bf181c20_0, v0x7bf18ad00_0, v0x7bf193de0_0;
L_0x7bee52120 .part L_0x7bf1bed00, 3, 1;
L_0x7bf1bea80 .concat8 [ 1 1 1 1], L_0x7bee02080, L_0x7bee03700, L_0x7bee508c0, L_0x7bee51f40;
L_0x7bee52260 .part L_0x7bf1bf020, 3, 1;
L_0x7bf1beb20 .concat8 [ 1 1 1 1], L_0x7bee02120, L_0x7bee037a0, L_0x7bee50960, L_0x7bee51fe0;
L_0x7bf1bebc0 .concat8 [ 1 1 1 1], L_0x7bec26ed0, L_0x7bec271e0, L_0x7bec274f0, L_0x7bec27800;
L_0x7bf1bec60 .concat8 [ 1 1 1 1], L_0x7bf40e920, L_0x7bf40df10, L_0x7bf40faa0, L_0x7bf1c8620;
L_0x7bf1bed00 .concat8 [ 1 1 1 1], L_0x7bf1c87e0, L_0x7bf1c8850, L_0x7bf1c88c0, L_0x7bf1c8930;
L_0x7bee52760 .part L_0x7bf1beb20, 0, 1;
L_0x7bee529e0 .part L_0x7bf1beb20, 1, 1;
L_0x7bee52c60 .part L_0x7bf1beb20, 2, 1;
L_0x7bee52ee0 .part L_0x7bf1beb20, 3, 1;
L_0x7bee530c0 .part L_0x7bf1beb20, 0, 1;
L_0x7bee53340 .part L_0x7bf1beb20, 1, 1;
L_0x7bee535c0 .part L_0x7bf1beb20, 2, 1;
L_0x7bf1bf020 .concat8 [ 1 1 1 1], L_0x7bf1c8a10, L_0x7bf1c8af0, L_0x7bf1c8bd0, L_0x7bf1c8cb0;
L_0x7bee53840 .part L_0x7bf1beb20, 3, 1;
L_0x7bee53980 .cmp/eq 5, v0x7bf1a40a0_0, L_0x7be87df68;
L_0x7bee53a20 .cmp/eq 5, v0x7bf1a40a0_0, L_0x7be87dfb0;
L_0x7bf1bf0c0 .array/port v0x7bf1a41e0, L_0x7bf1bf160;
L_0x7bf1bf160 .concat [ 4 2 0 0], v0x7bf1a4320_0, L_0x7be87dff8;
L_0x7bee53ac0 .part L_0x7bf1bf0c0, 1, 3;
L_0x7bf1bf200 .array/port v0x7bf1a41e0, L_0x7bf1bf2a0;
L_0x7bf1bf2a0 .concat [ 4 2 0 0], v0x7bf1a4320_0, L_0x7be87e040;
L_0x7bee53b60 .part L_0x7bf1bf200, 0, 1;
L_0x7bee53c00 .part v0x7bf1a1cc0_0, 2, 6;
L_0x7bee53ca0 .cmp/eq 6, L_0x7bee53c00, L_0x7be87e0d0;
L_0x7bee5c460 .part v0x7bf1a1b80_0, 2, 6;
L_0x7bee5c500 .cmp/eq 6, L_0x7bee5c460, L_0x7be87e4c0;
L_0x7bee5cc80 .reduce/nor v0x7bf1a5a40_0;
L_0x7bee5cd20 .part L_0x7bee4d0e0, 0, 12;
L_0x7bf1bf480 .concat [ 12 20 0 0], L_0x7bee5cd20, L_0x7be87e8b0;
L_0x7bee5cdc0 .cmp/gt 32, L_0x7be87e8f8, L_0x7bf1bf480;
L_0x7bee5ce60 .part L_0x7bee4d0e0, 12, 12;
L_0x7bf1bf520 .concat [ 12 20 0 0], L_0x7bee5ce60, L_0x7be87e940;
L_0x7bee5cf00 .cmp/gt 32, L_0x7be87e988, L_0x7bf1bf520;
L_0x7bee5cfa0 .part L_0x7bee4d0e0, 12, 3;
L_0x7bee5d040 .part L_0x7bee4d0e0, 0, 3;
L_0x7bf1bf5c0 .concat [ 3 3 0 0], L_0x7bee5d040, L_0x7bee5cfa0;
L_0x7bee5d0e0 .part L_0x7bee4d0e0, 15, 9;
L_0x7bf1bf660 .concat [ 9 23 0 0], L_0x7bee5d0e0, L_0x7be87e9d0;
L_0x7bee5d180 .arith/mult 32, L_0x7bf1bf660, v0x7bf1a2800_0;
L_0x7bee5d220 .part L_0x7bee4d0e0, 3, 9;
L_0x7bf1bf700 .concat [ 9 23 0 0], L_0x7bee5d220, L_0x7be87ea18;
L_0x7bf1bf7a0 .arith/sum 32, L_0x7bee5d180, L_0x7bf1bf700;
L_0x7bf1bf840 .concat [ 32 32 0 0], v0x7bf1a2440_0, L_0x7be87ea60;
L_0x7bee5d2c0 .part L_0x7bee4d0e0, 24, 3;
L_0x7bf1bf8e0 .concat [ 6 3 0 0], L_0x7bf1bf5c0, L_0x7bee5d2c0;
L_0x7bf1bf980 .concat [ 9 55 0 0], L_0x7bf1bf8e0, L_0x7be87eaa8;
L_0x7bee5d360 .arith/mult 64, L_0x7bf1bf980, L_0x7be87eaf0;
L_0x7bf1bfa20 .arith/sum 64, L_0x7bf1bf840, L_0x7bee5d360;
L_0x7bf1bfac0 .concat [ 32 32 0 0], L_0x7bf1bf7a0, L_0x7be87eb38;
L_0x7bf1bfb60 .arith/sum 64, L_0x7bf1bfa20, L_0x7bf1bfac0;
L_0x7bee5d400 .part L_0x7bf1bfb60, 0, 32;
L_0x7bee5d4a0 .cmp/eq 3, v0x7bf1a5720_0, L_0x7be87eb80;
L_0x7bee5d540 .cmp/eq 3, v0x7bf1a5720_0, L_0x7be87ebc8;
L_0x7bee5d5e0 .cmp/eq 3, v0x7bf1a5720_0, L_0x7be87ec10;
L_0x7bee5d680 .cmp/eq 3, v0x7bf1a5720_0, L_0x7be87ec58;
L_0x7bee5d720 .reduce/nor L_0x7bee53980;
L_0x7bee5d7c0 .reduce/nor L_0x7bee53a20;
L_0x7bf1bfc00 .array/port v0x7bf1a6bc0, L_0x7bf1bfca0;
L_0x7bf1bfca0 .concat [ 3 1 0 0], v0x7bf1a30c0_0, L_0x7be87eca0;
L_0x7bee5d860 .cmp/eq 3, v0x7bf1a5720_0, L_0x7be87ece8;
L_0x7bee5d900 .cmp/ne 3, v0x7bf1a4460_0, L_0x7be87ed30;
L_0x7bee5d9a0 .cmp/eq 3, v0x7bf1a5720_0, L_0x7be87ed78;
L_0x7bee5da40 .cmp/ne 3, v0x7bf1a4460_0, L_0x7be87edc0;
L_0x7bee5dae0 .cmp/eq 3, v0x7bf1a5720_0, L_0x7be87ee08;
L_0x7bee5db80 .reduce/nor v0x7bf1a1c20_0;
L_0x7bee5dc20 .reduce/nor v0x7bf1a6a80_0;
L_0x7bee5dcc0 .reduce/nor v0x7bf1a1ae0_0;
L_0x7bee5dd60 .part v0x7bf1a1b80_0, 2, 6;
L_0x7bee5de00 .cmp/eq 6, L_0x7bee5dd60, L_0x7be87eee0;
L_0x7bf1bfd40 .concat [ 1 1 1 29], v0x7bf1a5c20_0, v0x7bf1a2bc0_0, v0x7bf1a5f40_0, L_0x7be87ef28;
L_0x7bee5dea0 .part v0x7bf1a1b80_0, 2, 6;
L_0x7bee5df40 .cmp/eq 6, L_0x7bee5dea0, L_0x7be87ef70;
L_0x7bf1bfde0 .concat [ 6 26 0 0], L_0x7bee4d360, L_0x7be87efb8;
L_0x7bee5dfe0 .part v0x7bf1a1b80_0, 2, 6;
L_0x7bee5e080 .cmp/eq 6, L_0x7bee5dfe0, L_0x7be87f000;
L_0x7bee4d4a0 .functor MUXZ 32, L_0x7bee4d2c0, L_0x7be87f048, L_0x7bee5c6e0, C4<>;
L_0x7bee5e120 .part v0x7bf1a1b80_0, 2, 6;
L_0x7bee5e1c0 .cmp/eq 6, L_0x7bee5e120, L_0x7be87f090;
L_0x7bee4d540 .functor MUXZ 32, L_0x7be87f0d8, v0x7bf1a3e80_0, L_0x7bee5e1c0, C4<>;
L_0x7bee4d5e0 .functor MUXZ 32, L_0x7bee4d540, L_0x7bee4d4a0, L_0x7bee5e080, C4<>;
L_0x7bee4d680 .functor MUXZ 32, L_0x7bee4d5e0, L_0x7bf1bfde0, L_0x7bee5df40, C4<>;
L_0x7bee4d720 .functor MUXZ 32, L_0x7bee4d680, L_0x7bf1bfd40, L_0x7bee5de00, C4<>;
S_0x10309c1e0 .scope generate, "gen_grant[0]" "gen_grant[0]" 4 376, 4 376 0, S_0x10309c060;
 .timescale -9 -12;
P_0x7bedfc980 .param/l "g" 1 4 376, +C4<00>;
L_0x7bf1c87e0 .functor AND 1, L_0x7bf1c91f0, L_0x7bee52300, C4<1>, C4<1>;
L_0x7be87d620 .functor BUFT 1, C4<000>, C4<0>, C4<0>, C4<0>;
v0x7bf145040_0 .net/2u *"_ivl_0", 2 0, L_0x7be87d620;  1 drivers
v0x7bf144960_0 .net *"_ivl_2", 0 0, L_0x7bee52300;  1 drivers
v0x7bf144a00_0 .net *"_ivl_5", 0 0, L_0x7bf1c87e0;  1 drivers
L_0x7bee52300 .cmp/eq 3, v0x7bf1a30c0_0, L_0x7be87d620;
S_0x103088b30 .scope generate, "gen_grant[1]" "gen_grant[1]" 4 376, 4 376 0, S_0x10309c060;
 .timescale -9 -12;
P_0x7bedfc9c0 .param/l "g" 1 4 376, +C4<01>;
L_0x7bf1c8850 .functor AND 1, L_0x7bf1c91f0, L_0x7bee523a0, C4<1>, C4<1>;
L_0x7be87d668 .functor BUFT 1, C4<001>, C4<0>, C4<0>, C4<0>;
v0x7bf144aa0_0 .net/2u *"_ivl_0", 2 0, L_0x7be87d668;  1 drivers
v0x7bf144b40_0 .net *"_ivl_2", 0 0, L_0x7bee523a0;  1 drivers
v0x7bf144c80_0 .net *"_ivl_5", 0 0, L_0x7bf1c8850;  1 drivers
L_0x7bee523a0 .cmp/eq 3, v0x7bf1a30c0_0, L_0x7be87d668;
S_0x7bee30000 .scope generate, "gen_grant[2]" "gen_grant[2]" 4 376, 4 376 0, S_0x10309c060;
 .timescale -9 -12;
P_0x7bedfca00 .param/l "g" 1 4 376, +C4<010>;
L_0x7bf1c88c0 .functor AND 1, L_0x7bf1c91f0, L_0x7bee52440, C4<1>, C4<1>;
L_0x7be87d6b0 .functor BUFT 1, C4<010>, C4<0>, C4<0>, C4<0>;
v0x7bf144d20_0 .net/2u *"_ivl_0", 2 0, L_0x7be87d6b0;  1 drivers
v0x7bf144dc0_0 .net *"_ivl_2", 0 0, L_0x7bee52440;  1 drivers
v0x7bf144e60_0 .net *"_ivl_5", 0 0, L_0x7bf1c88c0;  1 drivers
L_0x7bee52440 .cmp/eq 3, v0x7bf1a30c0_0, L_0x7be87d6b0;
S_0x7bee30180 .scope generate, "gen_grant[3]" "gen_grant[3]" 4 376, 4 376 0, S_0x10309c060;
 .timescale -9 -12;
P_0x7bedfca40 .param/l "g" 1 4 376, +C4<011>;
L_0x7bf1c8930 .functor AND 1, L_0x7bf1c91f0, L_0x7bee524e0, C4<1>, C4<1>;
L_0x7be87d6f8 .functor BUFT 1, C4<011>, C4<0>, C4<0>, C4<0>;
v0x7bf144fa0_0 .net/2u *"_ivl_0", 2 0, L_0x7be87d6f8;  1 drivers
v0x7bf1450e0_0 .net *"_ivl_2", 0 0, L_0x7bee524e0;  1 drivers
v0x7bf145180_0 .net *"_ivl_5", 0 0, L_0x7bf1c8930;  1 drivers
L_0x7bee524e0 .cmp/eq 3, v0x7bf1a30c0_0, L_0x7be87d6f8;
S_0x7bee30300 .scope generate, "gen_hitmux[0]" "gen_hitmux[0]" 4 400, 4 400 0, S_0x10309c060;
 .timescale -9 -12;
P_0x7bedfca80 .param/l "g" 1 4 400, +C4<00>;
L_0x7be87d740 .functor BUFT 1, C4<000>, C4<0>, C4<0>, C4<0>;
v0x7bf145680_0 .net/2u *"_ivl_1", 2 0, L_0x7be87d740;  1 drivers
v0x7bf145720_0 .net *"_ivl_3", 0 0, L_0x7bee52580;  1 drivers
L_0x7be87d788 .functor BUFT 1, C4<00>, C4<0>, C4<0>, C4<0>;
v0x7bf1457c0_0 .net *"_ivl_8", 1 0, L_0x7be87d788;  1 drivers
L_0x7bee52580 .cmp/eq 3, v0x7bf1a29e0_0, L_0x7be87d740;
L_0x7bf1beda0 .concat [ 1 2 0 0], L_0x7bee52580, L_0x7be87d788;
S_0x7bee30480 .scope generate, "genblk1" "genblk1" 4 402, 4 402 0, S_0x7bee30300;
 .timescale -9 -12;
L_0x7be87d860 .functor BUFT 1, C4<000>, C4<0>, C4<0>, C4<0>;
v0x7bf145220_0 .net/2u *"_ivl_13", 2 0, L_0x7be87d860;  1 drivers
v0x7bf1452c0_0 .net *"_ivl_15", 0 0, L_0x7bee526c0;  1 drivers
v0x7bf145360_0 .net *"_ivl_17", 0 0, L_0x7bee52760;  1 drivers
L_0x7be87d8a8 .functor BUFT 1, C4<1>, C4<0>, C4<0>, C4<0>;
v0x7bf145400_0 .net/2u *"_ivl_18", 0 0, L_0x7be87d8a8;  1 drivers
L_0x7be87d7d0 .functor BUFT 1, C4<000>, C4<0>, C4<0>, C4<0>;
v0x7bf1454a0_0 .net/2u *"_ivl_2", 2 0, L_0x7be87d7d0;  1 drivers
v0x7bf145540_0 .net *"_ivl_4", 0 0, L_0x7bee52620;  1 drivers
L_0x7be87d818 .functor BUFT 1, C4<00000000000000000000000000000000>, C4<0>, C4<0>, C4<0>;
v0x7bf1455e0_0 .net/2u *"_ivl_7", 31 0, L_0x7be87d818;  1 drivers
L_0x7bee52620 .cmp/ne 3, L_0x7bf1beda0, L_0x7be87d7d0;
L_0x7bee4cbe0 .functor MUXZ 32, L_0x7be87d818, L_0x7bec26df0, L_0x7bee52620, C4<>;
L_0x7bee526c0 .cmp/ne 3, L_0x7bf1beda0, L_0x7be87d860;
L_0x7bee4cc80 .functor MUXZ 1, L_0x7be87d8a8, L_0x7bee52760, L_0x7bee526c0, C4<>;
S_0x7bee30600 .scope generate, "gen_hitmux[1]" "gen_hitmux[1]" 4 400, 4 400 0, S_0x10309c060;
 .timescale -9 -12;
P_0x7bedfcac0 .param/l "g" 1 4 400, +C4<01>;
L_0x7be87d8f0 .functor BUFT 1, C4<001>, C4<0>, C4<0>, C4<0>;
v0x7bf145b80_0 .net/2u *"_ivl_1", 2 0, L_0x7be87d8f0;  1 drivers
v0x7bf145c20_0 .net *"_ivl_3", 0 0, L_0x7bee52800;  1 drivers
L_0x7be87d938 .functor BUFT 1, C4<00>, C4<0>, C4<0>, C4<0>;
v0x7bf145cc0_0 .net *"_ivl_8", 1 0, L_0x7be87d938;  1 drivers
L_0x7bee52800 .cmp/eq 3, v0x7bf1a29e0_0, L_0x7be87d8f0;
L_0x7bf1bee40 .concat [ 1 2 0 0], L_0x7bee52800, L_0x7be87d938;
S_0x7bee30780 .scope generate, "genblk1" "genblk1" 4 402, 4 402 0, S_0x7bee30600;
 .timescale -9 -12;
L_0x7be87d9c8 .functor BUFT 1, C4<000>, C4<0>, C4<0>, C4<0>;
v0x7bf145860_0 .net/2u *"_ivl_12", 2 0, L_0x7be87d9c8;  1 drivers
v0x7bf145900_0 .net *"_ivl_14", 0 0, L_0x7bee52940;  1 drivers
v0x7bf1459a0_0 .net *"_ivl_16", 0 0, L_0x7bee529e0;  1 drivers
L_0x7be87d980 .functor BUFT 1, C4<000>, C4<0>, C4<0>, C4<0>;
v0x7bf145a40_0 .net/2u *"_ivl_2", 2 0, L_0x7be87d980;  1 drivers
v0x7bf145ae0_0 .net *"_ivl_4", 0 0, L_0x7bee528a0;  1 drivers
L_0x7bee528a0 .cmp/ne 3, L_0x7bf1bee40, L_0x7be87d980;
L_0x7bee4cd20 .functor MUXZ 32, L_0x7bee4cbe0, L_0x7bec27100, L_0x7bee528a0, C4<>;
L_0x7bee52940 .cmp/ne 3, L_0x7bf1bee40, L_0x7be87d9c8;
L_0x7bee4cdc0 .functor MUXZ 1, L_0x7bee4cc80, L_0x7bee529e0, L_0x7bee52940, C4<>;
S_0x7bee30900 .scope generate, "gen_hitmux[2]" "gen_hitmux[2]" 4 400, 4 400 0, S_0x10309c060;
 .timescale -9 -12;
P_0x7bedfcb00 .param/l "g" 1 4 400, +C4<010>;
L_0x7be87da10 .functor BUFT 1, C4<010>, C4<0>, C4<0>, C4<0>;
v0x7bf146080_0 .net/2u *"_ivl_1", 2 0, L_0x7be87da10;  1 drivers
v0x7bf146120_0 .net *"_ivl_3", 0 0, L_0x7bee52a80;  1 drivers
L_0x7be87da58 .functor BUFT 1, C4<00>, C4<0>, C4<0>, C4<0>;
v0x7bf1461c0_0 .net *"_ivl_8", 1 0, L_0x7be87da58;  1 drivers
L_0x7bee52a80 .cmp/eq 3, v0x7bf1a29e0_0, L_0x7be87da10;
L_0x7bf1beee0 .concat [ 1 2 0 0], L_0x7bee52a80, L_0x7be87da58;
S_0x7bee30a80 .scope generate, "genblk1" "genblk1" 4 402, 4 402 0, S_0x7bee30900;
 .timescale -9 -12;
L_0x7be87dae8 .functor BUFT 1, C4<000>, C4<0>, C4<0>, C4<0>;
v0x7bf145d60_0 .net/2u *"_ivl_12", 2 0, L_0x7be87dae8;  1 drivers
v0x7bf145e00_0 .net *"_ivl_14", 0 0, L_0x7bee52bc0;  1 drivers
v0x7bf145ea0_0 .net *"_ivl_16", 0 0, L_0x7bee52c60;  1 drivers
L_0x7be87daa0 .functor BUFT 1, C4<000>, C4<0>, C4<0>, C4<0>;
v0x7bf145f40_0 .net/2u *"_ivl_2", 2 0, L_0x7be87daa0;  1 drivers
v0x7bf145fe0_0 .net *"_ivl_4", 0 0, L_0x7bee52b20;  1 drivers
L_0x7bee52b20 .cmp/ne 3, L_0x7bf1beee0, L_0x7be87daa0;
L_0x7bee4ce60 .functor MUXZ 32, L_0x7bee4cd20, L_0x7bec27410, L_0x7bee52b20, C4<>;
L_0x7bee52bc0 .cmp/ne 3, L_0x7bf1beee0, L_0x7be87dae8;
L_0x7bee4cf00 .functor MUXZ 1, L_0x7bee4cdc0, L_0x7bee52c60, L_0x7bee52bc0, C4<>;
S_0x7bee30c00 .scope generate, "gen_hitmux[3]" "gen_hitmux[3]" 4 400, 4 400 0, S_0x10309c060;
 .timescale -9 -12;
P_0x7bedfcb40 .param/l "g" 1 4 400, +C4<011>;
L_0x7be87db30 .functor BUFT 1, C4<011>, C4<0>, C4<0>, C4<0>;
v0x7bf146580_0 .net/2u *"_ivl_1", 2 0, L_0x7be87db30;  1 drivers
v0x7bf146620_0 .net *"_ivl_3", 0 0, L_0x7bee52d00;  1 drivers
L_0x7be87db78 .functor BUFT 1, C4<00>, C4<0>, C4<0>, C4<0>;
v0x7bf1466c0_0 .net *"_ivl_8", 1 0, L_0x7be87db78;  1 drivers
L_0x7bee52d00 .cmp/eq 3, v0x7bf1a29e0_0, L_0x7be87db30;
L_0x7bf1bef80 .concat [ 1 2 0 0], L_0x7bee52d00, L_0x7be87db78;
S_0x7bee30d80 .scope generate, "genblk1" "genblk1" 4 402, 4 402 0, S_0x7bee30c00;
 .timescale -9 -12;
L_0x7be87dc08 .functor BUFT 1, C4<000>, C4<0>, C4<0>, C4<0>;
v0x7bf146260_0 .net/2u *"_ivl_12", 2 0, L_0x7be87dc08;  1 drivers
v0x7bf146300_0 .net *"_ivl_14", 0 0, L_0x7bee52e40;  1 drivers
v0x7bf1463a0_0 .net *"_ivl_16", 0 0, L_0x7bee52ee0;  1 drivers
L_0x7be87dbc0 .functor BUFT 1, C4<000>, C4<0>, C4<0>, C4<0>;
v0x7bf146440_0 .net/2u *"_ivl_2", 2 0, L_0x7be87dbc0;  1 drivers
v0x7bf1464e0_0 .net *"_ivl_4", 0 0, L_0x7bee52da0;  1 drivers
L_0x7bee52da0 .cmp/ne 3, L_0x7bf1bef80, L_0x7be87dbc0;
L_0x7bee4cfa0 .functor MUXZ 32, L_0x7bee4ce60, L_0x7bec27720, L_0x7bee52da0, C4<>;
L_0x7bee52e40 .cmp/ne 3, L_0x7bf1bef80, L_0x7be87dc08;
L_0x7bee4d040 .functor MUXZ 1, L_0x7bee4cf00, L_0x7bee52ee0, L_0x7bee52e40, C4<>;
S_0x7bee30f00 .scope generate, "gen_lane[0]" "gen_lane[0]" 4 317, 4 317 0, S_0x10309c060;
 .timescale -9 -12;
P_0x7bedfcb80 .param/l "g" 1 4 317, +C4<00>;
L_0x7bf40ea00 .functor AND 1, L_0x7bec27870, L_0x7bee02300, C4<1>, C4<1>;
L_0x7bf40ea70 .functor AND 1, L_0x7bf40ea00, L_0x7bee5d540, C4<1>, C4<1>;
L_0x7be87a2f0 .functor BUFT 1, C4<0000000>, C4<0>, C4<0>, C4<0>;
v0x7bf175fe0_0 .net/2u *"_ivl_1", 6 0, L_0x7be87a2f0;  1 drivers
v0x7bf176080_0 .net *"_ivl_12", 0 0, L_0x7bf40ea00;  1 drivers
L_0x7be87a338 .functor BUFT 1, C4<000>, C4<0>, C4<0>, C4<0>;
v0x7bf176120_0 .net/2u *"_ivl_7", 2 0, L_0x7be87a338;  1 drivers
v0x7bf1761c0_0 .net *"_ivl_9", 0 0, L_0x7bee02300;  1 drivers
L_0x7bf1ba260 .concat [ 9 7 0 0], v0x7bf1a4820_0, L_0x7be87a2f0;
L_0x7bee02300 .cmp/eq 3, L_0x7bee53ac0, L_0x7be87a338;
S_0x7bee31080 .scope module, "u_lane" "sbm_accum_lane" 4 324, 5 32 0, S_0x7bee30f00;
 .timescale -9 -12;
    .port_info 0 /INPUT 1 "clk";
    .port_info 1 /INPUT 1 "rst_n";
    .port_info 2 /INPUT 1 "init";
    .port_info 3 /INPUT 32 "base_addr";
    .port_info 4 /INPUT 7 "tp";
    .port_info 5 /INPUT 16 "thresh";
    .port_info 6 /INPUT 1 "zero_en";
    .port_info 7 /INPUT 3 "zero_addr";
    .port_info 8 /INPUT 1 "run_en";
    .port_info 9 /OUTPUT 1 "lane_done";
    .port_info 10 /OUTPUT 1 "need_req";
    .port_info 11 /OUTPUT 32 "req_addr";
    .port_info 12 /OUTPUT 1 "next_slot";
    .port_info 13 /INPUT 1 "grant";
    .port_info 14 /INPUT 1 "fill_slot";
    .port_info 15 /INPUT 1 "fill_vld";
    .port_info 16 /INPUT 256 "fill_data";
    .port_info 17 /INPUT 1 "scan_en";
    .port_info 18 /OUTPUT 1 "hit_vld";
    .port_info 19 /OUTPUT 32 "hit_dout";
    .port_info 20 /INPUT 1 "hit_pop";
    .port_info 21 /OUTPUT 1 "hit_empty";
    .port_info 22 /OUTPUT 8 "lane_max";
    .port_info 23 /OUTPUT 1 "scan_stall";
    .port_info 24 /OUTPUT 1 "scan_done";
P_0x1030a4a40 .param/l "AW" 0 5 43, +C4<00000000000000000000000000000011>;
P_0x1030a4a80 .param/l "BANK_DEPTH" 0 5 34, +C4<00000000000000000000000000000001000>;
P_0x1030a4ac0 .param/l "CHUNK" 0 5 33, +C4<000000000000000000000000000000000000000000000000000000000000010000>;
P_0x1030a4b00 .param/l "CW" 0 5 45, +C4<00000000000000000000000000000100>;
P_0x1030a4b40 .param/l "HC" 0 5 36, +C4<00000000000000000000000000001000>;
P_0x1030a4b80 .param/l "HFCW" 0 5 48, +C4<00000000000000000000000000000111>;
P_0x1030a4bc0 .param/l "HFW" 0 5 47, +C4<00000000000000000000000000000110>;
P_0x1030a4c00 .param/l "HIT_FIFO_DEPTH" 0 5 38, +C4<00000000000000000000000001000000>;
P_0x1030a4c40 .param/l "LB" 0 5 39, +C4<00000000000000000000000000000000>;
P_0x1030a4c80 .param/l "PW" 0 5 44, +C4<00000000000000000000000000000101>;
P_0x1030a4cc0 .param/l "TPW" 0 5 37, +C4<00000000000000000000000000000111>;
P_0x1030a4d00 .param/l "WC" 0 5 35, +C4<00000000000000000000000000001000>;
P_0x1030a4d40 .param/l "X0" 0 5 40, +C4<00000000000000000000000000000000>;
P_0x1030a4d80 .param/l "Y0" 0 5 41, +C4<00000000000000000000000000000000>;
P_0x1030a4dc0 .param/l "YW" 0 5 46, +C4<00000000000000000000000000000100>;
L_0x7bec26c30 .functor BUFZ 1, L_0x7bf1b8fa0, C4<0>, C4<0>, C4<0>;
L_0x7bf40f3a0 .functor AND 1, L_0x7bee5d540, L_0x7bee01040, C4<1>, C4<1>;
L_0x7bf40d730 .functor AND 1, L_0x7bf40f3a0, L_0x7bec26c30, C4<1>, C4<1>;
L_0x7bf40d7a0 .functor AND 1, L_0x7bee5d540, L_0x7bee010e0, C4<1>, C4<1>;
L_0x7bec26ca0 .functor BUFZ 8, L_0x7bf1b90e0, C4<00000000>, C4<00000000>, C4<00000000>;
L_0x7bf40d810 .functor OR 1, L_0x7bee01220, L_0x7bee012c0, C4<0>, C4<0>;
L_0x7bf40d5e0 .functor OR 1, L_0x7bf40d730, L_0x7bf40d7a0, C4<0>, C4<0>;
L_0x7be879a80 .functor BUFT 1, C4<1>, C4<0>, C4<0>, C4<0>;
L_0x7bf40d650 .functor XNOR 1, L_0x7bee019a0, L_0x7be879a80, C4<0>, C4<0>;
L_0x7bf40d6c0 .functor AND 1, L_0x7bf40d5e0, L_0x7bf40d650, C4<1>, C4<1>;
L_0x7bf40ebc0 .functor OR 1, L_0x7bee5d5e0, L_0x7bf40d6c0, C4<0>, C4<0>;
L_0x7bf40ec30 .functor OR 1, L_0x7bf40d730, L_0x7bf40d7a0, C4<0>, C4<0>;
L_0x7be879ac8 .functor BUFT 1, C4<0>, C4<0>, C4<0>, C4<0>;
L_0x7bf40eca0 .functor XNOR 1, L_0x7bee01a40, L_0x7be879ac8, C4<0>, C4<0>;
L_0x7bf40ed10 .functor AND 1, L_0x7bf40ec30, L_0x7bf40eca0, C4<1>, C4<1>;
L_0x7bf40edf0 .functor AND 1, L_0x7bf40ed10, L_0x7bee01ae0, C4<1>, C4<1>;
L_0x7bf40ee60 .functor OR 1, L_0x7bee5d5e0, L_0x7bf40edf0, C4<0>, C4<0>;
L_0x7bf40ed80 .functor NOT 1, v0x7bf1b5040_0, C4<0>, C4<0>, C4<0>;
L_0x7bf40eed0 .functor NOT 1, v0x7bf1b5040_0, C4<0>, C4<0>, C4<0>;
L_0x7bf40efb0 .functor AND 1, L_0x7bee5d540, L_0x7bee01b80, C4<1>, C4<1>;
v0x7bf1755e0_0 .array/port v0x7bf1755e0, 0;
L_0x7be879f90 .functor BUFT 1, C4<0>, C4<0>, C4<0>, C4<0>;
L_0x7bf40f020 .functor XNOR 1, v0x7bf1755e0_0, L_0x7be879f90, C4<0>, C4<0>;
v0x7bf1755e0_1 .array/port v0x7bf1755e0, 1;
L_0x7be879fd8 .functor BUFT 1, C4<0>, C4<0>, C4<0>, C4<0>;
L_0x7bf40f100 .functor XNOR 1, v0x7bf1755e0_1, L_0x7be879fd8, C4<0>, C4<0>;
L_0x7bf40f170 .functor OR 1, L_0x7bf40f020, L_0x7bf40f100, C4<0>, C4<0>;
L_0x7bf40f1e0 .functor AND 1, L_0x7bf40efb0, L_0x7bf40f170, C4<1>, C4<1>;
L_0x7bf40f250 .functor AND 1, L_0x7bf40f1e0, L_0x7bee01c20, C4<1>, C4<1>;
L_0x7bec26d10 .functor BUFZ 32, v0x7bf174dc0_0, C4<00000000000000000000000000000000>, C4<00000000000000000000000000000000>, C4<00000000000000000000000000000000>;
L_0x7bf40e840 .functor AND 1, v0x7bf173c00_0, L_0x7bee01d60, C4<1>, C4<1>;
L_0x7bf40e8b0 .functor AND 1, L_0x7bf40e840, L_0x7bee01e00, C4<1>, C4<1>;
L_0x7bf40e920 .functor OR 1, L_0x7bee01f40, v0x7bf175180_0, C4<0>, C4<0>;
L_0x7bf40e990 .functor AND 1, L_0x7bee023a0, L_0x7bee01fe0, C4<1>, C4<1>;
L_0x7bec26df0 .functor BUFZ 32, L_0x7bf1ba120, C4<00000000000000000000000000000000>, C4<00000000000000000000000000000000>, C4<00000000000000000000000000000000>;
L_0x7bec26e60 .functor BUFZ 8, v0x7bf174960_0, C4<00000000>, C4<00000000>, C4<00000000>;
L_0x7bec26ed0 .functor BUFZ 1, L_0x7bee01ea0, C4<0>, C4<0>, C4<0>;
v0x7bf1478e0_0 .net *"_ivl_0", 31 0, L_0x7bf1b8be0;  1 drivers
v0x7bf147980_0 .net *"_ivl_100", 0 0, L_0x7bee012c0;  1 drivers
v0x7bf147a20_0 .net *"_ivl_104", 4 0, L_0x7bf1b95e0;  1 drivers
v0x7bf147ac0_0 .net *"_ivl_106", 3 0, L_0x7bee01360;  1 drivers
L_0x7be8797f8 .functor BUFT 1, C4<0>, C4<0>, C4<0>, C4<0>;
v0x7bf147b60_0 .net *"_ivl_108", 0 0, L_0x7be8797f8;  1 drivers
L_0x7be879330 .functor BUFT 1, C4<00000000000000000000000000000000000000000000000000000000000>, C4<0>, C4<0>, C4<0>;
v0x7bf147c00_0 .net *"_ivl_11", 58 0, L_0x7be879330;  1 drivers
L_0x7be879840 .functor BUFT 1, C4<00001>, C4<0>, C4<0>, C4<0>;
v0x7bf147ca0_0 .net/2u *"_ivl_112", 4 0, L_0x7be879840;  1 drivers
v0x7bf147d40_0 .net *"_ivl_114", 4 0, L_0x7bf1b9680;  1 drivers
v0x7bf147de0_0 .net *"_ivl_116", 4 0, L_0x7bf1b9720;  1 drivers
v0x7bf147e80_0 .net *"_ivl_118", 3 0, L_0x7bee014a0;  1 drivers
L_0x7be879378 .functor BUFT 1, C4<000000000000000000000000000000000000000000000000000000000000000000>, C4<0>, C4<0>, C4<0>;
v0x7bf147f20_0 .net/2u *"_ivl_12", 65 0, L_0x7be879378;  1 drivers
L_0x7be879888 .functor BUFT 1, C4<0>, C4<0>, C4<0>, C4<0>;
v0x7bf110fa0_0 .net *"_ivl_120", 0 0, L_0x7be879888;  1 drivers
v0x7bf111040_0 .net *"_ivl_124", 3 0, L_0x7bf1b97c0;  1 drivers
L_0x7be8798d0 .functor BUFT 1, C4<0>, C4<0>, C4<0>, C4<0>;
v0x7bf1110e0_0 .net *"_ivl_127", 0 0, L_0x7be8798d0;  1 drivers
v0x7bf111180_0 .net *"_ivl_129", 3 0, L_0x7bee015e0;  1 drivers
v0x7bf111220_0 .net *"_ivl_131", 0 0, L_0x7bee01680;  1 drivers
v0x7bf1112c0_0 .net *"_ivl_132", 3 0, L_0x7bf1b9860;  1 drivers
L_0x7be879918 .functor BUFT 1, C4<0>, C4<0>, C4<0>, C4<0>;
v0x7bf111360_0 .net *"_ivl_135", 0 0, L_0x7be879918;  1 drivers
v0x7bf110960_0 .net *"_ivl_136", 3 0, L_0x7bf1b9900;  1 drivers
L_0x7be879960 .functor BUFT 1, C4<0>, C4<0>, C4<0>, C4<0>;
v0x7bf1108c0_0 .net *"_ivl_139", 0 0, L_0x7be879960;  1 drivers
v0x7bf0df160_0 .net *"_ivl_14", 65 0, L_0x7bf1b8d20;  1 drivers
v0x7bf0df200_0 .net *"_ivl_140", 3 0, L_0x7bedf3160;  1 drivers
v0x7bf0df2a0_0 .net *"_ivl_142", 3 0, L_0x7bedf3200;  1 drivers
v0x7bf0df340_0 .net *"_ivl_144", 3 0, L_0x7bedf32a0;  1 drivers
v0x7bf0df3e0_0 .net *"_ivl_148", 3 0, L_0x7bf1b99a0;  1 drivers
L_0x7be8799a8 .functor BUFT 1, C4<0>, C4<0>, C4<0>, C4<0>;
v0x7bf0df480_0 .net *"_ivl_151", 0 0, L_0x7be8799a8;  1 drivers
v0x7bf0df520_0 .net *"_ivl_153", 3 0, L_0x7bee017c0;  1 drivers
v0x7bf0dd360_0 .net *"_ivl_155", 0 0, L_0x7bee01860;  1 drivers
v0x7bf0dd400_0 .net *"_ivl_156", 3 0, L_0x7bf1b9a40;  1 drivers
L_0x7be8799f0 .functor BUFT 1, C4<0>, C4<0>, C4<0>, C4<0>;
v0x7bf0dd4a0_0 .net *"_ivl_159", 0 0, L_0x7be8799f0;  1 drivers
L_0x7be8793c0 .functor BUFT 1, C4<000000000000000000000000000000000000000000000000000000000000010000>, C4<0>, C4<0>, C4<0>;
v0x7bf0dd540_0 .net/2u *"_ivl_16", 65 0, L_0x7be8793c0;  1 drivers
v0x7bf0dd5e0_0 .net *"_ivl_160", 3 0, L_0x7bf1b9ae0;  1 drivers
L_0x7be879a38 .functor BUFT 1, C4<0>, C4<0>, C4<0>, C4<0>;
v0x7bf0dd680_0 .net *"_ivl_163", 0 0, L_0x7be879a38;  1 drivers
v0x7bf0dd720_0 .net *"_ivl_164", 3 0, L_0x7bedf3340;  1 drivers
v0x7bf0deb20_0 .net *"_ivl_166", 3 0, L_0x7bedf33e0;  1 drivers
v0x7bf0dea80_0 .net *"_ivl_168", 3 0, L_0x7bedf3480;  1 drivers
v0x7bf0dcd20_0 .net *"_ivl_173", 0 0, L_0x7bf40d5e0;  1 drivers
v0x7bf0dcc80_0 .net *"_ivl_175", 0 0, L_0x7bee019a0;  1 drivers
v0x7bf0b37a0_0 .net/2u *"_ivl_176", 0 0, L_0x7be879a80;  1 drivers
v0x7bf0b3840_0 .net *"_ivl_178", 0 0, L_0x7bf40d650;  1 drivers
v0x7bf0b38e0_0 .net *"_ivl_18", 0 0, L_0x7bee00e60;  1 drivers
v0x7bf0b3980_0 .net *"_ivl_181", 0 0, L_0x7bf40d6c0;  1 drivers
v0x7bf0b3a20_0 .net *"_ivl_185", 0 0, L_0x7bf40ec30;  1 drivers
v0x7bf0b3ac0_0 .net *"_ivl_187", 0 0, L_0x7bee01a40;  1 drivers
v0x7bf0b3160_0 .net/2u *"_ivl_188", 0 0, L_0x7be879ac8;  1 drivers
v0x7bf0b30c0_0 .net *"_ivl_190", 0 0, L_0x7bf40eca0;  1 drivers
v0x7bf170000_0 .net *"_ivl_193", 0 0, L_0x7bf40ed10;  1 drivers
L_0x7be879b10 .functor BUFT 1, C4<00000>, C4<0>, C4<0>, C4<0>;
v0x7bf1700a0_0 .net/2u *"_ivl_194", 4 0, L_0x7be879b10;  1 drivers
v0x7bf170140_0 .net *"_ivl_196", 0 0, L_0x7bee01ae0;  1 drivers
v0x7bf1701e0_0 .net *"_ivl_199", 0 0, L_0x7bf40edf0;  1 drivers
L_0x7be879408 .functor BUFT 1, C4<000000000000000000000000000000000000000000000000000000000000010000>, C4<0>, C4<0>, C4<0>;
v0x7bf170280_0 .net/2u *"_ivl_20", 65 0, L_0x7be879408;  1 drivers
L_0x7be879b58 .functor BUFT 1, C4<00000000>, C4<0>, C4<0>, C4<0>;
v0x7bf170320_0 .net/2u *"_ivl_202", 7 0, L_0x7be879b58;  1 drivers
v0x7bf1703c0_0 .net *"_ivl_204", 7 0, L_0x7bf1b9b80;  1 drivers
L_0x7be879ba0 .functor BUFT 1, C4<00000000>, C4<0>, C4<0>, C4<0>;
v0x7bf170460_0 .net/2u *"_ivl_208", 7 0, L_0x7be879ba0;  1 drivers
v0x7bf170500_0 .net *"_ivl_210", 7 0, L_0x7bf1b9c20;  1 drivers
v0x7bf1705a0_0 .net *"_ivl_22", 65 0, L_0x7bf1b8dc0;  1 drivers
L_0x7be879c78 .functor BUFT 1, C4<00000000>, C4<0>, C4<0>, C4<0>;
v0x7bf170640_0 .net *"_ivl_223", 7 0, L_0x7be879c78;  1 drivers
L_0x7be879e28 .functor BUFT 1, C4<00000000>, C4<0>, C4<0>, C4<0>;
v0x7bf1706e0_0 .net *"_ivl_240", 7 0, L_0x7be879e28;  1 drivers
L_0x7be879f48 .functor BUFT 1, C4<00000>, C4<0>, C4<0>, C4<0>;
v0x7bf170780_0 .net/2u *"_ivl_248", 4 0, L_0x7be879f48;  1 drivers
L_0x7be879450 .functor BUFT 1, C4<00000000000000000000000000000000000000000000000000000000000>, C4<0>, C4<0>, C4<0>;
v0x7bf170820_0 .net *"_ivl_25", 58 0, L_0x7be879450;  1 drivers
v0x7bf1708c0_0 .net *"_ivl_250", 0 0, L_0x7bee01b80;  1 drivers
v0x7bf170960_0 .net *"_ivl_253", 0 0, L_0x7bf40efb0;  1 drivers
v0x7bf170a00_0 .net/2u *"_ivl_255", 0 0, L_0x7be879f90;  1 drivers
v0x7bf170aa0_0 .net *"_ivl_257", 0 0, L_0x7bf40f020;  1 drivers
L_0x7be879498 .functor BUFT 1, C4<000000000000000000000000000000000000000000000000000000000000000000>, C4<0>, C4<0>, C4<0>;
v0x7bf170b40_0 .net/2u *"_ivl_26", 65 0, L_0x7be879498;  1 drivers
v0x7bf170be0_0 .net/2u *"_ivl_260", 0 0, L_0x7be879fd8;  1 drivers
v0x7bf170c80_0 .net *"_ivl_262", 0 0, L_0x7bf40f100;  1 drivers
v0x7bf170d20_0 .net *"_ivl_265", 0 0, L_0x7bf40f170;  1 drivers
v0x7bf170dc0_0 .net *"_ivl_267", 0 0, L_0x7bf40f1e0;  1 drivers
v0x7bf170e60_0 .net *"_ivl_268", 31 0, L_0x7bf1b9d60;  1 drivers
v0x7bf170f00_0 .net *"_ivl_270", 31 0, L_0x7bf1b9ea0;  1 drivers
L_0x7be87a020 .functor BUFT 1, C4<000000000000000000000000000>, C4<0>, C4<0>, C4<0>;
v0x7bf170fa0_0 .net *"_ivl_273", 26 0, L_0x7be87a020;  1 drivers
L_0x7be87a068 .functor BUFT 1, C4<00000000000000000000000000100000>, C4<0>, C4<0>, C4<0>;
v0x7bf171040_0 .net/2u *"_ivl_274", 31 0, L_0x7be87a068;  1 drivers
v0x7bf1710e0_0 .net *"_ivl_276", 31 0, L_0x7bf1b9f40;  1 drivers
v0x7bf171180_0 .net *"_ivl_278", 0 0, L_0x7bee01c20;  1 drivers
v0x7bf171220_0 .net *"_ivl_28", 65 0, L_0x7bf1b8e60;  1 drivers
v0x7bf1712c0_0 .net *"_ivl_287", 0 0, L_0x7bee01cc0;  1 drivers
v0x7bf171360_0 .net *"_ivl_290", 0 0, L_0x7bee01d60;  1 drivers
v0x7bf171400_0 .net *"_ivl_293", 0 0, L_0x7bf40e840;  1 drivers
v0x7bf1714a0_0 .net *"_ivl_294", 15 0, L_0x7bf1b9fe0;  1 drivers
L_0x7be87a0b0 .functor BUFT 1, C4<00000000>, C4<0>, C4<0>, C4<0>;
v0x7bf171540_0 .net *"_ivl_297", 7 0, L_0x7be87a0b0;  1 drivers
v0x7bf1715e0_0 .net *"_ivl_298", 0 0, L_0x7bee01e00;  1 drivers
L_0x7be8792a0 .functor BUFT 1, C4<0000000000000000000000000>, C4<0>, C4<0>, C4<0>;
v0x7bf171680_0 .net *"_ivl_3", 24 0, L_0x7be8792a0;  1 drivers
v0x7bf171720_0 .net *"_ivl_30", 65 0, L_0x7bedf3020;  1 drivers
v0x7bf1717c0_0 .net *"_ivl_302", 31 0, L_0x7bf1ba080;  1 drivers
L_0x7be87a0f8 .functor BUFT 1, C4<0000000000000000000000000>, C4<0>, C4<0>, C4<0>;
v0x7bf171860_0 .net *"_ivl_305", 24 0, L_0x7be87a0f8;  1 drivers
L_0x7be87a140 .functor BUFT 1, C4<00000000000000000000000000111110>, C4<0>, C4<0>, C4<0>;
v0x7bf171900_0 .net/2u *"_ivl_306", 31 0, L_0x7be87a140;  1 drivers
L_0x7be87a188 .functor BUFT 1, C4<00000>, C4<0>, C4<0>, C4<0>;
v0x7bf1719a0_0 .net/2u *"_ivl_310", 4 0, L_0x7be87a188;  1 drivers
v0x7bf171a40_0 .net *"_ivl_312", 0 0, L_0x7bee01f40;  1 drivers
L_0x7be87a1d0 .functor BUFT 1, C4<0000000>, C4<0>, C4<0>, C4<0>;
v0x7bf171ae0_0 .net/2u *"_ivl_316", 6 0, L_0x7be87a1d0;  1 drivers
v0x7bf171b80_0 .net *"_ivl_318", 0 0, L_0x7bee01fe0;  1 drivers
L_0x7be8794e0 .functor BUFT 1, C4<000000000000000000000000000000000000000000000000000000000000000000>, C4<0>, C4<0>, C4<0>;
v0x7bf171c20_0 .net/2u *"_ivl_32", 65 0, L_0x7be8794e0;  1 drivers
L_0x7be87a218 .functor BUFT 1, C4<0000000>, C4<0>, C4<0>, C4<0>;
v0x7bf171cc0_0 .net/2u *"_ivl_322", 6 0, L_0x7be87a218;  1 drivers
v0x7bf171d60_0 .net *"_ivl_326", 31 0, L_0x7bf1ba120;  1 drivers
v0x7bf171e00_0 .net *"_ivl_328", 7 0, L_0x7bf1ba1c0;  1 drivers
L_0x7be87a260 .functor BUFT 1, C4<00>, C4<0>, C4<0>, C4<0>;
v0x7bf171ea0_0 .net *"_ivl_331", 1 0, L_0x7be87a260;  1 drivers
L_0x7be87a2a8 .functor BUFT 1, C4<0000000>, C4<0>, C4<0>, C4<0>;
v0x7bf171f40_0 .net/2u *"_ivl_334", 6 0, L_0x7be87a2a8;  1 drivers
v0x7bf171fe0_0 .net *"_ivl_34", 65 0, L_0x7bedf30c0;  1 drivers
L_0x7be879528 .functor BUFT 1, C4<00000000000000000000000000000000>, C4<0>, C4<0>, C4<0>;
v0x7bf172080_0 .net/2u *"_ivl_38", 31 0, L_0x7be879528;  1 drivers
L_0x7be8792e8 .functor BUFT 1, C4<00000000000000000000000000000000>, C4<0>, C4<0>, C4<0>;
v0x7bf172120_0 .net/2u *"_ivl_4", 31 0, L_0x7be8792e8;  1 drivers
v0x7bf1721c0_0 .net *"_ivl_44", 0 0, L_0x7bf1b8fa0;  1 drivers
v0x7bf172260_0 .net *"_ivl_46", 2 0, L_0x7bf1b9040;  1 drivers
L_0x7be879570 .functor BUFT 1, C4<00>, C4<0>, C4<0>, C4<0>;
v0x7bf172300_0 .net *"_ivl_49", 1 0, L_0x7be879570;  1 drivers
v0x7bf1723a0_0 .net *"_ivl_52", 0 0, L_0x7bee01040;  1 drivers
v0x7bf172440_0 .net *"_ivl_55", 0 0, L_0x7bf40f3a0;  1 drivers
v0x7bf1724e0_0 .net *"_ivl_58", 0 0, L_0x7bee010e0;  1 drivers
v0x7bf172580_0 .net *"_ivl_6", 0 0, L_0x7bee00c80;  1 drivers
v0x7bf172620_0 .net *"_ivl_62", 7 0, L_0x7bf1b90e0;  1 drivers
v0x7bf1726c0_0 .net *"_ivl_64", 8 0, L_0x7bf1b9180;  1 drivers
L_0x7be8795b8 .functor BUFT 1, C4<00000000>, C4<0>, C4<0>, C4<0>;
v0x7bf172760_0 .net *"_ivl_67", 7 0, L_0x7be8795b8;  1 drivers
v0x7bf172800_0 .net *"_ivl_68", 13 0, L_0x7bf1b9220;  1 drivers
L_0x7be879600 .functor BUFT 1, C4<00000>, C4<0>, C4<0>, C4<0>;
v0x7bf1728a0_0 .net *"_ivl_71", 4 0, L_0x7be879600;  1 drivers
L_0x7be879648 .functor BUFT 1, C4<00000000100000>, C4<0>, C4<0>, C4<0>;
v0x7bf172940_0 .net/2u *"_ivl_72", 13 0, L_0x7be879648;  1 drivers
v0x7bf1729e0_0 .net *"_ivl_75", 13 0, L_0x7bee01180;  1 drivers
v0x7bf172a80_0 .net *"_ivl_76", 6 0, L_0x7bf1b92c0;  1 drivers
L_0x7be879690 .functor BUFT 1, C4<00>, C4<0>, C4<0>, C4<0>;
v0x7bf172b20_0 .net *"_ivl_79", 1 0, L_0x7be879690;  1 drivers
v0x7bf172bc0_0 .net *"_ivl_8", 65 0, L_0x7bf1b8c80;  1 drivers
L_0x7be8796d8 .functor BUFT 1, C4<0>, C4<0>, C4<0>, C4<0>;
v0x7bf172c60_0 .net *"_ivl_82", 0 0, L_0x7be8796d8;  1 drivers
v0x7bf172d00_0 .net *"_ivl_83", 14 0, L_0x7bf1b9360;  1 drivers
L_0x7be879720 .functor BUFT 1, C4<00000000>, C4<0>, C4<0>, C4<0>;
v0x7bf172da0_0 .net *"_ivl_86", 7 0, L_0x7be879720;  1 drivers
v0x7bf172e40_0 .net *"_ivl_87", 14 0, L_0x7bf1b9400;  1 drivers
v0x7bf172ee0_0 .net *"_ivl_88", 14 0, L_0x7bf1b94a0;  1 drivers
L_0x7be879768 .functor BUFT 1, C4<00000>, C4<0>, C4<0>, C4<0>;
v0x7bf172f80_0 .net/2u *"_ivl_92", 4 0, L_0x7be879768;  1 drivers
v0x7bf173020_0 .net *"_ivl_94", 0 0, L_0x7bee01220;  1 drivers
L_0x7be8797b0 .functor BUFT 1, C4<00001>, C4<0>, C4<0>, C4<0>;
v0x7bf1730c0_0 .net/2u *"_ivl_96", 4 0, L_0x7be8797b0;  1 drivers
v0x7bf173160_0 .net *"_ivl_98", 4 0, L_0x7bf1b9540;  1 drivers
v0x7bf173200_0 .net "addra_e", 2 0, L_0x7bee01720;  1 drivers
v0x7bf1732a0_0 .net "addra_o", 2 0, L_0x7bee01900;  1 drivers
v0x7bf173340_0 .net "base_addr", 31 0, v0x7bf1a1d60_0;  1 drivers
v0x7bf1733e0_0 .var/i "bi", 31 0;
v0x7bf173480_0 .var "byte_d", 7 0;
v0x7bf173520_0 .var "byte_ptr", 4 0;
v0x7bf1735c0_0 .net "clk", 0 0, v0x7bf1afca0_0;  alias, 1 drivers
v0x7bf173660_0 .var "cnt_l", 4 0;
v0x7bf173700_0 .net "consume", 0 0, L_0x7bf40d730;  1 drivers
v0x7bf1737a0_0 .net "cur_byte", 7 0, L_0x7bec26ca0;  1 drivers
v0x7bf173840_0 .var "cur_sel", 0 0;
v0x7bf1738e0_0 .net "dout_e", 7 0, v0x7bf146940_0;  1 drivers
v0x7bf173980_0 .net "dout_o", 7 0, v0x7bf147200_0;  1 drivers
v0x7bf173a20_0 .net "drain", 0 0, L_0x7bf40d7a0;  1 drivers
v0x7bf173ac0_0 .var "ev_pos", 4 0;
v0x7bf173b60_0 .var "ev_score", 7 0;
v0x7bf173c00_0 .var "ev_vld", 0 0;
v0x7bf173ca0_0 .var "ev_x", 3 0;
v0x7bf173d40_0 .var "ev_y", 3 0;
v0x7bf173de0_0 .net "fill_data", 255 0, L_0x7bf1b8960;  alias, 1 drivers
v0x7bf173e80_0 .net "fill_slot", 0 0, L_0x7bee53b60;  alias, 1 drivers
v0x7bf173f20_0 .net "fill_vld", 0 0, L_0x7bf40ea70;  1 drivers
v0x7bf174000_0 .var "first_fill", 0 0;
v0x7bf1740a0_0 .net "grant", 0 0, L_0x7bee02260;  1 drivers
v0x7bf174140_0 .var "hcnt", 6 0;
v0x7bf1741e0_0 .net "hit_dout", 31 0, L_0x7bec26df0;  alias, 1 drivers
v0x7bf174280_0 .net "hit_empty", 0 0, L_0x7bee02120;  1 drivers
v0x7bf174320 .array "hit_fifo", 63 0, 31 0;
v0x7bf1743c0_0 .var "hit_ovf", 0 0;
v0x7bf174460_0 .net "hit_pop", 0 0, L_0x7bee023a0;  1 drivers
v0x7bf174500_0 .var "hit_rd", 5 0;
v0x7bf1745a0_0 .net "hit_vld", 0 0, L_0x7bee02080;  1 drivers
v0x7bf174640_0 .var "hit_wr", 5 0;
v0x7bf1746e0_0 .net "init", 0 0, L_0x7bf1c9110;  alias, 1 drivers
v0x7bf174780_0 .var "j_local", 4 0;
v0x7bf174820_0 .net "lane_done", 0 0, L_0x7bf40d810;  1 drivers
v0x7bf1748c0_0 .net "lane_max", 7 0, L_0x7bec26e60;  alias, 1 drivers
v0x7bf174960_0 .var "max_r", 7 0;
v0x7bf174a00_0 .net "need_req", 0 0, L_0x7bf40f250;  1 drivers
v0x7bf174aa0_0 .net "next_slot", 0 0, v0x7bf174b40_0;  1 drivers
v0x7bf174b40_0 .var "next_slot_r", 0 0;
v0x7bf174be0_0 .var "qx", 3 0;
v0x7bf174c80_0 .var "qy", 3 0;
v0x7bf174d20 .array "rbuf", 63 0, 7 0;
v0x7bf174dc0_0 .var "rd_addr", 31 0;
v0x7bf174e60_0 .net "req_addr", 31 0, L_0x7bec26d10;  alias, 1 drivers
v0x7bf174f00_0 .net "rst_n", 0 0, v0x7bf1b5040_0;  alias, 1 drivers
v0x7bf174fa0_0 .net "run_en", 0 0, L_0x7bee5d540;  alias, 1 drivers
v0x7bf175040_0 .var "s_q", 4 0;
v0x7bf1750e0_0 .net "scan_done", 0 0, L_0x7bf40e920;  1 drivers
v0x7bf175180_0 .var "scan_done_r", 0 0;
v0x7bf175220_0 .net "scan_en", 0 0, L_0x7bee5d680;  alias, 1 drivers
v0x7bf1752c0_0 .net "scan_stall", 0 0, L_0x7bec26ed0;  1 drivers
v0x7bf175360_0 .net "slot_ok", 0 0, L_0x7bec26c30;  1 drivers
v0x7bf175400_0 .var "start_addr", 31 0;
v0x7bf1754a0_0 .net "thresh", 15 0, L_0x7bf1ba260;  1 drivers
v0x7bf175540_0 .net "tp", 6 0, L_0x7bee021c0;  1 drivers
v0x7bf1755e0 .array "valid", 1 0, 0 0;
v0x7bf175680_0 .net "w_addr_r", 2 0, L_0x7bee01400;  1 drivers
v0x7bf175720_0 .net "w_addr_w", 2 0, L_0x7bee01540;  1 drivers
v0x7bf1757c0_0 .net "w_base_lb", 31 0, L_0x7bf1b8f00;  1 drivers
v0x7bf175860_0 .net "w_cnt", 4 0, L_0x7bee00f00;  1 drivers
v0x7bf175900_0 .net "w_din_e", 7 0, L_0x7bedf3520;  1 drivers
v0x7bf1759a0_0 .net "w_din_o", 7 0, L_0x7bedf35c0;  1 drivers
v0x7bf175a40_0 .net "w_hit", 0 0, L_0x7bf40e8b0;  1 drivers
v0x7bf175ae0_0 .net "w_pop_e", 0 0, L_0x7bf40e990;  1 drivers
v0x7bf175b80_0 .net "w_scan_stall", 0 0, L_0x7bee01ea0;  1 drivers
v0x7bf175c20_0 .net "w_score", 7 0, L_0x7bedf3660;  1 drivers
v0x7bf175cc0_0 .net "w_skip", 4 0, L_0x7bee00fa0;  1 drivers
v0x7bf175d60_0 .net "w_we_e", 0 0, L_0x7bf40ebc0;  1 drivers
v0x7bf175e00_0 .net "w_we_o", 0 0, L_0x7bf40ee60;  1 drivers
v0x7bf175ea0_0 .net "zero_addr", 2 0, v0x7bf1a7020_0;  1 drivers
v0x7bf175f40_0 .net "zero_en", 0 0, L_0x7bee5d5e0;  alias, 1 drivers
E_0x7bee12e80/0 .event negedge, v0x7bf174f00_0;
E_0x7bee12e80/1 .event posedge, v0x7bf146800_0;
E_0x7bee12e80 .event/or E_0x7bee12e80/0, E_0x7bee12e80/1;
L_0x7bf1b8be0 .concat [ 7 25 0 0], L_0x7bee021c0, L_0x7be8792a0;
L_0x7bee00c80 .cmp/gt 32, L_0x7bf1b8be0, L_0x7be8792e8;
L_0x7bf1b8c80 .concat [ 7 59 0 0], L_0x7bee021c0, L_0x7be879330;
L_0x7bf1b8d20 .arith/sub 66, L_0x7bf1b8c80, L_0x7be879378;
L_0x7bee00e60 .cmp/gt 66, L_0x7bf1b8d20, L_0x7be8793c0;
L_0x7bf1b8dc0 .concat [ 7 59 0 0], L_0x7bee021c0, L_0x7be879450;
L_0x7bf1b8e60 .arith/sub 66, L_0x7bf1b8dc0, L_0x7be879498;
L_0x7bedf3020 .functor MUXZ 66, L_0x7bf1b8e60, L_0x7be879408, L_0x7bee00e60, C4<>;
L_0x7bedf30c0 .functor MUXZ 66, L_0x7be8794e0, L_0x7bedf3020, L_0x7bee00c80, C4<>;
L_0x7bee00f00 .part L_0x7bedf30c0, 0, 5;
L_0x7bf1b8f00 .arith/sum 32, v0x7bf1a1d60_0, L_0x7be879528;
L_0x7bee00fa0 .part L_0x7bf1b8f00, 0, 5;
L_0x7bf1b8fa0 .array/port v0x7bf1755e0, L_0x7bf1b9040;
L_0x7bf1b9040 .concat [ 1 2 0 0], v0x7bf173840_0, L_0x7be879570;
L_0x7bee01040 .cmp/gt 5, v0x7bf173660_0, v0x7bf174780_0;
L_0x7bee010e0 .cmp/eq 5, v0x7bf174780_0, v0x7bf173660_0;
L_0x7bf1b90e0 .array/port v0x7bf174d20, L_0x7bf1b94a0;
L_0x7bf1b9180 .concat [ 1 8 0 0], v0x7bf173840_0, L_0x7be8795b8;
L_0x7bf1b9220 .concat [ 9 5 0 0], L_0x7bf1b9180, L_0x7be879600;
L_0x7bee01180 .arith/mult 14, L_0x7bf1b9220, L_0x7be879648;
L_0x7bf1b92c0 .concat [ 5 2 0 0], v0x7bf173520_0, L_0x7be879690;
L_0x7bf1b9360 .concat [ 14 1 0 0], L_0x7bee01180, L_0x7be8796d8;
L_0x7bf1b9400 .concat [ 7 8 0 0], L_0x7bf1b92c0, L_0x7be879720;
L_0x7bf1b94a0 .arith/sum 15, L_0x7bf1b9360, L_0x7bf1b9400;
L_0x7bee01220 .cmp/eq 5, v0x7bf173660_0, L_0x7be879768;
L_0x7bf1b9540 .arith/sum 5, v0x7bf173660_0, L_0x7be8797b0;
L_0x7bee012c0 .cmp/eq 5, v0x7bf174780_0, L_0x7bf1b9540;
L_0x7bee01360 .part v0x7bf174780_0, 1, 4;
L_0x7bf1b95e0 .concat [ 4 1 0 0], L_0x7bee01360, L_0x7be8797f8;
L_0x7bee01400 .part L_0x7bf1b95e0, 0, 3;
L_0x7bf1b9680 .arith/sub 5, v0x7bf174780_0, L_0x7be879840;
L_0x7bee014a0 .part L_0x7bf1b9680, 1, 4;
L_0x7bf1b9720 .concat [ 4 1 0 0], L_0x7bee014a0, L_0x7be879888;
L_0x7bee01540 .part L_0x7bf1b9720, 0, 3;
L_0x7bf1b97c0 .concat [ 3 1 0 0], v0x7bf1a7020_0, L_0x7be8798d0;
L_0x7bee015e0 .part v0x7bf175040_0, 1, 4;
L_0x7bee01680 .part v0x7bf174780_0, 0, 1;
L_0x7bf1b9860 .concat [ 3 1 0 0], L_0x7bee01540, L_0x7be879918;
L_0x7bf1b9900 .concat [ 3 1 0 0], L_0x7bee01400, L_0x7be879960;
L_0x7bedf3160 .functor MUXZ 4, L_0x7bf1b9900, L_0x7bf1b9860, L_0x7bee01680, C4<>;
L_0x7bedf3200 .functor MUXZ 4, L_0x7bedf3160, L_0x7bee015e0, L_0x7bee5d680, C4<>;
L_0x7bedf32a0 .functor MUXZ 4, L_0x7bedf3200, L_0x7bf1b97c0, L_0x7bee5d5e0, C4<>;
L_0x7bee01720 .part L_0x7bedf32a0, 0, 3;
L_0x7bf1b99a0 .concat [ 3 1 0 0], v0x7bf1a7020_0, L_0x7be8799a8;
L_0x7bee017c0 .part v0x7bf175040_0, 1, 4;
L_0x7bee01860 .part v0x7bf174780_0, 0, 1;
L_0x7bf1b9a40 .concat [ 3 1 0 0], L_0x7bee01400, L_0x7be8799f0;
L_0x7bf1b9ae0 .concat [ 3 1 0 0], L_0x7bee01540, L_0x7be879a38;
L_0x7bedf3340 .functor MUXZ 4, L_0x7bf1b9ae0, L_0x7bf1b9a40, L_0x7bee01860, C4<>;
L_0x7bedf33e0 .functor MUXZ 4, L_0x7bedf3340, L_0x7bee017c0, L_0x7bee5d680, C4<>;
L_0x7bedf3480 .functor MUXZ 4, L_0x7bedf33e0, L_0x7bf1b99a0, L_0x7bee5d5e0, C4<>;
L_0x7bee01900 .part L_0x7bedf3480, 0, 3;
L_0x7bee019a0 .part v0x7bf174780_0, 0, 1;
L_0x7bee01a40 .part v0x7bf174780_0, 0, 1;
L_0x7bee01ae0 .cmp/gt 5, v0x7bf174780_0, L_0x7be879b10;
L_0x7bf1b9b80 .arith/sum 8, v0x7bf146940_0, v0x7bf173480_0;
L_0x7bedf3520 .functor MUXZ 8, L_0x7bf1b9b80, L_0x7be879b58, L_0x7bee5d5e0, C4<>;
L_0x7bf1b9c20 .arith/sum 8, v0x7bf147200_0, v0x7bf173480_0;
L_0x7bedf35c0 .functor MUXZ 8, L_0x7bf1b9c20, L_0x7be879ba0, L_0x7bee5d5e0, C4<>;
L_0x7bf1b9cc0 .concat [ 3 8 0 0], L_0x7bee01720, L_0x7be879c78;
L_0x7bf1b9e00 .concat [ 3 8 0 0], L_0x7bee01900, L_0x7be879e28;
L_0x7bee01b80 .cmp/ne 5, v0x7bf173660_0, L_0x7be879f48;
L_0x7bf1b9d60 .arith/sub 32, v0x7bf174dc0_0, v0x7bf175400_0;
L_0x7bf1b9ea0 .concat [ 5 27 0 0], v0x7bf173660_0, L_0x7be87a020;
L_0x7bf1b9f40 .arith/sum 32, L_0x7bf1b9ea0, L_0x7be87a068;
L_0x7bee01c20 .cmp/gt 32, L_0x7bf1b9f40, L_0x7bf1b9d60;
L_0x7bee01cc0 .part v0x7bf173ac0_0, 0, 1;
L_0x7bedf3660 .functor MUXZ 8, v0x7bf146940_0, v0x7bf147200_0, L_0x7bee01cc0, C4<>;
L_0x7bee01d60 .cmp/gt 5, v0x7bf173660_0, v0x7bf173ac0_0;
L_0x7bf1b9fe0 .concat [ 8 8 0 0], L_0x7bedf3660, L_0x7be87a0b0;
L_0x7bee01e00 .cmp/gt 16, L_0x7bf1b9fe0, L_0x7bf1ba260;
L_0x7bf1ba080 .concat [ 7 25 0 0], v0x7bf174140_0, L_0x7be87a0f8;
L_0x7bee01ea0 .cmp/ge 32, L_0x7bf1ba080, L_0x7be87a140;
L_0x7bee01f40 .cmp/eq 5, v0x7bf173660_0, L_0x7be87a188;
L_0x7bee01fe0 .cmp/ne 7, v0x7bf174140_0, L_0x7be87a1d0;
L_0x7bee02080 .cmp/ne 7, v0x7bf174140_0, L_0x7be87a218;
L_0x7bf1ba120 .array/port v0x7bf174320, L_0x7bf1ba1c0;
L_0x7bf1ba1c0 .concat [ 6 2 0 0], v0x7bf174500_0, L_0x7be87a260;
L_0x7bee02120 .cmp/eq 7, v0x7bf174140_0, L_0x7be87a2a8;
S_0x7bee31200 .scope module, "u_bank_e" "xpm_memory_spram" 5 217, 6 19 0, S_0x7bee31080;
 .timescale -9 -12;
    .port_info 0 /INPUT 1 "clka";
    .port_info 1 /INPUT 1 "rsta";
    .port_info 2 /INPUT 1 "ena";
    .port_info 3 /INPUT 1 "regcea";
    .port_info 4 /INPUT 1 "wea";
    .port_info 5 /INPUT 11 "addra";
    .port_info 6 /INPUT 8 "dina";
    .port_info 7 /OUTPUT 8 "douta";
    .port_info 8 /INPUT 1 "injectsbiterra";
    .port_info 9 /INPUT 1 "injectdbiterra";
    .port_info 10 /INPUT 1 "sleep";
P_0x7bf088c80 .param/l "DEPTH" 1 6 41, +C4<0000000000000000000000000000000000000000000000000000000000000001000>;
P_0x7bf088cc0 .param/str "MEMORY_PRIMITIVE" 0 6 21, "block";
P_0x7bf088d00 .param/l "MEMORY_SIZE" 0 6 20, +C4<0000000000000000000000000000000000000000000000000000000000001000000>;
P_0x7bf088d40 .param/l "READ_DATA_WIDTH_A" 0 6 23, +C4<00000000000000000000000000001000>;
P_0x7bf088d80 .param/l "READ_LATENCY_A" 0 6 24, +C4<00000000000000000000000000000001>;
P_0x7bf088dc0 .param/str "READ_RESET_VALUE_A" 0 6 26, "0";
P_0x7bf088e00 .param/l "SIM_ASSERT_CHK" 0 6 27, +C4<00000000000000000000000000000000>;
P_0x7bf088e40 .param/l "WRITE_DATA_WIDTH_A" 0 6 22, +C4<00000000000000000000000000001000>;
P_0x7bf088e80 .param/str "WRITE_MODE_A" 0 6 25, "read_first";
v0x7bf146760_0 .net "addra", 10 0, L_0x7bf1b9cc0;  1 drivers
v0x7bf146800_0 .net "clka", 0 0, v0x7bf1afca0_0;  alias, 1 drivers
v0x7bf1468a0_0 .net "dina", 7 0, L_0x7bedf3520;  alias, 1 drivers
v0x7bf146940_0 .var "dout_q", 7 0;
v0x7bf1469e0_0 .net "douta", 7 0, v0x7bf146940_0;  alias, 1 drivers
L_0x7be879be8 .functor BUFT 1, C4<1>, C4<0>, C4<0>, C4<0>;
v0x7bf146a80_0 .net "ena", 0 0, L_0x7be879be8;  1 drivers
v0x7bf146b20_0 .var/i "i", 31 0;
L_0x7be879d08 .functor BUFT 1, C4<0>, C4<0>, C4<0>, C4<0>;
v0x7bf146bc0_0 .net "injectdbiterra", 0 0, L_0x7be879d08;  1 drivers
L_0x7be879cc0 .functor BUFT 1, C4<0>, C4<0>, C4<0>, C4<0>;
v0x7bf146c60_0 .net "injectsbiterra", 0 0, L_0x7be879cc0;  1 drivers
v0x7bf146d00 .array "mem", 7 0, 7 0;
L_0x7be879c30 .functor BUFT 1, C4<1>, C4<0>, C4<0>, C4<0>;
v0x7bf146da0_0 .net "regcea", 0 0, L_0x7be879c30;  1 drivers
v0x7bf146e40_0 .net "rsta", 0 0, L_0x7bf40ed80;  1 drivers
L_0x7be879d50 .functor BUFT 1, C4<0>, C4<0>, C4<0>, C4<0>;
v0x7bf146ee0_0 .net "sleep", 0 0, L_0x7be879d50;  1 drivers
v0x7bf146f80_0 .net "wea", 0 0, L_0x7bf40ebc0;  alias, 1 drivers
E_0x7bee12fc0 .event posedge, v0x7bf146800_0;
S_0x7bee31380 .scope module, "u_bank_o" "xpm_memory_spram" 5 227, 6 19 0, S_0x7bee31080;
 .timescale -9 -12;
    .port_info 0 /INPUT 1 "clka";
    .port_info 1 /INPUT 1 "rsta";
    .port_info 2 /INPUT 1 "ena";
    .port_info 3 /INPUT 1 "regcea";
    .port_info 4 /INPUT 1 "wea";
    .port_info 5 /INPUT 11 "addra";
    .port_info 6 /INPUT 8 "dina";
    .port_info 7 /OUTPUT 8 "douta";
    .port_info 8 /INPUT 1 "injectsbiterra";
    .port_info 9 /INPUT 1 "injectdbiterra";
    .port_info 10 /INPUT 1 "sleep";
P_0x7bf088000 .param/l "DEPTH" 1 6 41, +C4<0000000000000000000000000000000000000000000000000000000000000001000>;
P_0x7bf088040 .param/str "MEMORY_PRIMITIVE" 0 6 21, "block";
P_0x7bf088080 .param/l "MEMORY_SIZE" 0 6 20, +C4<0000000000000000000000000000000000000000000000000000000000001000000>;
P_0x7bf0880c0 .param/l "READ_DATA_WIDTH_A" 0 6 23, +C4<00000000000000000000000000001000>;
P_0x7bf088100 .param/l "READ_LATENCY_A" 0 6 24, +C4<00000000000000000000000000000001>;
P_0x7bf088140 .param/str "READ_RESET_VALUE_A" 0 6 26, "0";
P_0x7bf088180 .param/l "SIM_ASSERT_CHK" 0 6 27, +C4<00000000000000000000000000000000>;
P_0x7bf0881c0 .param/l "WRITE_DATA_WIDTH_A" 0 6 22, +C4<00000000000000000000000000001000>;
P_0x7bf088200 .param/str "WRITE_MODE_A" 0 6 25, "read_first";
v0x7bf147020_0 .net "addra", 10 0, L_0x7bf1b9e00;  1 drivers
v0x7bf1470c0_0 .net "clka", 0 0, v0x7bf1afca0_0;  alias, 1 drivers
v0x7bf147160_0 .net "dina", 7 0, L_0x7bedf35c0;  alias, 1 drivers
v0x7bf147200_0 .var "dout_q", 7 0;
v0x7bf1472a0_0 .net "douta", 7 0, v0x7bf147200_0;  alias, 1 drivers
L_0x7be879d98 .functor BUFT 1, C4<1>, C4<0>, C4<0>, C4<0>;
v0x7bf147340_0 .net "ena", 0 0, L_0x7be879d98;  1 drivers
v0x7bf1473e0_0 .var/i "i", 31 0;
L_0x7be879eb8 .functor BUFT 1, C4<0>, C4<0>, C4<0>, C4<0>;
v0x7bf147480_0 .net "injectdbiterra", 0 0, L_0x7be879eb8;  1 drivers
L_0x7be879e70 .functor BUFT 1, C4<0>, C4<0>, C4<0>, C4<0>;
v0x7bf147520_0 .net "injectsbiterra", 0 0, L_0x7be879e70;  1 drivers
v0x7bf1475c0 .array "mem", 7 0, 7 0;
L_0x7be879de0 .functor BUFT 1, C4<1>, C4<0>, C4<0>, C4<0>;
v0x7bf147660_0 .net "regcea", 0 0, L_0x7be879de0;  1 drivers
v0x7bf147700_0 .net "rsta", 0 0, L_0x7bf40eed0;  1 drivers
L_0x7be879f00 .functor BUFT 1, C4<0>, C4<0>, C4<0>, C4<0>;
v0x7bf1477a0_0 .net "sleep", 0 0, L_0x7be879f00;  1 drivers
v0x7bf147840_0 .net "wea", 0 0, L_0x7bf40ee60;  alias, 1 drivers
S_0x7bee31500 .scope generate, "gen_lane[1]" "gen_lane[1]" 4 317, 4 317 0, S_0x10309c060;
 .timescale -9 -12;
P_0x7bedfcc00 .param/l "g" 1 4 317, +C4<01>;
L_0x7bf40dff0 .functor AND 1, L_0x7bec27870, L_0x7bee03980, C4<1>, C4<1>;
L_0x7bf40dce0 .functor AND 1, L_0x7bf40dff0, L_0x7bee5d540, C4<1>, C4<1>;
L_0x7be87b3d0 .functor BUFT 1, C4<0000000>, C4<0>, C4<0>, C4<0>;
v0x7bf1830c0_0 .net/2u *"_ivl_1", 6 0, L_0x7be87b3d0;  1 drivers
v0x7bf183160_0 .net *"_ivl_12", 0 0, L_0x7bf40dff0;  1 drivers
L_0x7be87b418 .functor BUFT 1, C4<001>, C4<0>, C4<0>, C4<0>;
v0x7bf183200_0 .net/2u *"_ivl_7", 2 0, L_0x7be87b418;  1 drivers
v0x7bf1832a0_0 .net *"_ivl_9", 0 0, L_0x7bee03980;  1 drivers
L_0x7bf1bb980 .concat [ 9 7 0 0], v0x7bf1a4820_0, L_0x7be87b3d0;
L_0x7bee03980 .cmp/eq 3, L_0x7bee53ac0, L_0x7be87b418;
S_0x7bee31680 .scope module, "u_lane" "sbm_accum_lane" 4 324, 5 32 0, S_0x7bee31500;
 .timescale -9 -12;
    .port_info 0 /INPUT 1 "clk";
    .port_info 1 /INPUT 1 "rst_n";
    .port_info 2 /INPUT 1 "init";
    .port_info 3 /INPUT 32 "base_addr";
    .port_info 4 /INPUT 7 "tp";
    .port_info 5 /INPUT 16 "thresh";
    .port_info 6 /INPUT 1 "zero_en";
    .port_info 7 /INPUT 3 "zero_addr";
    .port_info 8 /INPUT 1 "run_en";
    .port_info 9 /OUTPUT 1 "lane_done";
    .port_info 10 /OUTPUT 1 "need_req";
    .port_info 11 /OUTPUT 32 "req_addr";
    .port_info 12 /OUTPUT 1 "next_slot";
    .port_info 13 /INPUT 1 "grant";
    .port_info 14 /INPUT 1 "fill_slot";
    .port_info 15 /INPUT 1 "fill_vld";
    .port_info 16 /INPUT 256 "fill_data";
    .port_info 17 /INPUT 1 "scan_en";
    .port_info 18 /OUTPUT 1 "hit_vld";
    .port_info 19 /OUTPUT 32 "hit_dout";
    .port_info 20 /INPUT 1 "hit_pop";
    .port_info 21 /OUTPUT 1 "hit_empty";
    .port_info 22 /OUTPUT 8 "lane_max";
    .port_info 23 /OUTPUT 1 "scan_stall";
    .port_info 24 /OUTPUT 1 "scan_done";
P_0x1030a6440 .param/l "AW" 0 5 43, +C4<00000000000000000000000000000011>;
P_0x1030a6480 .param/l "BANK_DEPTH" 0 5 34, +C4<00000000000000000000000000000001000>;
P_0x1030a64c0 .param/l "CHUNK" 0 5 33, +C4<000000000000000000000000000000000000000000000000000000000000010000>;
P_0x1030a6500 .param/l "CW" 0 5 45, +C4<00000000000000000000000000000100>;
P_0x1030a6540 .param/l "HC" 0 5 36, +C4<00000000000000000000000000001000>;
P_0x1030a6580 .param/l "HFCW" 0 5 48, +C4<00000000000000000000000000000111>;
P_0x1030a65c0 .param/l "HFW" 0 5 47, +C4<00000000000000000000000000000110>;
P_0x1030a6600 .param/l "HIT_FIFO_DEPTH" 0 5 38, +C4<00000000000000000000000001000000>;
P_0x1030a6640 .param/l "LB" 0 5 39, +C4<00000000000000000000000000010000>;
P_0x1030a6680 .param/l "PW" 0 5 44, +C4<00000000000000000000000000000101>;
P_0x1030a66c0 .param/l "TPW" 0 5 37, +C4<00000000000000000000000000000111>;
P_0x1030a6700 .param/l "WC" 0 5 35, +C4<00000000000000000000000000001000>;
P_0x1030a6740 .param/l "X0" 0 5 40, +C4<00000000000000000000000000000000>;
P_0x1030a6780 .param/l "Y0" 0 5 41, +C4<00000000000000000000000000000010>;
P_0x1030a67c0 .param/l "YW" 0 5 46, +C4<00000000000000000000000000000100>;
L_0x7bec26f40 .functor BUFZ 1, L_0x7bf1ba6c0, C4<0>, C4<0>, C4<0>;
L_0x7bf40eae0 .functor AND 1, L_0x7bee5d540, L_0x7bee026c0, C4<1>, C4<1>;
L_0x7bf40e530 .functor AND 1, L_0x7bf40eae0, L_0x7bec26f40, C4<1>, C4<1>;
L_0x7bf40e5a0 .functor AND 1, L_0x7bee5d540, L_0x7bee02760, C4<1>, C4<1>;
L_0x7bec26fb0 .functor BUFZ 8, L_0x7bf1ba800, C4<00000000>, C4<00000000>, C4<00000000>;
L_0x7bf40e610 .functor OR 1, L_0x7bee028a0, L_0x7bee02940, C4<0>, C4<0>;
L_0x7bf40e680 .functor OR 1, L_0x7bf40e530, L_0x7bf40e5a0, C4<0>, C4<0>;
L_0x7be87ab60 .functor BUFT 1, C4<1>, C4<0>, C4<0>, C4<0>;
L_0x7bf40e6f0 .functor XNOR 1, L_0x7bee03020, L_0x7be87ab60, C4<0>, C4<0>;
L_0x7bf40e760 .functor AND 1, L_0x7bf40e680, L_0x7bf40e6f0, C4<1>, C4<1>;
L_0x7bf40e7d0 .functor OR 1, L_0x7bee5d5e0, L_0x7bf40e760, C4<0>, C4<0>;
L_0x7bf40e4c0 .functor OR 1, L_0x7bf40e530, L_0x7bf40e5a0, C4<0>, C4<0>;
L_0x7be87aba8 .functor BUFT 1, C4<0>, C4<0>, C4<0>, C4<0>;
L_0x7bf40e450 .functor XNOR 1, L_0x7bee030c0, L_0x7be87aba8, C4<0>, C4<0>;
L_0x7bf40e140 .functor AND 1, L_0x7bf40e4c0, L_0x7bf40e450, C4<1>, C4<1>;
L_0x7bf40e220 .functor AND 1, L_0x7bf40e140, L_0x7bee03160, C4<1>, C4<1>;
L_0x7bf40e290 .functor OR 1, L_0x7bee5d5e0, L_0x7bf40e220, C4<0>, C4<0>;
L_0x7bf40e1b0 .functor NOT 1, v0x7bf1b5040_0, C4<0>, C4<0>, C4<0>;
L_0x7bf40e300 .functor NOT 1, v0x7bf1b5040_0, C4<0>, C4<0>, C4<0>;
L_0x7bf40e370 .functor AND 1, L_0x7bee5d540, L_0x7bee03200, C4<1>, C4<1>;
v0x7bf1826c0_0 .array/port v0x7bf1826c0, 0;
L_0x7be87b070 .functor BUFT 1, C4<0>, C4<0>, C4<0>, C4<0>;
L_0x7bf40e3e0 .functor XNOR 1, v0x7bf1826c0_0, L_0x7be87b070, C4<0>, C4<0>;
v0x7bf1826c0_1 .array/port v0x7bf1826c0, 1;
L_0x7be87b0b8 .functor BUFT 1, C4<0>, C4<0>, C4<0>, C4<0>;
L_0x7bf40e0d0 .functor XNOR 1, v0x7bf1826c0_1, L_0x7be87b0b8, C4<0>, C4<0>;
L_0x7bf40e060 .functor OR 1, L_0x7bf40e3e0, L_0x7bf40e0d0, C4<0>, C4<0>;
L_0x7bf40dd50 .functor AND 1, L_0x7bf40e370, L_0x7bf40e060, C4<1>, C4<1>;
L_0x7bf40ddc0 .functor AND 1, L_0x7bf40dd50, L_0x7bee032a0, C4<1>, C4<1>;
L_0x7bec27020 .functor BUFZ 32, v0x7bf181ea0_0, C4<00000000000000000000000000000000>, C4<00000000000000000000000000000000>, C4<00000000000000000000000000000000>;
L_0x7bf40de30 .functor AND 1, v0x7bf180d20_0, L_0x7bee033e0, C4<1>, C4<1>;
L_0x7bf40dea0 .functor AND 1, L_0x7bf40de30, L_0x7bee03480, C4<1>, C4<1>;
L_0x7bf40df10 .functor OR 1, L_0x7bee035c0, v0x7bf182260_0, C4<0>, C4<0>;
L_0x7bf40df80 .functor AND 1, L_0x7bee03a20, L_0x7bee03660, C4<1>, C4<1>;
L_0x7bec27100 .functor BUFZ 32, L_0x7bf1bb840, C4<00000000000000000000000000000000>, C4<00000000000000000000000000000000>, C4<00000000000000000000000000000000>;
L_0x7bec27170 .functor BUFZ 8, v0x7bf181a40_0, C4<00000000>, C4<00000000>, C4<00000000>;
L_0x7bec271e0 .functor BUFZ 1, L_0x7bee03520, C4<0>, C4<0>, C4<0>;
v0x7bf1773e0_0 .net *"_ivl_0", 31 0, L_0x7bf1ba300;  1 drivers
v0x7bf177480_0 .net *"_ivl_100", 0 0, L_0x7bee02940;  1 drivers
v0x7bf177520_0 .net *"_ivl_104", 4 0, L_0x7bf1bad00;  1 drivers
v0x7bf1775c0_0 .net *"_ivl_106", 3 0, L_0x7bee029e0;  1 drivers
L_0x7be87a8d8 .functor BUFT 1, C4<0>, C4<0>, C4<0>, C4<0>;
v0x7bf177660_0 .net *"_ivl_108", 0 0, L_0x7be87a8d8;  1 drivers
L_0x7be87a410 .functor BUFT 1, C4<00000000000000000000000000000000000000000000000000000000000>, C4<0>, C4<0>, C4<0>;
v0x7bf177700_0 .net *"_ivl_11", 58 0, L_0x7be87a410;  1 drivers
L_0x7be87a920 .functor BUFT 1, C4<00001>, C4<0>, C4<0>, C4<0>;
v0x7bf1777a0_0 .net/2u *"_ivl_112", 4 0, L_0x7be87a920;  1 drivers
v0x7bf177840_0 .net *"_ivl_114", 4 0, L_0x7bf1bada0;  1 drivers
v0x7bf1778e0_0 .net *"_ivl_116", 4 0, L_0x7bf1bae40;  1 drivers
v0x7bf177980_0 .net *"_ivl_118", 3 0, L_0x7bee02b20;  1 drivers
L_0x7be87a458 .functor BUFT 1, C4<000000000000000000000000000000000000000000000000000000000000010000>, C4<0>, C4<0>, C4<0>;
v0x7bf177a20_0 .net/2u *"_ivl_12", 65 0, L_0x7be87a458;  1 drivers
L_0x7be87a968 .functor BUFT 1, C4<0>, C4<0>, C4<0>, C4<0>;
v0x7bf177ac0_0 .net *"_ivl_120", 0 0, L_0x7be87a968;  1 drivers
v0x7bf177b60_0 .net *"_ivl_124", 3 0, L_0x7bf1baee0;  1 drivers
L_0x7be87a9b0 .functor BUFT 1, C4<0>, C4<0>, C4<0>, C4<0>;
v0x7bf177c00_0 .net *"_ivl_127", 0 0, L_0x7be87a9b0;  1 drivers
v0x7bf177ca0_0 .net *"_ivl_129", 3 0, L_0x7bee02c60;  1 drivers
v0x7bf177d40_0 .net *"_ivl_131", 0 0, L_0x7bee02d00;  1 drivers
v0x7bf177de0_0 .net *"_ivl_132", 3 0, L_0x7bf1baf80;  1 drivers
L_0x7be87a9f8 .functor BUFT 1, C4<0>, C4<0>, C4<0>, C4<0>;
v0x7bf177e80_0 .net *"_ivl_135", 0 0, L_0x7be87a9f8;  1 drivers
v0x7bf177f20_0 .net *"_ivl_136", 3 0, L_0x7bf1bb020;  1 drivers
L_0x7be87aa40 .functor BUFT 1, C4<0>, C4<0>, C4<0>, C4<0>;
v0x7bf17c000_0 .net *"_ivl_139", 0 0, L_0x7be87aa40;  1 drivers
v0x7bf17c0a0_0 .net *"_ivl_14", 65 0, L_0x7bf1ba440;  1 drivers
v0x7bf17c140_0 .net *"_ivl_140", 3 0, L_0x7bedf3840;  1 drivers
v0x7bf17c1e0_0 .net *"_ivl_142", 3 0, L_0x7bedf38e0;  1 drivers
v0x7bf17c280_0 .net *"_ivl_144", 3 0, L_0x7bedf3980;  1 drivers
v0x7bf17c320_0 .net *"_ivl_148", 3 0, L_0x7bf1bb0c0;  1 drivers
L_0x7be87aa88 .functor BUFT 1, C4<0>, C4<0>, C4<0>, C4<0>;
v0x7bf17c3c0_0 .net *"_ivl_151", 0 0, L_0x7be87aa88;  1 drivers
v0x7bf17c460_0 .net *"_ivl_153", 3 0, L_0x7bee02e40;  1 drivers
v0x7bf17c500_0 .net *"_ivl_155", 0 0, L_0x7bee02ee0;  1 drivers
v0x7bf17c5a0_0 .net *"_ivl_156", 3 0, L_0x7bf1bb160;  1 drivers
L_0x7be87aad0 .functor BUFT 1, C4<0>, C4<0>, C4<0>, C4<0>;
v0x7bf17c640_0 .net *"_ivl_159", 0 0, L_0x7be87aad0;  1 drivers
L_0x7be87a4a0 .functor BUFT 1, C4<000000000000000000000000000000000000000000000000000000000000010000>, C4<0>, C4<0>, C4<0>;
v0x7bf17c6e0_0 .net/2u *"_ivl_16", 65 0, L_0x7be87a4a0;  1 drivers
v0x7bf17c780_0 .net *"_ivl_160", 3 0, L_0x7bf1bb200;  1 drivers
L_0x7be87ab18 .functor BUFT 1, C4<0>, C4<0>, C4<0>, C4<0>;
v0x7bf17c820_0 .net *"_ivl_163", 0 0, L_0x7be87ab18;  1 drivers
v0x7bf17c8c0_0 .net *"_ivl_164", 3 0, L_0x7bedf3a20;  1 drivers
v0x7bf17c960_0 .net *"_ivl_166", 3 0, L_0x7bedf3ac0;  1 drivers
v0x7bf17ca00_0 .net *"_ivl_168", 3 0, L_0x7bedf3b60;  1 drivers
v0x7bf17caa0_0 .net *"_ivl_173", 0 0, L_0x7bf40e680;  1 drivers
v0x7bf17cb40_0 .net *"_ivl_175", 0 0, L_0x7bee03020;  1 drivers
v0x7bf17cbe0_0 .net/2u *"_ivl_176", 0 0, L_0x7be87ab60;  1 drivers
v0x7bf17cc80_0 .net *"_ivl_178", 0 0, L_0x7bf40e6f0;  1 drivers
v0x7bf17cd20_0 .net *"_ivl_18", 0 0, L_0x7bee024e0;  1 drivers
v0x7bf17cdc0_0 .net *"_ivl_181", 0 0, L_0x7bf40e760;  1 drivers
v0x7bf17ce60_0 .net *"_ivl_185", 0 0, L_0x7bf40e4c0;  1 drivers
v0x7bf17cf00_0 .net *"_ivl_187", 0 0, L_0x7bee030c0;  1 drivers
v0x7bf17cfa0_0 .net/2u *"_ivl_188", 0 0, L_0x7be87aba8;  1 drivers
v0x7bf17d040_0 .net *"_ivl_190", 0 0, L_0x7bf40e450;  1 drivers
v0x7bf17d0e0_0 .net *"_ivl_193", 0 0, L_0x7bf40e140;  1 drivers
L_0x7be87abf0 .functor BUFT 1, C4<00000>, C4<0>, C4<0>, C4<0>;
v0x7bf17d180_0 .net/2u *"_ivl_194", 4 0, L_0x7be87abf0;  1 drivers
v0x7bf17d220_0 .net *"_ivl_196", 0 0, L_0x7bee03160;  1 drivers
v0x7bf17d2c0_0 .net *"_ivl_199", 0 0, L_0x7bf40e220;  1 drivers
L_0x7be87a4e8 .functor BUFT 1, C4<000000000000000000000000000000000000000000000000000000000000010000>, C4<0>, C4<0>, C4<0>;
v0x7bf17d360_0 .net/2u *"_ivl_20", 65 0, L_0x7be87a4e8;  1 drivers
L_0x7be87ac38 .functor BUFT 1, C4<00000000>, C4<0>, C4<0>, C4<0>;
v0x7bf17d400_0 .net/2u *"_ivl_202", 7 0, L_0x7be87ac38;  1 drivers
v0x7bf17d4a0_0 .net *"_ivl_204", 7 0, L_0x7bf1bb2a0;  1 drivers
L_0x7be87ac80 .functor BUFT 1, C4<00000000>, C4<0>, C4<0>, C4<0>;
v0x7bf17d540_0 .net/2u *"_ivl_208", 7 0, L_0x7be87ac80;  1 drivers
v0x7bf17d5e0_0 .net *"_ivl_210", 7 0, L_0x7bf1bb340;  1 drivers
v0x7bf17d680_0 .net *"_ivl_22", 65 0, L_0x7bf1ba4e0;  1 drivers
L_0x7be87ad58 .functor BUFT 1, C4<00000000>, C4<0>, C4<0>, C4<0>;
v0x7bf17d720_0 .net *"_ivl_223", 7 0, L_0x7be87ad58;  1 drivers
L_0x7be87af08 .functor BUFT 1, C4<00000000>, C4<0>, C4<0>, C4<0>;
v0x7bf17d7c0_0 .net *"_ivl_240", 7 0, L_0x7be87af08;  1 drivers
L_0x7be87b028 .functor BUFT 1, C4<00000>, C4<0>, C4<0>, C4<0>;
v0x7bf17d860_0 .net/2u *"_ivl_248", 4 0, L_0x7be87b028;  1 drivers
L_0x7be87a530 .functor BUFT 1, C4<00000000000000000000000000000000000000000000000000000000000>, C4<0>, C4<0>, C4<0>;
v0x7bf17d900_0 .net *"_ivl_25", 58 0, L_0x7be87a530;  1 drivers
v0x7bf17d9a0_0 .net *"_ivl_250", 0 0, L_0x7bee03200;  1 drivers
v0x7bf17da40_0 .net *"_ivl_253", 0 0, L_0x7bf40e370;  1 drivers
v0x7bf17dae0_0 .net/2u *"_ivl_255", 0 0, L_0x7be87b070;  1 drivers
v0x7bf17db80_0 .net *"_ivl_257", 0 0, L_0x7bf40e3e0;  1 drivers
L_0x7be87a578 .functor BUFT 1, C4<000000000000000000000000000000000000000000000000000000000000010000>, C4<0>, C4<0>, C4<0>;
v0x7bf17dc20_0 .net/2u *"_ivl_26", 65 0, L_0x7be87a578;  1 drivers
v0x7bf17dcc0_0 .net/2u *"_ivl_260", 0 0, L_0x7be87b0b8;  1 drivers
v0x7bf17dd60_0 .net *"_ivl_262", 0 0, L_0x7bf40e0d0;  1 drivers
v0x7bf17de00_0 .net *"_ivl_265", 0 0, L_0x7bf40e060;  1 drivers
v0x7bf17dea0_0 .net *"_ivl_267", 0 0, L_0x7bf40dd50;  1 drivers
v0x7bf17df40_0 .net *"_ivl_268", 31 0, L_0x7bf1bb480;  1 drivers
v0x7bf17dfe0_0 .net *"_ivl_270", 31 0, L_0x7bf1bb5c0;  1 drivers
L_0x7be87b100 .functor BUFT 1, C4<000000000000000000000000000>, C4<0>, C4<0>, C4<0>;
v0x7bf17e080_0 .net *"_ivl_273", 26 0, L_0x7be87b100;  1 drivers
L_0x7be87b148 .functor BUFT 1, C4<00000000000000000000000000100000>, C4<0>, C4<0>, C4<0>;
v0x7bf17e120_0 .net/2u *"_ivl_274", 31 0, L_0x7be87b148;  1 drivers
v0x7bf17e1c0_0 .net *"_ivl_276", 31 0, L_0x7bf1bb660;  1 drivers
v0x7bf17e260_0 .net *"_ivl_278", 0 0, L_0x7bee032a0;  1 drivers
v0x7bf17e300_0 .net *"_ivl_28", 65 0, L_0x7bf1ba580;  1 drivers
v0x7bf17e3a0_0 .net *"_ivl_287", 0 0, L_0x7bee03340;  1 drivers
v0x7bf17e440_0 .net *"_ivl_290", 0 0, L_0x7bee033e0;  1 drivers
v0x7bf17e4e0_0 .net *"_ivl_293", 0 0, L_0x7bf40de30;  1 drivers
v0x7bf17e580_0 .net *"_ivl_294", 15 0, L_0x7bf1bb700;  1 drivers
L_0x7be87b190 .functor BUFT 1, C4<00000000>, C4<0>, C4<0>, C4<0>;
v0x7bf17e620_0 .net *"_ivl_297", 7 0, L_0x7be87b190;  1 drivers
v0x7bf17e6c0_0 .net *"_ivl_298", 0 0, L_0x7bee03480;  1 drivers
L_0x7be87a380 .functor BUFT 1, C4<0000000000000000000000000>, C4<0>, C4<0>, C4<0>;
v0x7bf17e760_0 .net *"_ivl_3", 24 0, L_0x7be87a380;  1 drivers
v0x7bf17e800_0 .net *"_ivl_30", 65 0, L_0x7bedf3700;  1 drivers
v0x7bf17e8a0_0 .net *"_ivl_302", 31 0, L_0x7bf1bb7a0;  1 drivers
L_0x7be87b1d8 .functor BUFT 1, C4<0000000000000000000000000>, C4<0>, C4<0>, C4<0>;
v0x7bf17e940_0 .net *"_ivl_305", 24 0, L_0x7be87b1d8;  1 drivers
L_0x7be87b220 .functor BUFT 1, C4<00000000000000000000000000111110>, C4<0>, C4<0>, C4<0>;
v0x7bf17e9e0_0 .net/2u *"_ivl_306", 31 0, L_0x7be87b220;  1 drivers
L_0x7be87b268 .functor BUFT 1, C4<00000>, C4<0>, C4<0>, C4<0>;
v0x7bf17ea80_0 .net/2u *"_ivl_310", 4 0, L_0x7be87b268;  1 drivers
v0x7bf17eb20_0 .net *"_ivl_312", 0 0, L_0x7bee035c0;  1 drivers
L_0x7be87b2b0 .functor BUFT 1, C4<0000000>, C4<0>, C4<0>, C4<0>;
v0x7bf17ebc0_0 .net/2u *"_ivl_316", 6 0, L_0x7be87b2b0;  1 drivers
v0x7bf17ec60_0 .net *"_ivl_318", 0 0, L_0x7bee03660;  1 drivers
L_0x7be87a5c0 .functor BUFT 1, C4<000000000000000000000000000000000000000000000000000000000000000000>, C4<0>, C4<0>, C4<0>;
v0x7bf17ed00_0 .net/2u *"_ivl_32", 65 0, L_0x7be87a5c0;  1 drivers
L_0x7be87b2f8 .functor BUFT 1, C4<0000000>, C4<0>, C4<0>, C4<0>;
v0x7bf17eda0_0 .net/2u *"_ivl_322", 6 0, L_0x7be87b2f8;  1 drivers
v0x7bf17ee40_0 .net *"_ivl_326", 31 0, L_0x7bf1bb840;  1 drivers
v0x7bf17eee0_0 .net *"_ivl_328", 7 0, L_0x7bf1bb8e0;  1 drivers
L_0x7be87b340 .functor BUFT 1, C4<00>, C4<0>, C4<0>, C4<0>;
v0x7bf17ef80_0 .net *"_ivl_331", 1 0, L_0x7be87b340;  1 drivers
L_0x7be87b388 .functor BUFT 1, C4<0000000>, C4<0>, C4<0>, C4<0>;
v0x7bf17f020_0 .net/2u *"_ivl_334", 6 0, L_0x7be87b388;  1 drivers
v0x7bf17f0c0_0 .net *"_ivl_34", 65 0, L_0x7bedf37a0;  1 drivers
L_0x7be87a608 .functor BUFT 1, C4<00000000000000000000000000010000>, C4<0>, C4<0>, C4<0>;
v0x7bf17f160_0 .net/2u *"_ivl_38", 31 0, L_0x7be87a608;  1 drivers
L_0x7be87a3c8 .functor BUFT 1, C4<00000000000000000000000000010000>, C4<0>, C4<0>, C4<0>;
v0x7bf17f200_0 .net/2u *"_ivl_4", 31 0, L_0x7be87a3c8;  1 drivers
v0x7bf17f2a0_0 .net *"_ivl_44", 0 0, L_0x7bf1ba6c0;  1 drivers
v0x7bf17f340_0 .net *"_ivl_46", 2 0, L_0x7bf1ba760;  1 drivers
L_0x7be87a650 .functor BUFT 1, C4<00>, C4<0>, C4<0>, C4<0>;
v0x7bf17f3e0_0 .net *"_ivl_49", 1 0, L_0x7be87a650;  1 drivers
v0x7bf17f480_0 .net *"_ivl_52", 0 0, L_0x7bee026c0;  1 drivers
v0x7bf17f520_0 .net *"_ivl_55", 0 0, L_0x7bf40eae0;  1 drivers
v0x7bf17f5c0_0 .net *"_ivl_58", 0 0, L_0x7bee02760;  1 drivers
v0x7bf17f660_0 .net *"_ivl_6", 0 0, L_0x7bee02440;  1 drivers
v0x7bf17f700_0 .net *"_ivl_62", 7 0, L_0x7bf1ba800;  1 drivers
v0x7bf17f7a0_0 .net *"_ivl_64", 8 0, L_0x7bf1ba8a0;  1 drivers
L_0x7be87a698 .functor BUFT 1, C4<00000000>, C4<0>, C4<0>, C4<0>;
v0x7bf17f840_0 .net *"_ivl_67", 7 0, L_0x7be87a698;  1 drivers
v0x7bf17f8e0_0 .net *"_ivl_68", 13 0, L_0x7bf1ba940;  1 drivers
L_0x7be87a6e0 .functor BUFT 1, C4<00000>, C4<0>, C4<0>, C4<0>;
v0x7bf17f980_0 .net *"_ivl_71", 4 0, L_0x7be87a6e0;  1 drivers
L_0x7be87a728 .functor BUFT 1, C4<00000000100000>, C4<0>, C4<0>, C4<0>;
v0x7bf17fa20_0 .net/2u *"_ivl_72", 13 0, L_0x7be87a728;  1 drivers
v0x7bf17fac0_0 .net *"_ivl_75", 13 0, L_0x7bee02800;  1 drivers
v0x7bf17fb60_0 .net *"_ivl_76", 6 0, L_0x7bf1ba9e0;  1 drivers
L_0x7be87a770 .functor BUFT 1, C4<00>, C4<0>, C4<0>, C4<0>;
v0x7bf17fc00_0 .net *"_ivl_79", 1 0, L_0x7be87a770;  1 drivers
v0x7bf17fca0_0 .net *"_ivl_8", 65 0, L_0x7bf1ba3a0;  1 drivers
L_0x7be87a7b8 .functor BUFT 1, C4<0>, C4<0>, C4<0>, C4<0>;
v0x7bf17fd40_0 .net *"_ivl_82", 0 0, L_0x7be87a7b8;  1 drivers
v0x7bf17fde0_0 .net *"_ivl_83", 14 0, L_0x7bf1baa80;  1 drivers
L_0x7be87a800 .functor BUFT 1, C4<00000000>, C4<0>, C4<0>, C4<0>;
v0x7bf17fe80_0 .net *"_ivl_86", 7 0, L_0x7be87a800;  1 drivers
v0x7bf17ff20_0 .net *"_ivl_87", 14 0, L_0x7bf1bab20;  1 drivers
v0x7bf180000_0 .net *"_ivl_88", 14 0, L_0x7bf1babc0;  1 drivers
L_0x7be87a848 .functor BUFT 1, C4<00000>, C4<0>, C4<0>, C4<0>;
v0x7bf1800a0_0 .net/2u *"_ivl_92", 4 0, L_0x7be87a848;  1 drivers
v0x7bf180140_0 .net *"_ivl_94", 0 0, L_0x7bee028a0;  1 drivers
L_0x7be87a890 .functor BUFT 1, C4<00001>, C4<0>, C4<0>, C4<0>;
v0x7bf1801e0_0 .net/2u *"_ivl_96", 4 0, L_0x7be87a890;  1 drivers
v0x7bf180280_0 .net *"_ivl_98", 4 0, L_0x7bf1bac60;  1 drivers
v0x7bf180320_0 .net "addra_e", 2 0, L_0x7bee02da0;  1 drivers
v0x7bf1803c0_0 .net "addra_o", 2 0, L_0x7bee02f80;  1 drivers
v0x7bf180460_0 .net "base_addr", 31 0, v0x7bf1a1d60_0;  alias, 1 drivers
v0x7bf180500_0 .var/i "bi", 31 0;
v0x7bf1805a0_0 .var "byte_d", 7 0;
v0x7bf180640_0 .var "byte_ptr", 4 0;
v0x7bf1806e0_0 .net "clk", 0 0, v0x7bf1afca0_0;  alias, 1 drivers
v0x7bf180780_0 .var "cnt_l", 4 0;
v0x7bf180820_0 .net "consume", 0 0, L_0x7bf40e530;  1 drivers
v0x7bf1808c0_0 .net "cur_byte", 7 0, L_0x7bec26fb0;  1 drivers
v0x7bf180960_0 .var "cur_sel", 0 0;
v0x7bf180a00_0 .net "dout_e", 7 0, v0x7bf176440_0;  1 drivers
v0x7bf180aa0_0 .net "dout_o", 7 0, v0x7bf176d00_0;  1 drivers
v0x7bf180b40_0 .net "drain", 0 0, L_0x7bf40e5a0;  1 drivers
v0x7bf180be0_0 .var "ev_pos", 4 0;
v0x7bf180c80_0 .var "ev_score", 7 0;
v0x7bf180d20_0 .var "ev_vld", 0 0;
v0x7bf180dc0_0 .var "ev_x", 3 0;
v0x7bf180e60_0 .var "ev_y", 3 0;
v0x7bf180f00_0 .net "fill_data", 255 0, L_0x7bf1b8960;  alias, 1 drivers
v0x7bf180fa0_0 .net "fill_slot", 0 0, L_0x7bee53b60;  alias, 1 drivers
v0x7bf181040_0 .net "fill_vld", 0 0, L_0x7bf40dce0;  1 drivers
v0x7bf1810e0_0 .var "first_fill", 0 0;
v0x7bf181180_0 .net "grant", 0 0, L_0x7bee038e0;  1 drivers
v0x7bf181220_0 .var "hcnt", 6 0;
v0x7bf1812c0_0 .net "hit_dout", 31 0, L_0x7bec27100;  alias, 1 drivers
v0x7bf181360_0 .net "hit_empty", 0 0, L_0x7bee037a0;  1 drivers
v0x7bf181400 .array "hit_fifo", 63 0, 31 0;
v0x7bf1814a0_0 .var "hit_ovf", 0 0;
v0x7bf181540_0 .net "hit_pop", 0 0, L_0x7bee03a20;  1 drivers
v0x7bf1815e0_0 .var "hit_rd", 5 0;
v0x7bf181680_0 .net "hit_vld", 0 0, L_0x7bee03700;  1 drivers
v0x7bf181720_0 .var "hit_wr", 5 0;
v0x7bf1817c0_0 .net "init", 0 0, L_0x7bf1c9110;  alias, 1 drivers
v0x7bf181860_0 .var "j_local", 4 0;
v0x7bf181900_0 .net "lane_done", 0 0, L_0x7bf40e610;  1 drivers
v0x7bf1819a0_0 .net "lane_max", 7 0, L_0x7bec27170;  alias, 1 drivers
v0x7bf181a40_0 .var "max_r", 7 0;
v0x7bf181ae0_0 .net "need_req", 0 0, L_0x7bf40ddc0;  1 drivers
v0x7bf181b80_0 .net "next_slot", 0 0, v0x7bf181c20_0;  1 drivers
v0x7bf181c20_0 .var "next_slot_r", 0 0;
v0x7bf181cc0_0 .var "qx", 3 0;
v0x7bf181d60_0 .var "qy", 3 0;
v0x7bf181e00 .array "rbuf", 63 0, 7 0;
v0x7bf181ea0_0 .var "rd_addr", 31 0;
v0x7bf181f40_0 .net "req_addr", 31 0, L_0x7bec27020;  alias, 1 drivers
v0x7bf181fe0_0 .net "rst_n", 0 0, v0x7bf1b5040_0;  alias, 1 drivers
v0x7bf182080_0 .net "run_en", 0 0, L_0x7bee5d540;  alias, 1 drivers
v0x7bf182120_0 .var "s_q", 4 0;
v0x7bf1821c0_0 .net "scan_done", 0 0, L_0x7bf40df10;  1 drivers
v0x7bf182260_0 .var "scan_done_r", 0 0;
v0x7bf182300_0 .net "scan_en", 0 0, L_0x7bee5d680;  alias, 1 drivers
v0x7bf1823a0_0 .net "scan_stall", 0 0, L_0x7bec271e0;  1 drivers
v0x7bf182440_0 .net "slot_ok", 0 0, L_0x7bec26f40;  1 drivers
v0x7bf1824e0_0 .var "start_addr", 31 0;
v0x7bf182580_0 .net "thresh", 15 0, L_0x7bf1bb980;  1 drivers
v0x7bf182620_0 .net "tp", 6 0, L_0x7bee03840;  1 drivers
v0x7bf1826c0 .array "valid", 1 0, 0 0;
v0x7bf182760_0 .net "w_addr_r", 2 0, L_0x7bee02a80;  1 drivers
v0x7bf182800_0 .net "w_addr_w", 2 0, L_0x7bee02bc0;  1 drivers
v0x7bf1828a0_0 .net "w_base_lb", 31 0, L_0x7bf1ba620;  1 drivers
v0x7bf182940_0 .net "w_cnt", 4 0, L_0x7bee02580;  1 drivers
v0x7bf1829e0_0 .net "w_din_e", 7 0, L_0x7bedf3c00;  1 drivers
v0x7bf182a80_0 .net "w_din_o", 7 0, L_0x7bedf3ca0;  1 drivers
v0x7bf182b20_0 .net "w_hit", 0 0, L_0x7bf40dea0;  1 drivers
v0x7bf182bc0_0 .net "w_pop_e", 0 0, L_0x7bf40df80;  1 drivers
v0x7bf182c60_0 .net "w_scan_stall", 0 0, L_0x7bee03520;  1 drivers
v0x7bf182d00_0 .net "w_score", 7 0, L_0x7bedf3d40;  1 drivers
v0x7bf182da0_0 .net "w_skip", 4 0, L_0x7bee02620;  1 drivers
v0x7bf182e40_0 .net "w_we_e", 0 0, L_0x7bf40e7d0;  1 drivers
v0x7bf182ee0_0 .net "w_we_o", 0 0, L_0x7bf40e290;  1 drivers
v0x7bf182f80_0 .net "zero_addr", 2 0, v0x7bf1a7020_0;  alias, 1 drivers
v0x7bf183020_0 .net "zero_en", 0 0, L_0x7bee5d5e0;  alias, 1 drivers
L_0x7bf1ba300 .concat [ 7 25 0 0], L_0x7bee03840, L_0x7be87a380;
L_0x7bee02440 .cmp/gt 32, L_0x7bf1ba300, L_0x7be87a3c8;
L_0x7bf1ba3a0 .concat [ 7 59 0 0], L_0x7bee03840, L_0x7be87a410;
L_0x7bf1ba440 .arith/sub 66, L_0x7bf1ba3a0, L_0x7be87a458;
L_0x7bee024e0 .cmp/gt 66, L_0x7bf1ba440, L_0x7be87a4a0;
L_0x7bf1ba4e0 .concat [ 7 59 0 0], L_0x7bee03840, L_0x7be87a530;
L_0x7bf1ba580 .arith/sub 66, L_0x7bf1ba4e0, L_0x7be87a578;
L_0x7bedf3700 .functor MUXZ 66, L_0x7bf1ba580, L_0x7be87a4e8, L_0x7bee024e0, C4<>;
L_0x7bedf37a0 .functor MUXZ 66, L_0x7be87a5c0, L_0x7bedf3700, L_0x7bee02440, C4<>;
L_0x7bee02580 .part L_0x7bedf37a0, 0, 5;
L_0x7bf1ba620 .arith/sum 32, v0x7bf1a1d60_0, L_0x7be87a608;
L_0x7bee02620 .part L_0x7bf1ba620, 0, 5;
L_0x7bf1ba6c0 .array/port v0x7bf1826c0, L_0x7bf1ba760;
L_0x7bf1ba760 .concat [ 1 2 0 0], v0x7bf180960_0, L_0x7be87a650;
L_0x7bee026c0 .cmp/gt 5, v0x7bf180780_0, v0x7bf181860_0;
L_0x7bee02760 .cmp/eq 5, v0x7bf181860_0, v0x7bf180780_0;
L_0x7bf1ba800 .array/port v0x7bf181e00, L_0x7bf1babc0;
L_0x7bf1ba8a0 .concat [ 1 8 0 0], v0x7bf180960_0, L_0x7be87a698;
L_0x7bf1ba940 .concat [ 9 5 0 0], L_0x7bf1ba8a0, L_0x7be87a6e0;
L_0x7bee02800 .arith/mult 14, L_0x7bf1ba940, L_0x7be87a728;
L_0x7bf1ba9e0 .concat [ 5 2 0 0], v0x7bf180640_0, L_0x7be87a770;
L_0x7bf1baa80 .concat [ 14 1 0 0], L_0x7bee02800, L_0x7be87a7b8;
L_0x7bf1bab20 .concat [ 7 8 0 0], L_0x7bf1ba9e0, L_0x7be87a800;
L_0x7bf1babc0 .arith/sum 15, L_0x7bf1baa80, L_0x7bf1bab20;
L_0x7bee028a0 .cmp/eq 5, v0x7bf180780_0, L_0x7be87a848;
L_0x7bf1bac60 .arith/sum 5, v0x7bf180780_0, L_0x7be87a890;
L_0x7bee02940 .cmp/eq 5, v0x7bf181860_0, L_0x7bf1bac60;
L_0x7bee029e0 .part v0x7bf181860_0, 1, 4;
L_0x7bf1bad00 .concat [ 4 1 0 0], L_0x7bee029e0, L_0x7be87a8d8;
L_0x7bee02a80 .part L_0x7bf1bad00, 0, 3;
L_0x7bf1bada0 .arith/sub 5, v0x7bf181860_0, L_0x7be87a920;
L_0x7bee02b20 .part L_0x7bf1bada0, 1, 4;
L_0x7bf1bae40 .concat [ 4 1 0 0], L_0x7bee02b20, L_0x7be87a968;
L_0x7bee02bc0 .part L_0x7bf1bae40, 0, 3;
L_0x7bf1baee0 .concat [ 3 1 0 0], v0x7bf1a7020_0, L_0x7be87a9b0;
L_0x7bee02c60 .part v0x7bf182120_0, 1, 4;
L_0x7bee02d00 .part v0x7bf181860_0, 0, 1;
L_0x7bf1baf80 .concat [ 3 1 0 0], L_0x7bee02bc0, L_0x7be87a9f8;
L_0x7bf1bb020 .concat [ 3 1 0 0], L_0x7bee02a80, L_0x7be87aa40;
L_0x7bedf3840 .functor MUXZ 4, L_0x7bf1bb020, L_0x7bf1baf80, L_0x7bee02d00, C4<>;
L_0x7bedf38e0 .functor MUXZ 4, L_0x7bedf3840, L_0x7bee02c60, L_0x7bee5d680, C4<>;
L_0x7bedf3980 .functor MUXZ 4, L_0x7bedf38e0, L_0x7bf1baee0, L_0x7bee5d5e0, C4<>;
L_0x7bee02da0 .part L_0x7bedf3980, 0, 3;
L_0x7bf1bb0c0 .concat [ 3 1 0 0], v0x7bf1a7020_0, L_0x7be87aa88;
L_0x7bee02e40 .part v0x7bf182120_0, 1, 4;
L_0x7bee02ee0 .part v0x7bf181860_0, 0, 1;
L_0x7bf1bb160 .concat [ 3 1 0 0], L_0x7bee02a80, L_0x7be87aad0;
L_0x7bf1bb200 .concat [ 3 1 0 0], L_0x7bee02bc0, L_0x7be87ab18;
L_0x7bedf3a20 .functor MUXZ 4, L_0x7bf1bb200, L_0x7bf1bb160, L_0x7bee02ee0, C4<>;
L_0x7bedf3ac0 .functor MUXZ 4, L_0x7bedf3a20, L_0x7bee02e40, L_0x7bee5d680, C4<>;
L_0x7bedf3b60 .functor MUXZ 4, L_0x7bedf3ac0, L_0x7bf1bb0c0, L_0x7bee5d5e0, C4<>;
L_0x7bee02f80 .part L_0x7bedf3b60, 0, 3;
L_0x7bee03020 .part v0x7bf181860_0, 0, 1;
L_0x7bee030c0 .part v0x7bf181860_0, 0, 1;
L_0x7bee03160 .cmp/gt 5, v0x7bf181860_0, L_0x7be87abf0;
L_0x7bf1bb2a0 .arith/sum 8, v0x7bf176440_0, v0x7bf1805a0_0;
L_0x7bedf3c00 .functor MUXZ 8, L_0x7bf1bb2a0, L_0x7be87ac38, L_0x7bee5d5e0, C4<>;
L_0x7bf1bb340 .arith/sum 8, v0x7bf176d00_0, v0x7bf1805a0_0;
L_0x7bedf3ca0 .functor MUXZ 8, L_0x7bf1bb340, L_0x7be87ac80, L_0x7bee5d5e0, C4<>;
L_0x7bf1bb3e0 .concat [ 3 8 0 0], L_0x7bee02da0, L_0x7be87ad58;
L_0x7bf1bb520 .concat [ 3 8 0 0], L_0x7bee02f80, L_0x7be87af08;
L_0x7bee03200 .cmp/ne 5, v0x7bf180780_0, L_0x7be87b028;
L_0x7bf1bb480 .arith/sub 32, v0x7bf181ea0_0, v0x7bf1824e0_0;
L_0x7bf1bb5c0 .concat [ 5 27 0 0], v0x7bf180780_0, L_0x7be87b100;
L_0x7bf1bb660 .arith/sum 32, L_0x7bf1bb5c0, L_0x7be87b148;
L_0x7bee032a0 .cmp/gt 32, L_0x7bf1bb660, L_0x7bf1bb480;
L_0x7bee03340 .part v0x7bf180be0_0, 0, 1;
L_0x7bedf3d40 .functor MUXZ 8, v0x7bf176440_0, v0x7bf176d00_0, L_0x7bee03340, C4<>;
L_0x7bee033e0 .cmp/gt 5, v0x7bf180780_0, v0x7bf180be0_0;
L_0x7bf1bb700 .concat [ 8 8 0 0], L_0x7bedf3d40, L_0x7be87b190;
L_0x7bee03480 .cmp/gt 16, L_0x7bf1bb700, L_0x7bf1bb980;
L_0x7bf1bb7a0 .concat [ 7 25 0 0], v0x7bf181220_0, L_0x7be87b1d8;
L_0x7bee03520 .cmp/ge 32, L_0x7bf1bb7a0, L_0x7be87b220;
L_0x7bee035c0 .cmp/eq 5, v0x7bf180780_0, L_0x7be87b268;
L_0x7bee03660 .cmp/ne 7, v0x7bf181220_0, L_0x7be87b2b0;
L_0x7bee03700 .cmp/ne 7, v0x7bf181220_0, L_0x7be87b2f8;
L_0x7bf1bb840 .array/port v0x7bf181400, L_0x7bf1bb8e0;
L_0x7bf1bb8e0 .concat [ 6 2 0 0], v0x7bf1815e0_0, L_0x7be87b340;
L_0x7bee037a0 .cmp/eq 7, v0x7bf181220_0, L_0x7be87b388;
S_0x7bee31800 .scope module, "u_bank_e" "xpm_memory_spram" 5 217, 6 19 0, S_0x7bee31680;
 .timescale -9 -12;
    .port_info 0 /INPUT 1 "clka";
    .port_info 1 /INPUT 1 "rsta";
    .port_info 2 /INPUT 1 "ena";
    .port_info 3 /INPUT 1 "regcea";
    .port_info 4 /INPUT 1 "wea";
    .port_info 5 /INPUT 11 "addra";
    .port_info 6 /INPUT 8 "dina";
    .port_info 7 /OUTPUT 8 "douta";
    .port_info 8 /INPUT 1 "injectsbiterra";
    .port_info 9 /INPUT 1 "injectdbiterra";
    .port_info 10 /INPUT 1 "sleep";
P_0x7bf088a00 .param/l "DEPTH" 1 6 41, +C4<0000000000000000000000000000000000000000000000000000000000000001000>;
P_0x7bf088a40 .param/str "MEMORY_PRIMITIVE" 0 6 21, "block";
P_0x7bf088a80 .param/l "MEMORY_SIZE" 0 6 20, +C4<0000000000000000000000000000000000000000000000000000000000001000000>;
P_0x7bf088ac0 .param/l "READ_DATA_WIDTH_A" 0 6 23, +C4<00000000000000000000000000001000>;
P_0x7bf088b00 .param/l "READ_LATENCY_A" 0 6 24, +C4<00000000000000000000000000000001>;
P_0x7bf088b40 .param/str "READ_RESET_VALUE_A" 0 6 26, "0";
P_0x7bf088b80 .param/l "SIM_ASSERT_CHK" 0 6 27, +C4<00000000000000000000000000000000>;
P_0x7bf088bc0 .param/l "WRITE_DATA_WIDTH_A" 0 6 22, +C4<00000000000000000000000000001000>;
P_0x7bf088c00 .param/str "WRITE_MODE_A" 0 6 25, "read_first";
v0x7bf176260_0 .net "addra", 10 0, L_0x7bf1bb3e0;  1 drivers
v0x7bf176300_0 .net "clka", 0 0, v0x7bf1afca0_0;  alias, 1 drivers
v0x7bf1763a0_0 .net "dina", 7 0, L_0x7bedf3c00;  alias, 1 drivers
v0x7bf176440_0 .var "dout_q", 7 0;
v0x7bf1764e0_0 .net "douta", 7 0, v0x7bf176440_0;  alias, 1 drivers
L_0x7be87acc8 .functor BUFT 1, C4<1>, C4<0>, C4<0>, C4<0>;
v0x7bf176580_0 .net "ena", 0 0, L_0x7be87acc8;  1 drivers
v0x7bf176620_0 .var/i "i", 31 0;
L_0x7be87ade8 .functor BUFT 1, C4<0>, C4<0>, C4<0>, C4<0>;
v0x7bf1766c0_0 .net "injectdbiterra", 0 0, L_0x7be87ade8;  1 drivers
L_0x7be87ada0 .functor BUFT 1, C4<0>, C4<0>, C4<0>, C4<0>;
v0x7bf176760_0 .net "injectsbiterra", 0 0, L_0x7be87ada0;  1 drivers
v0x7bf176800 .array "mem", 7 0, 7 0;
L_0x7be87ad10 .functor BUFT 1, C4<1>, C4<0>, C4<0>, C4<0>;
v0x7bf1768a0_0 .net "regcea", 0 0, L_0x7be87ad10;  1 drivers
v0x7bf176940_0 .net "rsta", 0 0, L_0x7bf40e1b0;  1 drivers
L_0x7be87ae30 .functor BUFT 1, C4<0>, C4<0>, C4<0>, C4<0>;
v0x7bf1769e0_0 .net "sleep", 0 0, L_0x7be87ae30;  1 drivers
v0x7bf176a80_0 .net "wea", 0 0, L_0x7bf40e7d0;  alias, 1 drivers
S_0x7bee31980 .scope module, "u_bank_o" "xpm_memory_spram" 5 227, 6 19 0, S_0x7bee31680;
 .timescale -9 -12;
    .port_info 0 /INPUT 1 "clka";
    .port_info 1 /INPUT 1 "rsta";
    .port_info 2 /INPUT 1 "ena";
    .port_info 3 /INPUT 1 "regcea";
    .port_info 4 /INPUT 1 "wea";
    .port_info 5 /INPUT 11 "addra";
    .port_info 6 /INPUT 8 "dina";
    .port_info 7 /OUTPUT 8 "douta";
    .port_info 8 /INPUT 1 "injectsbiterra";
    .port_info 9 /INPUT 1 "injectdbiterra";
    .port_info 10 /INPUT 1 "sleep";
P_0x7bf088f00 .param/l "DEPTH" 1 6 41, +C4<0000000000000000000000000000000000000000000000000000000000000001000>;
P_0x7bf088f40 .param/str "MEMORY_PRIMITIVE" 0 6 21, "block";
P_0x7bf088f80 .param/l "MEMORY_SIZE" 0 6 20, +C4<0000000000000000000000000000000000000000000000000000000000001000000>;
P_0x7bf088fc0 .param/l "READ_DATA_WIDTH_A" 0 6 23, +C4<00000000000000000000000000001000>;
P_0x7bf089000 .param/l "READ_LATENCY_A" 0 6 24, +C4<00000000000000000000000000000001>;
P_0x7bf089040 .param/str "READ_RESET_VALUE_A" 0 6 26, "0";
P_0x7bf089080 .param/l "SIM_ASSERT_CHK" 0 6 27, +C4<00000000000000000000000000000000>;
P_0x7bf0890c0 .param/l "WRITE_DATA_WIDTH_A" 0 6 22, +C4<00000000000000000000000000001000>;
P_0x7bf089100 .param/str "WRITE_MODE_A" 0 6 25, "read_first";
v0x7bf176b20_0 .net "addra", 10 0, L_0x7bf1bb520;  1 drivers
v0x7bf176bc0_0 .net "clka", 0 0, v0x7bf1afca0_0;  alias, 1 drivers
v0x7bf176c60_0 .net "dina", 7 0, L_0x7bedf3ca0;  alias, 1 drivers
v0x7bf176d00_0 .var "dout_q", 7 0;
v0x7bf176da0_0 .net "douta", 7 0, v0x7bf176d00_0;  alias, 1 drivers
L_0x7be87ae78 .functor BUFT 1, C4<1>, C4<0>, C4<0>, C4<0>;
v0x7bf176e40_0 .net "ena", 0 0, L_0x7be87ae78;  1 drivers
v0x7bf176ee0_0 .var/i "i", 31 0;
L_0x7be87af98 .functor BUFT 1, C4<0>, C4<0>, C4<0>, C4<0>;
v0x7bf176f80_0 .net "injectdbiterra", 0 0, L_0x7be87af98;  1 drivers
L_0x7be87af50 .functor BUFT 1, C4<0>, C4<0>, C4<0>, C4<0>;
v0x7bf177020_0 .net "injectsbiterra", 0 0, L_0x7be87af50;  1 drivers
v0x7bf1770c0 .array "mem", 7 0, 7 0;
L_0x7be87aec0 .functor BUFT 1, C4<1>, C4<0>, C4<0>, C4<0>;
v0x7bf177160_0 .net "regcea", 0 0, L_0x7be87aec0;  1 drivers
v0x7bf177200_0 .net "rsta", 0 0, L_0x7bf40e300;  1 drivers
L_0x7be87afe0 .functor BUFT 1, C4<0>, C4<0>, C4<0>, C4<0>;
v0x7bf1772a0_0 .net "sleep", 0 0, L_0x7be87afe0;  1 drivers
v0x7bf177340_0 .net "wea", 0 0, L_0x7bf40e290;  alias, 1 drivers
S_0x7bee31b00 .scope generate, "gen_lane[2]" "gen_lane[2]" 4 317, 4 317 0, S_0x10309c060;
 .timescale -9 -12;
P_0x7bedfcbc0 .param/l "g" 1 4 317, +C4<010>;
L_0x7bf40fb80 .functor AND 1, L_0x7bec27870, L_0x7bee50b40, C4<1>, C4<1>;
L_0x7bf40fbf0 .functor AND 1, L_0x7bf40fb80, L_0x7bee5d540, C4<1>, C4<1>;
L_0x7be87c4b0 .functor BUFT 1, C4<0000000>, C4<0>, C4<0>, C4<0>;
v0x7bf18c1e0_0 .net/2u *"_ivl_1", 6 0, L_0x7be87c4b0;  1 drivers
v0x7bf18c280_0 .net *"_ivl_12", 0 0, L_0x7bf40fb80;  1 drivers
L_0x7be87c4f8 .functor BUFT 1, C4<010>, C4<0>, C4<0>, C4<0>;
v0x7bf18c320_0 .net/2u *"_ivl_7", 2 0, L_0x7be87c4f8;  1 drivers
v0x7bf18c3c0_0 .net *"_ivl_9", 0 0, L_0x7bee50b40;  1 drivers
L_0x7bf1bd0e0 .concat [ 9 7 0 0], v0x7bf1a4820_0, L_0x7be87c4b0;
L_0x7bee50b40 .cmp/eq 3, L_0x7bee53ac0, L_0x7be87c4f8;
S_0x7bee31c80 .scope module, "u_lane" "sbm_accum_lane" 4 324, 5 32 0, S_0x7bee31b00;
 .timescale -9 -12;
    .port_info 0 /INPUT 1 "clk";
    .port_info 1 /INPUT 1 "rst_n";
    .port_info 2 /INPUT 1 "init";
    .port_info 3 /INPUT 32 "base_addr";
    .port_info 4 /INPUT 7 "tp";
    .port_info 5 /INPUT 16 "thresh";
    .port_info 6 /INPUT 1 "zero_en";
    .port_info 7 /INPUT 3 "zero_addr";
    .port_info 8 /INPUT 1 "run_en";
    .port_info 9 /OUTPUT 1 "lane_done";
    .port_info 10 /OUTPUT 1 "need_req";
    .port_info 11 /OUTPUT 32 "req_addr";
    .port_info 12 /OUTPUT 1 "next_slot";
    .port_info 13 /INPUT 1 "grant";
    .port_info 14 /INPUT 1 "fill_slot";
    .port_info 15 /INPUT 1 "fill_vld";
    .port_info 16 /INPUT 256 "fill_data";
    .port_info 17 /INPUT 1 "scan_en";
    .port_info 18 /OUTPUT 1 "hit_vld";
    .port_info 19 /OUTPUT 32 "hit_dout";
    .port_info 20 /INPUT 1 "hit_pop";
    .port_info 21 /OUTPUT 1 "hit_empty";
    .port_info 22 /OUTPUT 8 "lane_max";
    .port_info 23 /OUTPUT 1 "scan_stall";
    .port_info 24 /OUTPUT 1 "scan_done";
P_0x1030a6840 .param/l "AW" 0 5 43, +C4<00000000000000000000000000000011>;
P_0x1030a6880 .param/l "BANK_DEPTH" 0 5 34, +C4<00000000000000000000000000000001000>;
P_0x1030a68c0 .param/l "CHUNK" 0 5 33, +C4<000000000000000000000000000000000000000000000000000000000000010000>;
P_0x1030a6900 .param/l "CW" 0 5 45, +C4<00000000000000000000000000000100>;
P_0x1030a6940 .param/l "HC" 0 5 36, +C4<00000000000000000000000000001000>;
P_0x1030a6980 .param/l "HFCW" 0 5 48, +C4<00000000000000000000000000000111>;
P_0x1030a69c0 .param/l "HFW" 0 5 47, +C4<00000000000000000000000000000110>;
P_0x1030a6a00 .param/l "HIT_FIFO_DEPTH" 0 5 38, +C4<00000000000000000000000001000000>;
P_0x1030a6a40 .param/l "LB" 0 5 39, +C4<00000000000000000000000000100000>;
P_0x1030a6a80 .param/l "PW" 0 5 44, +C4<00000000000000000000000000000101>;
P_0x1030a6ac0 .param/l "TPW" 0 5 37, +C4<00000000000000000000000000000111>;
P_0x1030a6b00 .param/l "WC" 0 5 35, +C4<00000000000000000000000000001000>;
P_0x1030a6b40 .param/l "X0" 0 5 40, +C4<00000000000000000000000000000000>;
P_0x1030a6b80 .param/l "Y0" 0 5 41, +C4<00000000000000000000000000000100>;
P_0x1030a6bc0 .param/l "YW" 0 5 46, +C4<00000000000000000000000000000100>;
L_0x7bec27250 .functor BUFZ 1, L_0x7bf1bbde0, C4<0>, C4<0>, C4<0>;
L_0x7bf40dc70 .functor AND 1, L_0x7bee5d540, L_0x7bee03d40, C4<1>, C4<1>;
L_0x7bf40d960 .functor AND 1, L_0x7bf40dc70, L_0x7bec27250, C4<1>, C4<1>;
L_0x7bf40d9d0 .functor AND 1, L_0x7bee5d540, L_0x7bee03de0, C4<1>, C4<1>;
L_0x7bec272c0 .functor BUFZ 8, L_0x7bf1bbf20, C4<00000000>, C4<00000000>, C4<00000000>;
L_0x7bf40da40 .functor OR 1, L_0x7bee03f20, L_0x7bedb9e00, C4<0>, C4<0>;
L_0x7bf40dab0 .functor OR 1, L_0x7bf40d960, L_0x7bf40d9d0, C4<0>, C4<0>;
L_0x7be87bc40 .functor BUFT 1, C4<1>, C4<0>, C4<0>, C4<0>;
L_0x7bf40db20 .functor XNOR 1, L_0x7bee501e0, L_0x7be87bc40, C4<0>, C4<0>;
L_0x7bf40db90 .functor AND 1, L_0x7bf40dab0, L_0x7bf40db20, C4<1>, C4<1>;
L_0x7bf40d8f0 .functor OR 1, L_0x7bee5d5e0, L_0x7bf40db90, C4<0>, C4<0>;
L_0x7bf40f410 .functor OR 1, L_0x7bf40d960, L_0x7bf40d9d0, C4<0>, C4<0>;
L_0x7be87bc88 .functor BUFT 1, C4<0>, C4<0>, C4<0>, C4<0>;
L_0x7bf40f480 .functor XNOR 1, L_0x7bee50280, L_0x7be87bc88, C4<0>, C4<0>;
L_0x7bf40f4f0 .functor AND 1, L_0x7bf40f410, L_0x7bf40f480, C4<1>, C4<1>;
L_0x7bf40f5d0 .functor AND 1, L_0x7bf40f4f0, L_0x7bee50320, C4<1>, C4<1>;
L_0x7bf40f640 .functor OR 1, L_0x7bee5d5e0, L_0x7bf40f5d0, C4<0>, C4<0>;
L_0x7bf40f560 .functor NOT 1, v0x7bf1b5040_0, C4<0>, C4<0>, C4<0>;
L_0x7bf40f6b0 .functor NOT 1, v0x7bf1b5040_0, C4<0>, C4<0>, C4<0>;
L_0x7bf40f720 .functor AND 1, L_0x7bee5d540, L_0x7bee503c0, C4<1>, C4<1>;
v0x7bf18b7a0_0 .array/port v0x7bf18b7a0, 0;
L_0x7be87c150 .functor BUFT 1, C4<0>, C4<0>, C4<0>, C4<0>;
L_0x7bf40f790 .functor XNOR 1, v0x7bf18b7a0_0, L_0x7be87c150, C4<0>, C4<0>;
v0x7bf18b7a0_1 .array/port v0x7bf18b7a0, 1;
L_0x7be87c198 .functor BUFT 1, C4<0>, C4<0>, C4<0>, C4<0>;
L_0x7bf40f800 .functor XNOR 1, v0x7bf18b7a0_1, L_0x7be87c198, C4<0>, C4<0>;
L_0x7bf40f870 .functor OR 1, L_0x7bf40f790, L_0x7bf40f800, C4<0>, C4<0>;
L_0x7bf40f8e0 .functor AND 1, L_0x7bf40f720, L_0x7bf40f870, C4<1>, C4<1>;
L_0x7bf40f950 .functor AND 1, L_0x7bf40f8e0, L_0x7bee50460, C4<1>, C4<1>;
L_0x7bec27330 .functor BUFZ 32, v0x7bf18af80_0, C4<00000000000000000000000000000000>, C4<00000000000000000000000000000000>, C4<00000000000000000000000000000000>;
L_0x7bf40f9c0 .functor AND 1, v0x7bf189e00_0, L_0x7bee505a0, C4<1>, C4<1>;
L_0x7bf40fa30 .functor AND 1, L_0x7bf40f9c0, L_0x7bee50640, C4<1>, C4<1>;
L_0x7bf40faa0 .functor OR 1, L_0x7bee50780, v0x7bf18b340_0, C4<0>, C4<0>;
L_0x7bf40fb10 .functor AND 1, L_0x7bee50be0, L_0x7bee50820, C4<1>, C4<1>;
L_0x7bec27410 .functor BUFZ 32, L_0x7bf1bcfa0, C4<00000000000000000000000000000000>, C4<00000000000000000000000000000000>, C4<00000000000000000000000000000000>;
L_0x7bec27480 .functor BUFZ 8, v0x7bf18ab20_0, C4<00000000>, C4<00000000>, C4<00000000>;
L_0x7bec274f0 .functor BUFZ 1, L_0x7bee506e0, C4<0>, C4<0>, C4<0>;
v0x7bf184500_0 .net *"_ivl_0", 31 0, L_0x7bf1bba20;  1 drivers
v0x7bf1845a0_0 .net *"_ivl_100", 0 0, L_0x7bedb9e00;  1 drivers
v0x7bf184640_0 .net *"_ivl_104", 4 0, L_0x7bf1bc460;  1 drivers
v0x7bf1846e0_0 .net *"_ivl_106", 3 0, L_0x7bedb9c20;  1 drivers
L_0x7be87b9b8 .functor BUFT 1, C4<0>, C4<0>, C4<0>, C4<0>;
v0x7bf184780_0 .net *"_ivl_108", 0 0, L_0x7be87b9b8;  1 drivers
L_0x7be87b4f0 .functor BUFT 1, C4<00000000000000000000000000000000000000000000000000000000000>, C4<0>, C4<0>, C4<0>;
v0x7bf184820_0 .net *"_ivl_11", 58 0, L_0x7be87b4f0;  1 drivers
L_0x7be87ba00 .functor BUFT 1, C4<00001>, C4<0>, C4<0>, C4<0>;
v0x7bf1848c0_0 .net/2u *"_ivl_112", 4 0, L_0x7be87ba00;  1 drivers
v0x7bf184960_0 .net *"_ivl_114", 4 0, L_0x7bf1bc500;  1 drivers
v0x7bf184a00_0 .net *"_ivl_116", 4 0, L_0x7bf1bc5a0;  1 drivers
v0x7bf184aa0_0 .net *"_ivl_118", 3 0, L_0x7bed83160;  1 drivers
L_0x7be87b538 .functor BUFT 1, C4<000000000000000000000000000000000000000000000000000000000000100000>, C4<0>, C4<0>, C4<0>;
v0x7bf184b40_0 .net/2u *"_ivl_12", 65 0, L_0x7be87b538;  1 drivers
L_0x7be87ba48 .functor BUFT 1, C4<0>, C4<0>, C4<0>, C4<0>;
v0x7bf184be0_0 .net *"_ivl_120", 0 0, L_0x7be87ba48;  1 drivers
v0x7bf184c80_0 .net *"_ivl_124", 3 0, L_0x7bf1bc640;  1 drivers
L_0x7be87ba90 .functor BUFT 1, C4<0>, C4<0>, C4<0>, C4<0>;
v0x7bf184d20_0 .net *"_ivl_127", 0 0, L_0x7be87ba90;  1 drivers
v0x7bf184dc0_0 .net *"_ivl_129", 3 0, L_0x7bed806e0;  1 drivers
v0x7bf184e60_0 .net *"_ivl_131", 0 0, L_0x7bed59e00;  1 drivers
v0x7bf184f00_0 .net *"_ivl_132", 3 0, L_0x7bf1bc6e0;  1 drivers
L_0x7be87bad8 .functor BUFT 1, C4<0>, C4<0>, C4<0>, C4<0>;
v0x7bf184fa0_0 .net *"_ivl_135", 0 0, L_0x7be87bad8;  1 drivers
v0x7bf185040_0 .net *"_ivl_136", 3 0, L_0x7bf1bc780;  1 drivers
L_0x7be87bb20 .functor BUFT 1, C4<0>, C4<0>, C4<0>, C4<0>;
v0x7bf1850e0_0 .net *"_ivl_139", 0 0, L_0x7be87bb20;  1 drivers
v0x7bf185180_0 .net *"_ivl_14", 65 0, L_0x7bf1bbb60;  1 drivers
v0x7bf185220_0 .net *"_ivl_140", 3 0, L_0x7bedf3f20;  1 drivers
v0x7bf1852c0_0 .net *"_ivl_142", 3 0, L_0x7bee4c000;  1 drivers
v0x7bf185360_0 .net *"_ivl_144", 3 0, L_0x7bee4c0a0;  1 drivers
v0x7bf185400_0 .net *"_ivl_148", 3 0, L_0x7bf1bc820;  1 drivers
L_0x7be87bb68 .functor BUFT 1, C4<0>, C4<0>, C4<0>, C4<0>;
v0x7bf1854a0_0 .net *"_ivl_151", 0 0, L_0x7be87bb68;  1 drivers
v0x7bf185540_0 .net *"_ivl_153", 3 0, L_0x7bee50000;  1 drivers
v0x7bf1855e0_0 .net *"_ivl_155", 0 0, L_0x7bee500a0;  1 drivers
v0x7bf185680_0 .net *"_ivl_156", 3 0, L_0x7bf1bc8c0;  1 drivers
L_0x7be87bbb0 .functor BUFT 1, C4<0>, C4<0>, C4<0>, C4<0>;
v0x7bf185720_0 .net *"_ivl_159", 0 0, L_0x7be87bbb0;  1 drivers
L_0x7be87b580 .functor BUFT 1, C4<000000000000000000000000000000000000000000000000000000000000010000>, C4<0>, C4<0>, C4<0>;
v0x7bf1857c0_0 .net/2u *"_ivl_16", 65 0, L_0x7be87b580;  1 drivers
v0x7bf185860_0 .net *"_ivl_160", 3 0, L_0x7bf1bc960;  1 drivers
L_0x7be87bbf8 .functor BUFT 1, C4<0>, C4<0>, C4<0>, C4<0>;
v0x7bf185900_0 .net *"_ivl_163", 0 0, L_0x7be87bbf8;  1 drivers
v0x7bf1859a0_0 .net *"_ivl_164", 3 0, L_0x7bee4c140;  1 drivers
v0x7bf185a40_0 .net *"_ivl_166", 3 0, L_0x7bee4c1e0;  1 drivers
v0x7bf185ae0_0 .net *"_ivl_168", 3 0, L_0x7bee4c280;  1 drivers
v0x7bf185b80_0 .net *"_ivl_173", 0 0, L_0x7bf40dab0;  1 drivers
v0x7bf185c20_0 .net *"_ivl_175", 0 0, L_0x7bee501e0;  1 drivers
v0x7bf185cc0_0 .net/2u *"_ivl_176", 0 0, L_0x7be87bc40;  1 drivers
v0x7bf185d60_0 .net *"_ivl_178", 0 0, L_0x7bf40db20;  1 drivers
v0x7bf185e00_0 .net *"_ivl_18", 0 0, L_0x7bee03b60;  1 drivers
v0x7bf185ea0_0 .net *"_ivl_181", 0 0, L_0x7bf40db90;  1 drivers
v0x7bf185f40_0 .net *"_ivl_185", 0 0, L_0x7bf40f410;  1 drivers
v0x7bf185fe0_0 .net *"_ivl_187", 0 0, L_0x7bee50280;  1 drivers
v0x7bf186080_0 .net/2u *"_ivl_188", 0 0, L_0x7be87bc88;  1 drivers
v0x7bf186120_0 .net *"_ivl_190", 0 0, L_0x7bf40f480;  1 drivers
v0x7bf1861c0_0 .net *"_ivl_193", 0 0, L_0x7bf40f4f0;  1 drivers
L_0x7be87bcd0 .functor BUFT 1, C4<00000>, C4<0>, C4<0>, C4<0>;
v0x7bf186260_0 .net/2u *"_ivl_194", 4 0, L_0x7be87bcd0;  1 drivers
v0x7bf186300_0 .net *"_ivl_196", 0 0, L_0x7bee50320;  1 drivers
v0x7bf1863a0_0 .net *"_ivl_199", 0 0, L_0x7bf40f5d0;  1 drivers
L_0x7be87b5c8 .functor BUFT 1, C4<000000000000000000000000000000000000000000000000000000000000010000>, C4<0>, C4<0>, C4<0>;
v0x7bf186440_0 .net/2u *"_ivl_20", 65 0, L_0x7be87b5c8;  1 drivers
L_0x7be87bd18 .functor BUFT 1, C4<00000000>, C4<0>, C4<0>, C4<0>;
v0x7bf1864e0_0 .net/2u *"_ivl_202", 7 0, L_0x7be87bd18;  1 drivers
v0x7bf186580_0 .net *"_ivl_204", 7 0, L_0x7bf1bca00;  1 drivers
L_0x7be87bd60 .functor BUFT 1, C4<00000000>, C4<0>, C4<0>, C4<0>;
v0x7bf186620_0 .net/2u *"_ivl_208", 7 0, L_0x7be87bd60;  1 drivers
v0x7bf1866c0_0 .net *"_ivl_210", 7 0, L_0x7bf1bcaa0;  1 drivers
v0x7bf186760_0 .net *"_ivl_22", 65 0, L_0x7bf1bbc00;  1 drivers
L_0x7be87be38 .functor BUFT 1, C4<00000000>, C4<0>, C4<0>, C4<0>;
v0x7bf186800_0 .net *"_ivl_223", 7 0, L_0x7be87be38;  1 drivers
L_0x7be87bfe8 .functor BUFT 1, C4<00000000>, C4<0>, C4<0>, C4<0>;
v0x7bf1868a0_0 .net *"_ivl_240", 7 0, L_0x7be87bfe8;  1 drivers
L_0x7be87c108 .functor BUFT 1, C4<00000>, C4<0>, C4<0>, C4<0>;
v0x7bf186940_0 .net/2u *"_ivl_248", 4 0, L_0x7be87c108;  1 drivers
L_0x7be87b610 .functor BUFT 1, C4<00000000000000000000000000000000000000000000000000000000000>, C4<0>, C4<0>, C4<0>;
v0x7bf1869e0_0 .net *"_ivl_25", 58 0, L_0x7be87b610;  1 drivers
v0x7bf186a80_0 .net *"_ivl_250", 0 0, L_0x7bee503c0;  1 drivers
v0x7bf186b20_0 .net *"_ivl_253", 0 0, L_0x7bf40f720;  1 drivers
v0x7bf186bc0_0 .net/2u *"_ivl_255", 0 0, L_0x7be87c150;  1 drivers
v0x7bf186c60_0 .net *"_ivl_257", 0 0, L_0x7bf40f790;  1 drivers
L_0x7be87b658 .functor BUFT 1, C4<000000000000000000000000000000000000000000000000000000000000100000>, C4<0>, C4<0>, C4<0>;
v0x7bf186d00_0 .net/2u *"_ivl_26", 65 0, L_0x7be87b658;  1 drivers
v0x7bf186da0_0 .net/2u *"_ivl_260", 0 0, L_0x7be87c198;  1 drivers
v0x7bf186e40_0 .net *"_ivl_262", 0 0, L_0x7bf40f800;  1 drivers
v0x7bf186ee0_0 .net *"_ivl_265", 0 0, L_0x7bf40f870;  1 drivers
v0x7bf186f80_0 .net *"_ivl_267", 0 0, L_0x7bf40f8e0;  1 drivers
v0x7bf187020_0 .net *"_ivl_268", 31 0, L_0x7bf1bcbe0;  1 drivers
v0x7bf1870c0_0 .net *"_ivl_270", 31 0, L_0x7bf1bcd20;  1 drivers
L_0x7be87c1e0 .functor BUFT 1, C4<000000000000000000000000000>, C4<0>, C4<0>, C4<0>;
v0x7bf187160_0 .net *"_ivl_273", 26 0, L_0x7be87c1e0;  1 drivers
L_0x7be87c228 .functor BUFT 1, C4<00000000000000000000000000100000>, C4<0>, C4<0>, C4<0>;
v0x7bf187200_0 .net/2u *"_ivl_274", 31 0, L_0x7be87c228;  1 drivers
v0x7bf1872a0_0 .net *"_ivl_276", 31 0, L_0x7bf1bcdc0;  1 drivers
v0x7bf187340_0 .net *"_ivl_278", 0 0, L_0x7bee50460;  1 drivers
v0x7bf1873e0_0 .net *"_ivl_28", 65 0, L_0x7bf1bbca0;  1 drivers
v0x7bf187480_0 .net *"_ivl_287", 0 0, L_0x7bee50500;  1 drivers
v0x7bf187520_0 .net *"_ivl_290", 0 0, L_0x7bee505a0;  1 drivers
v0x7bf1875c0_0 .net *"_ivl_293", 0 0, L_0x7bf40f9c0;  1 drivers
v0x7bf187660_0 .net *"_ivl_294", 15 0, L_0x7bf1bce60;  1 drivers
L_0x7be87c270 .functor BUFT 1, C4<00000000>, C4<0>, C4<0>, C4<0>;
v0x7bf187700_0 .net *"_ivl_297", 7 0, L_0x7be87c270;  1 drivers
v0x7bf1877a0_0 .net *"_ivl_298", 0 0, L_0x7bee50640;  1 drivers
L_0x7be87b460 .functor BUFT 1, C4<0000000000000000000000000>, C4<0>, C4<0>, C4<0>;
v0x7bf187840_0 .net *"_ivl_3", 24 0, L_0x7be87b460;  1 drivers
v0x7bf1878e0_0 .net *"_ivl_30", 65 0, L_0x7bedf3de0;  1 drivers
v0x7bf187980_0 .net *"_ivl_302", 31 0, L_0x7bf1bcf00;  1 drivers
L_0x7be87c2b8 .functor BUFT 1, C4<0000000000000000000000000>, C4<0>, C4<0>, C4<0>;
v0x7bf187a20_0 .net *"_ivl_305", 24 0, L_0x7be87c2b8;  1 drivers
L_0x7be87c300 .functor BUFT 1, C4<00000000000000000000000000111110>, C4<0>, C4<0>, C4<0>;
v0x7bf187ac0_0 .net/2u *"_ivl_306", 31 0, L_0x7be87c300;  1 drivers
L_0x7be87c348 .functor BUFT 1, C4<00000>, C4<0>, C4<0>, C4<0>;
v0x7bf187b60_0 .net/2u *"_ivl_310", 4 0, L_0x7be87c348;  1 drivers
v0x7bf187c00_0 .net *"_ivl_312", 0 0, L_0x7bee50780;  1 drivers
L_0x7be87c390 .functor BUFT 1, C4<0000000>, C4<0>, C4<0>, C4<0>;
v0x7bf187ca0_0 .net/2u *"_ivl_316", 6 0, L_0x7be87c390;  1 drivers
v0x7bf187d40_0 .net *"_ivl_318", 0 0, L_0x7bee50820;  1 drivers
L_0x7be87b6a0 .functor BUFT 1, C4<000000000000000000000000000000000000000000000000000000000000000000>, C4<0>, C4<0>, C4<0>;
v0x7bf187de0_0 .net/2u *"_ivl_32", 65 0, L_0x7be87b6a0;  1 drivers
L_0x7be87c3d8 .functor BUFT 1, C4<0000000>, C4<0>, C4<0>, C4<0>;
v0x7bf187e80_0 .net/2u *"_ivl_322", 6 0, L_0x7be87c3d8;  1 drivers
v0x7bf187f20_0 .net *"_ivl_326", 31 0, L_0x7bf1bcfa0;  1 drivers
v0x7bf188000_0 .net *"_ivl_328", 7 0, L_0x7bf1bd040;  1 drivers
L_0x7be87c420 .functor BUFT 1, C4<00>, C4<0>, C4<0>, C4<0>;
v0x7bf1880a0_0 .net *"_ivl_331", 1 0, L_0x7be87c420;  1 drivers
L_0x7be87c468 .functor BUFT 1, C4<0000000>, C4<0>, C4<0>, C4<0>;
v0x7bf188140_0 .net/2u *"_ivl_334", 6 0, L_0x7be87c468;  1 drivers
v0x7bf1881e0_0 .net *"_ivl_34", 65 0, L_0x7bedf3e80;  1 drivers
L_0x7be87b6e8 .functor BUFT 1, C4<00000000000000000000000000100000>, C4<0>, C4<0>, C4<0>;
v0x7bf188280_0 .net/2u *"_ivl_38", 31 0, L_0x7be87b6e8;  1 drivers
L_0x7be87b4a8 .functor BUFT 1, C4<00000000000000000000000000100000>, C4<0>, C4<0>, C4<0>;
v0x7bf188320_0 .net/2u *"_ivl_4", 31 0, L_0x7be87b4a8;  1 drivers
v0x7bf1883c0_0 .net *"_ivl_44", 0 0, L_0x7bf1bbde0;  1 drivers
v0x7bf188460_0 .net *"_ivl_46", 2 0, L_0x7bf1bbe80;  1 drivers
L_0x7be87b730 .functor BUFT 1, C4<00>, C4<0>, C4<0>, C4<0>;
v0x7bf188500_0 .net *"_ivl_49", 1 0, L_0x7be87b730;  1 drivers
v0x7bf1885a0_0 .net *"_ivl_52", 0 0, L_0x7bee03d40;  1 drivers
v0x7bf188640_0 .net *"_ivl_55", 0 0, L_0x7bf40dc70;  1 drivers
v0x7bf1886e0_0 .net *"_ivl_58", 0 0, L_0x7bee03de0;  1 drivers
v0x7bf188780_0 .net *"_ivl_6", 0 0, L_0x7bee03ac0;  1 drivers
v0x7bf188820_0 .net *"_ivl_62", 7 0, L_0x7bf1bbf20;  1 drivers
v0x7bf1888c0_0 .net *"_ivl_64", 8 0, L_0x7bf1bc000;  1 drivers
L_0x7be87b778 .functor BUFT 1, C4<00000000>, C4<0>, C4<0>, C4<0>;
v0x7bf188960_0 .net *"_ivl_67", 7 0, L_0x7be87b778;  1 drivers
v0x7bf188a00_0 .net *"_ivl_68", 13 0, L_0x7bf1bc0a0;  1 drivers
L_0x7be87b7c0 .functor BUFT 1, C4<00000>, C4<0>, C4<0>, C4<0>;
v0x7bf188aa0_0 .net *"_ivl_71", 4 0, L_0x7be87b7c0;  1 drivers
L_0x7be87b808 .functor BUFT 1, C4<00000000100000>, C4<0>, C4<0>, C4<0>;
v0x7bf188b40_0 .net/2u *"_ivl_72", 13 0, L_0x7be87b808;  1 drivers
v0x7bf188be0_0 .net *"_ivl_75", 13 0, L_0x7bee03e80;  1 drivers
v0x7bf188c80_0 .net *"_ivl_76", 6 0, L_0x7bf1bc140;  1 drivers
L_0x7be87b850 .functor BUFT 1, C4<00>, C4<0>, C4<0>, C4<0>;
v0x7bf188d20_0 .net *"_ivl_79", 1 0, L_0x7be87b850;  1 drivers
v0x7bf188dc0_0 .net *"_ivl_8", 65 0, L_0x7bf1bbac0;  1 drivers
L_0x7be87b898 .functor BUFT 1, C4<0>, C4<0>, C4<0>, C4<0>;
v0x7bf188e60_0 .net *"_ivl_82", 0 0, L_0x7be87b898;  1 drivers
v0x7bf188f00_0 .net *"_ivl_83", 14 0, L_0x7bf1bc1e0;  1 drivers
L_0x7be87b8e0 .functor BUFT 1, C4<00000000>, C4<0>, C4<0>, C4<0>;
v0x7bf188fa0_0 .net *"_ivl_86", 7 0, L_0x7be87b8e0;  1 drivers
v0x7bf189040_0 .net *"_ivl_87", 14 0, L_0x7bf1bc280;  1 drivers
v0x7bf1890e0_0 .net *"_ivl_88", 14 0, L_0x7bf1bc320;  1 drivers
L_0x7be87b928 .functor BUFT 1, C4<00000>, C4<0>, C4<0>, C4<0>;
v0x7bf189180_0 .net/2u *"_ivl_92", 4 0, L_0x7be87b928;  1 drivers
v0x7bf189220_0 .net *"_ivl_94", 0 0, L_0x7bee03f20;  1 drivers
L_0x7be87b970 .functor BUFT 1, C4<00001>, C4<0>, C4<0>, C4<0>;
v0x7bf1892c0_0 .net/2u *"_ivl_96", 4 0, L_0x7be87b970;  1 drivers
v0x7bf189360_0 .net *"_ivl_98", 4 0, L_0x7bf1bc3c0;  1 drivers
v0x7bf189400_0 .net "addra_e", 2 0, L_0x7bed59c20;  1 drivers
v0x7bf1894a0_0 .net "addra_o", 2 0, L_0x7bee50140;  1 drivers
v0x7bf189540_0 .net "base_addr", 31 0, v0x7bf1a1d60_0;  alias, 1 drivers
v0x7bf1895e0_0 .var/i "bi", 31 0;
v0x7bf189680_0 .var "byte_d", 7 0;
v0x7bf189720_0 .var "byte_ptr", 4 0;
v0x7bf1897c0_0 .net "clk", 0 0, v0x7bf1afca0_0;  alias, 1 drivers
v0x7bf189860_0 .var "cnt_l", 4 0;
v0x7bf189900_0 .net "consume", 0 0, L_0x7bf40d960;  1 drivers
v0x7bf1899a0_0 .net "cur_byte", 7 0, L_0x7bec272c0;  1 drivers
v0x7bf189a40_0 .var "cur_sel", 0 0;
v0x7bf189ae0_0 .net "dout_e", 7 0, v0x7bf183520_0;  1 drivers
v0x7bf189b80_0 .net "dout_o", 7 0, v0x7bf183de0_0;  1 drivers
v0x7bf189c20_0 .net "drain", 0 0, L_0x7bf40d9d0;  1 drivers
v0x7bf189cc0_0 .var "ev_pos", 4 0;
v0x7bf189d60_0 .var "ev_score", 7 0;
v0x7bf189e00_0 .var "ev_vld", 0 0;
v0x7bf189ea0_0 .var "ev_x", 3 0;
v0x7bf189f40_0 .var "ev_y", 3 0;
v0x7bf189fe0_0 .net "fill_data", 255 0, L_0x7bf1b8960;  alias, 1 drivers
v0x7bf18a080_0 .net "fill_slot", 0 0, L_0x7bee53b60;  alias, 1 drivers
v0x7bf18a120_0 .net "fill_vld", 0 0, L_0x7bf40fbf0;  1 drivers
v0x7bf18a1c0_0 .var "first_fill", 0 0;
v0x7bf18a260_0 .net "grant", 0 0, L_0x7bee50aa0;  1 drivers
v0x7bf18a300_0 .var "hcnt", 6 0;
v0x7bf18a3a0_0 .net "hit_dout", 31 0, L_0x7bec27410;  alias, 1 drivers
v0x7bf18a440_0 .net "hit_empty", 0 0, L_0x7bee50960;  1 drivers
v0x7bf18a4e0 .array "hit_fifo", 63 0, 31 0;
v0x7bf18a580_0 .var "hit_ovf", 0 0;
v0x7bf18a620_0 .net "hit_pop", 0 0, L_0x7bee50be0;  1 drivers
v0x7bf18a6c0_0 .var "hit_rd", 5 0;
v0x7bf18a760_0 .net "hit_vld", 0 0, L_0x7bee508c0;  1 drivers
v0x7bf18a800_0 .var "hit_wr", 5 0;
v0x7bf18a8a0_0 .net "init", 0 0, L_0x7bf1c9110;  alias, 1 drivers
v0x7bf18a940_0 .var "j_local", 4 0;
v0x7bf18a9e0_0 .net "lane_done", 0 0, L_0x7bf40da40;  1 drivers
v0x7bf18aa80_0 .net "lane_max", 7 0, L_0x7bec27480;  alias, 1 drivers
v0x7bf18ab20_0 .var "max_r", 7 0;
v0x7bf18abc0_0 .net "need_req", 0 0, L_0x7bf40f950;  1 drivers
v0x7bf18ac60_0 .net "next_slot", 0 0, v0x7bf18ad00_0;  1 drivers
v0x7bf18ad00_0 .var "next_slot_r", 0 0;
v0x7bf18ada0_0 .var "qx", 3 0;
v0x7bf18ae40_0 .var "qy", 3 0;
v0x7bf18aee0 .array "rbuf", 63 0, 7 0;
v0x7bf18af80_0 .var "rd_addr", 31 0;
v0x7bf18b020_0 .net "req_addr", 31 0, L_0x7bec27330;  alias, 1 drivers
v0x7bf18b0c0_0 .net "rst_n", 0 0, v0x7bf1b5040_0;  alias, 1 drivers
v0x7bf18b160_0 .net "run_en", 0 0, L_0x7bee5d540;  alias, 1 drivers
v0x7bf18b200_0 .var "s_q", 4 0;
v0x7bf18b2a0_0 .net "scan_done", 0 0, L_0x7bf40faa0;  1 drivers
v0x7bf18b340_0 .var "scan_done_r", 0 0;
v0x7bf18b3e0_0 .net "scan_en", 0 0, L_0x7bee5d680;  alias, 1 drivers
v0x7bf18b480_0 .net "scan_stall", 0 0, L_0x7bec274f0;  1 drivers
v0x7bf18b520_0 .net "slot_ok", 0 0, L_0x7bec27250;  1 drivers
v0x7bf18b5c0_0 .var "start_addr", 31 0;
v0x7bf18b660_0 .net "thresh", 15 0, L_0x7bf1bd0e0;  1 drivers
v0x7bf18b700_0 .net "tp", 6 0, L_0x7bee50a00;  1 drivers
v0x7bf18b7a0 .array "valid", 1 0, 0 0;
v0x7bf18b840_0 .net "w_addr_r", 2 0, L_0x7bed83340;  1 drivers
v0x7bf18b8e0_0 .net "w_addr_w", 2 0, L_0x7bed808c0;  1 drivers
v0x7bf18b980_0 .net "w_base_lb", 31 0, L_0x7bf1bbd40;  1 drivers
v0x7bf18ba20_0 .net "w_cnt", 4 0, L_0x7bee03c00;  1 drivers
v0x7bf18bac0_0 .net "w_din_e", 7 0, L_0x7bee4c320;  1 drivers
v0x7bf18bb60_0 .net "w_din_o", 7 0, L_0x7bee4c3c0;  1 drivers
v0x7bf18bc00_0 .net "w_hit", 0 0, L_0x7bf40fa30;  1 drivers
v0x7bf18bca0_0 .net "w_pop_e", 0 0, L_0x7bf40fb10;  1 drivers
v0x7bf18bd40_0 .net "w_scan_stall", 0 0, L_0x7bee506e0;  1 drivers
v0x7bf18bde0_0 .net "w_score", 7 0, L_0x7bee4c460;  1 drivers
v0x7bf18be80_0 .net "w_skip", 4 0, L_0x7bee03ca0;  1 drivers
v0x7bf18bf20_0 .net "w_we_e", 0 0, L_0x7bf40d8f0;  1 drivers
v0x7bf18c000_0 .net "w_we_o", 0 0, L_0x7bf40f640;  1 drivers
v0x7bf18c0a0_0 .net "zero_addr", 2 0, v0x7bf1a7020_0;  alias, 1 drivers
v0x7bf18c140_0 .net "zero_en", 0 0, L_0x7bee5d5e0;  alias, 1 drivers
L_0x7bf1bba20 .concat [ 7 25 0 0], L_0x7bee50a00, L_0x7be87b460;
L_0x7bee03ac0 .cmp/gt 32, L_0x7bf1bba20, L_0x7be87b4a8;
L_0x7bf1bbac0 .concat [ 7 59 0 0], L_0x7bee50a00, L_0x7be87b4f0;
L_0x7bf1bbb60 .arith/sub 66, L_0x7bf1bbac0, L_0x7be87b538;
L_0x7bee03b60 .cmp/gt 66, L_0x7bf1bbb60, L_0x7be87b580;
L_0x7bf1bbc00 .concat [ 7 59 0 0], L_0x7bee50a00, L_0x7be87b610;
L_0x7bf1bbca0 .arith/sub 66, L_0x7bf1bbc00, L_0x7be87b658;
L_0x7bedf3de0 .functor MUXZ 66, L_0x7bf1bbca0, L_0x7be87b5c8, L_0x7bee03b60, C4<>;
L_0x7bedf3e80 .functor MUXZ 66, L_0x7be87b6a0, L_0x7bedf3de0, L_0x7bee03ac0, C4<>;
L_0x7bee03c00 .part L_0x7bedf3e80, 0, 5;
L_0x7bf1bbd40 .arith/sum 32, v0x7bf1a1d60_0, L_0x7be87b6e8;
L_0x7bee03ca0 .part L_0x7bf1bbd40, 0, 5;
L_0x7bf1bbde0 .array/port v0x7bf18b7a0, L_0x7bf1bbe80;
L_0x7bf1bbe80 .concat [ 1 2 0 0], v0x7bf189a40_0, L_0x7be87b730;
L_0x7bee03d40 .cmp/gt 5, v0x7bf189860_0, v0x7bf18a940_0;
L_0x7bee03de0 .cmp/eq 5, v0x7bf18a940_0, v0x7bf189860_0;
L_0x7bf1bbf20 .array/port v0x7bf18aee0, L_0x7bf1bc320;
L_0x7bf1bc000 .concat [ 1 8 0 0], v0x7bf189a40_0, L_0x7be87b778;
L_0x7bf1bc0a0 .concat [ 9 5 0 0], L_0x7bf1bc000, L_0x7be87b7c0;
L_0x7bee03e80 .arith/mult 14, L_0x7bf1bc0a0, L_0x7be87b808;
L_0x7bf1bc140 .concat [ 5 2 0 0], v0x7bf189720_0, L_0x7be87b850;
L_0x7bf1bc1e0 .concat [ 14 1 0 0], L_0x7bee03e80, L_0x7be87b898;
L_0x7bf1bc280 .concat [ 7 8 0 0], L_0x7bf1bc140, L_0x7be87b8e0;
L_0x7bf1bc320 .arith/sum 15, L_0x7bf1bc1e0, L_0x7bf1bc280;
L_0x7bee03f20 .cmp/eq 5, v0x7bf189860_0, L_0x7be87b928;
L_0x7bf1bc3c0 .arith/sum 5, v0x7bf189860_0, L_0x7be87b970;
L_0x7bedb9e00 .cmp/eq 5, v0x7bf18a940_0, L_0x7bf1bc3c0;
L_0x7bedb9c20 .part v0x7bf18a940_0, 1, 4;
L_0x7bf1bc460 .concat [ 4 1 0 0], L_0x7bedb9c20, L_0x7be87b9b8;
L_0x7bed83340 .part L_0x7bf1bc460, 0, 3;
L_0x7bf1bc500 .arith/sub 5, v0x7bf18a940_0, L_0x7be87ba00;
L_0x7bed83160 .part L_0x7bf1bc500, 1, 4;
L_0x7bf1bc5a0 .concat [ 4 1 0 0], L_0x7bed83160, L_0x7be87ba48;
L_0x7bed808c0 .part L_0x7bf1bc5a0, 0, 3;
L_0x7bf1bc640 .concat [ 3 1 0 0], v0x7bf1a7020_0, L_0x7be87ba90;
L_0x7bed806e0 .part v0x7bf18b200_0, 1, 4;
L_0x7bed59e00 .part v0x7bf18a940_0, 0, 1;
L_0x7bf1bc6e0 .concat [ 3 1 0 0], L_0x7bed808c0, L_0x7be87bad8;
L_0x7bf1bc780 .concat [ 3 1 0 0], L_0x7bed83340, L_0x7be87bb20;
L_0x7bedf3f20 .functor MUXZ 4, L_0x7bf1bc780, L_0x7bf1bc6e0, L_0x7bed59e00, C4<>;
L_0x7bee4c000 .functor MUXZ 4, L_0x7bedf3f20, L_0x7bed806e0, L_0x7bee5d680, C4<>;
L_0x7bee4c0a0 .functor MUXZ 4, L_0x7bee4c000, L_0x7bf1bc640, L_0x7bee5d5e0, C4<>;
L_0x7bed59c20 .part L_0x7bee4c0a0, 0, 3;
L_0x7bf1bc820 .concat [ 3 1 0 0], v0x7bf1a7020_0, L_0x7be87bb68;
L_0x7bee50000 .part v0x7bf18b200_0, 1, 4;
L_0x7bee500a0 .part v0x7bf18a940_0, 0, 1;
L_0x7bf1bc8c0 .concat [ 3 1 0 0], L_0x7bed83340, L_0x7be87bbb0;
L_0x7bf1bc960 .concat [ 3 1 0 0], L_0x7bed808c0, L_0x7be87bbf8;
L_0x7bee4c140 .functor MUXZ 4, L_0x7bf1bc960, L_0x7bf1bc8c0, L_0x7bee500a0, C4<>;
L_0x7bee4c1e0 .functor MUXZ 4, L_0x7bee4c140, L_0x7bee50000, L_0x7bee5d680, C4<>;
L_0x7bee4c280 .functor MUXZ 4, L_0x7bee4c1e0, L_0x7bf1bc820, L_0x7bee5d5e0, C4<>;
L_0x7bee50140 .part L_0x7bee4c280, 0, 3;
L_0x7bee501e0 .part v0x7bf18a940_0, 0, 1;
L_0x7bee50280 .part v0x7bf18a940_0, 0, 1;
L_0x7bee50320 .cmp/gt 5, v0x7bf18a940_0, L_0x7be87bcd0;
L_0x7bf1bca00 .arith/sum 8, v0x7bf183520_0, v0x7bf189680_0;
L_0x7bee4c320 .functor MUXZ 8, L_0x7bf1bca00, L_0x7be87bd18, L_0x7bee5d5e0, C4<>;
L_0x7bf1bcaa0 .arith/sum 8, v0x7bf183de0_0, v0x7bf189680_0;
L_0x7bee4c3c0 .functor MUXZ 8, L_0x7bf1bcaa0, L_0x7be87bd60, L_0x7bee5d5e0, C4<>;
L_0x7bf1bcb40 .concat [ 3 8 0 0], L_0x7bed59c20, L_0x7be87be38;
L_0x7bf1bcc80 .concat [ 3 8 0 0], L_0x7bee50140, L_0x7be87bfe8;
L_0x7bee503c0 .cmp/ne 5, v0x7bf189860_0, L_0x7be87c108;
L_0x7bf1bcbe0 .arith/sub 32, v0x7bf18af80_0, v0x7bf18b5c0_0;
L_0x7bf1bcd20 .concat [ 5 27 0 0], v0x7bf189860_0, L_0x7be87c1e0;
L_0x7bf1bcdc0 .arith/sum 32, L_0x7bf1bcd20, L_0x7be87c228;
L_0x7bee50460 .cmp/gt 32, L_0x7bf1bcdc0, L_0x7bf1bcbe0;
L_0x7bee50500 .part v0x7bf189cc0_0, 0, 1;
L_0x7bee4c460 .functor MUXZ 8, v0x7bf183520_0, v0x7bf183de0_0, L_0x7bee50500, C4<>;
L_0x7bee505a0 .cmp/gt 5, v0x7bf189860_0, v0x7bf189cc0_0;
L_0x7bf1bce60 .concat [ 8 8 0 0], L_0x7bee4c460, L_0x7be87c270;
L_0x7bee50640 .cmp/gt 16, L_0x7bf1bce60, L_0x7bf1bd0e0;
L_0x7bf1bcf00 .concat [ 7 25 0 0], v0x7bf18a300_0, L_0x7be87c2b8;
L_0x7bee506e0 .cmp/ge 32, L_0x7bf1bcf00, L_0x7be87c300;
L_0x7bee50780 .cmp/eq 5, v0x7bf189860_0, L_0x7be87c348;
L_0x7bee50820 .cmp/ne 7, v0x7bf18a300_0, L_0x7be87c390;
L_0x7bee508c0 .cmp/ne 7, v0x7bf18a300_0, L_0x7be87c3d8;
L_0x7bf1bcfa0 .array/port v0x7bf18a4e0, L_0x7bf1bd040;
L_0x7bf1bd040 .concat [ 6 2 0 0], v0x7bf18a6c0_0, L_0x7be87c420;
L_0x7bee50960 .cmp/eq 7, v0x7bf18a300_0, L_0x7be87c468;
S_0x7bee31e00 .scope module, "u_bank_e" "xpm_memory_spram" 5 217, 6 19 0, S_0x7bee31c80;
 .timescale -9 -12;
    .port_info 0 /INPUT 1 "clka";
    .port_info 1 /INPUT 1 "rsta";
    .port_info 2 /INPUT 1 "ena";
    .port_info 3 /INPUT 1 "regcea";
    .port_info 4 /INPUT 1 "wea";
    .port_info 5 /INPUT 11 "addra";
    .port_info 6 /INPUT 8 "dina";
    .port_info 7 /OUTPUT 8 "douta";
    .port_info 8 /INPUT 1 "injectsbiterra";
    .port_info 9 /INPUT 1 "injectdbiterra";
    .port_info 10 /INPUT 1 "sleep";
P_0x7bf089180 .param/l "DEPTH" 1 6 41, +C4<0000000000000000000000000000000000000000000000000000000000000001000>;
P_0x7bf0891c0 .param/str "MEMORY_PRIMITIVE" 0 6 21, "block";
P_0x7bf089200 .param/l "MEMORY_SIZE" 0 6 20, +C4<0000000000000000000000000000000000000000000000000000000000001000000>;
P_0x7bf089240 .param/l "READ_DATA_WIDTH_A" 0 6 23, +C4<00000000000000000000000000001000>;
P_0x7bf089280 .param/l "READ_LATENCY_A" 0 6 24, +C4<00000000000000000000000000000001>;
P_0x7bf0892c0 .param/str "READ_RESET_VALUE_A" 0 6 26, "0";
P_0x7bf089300 .param/l "SIM_ASSERT_CHK" 0 6 27, +C4<00000000000000000000000000000000>;
P_0x7bf089340 .param/l "WRITE_DATA_WIDTH_A" 0 6 22, +C4<00000000000000000000000000001000>;
P_0x7bf089380 .param/str "WRITE_MODE_A" 0 6 25, "read_first";
v0x7bf183340_0 .net "addra", 10 0, L_0x7bf1bcb40;  1 drivers
v0x7bf1833e0_0 .net "clka", 0 0, v0x7bf1afca0_0;  alias, 1 drivers
v0x7bf183480_0 .net "dina", 7 0, L_0x7bee4c320;  alias, 1 drivers
v0x7bf183520_0 .var "dout_q", 7 0;
v0x7bf1835c0_0 .net "douta", 7 0, v0x7bf183520_0;  alias, 1 drivers
L_0x7be87bda8 .functor BUFT 1, C4<1>, C4<0>, C4<0>, C4<0>;
v0x7bf183660_0 .net "ena", 0 0, L_0x7be87bda8;  1 drivers
v0x7bf183700_0 .var/i "i", 31 0;
L_0x7be87bec8 .functor BUFT 1, C4<0>, C4<0>, C4<0>, C4<0>;
v0x7bf1837a0_0 .net "injectdbiterra", 0 0, L_0x7be87bec8;  1 drivers
L_0x7be87be80 .functor BUFT 1, C4<0>, C4<0>, C4<0>, C4<0>;
v0x7bf183840_0 .net "injectsbiterra", 0 0, L_0x7be87be80;  1 drivers
v0x7bf1838e0 .array "mem", 7 0, 7 0;
L_0x7be87bdf0 .functor BUFT 1, C4<1>, C4<0>, C4<0>, C4<0>;
v0x7bf183980_0 .net "regcea", 0 0, L_0x7be87bdf0;  1 drivers
v0x7bf183a20_0 .net "rsta", 0 0, L_0x7bf40f560;  1 drivers
L_0x7be87bf10 .functor BUFT 1, C4<0>, C4<0>, C4<0>, C4<0>;
v0x7bf183ac0_0 .net "sleep", 0 0, L_0x7be87bf10;  1 drivers
v0x7bf183b60_0 .net "wea", 0 0, L_0x7bf40d8f0;  alias, 1 drivers
S_0x7bee31f80 .scope module, "u_bank_o" "xpm_memory_spram" 5 227, 6 19 0, S_0x7bee31c80;
 .timescale -9 -12;
    .port_info 0 /INPUT 1 "clka";
    .port_info 1 /INPUT 1 "rsta";
    .port_info 2 /INPUT 1 "ena";
    .port_info 3 /INPUT 1 "regcea";
    .port_info 4 /INPUT 1 "wea";
    .port_info 5 /INPUT 11 "addra";
    .port_info 6 /INPUT 8 "dina";
    .port_info 7 /OUTPUT 8 "douta";
    .port_info 8 /INPUT 1 "injectsbiterra";
    .port_info 9 /INPUT 1 "injectdbiterra";
    .port_info 10 /INPUT 1 "sleep";
P_0x7bf089400 .param/l "DEPTH" 1 6 41, +C4<0000000000000000000000000000000000000000000000000000000000000001000>;
P_0x7bf089440 .param/str "MEMORY_PRIMITIVE" 0 6 21, "block";
P_0x7bf089480 .param/l "MEMORY_SIZE" 0 6 20, +C4<0000000000000000000000000000000000000000000000000000000000001000000>;
P_0x7bf0894c0 .param/l "READ_DATA_WIDTH_A" 0 6 23, +C4<00000000000000000000000000001000>;
P_0x7bf089500 .param/l "READ_LATENCY_A" 0 6 24, +C4<00000000000000000000000000000001>;
P_0x7bf089540 .param/str "READ_RESET_VALUE_A" 0 6 26, "0";
P_0x7bf089580 .param/l "SIM_ASSERT_CHK" 0 6 27, +C4<00000000000000000000000000000000>;
P_0x7bf0895c0 .param/l "WRITE_DATA_WIDTH_A" 0 6 22, +C4<00000000000000000000000000001000>;
P_0x7bf089600 .param/str "WRITE_MODE_A" 0 6 25, "read_first";
v0x7bf183c00_0 .net "addra", 10 0, L_0x7bf1bcc80;  1 drivers
v0x7bf183ca0_0 .net "clka", 0 0, v0x7bf1afca0_0;  alias, 1 drivers
v0x7bf183d40_0 .net "dina", 7 0, L_0x7bee4c3c0;  alias, 1 drivers
v0x7bf183de0_0 .var "dout_q", 7 0;
v0x7bf183e80_0 .net "douta", 7 0, v0x7bf183de0_0;  alias, 1 drivers
L_0x7be87bf58 .functor BUFT 1, C4<1>, C4<0>, C4<0>, C4<0>;
v0x7bf183f20_0 .net "ena", 0 0, L_0x7be87bf58;  1 drivers
v0x7bf184000_0 .var/i "i", 31 0;
L_0x7be87c078 .functor BUFT 1, C4<0>, C4<0>, C4<0>, C4<0>;
v0x7bf1840a0_0 .net "injectdbiterra", 0 0, L_0x7be87c078;  1 drivers
L_0x7be87c030 .functor BUFT 1, C4<0>, C4<0>, C4<0>, C4<0>;
v0x7bf184140_0 .net "injectsbiterra", 0 0, L_0x7be87c030;  1 drivers
v0x7bf1841e0 .array "mem", 7 0, 7 0;
L_0x7be87bfa0 .functor BUFT 1, C4<1>, C4<0>, C4<0>, C4<0>;
v0x7bf184280_0 .net "regcea", 0 0, L_0x7be87bfa0;  1 drivers
v0x7bf184320_0 .net "rsta", 0 0, L_0x7bf40f6b0;  1 drivers
L_0x7be87c0c0 .functor BUFT 1, C4<0>, C4<0>, C4<0>, C4<0>;
v0x7bf1843c0_0 .net "sleep", 0 0, L_0x7be87c0c0;  1 drivers
v0x7bf184460_0 .net "wea", 0 0, L_0x7bf40f640;  alias, 1 drivers
S_0x7bee32100 .scope generate, "gen_lane[3]" "gen_lane[3]" 4 317, 4 317 0, S_0x10309c060;
 .timescale -9 -12;
P_0x7bedfce80 .param/l "g" 1 4 317, +C4<011>;
L_0x7bf1c8700 .functor AND 1, L_0x7bec27870, L_0x7bee521c0, C4<1>, C4<1>;
L_0x7bf1c8770 .functor AND 1, L_0x7bf1c8700, L_0x7bee5d540, C4<1>, C4<1>;
L_0x7be87d590 .functor BUFT 1, C4<0000000>, C4<0>, C4<0>, C4<0>;
v0x7bf1992c0_0 .net/2u *"_ivl_1", 6 0, L_0x7be87d590;  1 drivers
v0x7bf199360_0 .net *"_ivl_12", 0 0, L_0x7bf1c8700;  1 drivers
L_0x7be87d5d8 .functor BUFT 1, C4<011>, C4<0>, C4<0>, C4<0>;
v0x7bf199400_0 .net/2u *"_ivl_7", 2 0, L_0x7be87d5d8;  1 drivers
v0x7bf1994a0_0 .net *"_ivl_9", 0 0, L_0x7bee521c0;  1 drivers
L_0x7bf1be800 .concat [ 9 7 0 0], v0x7bf1a4820_0, L_0x7be87d590;
L_0x7bee521c0 .cmp/eq 3, L_0x7bee53ac0, L_0x7be87d5d8;
S_0x7bee32280 .scope module, "u_lane" "sbm_accum_lane" 4 324, 5 32 0, S_0x7bee32100;
 .timescale -9 -12;
    .port_info 0 /INPUT 1 "clk";
    .port_info 1 /INPUT 1 "rst_n";
    .port_info 2 /INPUT 1 "init";
    .port_info 3 /INPUT 32 "base_addr";
    .port_info 4 /INPUT 7 "tp";
    .port_info 5 /INPUT 16 "thresh";
    .port_info 6 /INPUT 1 "zero_en";
    .port_info 7 /INPUT 3 "zero_addr";
    .port_info 8 /INPUT 1 "run_en";
    .port_info 9 /OUTPUT 1 "lane_done";
    .port_info 10 /OUTPUT 1 "need_req";
    .port_info 11 /OUTPUT 32 "req_addr";
    .port_info 12 /OUTPUT 1 "next_slot";
    .port_info 13 /INPUT 1 "grant";
    .port_info 14 /INPUT 1 "fill_slot";
    .port_info 15 /INPUT 1 "fill_vld";
    .port_info 16 /INPUT 256 "fill_data";
    .port_info 17 /INPUT 1 "scan_en";
    .port_info 18 /OUTPUT 1 "hit_vld";
    .port_info 19 /OUTPUT 32 "hit_dout";
    .port_info 20 /INPUT 1 "hit_pop";
    .port_info 21 /OUTPUT 1 "hit_empty";
    .port_info 22 /OUTPUT 8 "lane_max";
    .port_info 23 /OUTPUT 1 "scan_stall";
    .port_info 24 /OUTPUT 1 "scan_done";
P_0x1030a6c40 .param/l "AW" 0 5 43, +C4<00000000000000000000000000000011>;
P_0x1030a6c80 .param/l "BANK_DEPTH" 0 5 34, +C4<00000000000000000000000000000001000>;
P_0x1030a6cc0 .param/l "CHUNK" 0 5 33, +C4<000000000000000000000000000000000000000000000000000000000000010000>;
P_0x1030a6d00 .param/l "CW" 0 5 45, +C4<00000000000000000000000000000100>;
P_0x1030a6d40 .param/l "HC" 0 5 36, +C4<00000000000000000000000000001000>;
P_0x1030a6d80 .param/l "HFCW" 0 5 48, +C4<00000000000000000000000000000111>;
P_0x1030a6dc0 .param/l "HFW" 0 5 47, +C4<00000000000000000000000000000110>;
P_0x1030a6e00 .param/l "HIT_FIFO_DEPTH" 0 5 38, +C4<00000000000000000000000001000000>;
P_0x1030a6e40 .param/l "LB" 0 5 39, +C4<00000000000000000000000000110000>;
P_0x1030a6e80 .param/l "PW" 0 5 44, +C4<00000000000000000000000000000101>;
P_0x1030a6ec0 .param/l "TPW" 0 5 37, +C4<00000000000000000000000000000111>;
P_0x1030a6f00 .param/l "WC" 0 5 35, +C4<00000000000000000000000000001000>;
P_0x1030a6f40 .param/l "X0" 0 5 40, +C4<00000000000000000000000000000000>;
P_0x1030a6f80 .param/l "Y0" 0 5 41, +C4<00000000000000000000000000000110>;
P_0x1030a6fc0 .param/l "YW" 0 5 46, +C4<00000000000000000000000000000100>;
L_0x7bec27560 .functor BUFZ 1, L_0x7bf1bd540, C4<0>, C4<0>, C4<0>;
L_0x7bf40fc60 .functor AND 1, L_0x7bee5d540, L_0x7bee50f00, C4<1>, C4<1>;
L_0x7bf40fcd0 .functor AND 1, L_0x7bf40fc60, L_0x7bec27560, C4<1>, C4<1>;
L_0x7bf40fd40 .functor AND 1, L_0x7bee5d540, L_0x7bee50fa0, C4<1>, C4<1>;
L_0x7bec275d0 .functor BUFZ 8, L_0x7bf1bd680, C4<00000000>, C4<00000000>, C4<00000000>;
L_0x7bf40fdb0 .functor OR 1, L_0x7bee510e0, L_0x7bee51180, C4<0>, C4<0>;
L_0x7bf40fe20 .functor OR 1, L_0x7bf40fcd0, L_0x7bf40fd40, C4<0>, C4<0>;
L_0x7be87cd20 .functor BUFT 1, C4<1>, C4<0>, C4<0>, C4<0>;
L_0x7bf40fe90 .functor XNOR 1, L_0x7bee51860, L_0x7be87cd20, C4<0>, C4<0>;
L_0x7bf40ff00 .functor AND 1, L_0x7bf40fe20, L_0x7bf40fe90, C4<1>, C4<1>;
L_0x7bf40ff70 .functor OR 1, L_0x7bee5d5e0, L_0x7bf40ff00, C4<0>, C4<0>;
L_0x7bf1c4000 .functor OR 1, L_0x7bf40fcd0, L_0x7bf40fd40, C4<0>, C4<0>;
L_0x7be87cd68 .functor BUFT 1, C4<0>, C4<0>, C4<0>, C4<0>;
L_0x7bf1c8000 .functor XNOR 1, L_0x7bee51900, L_0x7be87cd68, C4<0>, C4<0>;
L_0x7bf1c8070 .functor AND 1, L_0x7bf1c4000, L_0x7bf1c8000, C4<1>, C4<1>;
L_0x7bf1c8150 .functor AND 1, L_0x7bf1c8070, L_0x7bee519a0, C4<1>, C4<1>;
L_0x7bf1c81c0 .functor OR 1, L_0x7bee5d5e0, L_0x7bf1c8150, C4<0>, C4<0>;
L_0x7bf1c80e0 .functor NOT 1, v0x7bf1b5040_0, C4<0>, C4<0>, C4<0>;
L_0x7bf1c8230 .functor NOT 1, v0x7bf1b5040_0, C4<0>, C4<0>, C4<0>;
L_0x7bf1c82a0 .functor AND 1, L_0x7bee5d540, L_0x7bee51a40, C4<1>, C4<1>;
v0x7bf1988c0_0 .array/port v0x7bf1988c0, 0;
L_0x7be87d230 .functor BUFT 1, C4<0>, C4<0>, C4<0>, C4<0>;
L_0x7bf1c8310 .functor XNOR 1, v0x7bf1988c0_0, L_0x7be87d230, C4<0>, C4<0>;
v0x7bf1988c0_1 .array/port v0x7bf1988c0, 1;
L_0x7be87d278 .functor BUFT 1, C4<0>, C4<0>, C4<0>, C4<0>;
L_0x7bf1c8380 .functor XNOR 1, v0x7bf1988c0_1, L_0x7be87d278, C4<0>, C4<0>;
L_0x7bf1c83f0 .functor OR 1, L_0x7bf1c8310, L_0x7bf1c8380, C4<0>, C4<0>;
L_0x7bf1c8460 .functor AND 1, L_0x7bf1c82a0, L_0x7bf1c83f0, C4<1>, C4<1>;
L_0x7bf1c84d0 .functor AND 1, L_0x7bf1c8460, L_0x7bee51ae0, C4<1>, C4<1>;
L_0x7bec27640 .functor BUFZ 32, v0x7bf1980a0_0, C4<00000000000000000000000000000000>, C4<00000000000000000000000000000000>, C4<00000000000000000000000000000000>;
L_0x7bf1c8540 .functor AND 1, v0x7bf192ee0_0, L_0x7bee51c20, C4<1>, C4<1>;
L_0x7bf1c85b0 .functor AND 1, L_0x7bf1c8540, L_0x7bee51cc0, C4<1>, C4<1>;
L_0x7bf1c8620 .functor OR 1, L_0x7bee51e00, v0x7bf198460_0, C4<0>, C4<0>;
L_0x7bf1c8690 .functor AND 1, L_0x7bee52260, L_0x7bee51ea0, C4<1>, C4<1>;
L_0x7bec27720 .functor BUFZ 32, L_0x7bf1be6c0, C4<00000000000000000000000000000000>, C4<00000000000000000000000000000000>, C4<00000000000000000000000000000000>;
L_0x7bec27790 .functor BUFZ 8, v0x7bf193c00_0, C4<00000000>, C4<00000000>, C4<00000000>;
L_0x7bec27800 .functor BUFZ 1, L_0x7bee51d60, C4<0>, C4<0>, C4<0>;
v0x7bf18d5e0_0 .net *"_ivl_0", 31 0, L_0x7bf1bd180;  1 drivers
v0x7bf18d680_0 .net *"_ivl_100", 0 0, L_0x7bee51180;  1 drivers
v0x7bf18d720_0 .net *"_ivl_104", 4 0, L_0x7bf1bdb80;  1 drivers
v0x7bf18d7c0_0 .net *"_ivl_106", 3 0, L_0x7bee51220;  1 drivers
L_0x7be87ca98 .functor BUFT 1, C4<0>, C4<0>, C4<0>, C4<0>;
v0x7bf18d860_0 .net *"_ivl_108", 0 0, L_0x7be87ca98;  1 drivers
L_0x7be87c5d0 .functor BUFT 1, C4<00000000000000000000000000000000000000000000000000000000000>, C4<0>, C4<0>, C4<0>;
v0x7bf18d900_0 .net *"_ivl_11", 58 0, L_0x7be87c5d0;  1 drivers
L_0x7be87cae0 .functor BUFT 1, C4<00001>, C4<0>, C4<0>, C4<0>;
v0x7bf18d9a0_0 .net/2u *"_ivl_112", 4 0, L_0x7be87cae0;  1 drivers
v0x7bf18da40_0 .net *"_ivl_114", 4 0, L_0x7bf1bdc20;  1 drivers
v0x7bf18dae0_0 .net *"_ivl_116", 4 0, L_0x7bf1bdcc0;  1 drivers
v0x7bf18db80_0 .net *"_ivl_118", 3 0, L_0x7bee51360;  1 drivers
L_0x7be87c618 .functor BUFT 1, C4<000000000000000000000000000000000000000000000000000000000000110000>, C4<0>, C4<0>, C4<0>;
v0x7bf18dc20_0 .net/2u *"_ivl_12", 65 0, L_0x7be87c618;  1 drivers
L_0x7be87cb28 .functor BUFT 1, C4<0>, C4<0>, C4<0>, C4<0>;
v0x7bf18dcc0_0 .net *"_ivl_120", 0 0, L_0x7be87cb28;  1 drivers
v0x7bf18dd60_0 .net *"_ivl_124", 3 0, L_0x7bf1bdd60;  1 drivers
L_0x7be87cb70 .functor BUFT 1, C4<0>, C4<0>, C4<0>, C4<0>;
v0x7bf18de00_0 .net *"_ivl_127", 0 0, L_0x7be87cb70;  1 drivers
v0x7bf18dea0_0 .net *"_ivl_129", 3 0, L_0x7bee514a0;  1 drivers
v0x7bf18df40_0 .net *"_ivl_131", 0 0, L_0x7bee51540;  1 drivers
v0x7bf18dfe0_0 .net *"_ivl_132", 3 0, L_0x7bf1bde00;  1 drivers
L_0x7be87cbb8 .functor BUFT 1, C4<0>, C4<0>, C4<0>, C4<0>;
v0x7bf18e080_0 .net *"_ivl_135", 0 0, L_0x7be87cbb8;  1 drivers
v0x7bf18e120_0 .net *"_ivl_136", 3 0, L_0x7bf1bdea0;  1 drivers
L_0x7be87cc00 .functor BUFT 1, C4<0>, C4<0>, C4<0>, C4<0>;
v0x7bf18e1c0_0 .net *"_ivl_139", 0 0, L_0x7be87cc00;  1 drivers
v0x7bf18e260_0 .net *"_ivl_14", 65 0, L_0x7bf1bd2c0;  1 drivers
v0x7bf18e300_0 .net *"_ivl_140", 3 0, L_0x7bee4c640;  1 drivers
v0x7bf18e3a0_0 .net *"_ivl_142", 3 0, L_0x7bee4c6e0;  1 drivers
v0x7bf18e440_0 .net *"_ivl_144", 3 0, L_0x7bee4c780;  1 drivers
v0x7bf18e4e0_0 .net *"_ivl_148", 3 0, L_0x7bf1bdf40;  1 drivers
L_0x7be87cc48 .functor BUFT 1, C4<0>, C4<0>, C4<0>, C4<0>;
v0x7bf18e580_0 .net *"_ivl_151", 0 0, L_0x7be87cc48;  1 drivers
v0x7bf18e620_0 .net *"_ivl_153", 3 0, L_0x7bee51680;  1 drivers
v0x7bf18e6c0_0 .net *"_ivl_155", 0 0, L_0x7bee51720;  1 drivers
v0x7bf18e760_0 .net *"_ivl_156", 3 0, L_0x7bf1bdfe0;  1 drivers
L_0x7be87cc90 .functor BUFT 1, C4<0>, C4<0>, C4<0>, C4<0>;
v0x7bf18e800_0 .net *"_ivl_159", 0 0, L_0x7be87cc90;  1 drivers
L_0x7be87c660 .functor BUFT 1, C4<000000000000000000000000000000000000000000000000000000000000010000>, C4<0>, C4<0>, C4<0>;
v0x7bf18e8a0_0 .net/2u *"_ivl_16", 65 0, L_0x7be87c660;  1 drivers
v0x7bf18e940_0 .net *"_ivl_160", 3 0, L_0x7bf1be080;  1 drivers
L_0x7be87ccd8 .functor BUFT 1, C4<0>, C4<0>, C4<0>, C4<0>;
v0x7bf18e9e0_0 .net *"_ivl_163", 0 0, L_0x7be87ccd8;  1 drivers
v0x7bf18ea80_0 .net *"_ivl_164", 3 0, L_0x7bee4c820;  1 drivers
v0x7bf18eb20_0 .net *"_ivl_166", 3 0, L_0x7bee4c8c0;  1 drivers
v0x7bf18ebc0_0 .net *"_ivl_168", 3 0, L_0x7bee4c960;  1 drivers
v0x7bf18ec60_0 .net *"_ivl_173", 0 0, L_0x7bf40fe20;  1 drivers
v0x7bf18ed00_0 .net *"_ivl_175", 0 0, L_0x7bee51860;  1 drivers
v0x7bf18eda0_0 .net/2u *"_ivl_176", 0 0, L_0x7be87cd20;  1 drivers
v0x7bf18ee40_0 .net *"_ivl_178", 0 0, L_0x7bf40fe90;  1 drivers
v0x7bf18eee0_0 .net *"_ivl_18", 0 0, L_0x7bee50d20;  1 drivers
v0x7bf18ef80_0 .net *"_ivl_181", 0 0, L_0x7bf40ff00;  1 drivers
v0x7bf18f020_0 .net *"_ivl_185", 0 0, L_0x7bf1c4000;  1 drivers
v0x7bf18f0c0_0 .net *"_ivl_187", 0 0, L_0x7bee51900;  1 drivers
v0x7bf18f160_0 .net/2u *"_ivl_188", 0 0, L_0x7be87cd68;  1 drivers
v0x7bf18f200_0 .net *"_ivl_190", 0 0, L_0x7bf1c8000;  1 drivers
v0x7bf18f2a0_0 .net *"_ivl_193", 0 0, L_0x7bf1c8070;  1 drivers
L_0x7be87cdb0 .functor BUFT 1, C4<00000>, C4<0>, C4<0>, C4<0>;
v0x7bf18f340_0 .net/2u *"_ivl_194", 4 0, L_0x7be87cdb0;  1 drivers
v0x7bf18f3e0_0 .net *"_ivl_196", 0 0, L_0x7bee519a0;  1 drivers
v0x7bf18f480_0 .net *"_ivl_199", 0 0, L_0x7bf1c8150;  1 drivers
L_0x7be87c6a8 .functor BUFT 1, C4<000000000000000000000000000000000000000000000000000000000000010000>, C4<0>, C4<0>, C4<0>;
v0x7bf18f520_0 .net/2u *"_ivl_20", 65 0, L_0x7be87c6a8;  1 drivers
L_0x7be87cdf8 .functor BUFT 1, C4<00000000>, C4<0>, C4<0>, C4<0>;
v0x7bf18f5c0_0 .net/2u *"_ivl_202", 7 0, L_0x7be87cdf8;  1 drivers
v0x7bf18f660_0 .net *"_ivl_204", 7 0, L_0x7bf1be120;  1 drivers
L_0x7be87ce40 .functor BUFT 1, C4<00000000>, C4<0>, C4<0>, C4<0>;
v0x7bf18f700_0 .net/2u *"_ivl_208", 7 0, L_0x7be87ce40;  1 drivers
v0x7bf18f7a0_0 .net *"_ivl_210", 7 0, L_0x7bf1be1c0;  1 drivers
v0x7bf18f840_0 .net *"_ivl_22", 65 0, L_0x7bf1bd360;  1 drivers
L_0x7be87cf18 .functor BUFT 1, C4<00000000>, C4<0>, C4<0>, C4<0>;
v0x7bf18f8e0_0 .net *"_ivl_223", 7 0, L_0x7be87cf18;  1 drivers
L_0x7be87d0c8 .functor BUFT 1, C4<00000000>, C4<0>, C4<0>, C4<0>;
v0x7bf18f980_0 .net *"_ivl_240", 7 0, L_0x7be87d0c8;  1 drivers
L_0x7be87d1e8 .functor BUFT 1, C4<00000>, C4<0>, C4<0>, C4<0>;
v0x7bf18fa20_0 .net/2u *"_ivl_248", 4 0, L_0x7be87d1e8;  1 drivers
L_0x7be87c6f0 .functor BUFT 1, C4<00000000000000000000000000000000000000000000000000000000000>, C4<0>, C4<0>, C4<0>;
v0x7bf18fac0_0 .net *"_ivl_25", 58 0, L_0x7be87c6f0;  1 drivers
v0x7bf18fb60_0 .net *"_ivl_250", 0 0, L_0x7bee51a40;  1 drivers
v0x7bf18fc00_0 .net *"_ivl_253", 0 0, L_0x7bf1c82a0;  1 drivers
v0x7bf18fca0_0 .net/2u *"_ivl_255", 0 0, L_0x7be87d230;  1 drivers
v0x7bf18fd40_0 .net *"_ivl_257", 0 0, L_0x7bf1c8310;  1 drivers
L_0x7be87c738 .functor BUFT 1, C4<000000000000000000000000000000000000000000000000000000000000110000>, C4<0>, C4<0>, C4<0>;
v0x7bf18fde0_0 .net/2u *"_ivl_26", 65 0, L_0x7be87c738;  1 drivers
v0x7bf18fe80_0 .net/2u *"_ivl_260", 0 0, L_0x7be87d278;  1 drivers
v0x7bf18ff20_0 .net *"_ivl_262", 0 0, L_0x7bf1c8380;  1 drivers
v0x7bf190000_0 .net *"_ivl_265", 0 0, L_0x7bf1c83f0;  1 drivers
v0x7bf1900a0_0 .net *"_ivl_267", 0 0, L_0x7bf1c8460;  1 drivers
v0x7bf190140_0 .net *"_ivl_268", 31 0, L_0x7bf1be300;  1 drivers
v0x7bf1901e0_0 .net *"_ivl_270", 31 0, L_0x7bf1be440;  1 drivers
L_0x7be87d2c0 .functor BUFT 1, C4<000000000000000000000000000>, C4<0>, C4<0>, C4<0>;
v0x7bf190280_0 .net *"_ivl_273", 26 0, L_0x7be87d2c0;  1 drivers
L_0x7be87d308 .functor BUFT 1, C4<00000000000000000000000000100000>, C4<0>, C4<0>, C4<0>;
v0x7bf190320_0 .net/2u *"_ivl_274", 31 0, L_0x7be87d308;  1 drivers
v0x7bf1903c0_0 .net *"_ivl_276", 31 0, L_0x7bf1be4e0;  1 drivers
v0x7bf190460_0 .net *"_ivl_278", 0 0, L_0x7bee51ae0;  1 drivers
v0x7bf190500_0 .net *"_ivl_28", 65 0, L_0x7bf1bd400;  1 drivers
v0x7bf1905a0_0 .net *"_ivl_287", 0 0, L_0x7bee51b80;  1 drivers
v0x7bf190640_0 .net *"_ivl_290", 0 0, L_0x7bee51c20;  1 drivers
v0x7bf1906e0_0 .net *"_ivl_293", 0 0, L_0x7bf1c8540;  1 drivers
v0x7bf190780_0 .net *"_ivl_294", 15 0, L_0x7bf1be580;  1 drivers
L_0x7be87d350 .functor BUFT 1, C4<00000000>, C4<0>, C4<0>, C4<0>;
v0x7bf190820_0 .net *"_ivl_297", 7 0, L_0x7be87d350;  1 drivers
v0x7bf1908c0_0 .net *"_ivl_298", 0 0, L_0x7bee51cc0;  1 drivers
L_0x7be87c540 .functor BUFT 1, C4<0000000000000000000000000>, C4<0>, C4<0>, C4<0>;
v0x7bf190960_0 .net *"_ivl_3", 24 0, L_0x7be87c540;  1 drivers
v0x7bf190a00_0 .net *"_ivl_30", 65 0, L_0x7bee4c500;  1 drivers
v0x7bf190aa0_0 .net *"_ivl_302", 31 0, L_0x7bf1be620;  1 drivers
L_0x7be87d398 .functor BUFT 1, C4<0000000000000000000000000>, C4<0>, C4<0>, C4<0>;
v0x7bf190b40_0 .net *"_ivl_305", 24 0, L_0x7be87d398;  1 drivers
L_0x7be87d3e0 .functor BUFT 1, C4<00000000000000000000000000111110>, C4<0>, C4<0>, C4<0>;
v0x7bf190be0_0 .net/2u *"_ivl_306", 31 0, L_0x7be87d3e0;  1 drivers
L_0x7be87d428 .functor BUFT 1, C4<00000>, C4<0>, C4<0>, C4<0>;
v0x7bf190c80_0 .net/2u *"_ivl_310", 4 0, L_0x7be87d428;  1 drivers
v0x7bf190d20_0 .net *"_ivl_312", 0 0, L_0x7bee51e00;  1 drivers
L_0x7be87d470 .functor BUFT 1, C4<0000000>, C4<0>, C4<0>, C4<0>;
v0x7bf190dc0_0 .net/2u *"_ivl_316", 6 0, L_0x7be87d470;  1 drivers
v0x7bf190e60_0 .net *"_ivl_318", 0 0, L_0x7bee51ea0;  1 drivers
L_0x7be87c780 .functor BUFT 1, C4<000000000000000000000000000000000000000000000000000000000000000000>, C4<0>, C4<0>, C4<0>;
v0x7bf190f00_0 .net/2u *"_ivl_32", 65 0, L_0x7be87c780;  1 drivers
L_0x7be87d4b8 .functor BUFT 1, C4<0000000>, C4<0>, C4<0>, C4<0>;
v0x7bf190fa0_0 .net/2u *"_ivl_322", 6 0, L_0x7be87d4b8;  1 drivers
v0x7bf191040_0 .net *"_ivl_326", 31 0, L_0x7bf1be6c0;  1 drivers
v0x7bf1910e0_0 .net *"_ivl_328", 7 0, L_0x7bf1be760;  1 drivers
L_0x7be87d500 .functor BUFT 1, C4<00>, C4<0>, C4<0>, C4<0>;
v0x7bf191180_0 .net *"_ivl_331", 1 0, L_0x7be87d500;  1 drivers
L_0x7be87d548 .functor BUFT 1, C4<0000000>, C4<0>, C4<0>, C4<0>;
v0x7bf191220_0 .net/2u *"_ivl_334", 6 0, L_0x7be87d548;  1 drivers
v0x7bf1912c0_0 .net *"_ivl_34", 65 0, L_0x7bee4c5a0;  1 drivers
L_0x7be87c7c8 .functor BUFT 1, C4<00000000000000000000000000110000>, C4<0>, C4<0>, C4<0>;
v0x7bf191360_0 .net/2u *"_ivl_38", 31 0, L_0x7be87c7c8;  1 drivers
L_0x7be87c588 .functor BUFT 1, C4<00000000000000000000000000110000>, C4<0>, C4<0>, C4<0>;
v0x7bf191400_0 .net/2u *"_ivl_4", 31 0, L_0x7be87c588;  1 drivers
v0x7bf1914a0_0 .net *"_ivl_44", 0 0, L_0x7bf1bd540;  1 drivers
v0x7bf191540_0 .net *"_ivl_46", 2 0, L_0x7bf1bd5e0;  1 drivers
L_0x7be87c810 .functor BUFT 1, C4<00>, C4<0>, C4<0>, C4<0>;
v0x7bf1915e0_0 .net *"_ivl_49", 1 0, L_0x7be87c810;  1 drivers
v0x7bf191680_0 .net *"_ivl_52", 0 0, L_0x7bee50f00;  1 drivers
v0x7bf191720_0 .net *"_ivl_55", 0 0, L_0x7bf40fc60;  1 drivers
v0x7bf1917c0_0 .net *"_ivl_58", 0 0, L_0x7bee50fa0;  1 drivers
v0x7bf191860_0 .net *"_ivl_6", 0 0, L_0x7bee50c80;  1 drivers
v0x7bf191900_0 .net *"_ivl_62", 7 0, L_0x7bf1bd680;  1 drivers
v0x7bf1919a0_0 .net *"_ivl_64", 8 0, L_0x7bf1bd720;  1 drivers
L_0x7be87c858 .functor BUFT 1, C4<00000000>, C4<0>, C4<0>, C4<0>;
v0x7bf191a40_0 .net *"_ivl_67", 7 0, L_0x7be87c858;  1 drivers
v0x7bf191ae0_0 .net *"_ivl_68", 13 0, L_0x7bf1bd7c0;  1 drivers
L_0x7be87c8a0 .functor BUFT 1, C4<00000>, C4<0>, C4<0>, C4<0>;
v0x7bf191b80_0 .net *"_ivl_71", 4 0, L_0x7be87c8a0;  1 drivers
L_0x7be87c8e8 .functor BUFT 1, C4<00000000100000>, C4<0>, C4<0>, C4<0>;
v0x7bf191c20_0 .net/2u *"_ivl_72", 13 0, L_0x7be87c8e8;  1 drivers
v0x7bf191cc0_0 .net *"_ivl_75", 13 0, L_0x7bee51040;  1 drivers
v0x7bf191d60_0 .net *"_ivl_76", 6 0, L_0x7bf1bd860;  1 drivers
L_0x7be87c930 .functor BUFT 1, C4<00>, C4<0>, C4<0>, C4<0>;
v0x7bf191e00_0 .net *"_ivl_79", 1 0, L_0x7be87c930;  1 drivers
v0x7bf191ea0_0 .net *"_ivl_8", 65 0, L_0x7bf1bd220;  1 drivers
L_0x7be87c978 .functor BUFT 1, C4<0>, C4<0>, C4<0>, C4<0>;
v0x7bf191f40_0 .net *"_ivl_82", 0 0, L_0x7be87c978;  1 drivers
v0x7bf191fe0_0 .net *"_ivl_83", 14 0, L_0x7bf1bd900;  1 drivers
L_0x7be87c9c0 .functor BUFT 1, C4<00000000>, C4<0>, C4<0>, C4<0>;
v0x7bf192080_0 .net *"_ivl_86", 7 0, L_0x7be87c9c0;  1 drivers
v0x7bf192120_0 .net *"_ivl_87", 14 0, L_0x7bf1bd9a0;  1 drivers
v0x7bf1921c0_0 .net *"_ivl_88", 14 0, L_0x7bf1bda40;  1 drivers
L_0x7be87ca08 .functor BUFT 1, C4<00000>, C4<0>, C4<0>, C4<0>;
v0x7bf192260_0 .net/2u *"_ivl_92", 4 0, L_0x7be87ca08;  1 drivers
v0x7bf192300_0 .net *"_ivl_94", 0 0, L_0x7bee510e0;  1 drivers
L_0x7be87ca50 .functor BUFT 1, C4<00001>, C4<0>, C4<0>, C4<0>;
v0x7bf1923a0_0 .net/2u *"_ivl_96", 4 0, L_0x7be87ca50;  1 drivers
v0x7bf192440_0 .net *"_ivl_98", 4 0, L_0x7bf1bdae0;  1 drivers
v0x7bf1924e0_0 .net "addra_e", 2 0, L_0x7bee515e0;  1 drivers
v0x7bf192580_0 .net "addra_o", 2 0, L_0x7bee517c0;  1 drivers
v0x7bf192620_0 .net "base_addr", 31 0, v0x7bf1a1d60_0;  alias, 1 drivers
v0x7bf1926c0_0 .var/i "bi", 31 0;
v0x7bf192760_0 .var "byte_d", 7 0;
v0x7bf192800_0 .var "byte_ptr", 4 0;
v0x7bf1928a0_0 .net "clk", 0 0, v0x7bf1afca0_0;  alias, 1 drivers
v0x7bf192940_0 .var "cnt_l", 4 0;
v0x7bf1929e0_0 .net "consume", 0 0, L_0x7bf40fcd0;  1 drivers
v0x7bf192a80_0 .net "cur_byte", 7 0, L_0x7bec275d0;  1 drivers
v0x7bf192b20_0 .var "cur_sel", 0 0;
v0x7bf192bc0_0 .net "dout_e", 7 0, v0x7bf18c640_0;  1 drivers
v0x7bf192c60_0 .net "dout_o", 7 0, v0x7bf18cf00_0;  1 drivers
v0x7bf192d00_0 .net "drain", 0 0, L_0x7bf40fd40;  1 drivers
v0x7bf192da0_0 .var "ev_pos", 4 0;
v0x7bf192e40_0 .var "ev_score", 7 0;
v0x7bf192ee0_0 .var "ev_vld", 0 0;
v0x7bf192f80_0 .var "ev_x", 3 0;
v0x7bf193020_0 .var "ev_y", 3 0;
v0x7bf1930c0_0 .net "fill_data", 255 0, L_0x7bf1b8960;  alias, 1 drivers
v0x7bf193160_0 .net "fill_slot", 0 0, L_0x7bee53b60;  alias, 1 drivers
v0x7bf193200_0 .net "fill_vld", 0 0, L_0x7bf1c8770;  1 drivers
v0x7bf1932a0_0 .var "first_fill", 0 0;
v0x7bf193340_0 .net "grant", 0 0, L_0x7bee52120;  1 drivers
v0x7bf1933e0_0 .var "hcnt", 6 0;
v0x7bf193480_0 .net "hit_dout", 31 0, L_0x7bec27720;  alias, 1 drivers
v0x7bf193520_0 .net "hit_empty", 0 0, L_0x7bee51fe0;  1 drivers
v0x7bf1935c0 .array "hit_fifo", 63 0, 31 0;
v0x7bf193660_0 .var "hit_ovf", 0 0;
v0x7bf193700_0 .net "hit_pop", 0 0, L_0x7bee52260;  1 drivers
v0x7bf1937a0_0 .var "hit_rd", 5 0;
v0x7bf193840_0 .net "hit_vld", 0 0, L_0x7bee51f40;  1 drivers
v0x7bf1938e0_0 .var "hit_wr", 5 0;
v0x7bf193980_0 .net "init", 0 0, L_0x7bf1c9110;  alias, 1 drivers
v0x7bf193a20_0 .var "j_local", 4 0;
v0x7bf193ac0_0 .net "lane_done", 0 0, L_0x7bf40fdb0;  1 drivers
v0x7bf193b60_0 .net "lane_max", 7 0, L_0x7bec27790;  alias, 1 drivers
v0x7bf193c00_0 .var "max_r", 7 0;
v0x7bf193ca0_0 .net "need_req", 0 0, L_0x7bf1c84d0;  1 drivers
v0x7bf193d40_0 .net "next_slot", 0 0, v0x7bf193de0_0;  1 drivers
v0x7bf193de0_0 .var "next_slot_r", 0 0;
v0x7bf193e80_0 .var "qx", 3 0;
v0x7bf193f20_0 .var "qy", 3 0;
v0x7bf198000 .array "rbuf", 63 0, 7 0;
v0x7bf1980a0_0 .var "rd_addr", 31 0;
v0x7bf198140_0 .net "req_addr", 31 0, L_0x7bec27640;  alias, 1 drivers
v0x7bf1981e0_0 .net "rst_n", 0 0, v0x7bf1b5040_0;  alias, 1 drivers
v0x7bf198280_0 .net "run_en", 0 0, L_0x7bee5d540;  alias, 1 drivers
v0x7bf198320_0 .var "s_q", 4 0;
v0x7bf1983c0_0 .net "scan_done", 0 0, L_0x7bf1c8620;  1 drivers
v0x7bf198460_0 .var "scan_done_r", 0 0;
v0x7bf198500_0 .net "scan_en", 0 0, L_0x7bee5d680;  alias, 1 drivers
v0x7bf1985a0_0 .net "scan_stall", 0 0, L_0x7bec27800;  1 drivers
v0x7bf198640_0 .net "slot_ok", 0 0, L_0x7bec27560;  1 drivers
v0x7bf1986e0_0 .var "start_addr", 31 0;
v0x7bf198780_0 .net "thresh", 15 0, L_0x7bf1be800;  1 drivers
v0x7bf198820_0 .net "tp", 6 0, L_0x7bee52080;  1 drivers
v0x7bf1988c0 .array "valid", 1 0, 0 0;
v0x7bf198960_0 .net "w_addr_r", 2 0, L_0x7bee512c0;  1 drivers
v0x7bf198a00_0 .net "w_addr_w", 2 0, L_0x7bee51400;  1 drivers
v0x7bf198aa0_0 .net "w_base_lb", 31 0, L_0x7bf1bd4a0;  1 drivers
v0x7bf198b40_0 .net "w_cnt", 4 0, L_0x7bee50dc0;  1 drivers
v0x7bf198be0_0 .net "w_din_e", 7 0, L_0x7bee4ca00;  1 drivers
v0x7bf198c80_0 .net "w_din_o", 7 0, L_0x7bee4caa0;  1 drivers
v0x7bf198d20_0 .net "w_hit", 0 0, L_0x7bf1c85b0;  1 drivers
v0x7bf198dc0_0 .net "w_pop_e", 0 0, L_0x7bf1c8690;  1 drivers
v0x7bf198e60_0 .net "w_scan_stall", 0 0, L_0x7bee51d60;  1 drivers
v0x7bf198f00_0 .net "w_score", 7 0, L_0x7bee4cb40;  1 drivers
v0x7bf198fa0_0 .net "w_skip", 4 0, L_0x7bee50e60;  1 drivers
v0x7bf199040_0 .net "w_we_e", 0 0, L_0x7bf40ff70;  1 drivers
v0x7bf1990e0_0 .net "w_we_o", 0 0, L_0x7bf1c81c0;  1 drivers
v0x7bf199180_0 .net "zero_addr", 2 0, v0x7bf1a7020_0;  alias, 1 drivers
v0x7bf199220_0 .net "zero_en", 0 0, L_0x7bee5d5e0;  alias, 1 drivers
L_0x7bf1bd180 .concat [ 7 25 0 0], L_0x7bee52080, L_0x7be87c540;
L_0x7bee50c80 .cmp/gt 32, L_0x7bf1bd180, L_0x7be87c588;
L_0x7bf1bd220 .concat [ 7 59 0 0], L_0x7bee52080, L_0x7be87c5d0;
L_0x7bf1bd2c0 .arith/sub 66, L_0x7bf1bd220, L_0x7be87c618;
L_0x7bee50d20 .cmp/gt 66, L_0x7bf1bd2c0, L_0x7be87c660;
L_0x7bf1bd360 .concat [ 7 59 0 0], L_0x7bee52080, L_0x7be87c6f0;
L_0x7bf1bd400 .arith/sub 66, L_0x7bf1bd360, L_0x7be87c738;
L_0x7bee4c500 .functor MUXZ 66, L_0x7bf1bd400, L_0x7be87c6a8, L_0x7bee50d20, C4<>;
L_0x7bee4c5a0 .functor MUXZ 66, L_0x7be87c780, L_0x7bee4c500, L_0x7bee50c80, C4<>;
L_0x7bee50dc0 .part L_0x7bee4c5a0, 0, 5;
L_0x7bf1bd4a0 .arith/sum 32, v0x7bf1a1d60_0, L_0x7be87c7c8;
L_0x7bee50e60 .part L_0x7bf1bd4a0, 0, 5;
L_0x7bf1bd540 .array/port v0x7bf1988c0, L_0x7bf1bd5e0;
L_0x7bf1bd5e0 .concat [ 1 2 0 0], v0x7bf192b20_0, L_0x7be87c810;
L_0x7bee50f00 .cmp/gt 5, v0x7bf192940_0, v0x7bf193a20_0;
L_0x7bee50fa0 .cmp/eq 5, v0x7bf193a20_0, v0x7bf192940_0;
L_0x7bf1bd680 .array/port v0x7bf198000, L_0x7bf1bda40;
L_0x7bf1bd720 .concat [ 1 8 0 0], v0x7bf192b20_0, L_0x7be87c858;
L_0x7bf1bd7c0 .concat [ 9 5 0 0], L_0x7bf1bd720, L_0x7be87c8a0;
L_0x7bee51040 .arith/mult 14, L_0x7bf1bd7c0, L_0x7be87c8e8;
L_0x7bf1bd860 .concat [ 5 2 0 0], v0x7bf192800_0, L_0x7be87c930;
L_0x7bf1bd900 .concat [ 14 1 0 0], L_0x7bee51040, L_0x7be87c978;
L_0x7bf1bd9a0 .concat [ 7 8 0 0], L_0x7bf1bd860, L_0x7be87c9c0;
L_0x7bf1bda40 .arith/sum 15, L_0x7bf1bd900, L_0x7bf1bd9a0;
L_0x7bee510e0 .cmp/eq 5, v0x7bf192940_0, L_0x7be87ca08;
L_0x7bf1bdae0 .arith/sum 5, v0x7bf192940_0, L_0x7be87ca50;
L_0x7bee51180 .cmp/eq 5, v0x7bf193a20_0, L_0x7bf1bdae0;
L_0x7bee51220 .part v0x7bf193a20_0, 1, 4;
L_0x7bf1bdb80 .concat [ 4 1 0 0], L_0x7bee51220, L_0x7be87ca98;
L_0x7bee512c0 .part L_0x7bf1bdb80, 0, 3;
L_0x7bf1bdc20 .arith/sub 5, v0x7bf193a20_0, L_0x7be87cae0;
L_0x7bee51360 .part L_0x7bf1bdc20, 1, 4;
L_0x7bf1bdcc0 .concat [ 4 1 0 0], L_0x7bee51360, L_0x7be87cb28;
L_0x7bee51400 .part L_0x7bf1bdcc0, 0, 3;
L_0x7bf1bdd60 .concat [ 3 1 0 0], v0x7bf1a7020_0, L_0x7be87cb70;
L_0x7bee514a0 .part v0x7bf198320_0, 1, 4;
L_0x7bee51540 .part v0x7bf193a20_0, 0, 1;
L_0x7bf1bde00 .concat [ 3 1 0 0], L_0x7bee51400, L_0x7be87cbb8;
L_0x7bf1bdea0 .concat [ 3 1 0 0], L_0x7bee512c0, L_0x7be87cc00;
L_0x7bee4c640 .functor MUXZ 4, L_0x7bf1bdea0, L_0x7bf1bde00, L_0x7bee51540, C4<>;
L_0x7bee4c6e0 .functor MUXZ 4, L_0x7bee4c640, L_0x7bee514a0, L_0x7bee5d680, C4<>;
L_0x7bee4c780 .functor MUXZ 4, L_0x7bee4c6e0, L_0x7bf1bdd60, L_0x7bee5d5e0, C4<>;
L_0x7bee515e0 .part L_0x7bee4c780, 0, 3;
L_0x7bf1bdf40 .concat [ 3 1 0 0], v0x7bf1a7020_0, L_0x7be87cc48;
L_0x7bee51680 .part v0x7bf198320_0, 1, 4;
L_0x7bee51720 .part v0x7bf193a20_0, 0, 1;
L_0x7bf1bdfe0 .concat [ 3 1 0 0], L_0x7bee512c0, L_0x7be87cc90;
L_0x7bf1be080 .concat [ 3 1 0 0], L_0x7bee51400, L_0x7be87ccd8;
L_0x7bee4c820 .functor MUXZ 4, L_0x7bf1be080, L_0x7bf1bdfe0, L_0x7bee51720, C4<>;
L_0x7bee4c8c0 .functor MUXZ 4, L_0x7bee4c820, L_0x7bee51680, L_0x7bee5d680, C4<>;
L_0x7bee4c960 .functor MUXZ 4, L_0x7bee4c8c0, L_0x7bf1bdf40, L_0x7bee5d5e0, C4<>;
L_0x7bee517c0 .part L_0x7bee4c960, 0, 3;
L_0x7bee51860 .part v0x7bf193a20_0, 0, 1;
L_0x7bee51900 .part v0x7bf193a20_0, 0, 1;
L_0x7bee519a0 .cmp/gt 5, v0x7bf193a20_0, L_0x7be87cdb0;
L_0x7bf1be120 .arith/sum 8, v0x7bf18c640_0, v0x7bf192760_0;
L_0x7bee4ca00 .functor MUXZ 8, L_0x7bf1be120, L_0x7be87cdf8, L_0x7bee5d5e0, C4<>;
L_0x7bf1be1c0 .arith/sum 8, v0x7bf18cf00_0, v0x7bf192760_0;
L_0x7bee4caa0 .functor MUXZ 8, L_0x7bf1be1c0, L_0x7be87ce40, L_0x7bee5d5e0, C4<>;
L_0x7bf1be260 .concat [ 3 8 0 0], L_0x7bee515e0, L_0x7be87cf18;
L_0x7bf1be3a0 .concat [ 3 8 0 0], L_0x7bee517c0, L_0x7be87d0c8;
L_0x7bee51a40 .cmp/ne 5, v0x7bf192940_0, L_0x7be87d1e8;
L_0x7bf1be300 .arith/sub 32, v0x7bf1980a0_0, v0x7bf1986e0_0;
L_0x7bf1be440 .concat [ 5 27 0 0], v0x7bf192940_0, L_0x7be87d2c0;
L_0x7bf1be4e0 .arith/sum 32, L_0x7bf1be440, L_0x7be87d308;
L_0x7bee51ae0 .cmp/gt 32, L_0x7bf1be4e0, L_0x7bf1be300;
L_0x7bee51b80 .part v0x7bf192da0_0, 0, 1;
L_0x7bee4cb40 .functor MUXZ 8, v0x7bf18c640_0, v0x7bf18cf00_0, L_0x7bee51b80, C4<>;
L_0x7bee51c20 .cmp/gt 5, v0x7bf192940_0, v0x7bf192da0_0;
L_0x7bf1be580 .concat [ 8 8 0 0], L_0x7bee4cb40, L_0x7be87d350;
L_0x7bee51cc0 .cmp/gt 16, L_0x7bf1be580, L_0x7bf1be800;
L_0x7bf1be620 .concat [ 7 25 0 0], v0x7bf1933e0_0, L_0x7be87d398;
L_0x7bee51d60 .cmp/ge 32, L_0x7bf1be620, L_0x7be87d3e0;
L_0x7bee51e00 .cmp/eq 5, v0x7bf192940_0, L_0x7be87d428;
L_0x7bee51ea0 .cmp/ne 7, v0x7bf1933e0_0, L_0x7be87d470;
L_0x7bee51f40 .cmp/ne 7, v0x7bf1933e0_0, L_0x7be87d4b8;
L_0x7bf1be6c0 .array/port v0x7bf1935c0, L_0x7bf1be760;
L_0x7bf1be760 .concat [ 6 2 0 0], v0x7bf1937a0_0, L_0x7be87d500;
L_0x7bee51fe0 .cmp/eq 7, v0x7bf1933e0_0, L_0x7be87d548;
S_0x7bee32400 .scope module, "u_bank_e" "xpm_memory_spram" 5 217, 6 19 0, S_0x7bee32280;
 .timescale -9 -12;
    .port_info 0 /INPUT 1 "clka";
    .port_info 1 /INPUT 1 "rsta";
    .port_info 2 /INPUT 1 "ena";
    .port_info 3 /INPUT 1 "regcea";
    .port_info 4 /INPUT 1 "wea";
    .port_info 5 /INPUT 11 "addra";
    .port_info 6 /INPUT 8 "dina";
    .port_info 7 /OUTPUT 8 "douta";
    .port_info 8 /INPUT 1 "injectsbiterra";
    .port_info 9 /INPUT 1 "injectdbiterra";
    .port_info 10 /INPUT 1 "sleep";
P_0x7bf089680 .param/l "DEPTH" 1 6 41, +C4<0000000000000000000000000000000000000000000000000000000000000001000>;
P_0x7bf0896c0 .param/str "MEMORY_PRIMITIVE" 0 6 21, "block";
P_0x7bf089700 .param/l "MEMORY_SIZE" 0 6 20, +C4<0000000000000000000000000000000000000000000000000000000000001000000>;
P_0x7bf089740 .param/l "READ_DATA_WIDTH_A" 0 6 23, +C4<00000000000000000000000000001000>;
P_0x7bf089780 .param/l "READ_LATENCY_A" 0 6 24, +C4<00000000000000000000000000000001>;
P_0x7bf0897c0 .param/str "READ_RESET_VALUE_A" 0 6 26, "0";
P_0x7bf089800 .param/l "SIM_ASSERT_CHK" 0 6 27, +C4<00000000000000000000000000000000>;
P_0x7bf089840 .param/l "WRITE_DATA_WIDTH_A" 0 6 22, +C4<00000000000000000000000000001000>;
P_0x7bf089880 .param/str "WRITE_MODE_A" 0 6 25, "read_first";
v0x7bf18c460_0 .net "addra", 10 0, L_0x7bf1be260;  1 drivers
v0x7bf18c500_0 .net "clka", 0 0, v0x7bf1afca0_0;  alias, 1 drivers
v0x7bf18c5a0_0 .net "dina", 7 0, L_0x7bee4ca00;  alias, 1 drivers
v0x7bf18c640_0 .var "dout_q", 7 0;
v0x7bf18c6e0_0 .net "douta", 7 0, v0x7bf18c640_0;  alias, 1 drivers
L_0x7be87ce88 .functor BUFT 1, C4<1>, C4<0>, C4<0>, C4<0>;
v0x7bf18c780_0 .net "ena", 0 0, L_0x7be87ce88;  1 drivers
v0x7bf18c820_0 .var/i "i", 31 0;
L_0x7be87cfa8 .functor BUFT 1, C4<0>, C4<0>, C4<0>, C4<0>;
v0x7bf18c8c0_0 .net "injectdbiterra", 0 0, L_0x7be87cfa8;  1 drivers
L_0x7be87cf60 .functor BUFT 1, C4<0>, C4<0>, C4<0>, C4<0>;
v0x7bf18c960_0 .net "injectsbiterra", 0 0, L_0x7be87cf60;  1 drivers
v0x7bf18ca00 .array "mem", 7 0, 7 0;
L_0x7be87ced0 .functor BUFT 1, C4<1>, C4<0>, C4<0>, C4<0>;
v0x7bf18caa0_0 .net "regcea", 0 0, L_0x7be87ced0;  1 drivers
v0x7bf18cb40_0 .net "rsta", 0 0, L_0x7bf1c80e0;  1 drivers
L_0x7be87cff0 .functor BUFT 1, C4<0>, C4<0>, C4<0>, C4<0>;
v0x7bf18cbe0_0 .net "sleep", 0 0, L_0x7be87cff0;  1 drivers
v0x7bf18cc80_0 .net "wea", 0 0, L_0x7bf40ff70;  alias, 1 drivers
S_0x7bee32580 .scope module, "u_bank_o" "xpm_memory_spram" 5 227, 6 19 0, S_0x7bee32280;
 .timescale -9 -12;
    .port_info 0 /INPUT 1 "clka";
    .port_info 1 /INPUT 1 "rsta";
    .port_info 2 /INPUT 1 "ena";
    .port_info 3 /INPUT 1 "regcea";
    .port_info 4 /INPUT 1 "wea";
    .port_info 5 /INPUT 11 "addra";
    .port_info 6 /INPUT 8 "dina";
    .port_info 7 /OUTPUT 8 "douta";
    .port_info 8 /INPUT 1 "injectsbiterra";
    .port_info 9 /INPUT 1 "injectdbiterra";
    .port_info 10 /INPUT 1 "sleep";
P_0x7bf089900 .param/l "DEPTH" 1 6 41, +C4<0000000000000000000000000000000000000000000000000000000000000001000>;
P_0x7bf089940 .param/str "MEMORY_PRIMITIVE" 0 6 21, "block";
P_0x7bf089980 .param/l "MEMORY_SIZE" 0 6 20, +C4<0000000000000000000000000000000000000000000000000000000000001000000>;
P_0x7bf0899c0 .param/l "READ_DATA_WIDTH_A" 0 6 23, +C4<00000000000000000000000000001000>;
P_0x7bf089a00 .param/l "READ_LATENCY_A" 0 6 24, +C4<00000000000000000000000000000001>;
P_0x7bf089a40 .param/str "READ_RESET_VALUE_A" 0 6 26, "0";
P_0x7bf089a80 .param/l "SIM_ASSERT_CHK" 0 6 27, +C4<00000000000000000000000000000000>;
P_0x7bf089ac0 .param/l "WRITE_DATA_WIDTH_A" 0 6 22, +C4<00000000000000000000000000001000>;
P_0x7bf089b00 .param/str "WRITE_MODE_A" 0 6 25, "read_first";
v0x7bf18cd20_0 .net "addra", 10 0, L_0x7bf1be3a0;  1 drivers
v0x7bf18cdc0_0 .net "clka", 0 0, v0x7bf1afca0_0;  alias, 1 drivers
v0x7bf18ce60_0 .net "dina", 7 0, L_0x7bee4caa0;  alias, 1 drivers
v0x7bf18cf00_0 .var "dout_q", 7 0;
v0x7bf18cfa0_0 .net "douta", 7 0, v0x7bf18cf00_0;  alias, 1 drivers
L_0x7be87d038 .functor BUFT 1, C4<1>, C4<0>, C4<0>, C4<0>;
v0x7bf18d040_0 .net "ena", 0 0, L_0x7be87d038;  1 drivers
v0x7bf18d0e0_0 .var/i "i", 31 0;
L_0x7be87d158 .functor BUFT 1, C4<0>, C4<0>, C4<0>, C4<0>;
v0x7bf18d180_0 .net "injectdbiterra", 0 0, L_0x7be87d158;  1 drivers
L_0x7be87d110 .functor BUFT 1, C4<0>, C4<0>, C4<0>, C4<0>;
v0x7bf18d220_0 .net "injectsbiterra", 0 0, L_0x7be87d110;  1 drivers
v0x7bf18d2c0 .array "mem", 7 0, 7 0;
L_0x7be87d080 .functor BUFT 1, C4<1>, C4<0>, C4<0>, C4<0>;
v0x7bf18d360_0 .net "regcea", 0 0, L_0x7be87d080;  1 drivers
v0x7bf18d400_0 .net "rsta", 0 0, L_0x7bf1c8230;  1 drivers
L_0x7be87d1a0 .functor BUFT 1, C4<0>, C4<0>, C4<0>, C4<0>;
v0x7bf18d4a0_0 .net "sleep", 0 0, L_0x7be87d1a0;  1 drivers
v0x7bf18d540_0 .net "wea", 0 0, L_0x7bf1c81c0;  alias, 1 drivers
S_0x7bee32700 .scope generate, "gen_pop[0]" "gen_pop[0]" 4 414, 4 414 0, S_0x10309c060;
 .timescale -9 -12;
P_0x7bedfcec0 .param/l "g" 1 4 414, +C4<00>;
L_0x7bf1c89a0 .functor AND 1, L_0x7bee52f80, L_0x7bee53020, C4<1>, C4<1>;
L_0x7bf1c8a10 .functor AND 1, L_0x7bf1c89a0, L_0x7bee53160, C4<1>, C4<1>;
L_0x7be87dc50 .functor BUFT 1, C4<101>, C4<0>, C4<0>, C4<0>;
v0x7bf199540_0 .net/2u *"_ivl_0", 2 0, L_0x7be87dc50;  1 drivers
v0x7bf1995e0_0 .net *"_ivl_10", 0 0, L_0x7bee530c0;  1 drivers
v0x7bf199680_0 .net *"_ivl_12", 0 0, L_0x7bee53160;  1 drivers
v0x7bf199720_0 .net *"_ivl_14", 0 0, L_0x7bf1c8a10;  1 drivers
v0x7bf1997c0_0 .net *"_ivl_2", 0 0, L_0x7bee52f80;  1 drivers
L_0x7be87dc98 .functor BUFT 1, C4<000>, C4<0>, C4<0>, C4<0>;
v0x7bf199860_0 .net/2u *"_ivl_4", 2 0, L_0x7be87dc98;  1 drivers
v0x7bf199900_0 .net *"_ivl_6", 0 0, L_0x7bee53020;  1 drivers
v0x7bf1999a0_0 .net *"_ivl_9", 0 0, L_0x7bf1c89a0;  1 drivers
L_0x7bee52f80 .cmp/eq 3, v0x7bf1a5720_0, L_0x7be87dc50;
L_0x7bee53020 .cmp/eq 3, v0x7bf1a29e0_0, L_0x7be87dc98;
L_0x7bee53160 .reduce/nor L_0x7bee530c0;
S_0x7bee32880 .scope generate, "gen_pop[1]" "gen_pop[1]" 4 414, 4 414 0, S_0x10309c060;
 .timescale -9 -12;
P_0x7bedfcf00 .param/l "g" 1 4 414, +C4<01>;
L_0x7bf1c8a80 .functor AND 1, L_0x7bee53200, L_0x7bee532a0, C4<1>, C4<1>;
L_0x7bf1c8af0 .functor AND 1, L_0x7bf1c8a80, L_0x7bee533e0, C4<1>, C4<1>;
L_0x7be87dce0 .functor BUFT 1, C4<101>, C4<0>, C4<0>, C4<0>;
v0x7bf199a40_0 .net/2u *"_ivl_0", 2 0, L_0x7be87dce0;  1 drivers
v0x7bf199ae0_0 .net *"_ivl_10", 0 0, L_0x7bee53340;  1 drivers
v0x7bf199b80_0 .net *"_ivl_12", 0 0, L_0x7bee533e0;  1 drivers
v0x7bf199c20_0 .net *"_ivl_14", 0 0, L_0x7bf1c8af0;  1 drivers
v0x7bf199cc0_0 .net *"_ivl_2", 0 0, L_0x7bee53200;  1 drivers
L_0x7be87dd28 .functor BUFT 1, C4<001>, C4<0>, C4<0>, C4<0>;
v0x7bf199d60_0 .net/2u *"_ivl_4", 2 0, L_0x7be87dd28;  1 drivers
v0x7bf199e00_0 .net *"_ivl_6", 0 0, L_0x7bee532a0;  1 drivers
v0x7bf199ea0_0 .net *"_ivl_9", 0 0, L_0x7bf1c8a80;  1 drivers
L_0x7bee53200 .cmp/eq 3, v0x7bf1a5720_0, L_0x7be87dce0;
L_0x7bee532a0 .cmp/eq 3, v0x7bf1a29e0_0, L_0x7be87dd28;
L_0x7bee533e0 .reduce/nor L_0x7bee53340;
S_0x7bee32a00 .scope generate, "gen_pop[2]" "gen_pop[2]" 4 414, 4 414 0, S_0x10309c060;
 .timescale -9 -12;
P_0x7bedfcf40 .param/l "g" 1 4 414, +C4<010>;
L_0x7bf1c8b60 .functor AND 1, L_0x7bee53480, L_0x7bee53520, C4<1>, C4<1>;
L_0x7bf1c8bd0 .functor AND 1, L_0x7bf1c8b60, L_0x7bee53660, C4<1>, C4<1>;
L_0x7be87dd70 .functor BUFT 1, C4<101>, C4<0>, C4<0>, C4<0>;
v0x7bf199f40_0 .net/2u *"_ivl_0", 2 0, L_0x7be87dd70;  1 drivers
v0x7bf199fe0_0 .net *"_ivl_10", 0 0, L_0x7bee535c0;  1 drivers
v0x7bf19a080_0 .net *"_ivl_12", 0 0, L_0x7bee53660;  1 drivers
v0x7bf19a120_0 .net *"_ivl_14", 0 0, L_0x7bf1c8bd0;  1 drivers
v0x7bf19a1c0_0 .net *"_ivl_2", 0 0, L_0x7bee53480;  1 drivers
L_0x7be87ddb8 .functor BUFT 1, C4<010>, C4<0>, C4<0>, C4<0>;
v0x7bf19a260_0 .net/2u *"_ivl_4", 2 0, L_0x7be87ddb8;  1 drivers
v0x7bf19a300_0 .net *"_ivl_6", 0 0, L_0x7bee53520;  1 drivers
v0x7bf19a3a0_0 .net *"_ivl_9", 0 0, L_0x7bf1c8b60;  1 drivers
L_0x7bee53480 .cmp/eq 3, v0x7bf1a5720_0, L_0x7be87dd70;
L_0x7bee53520 .cmp/eq 3, v0x7bf1a29e0_0, L_0x7be87ddb8;
L_0x7bee53660 .reduce/nor L_0x7bee535c0;
S_0x7bee32b80 .scope generate, "gen_pop[3]" "gen_pop[3]" 4 414, 4 414 0, S_0x10309c060;
 .timescale -9 -12;
P_0x7bedfcf80 .param/l "g" 1 4 414, +C4<011>;
L_0x7bf1c8c40 .functor AND 1, L_0x7bee53700, L_0x7bee537a0, C4<1>, C4<1>;
L_0x7bf1c8cb0 .functor AND 1, L_0x7bf1c8c40, L_0x7bee538e0, C4<1>, C4<1>;
L_0x7be87de00 .functor BUFT 1, C4<101>, C4<0>, C4<0>, C4<0>;
v0x7bf19a440_0 .net/2u *"_ivl_0", 2 0, L_0x7be87de00;  1 drivers
v0x7bf19a4e0_0 .net *"_ivl_10", 0 0, L_0x7bee53840;  1 drivers
v0x7bf19a580_0 .net *"_ivl_12", 0 0, L_0x7bee538e0;  1 drivers
v0x7bf19a620_0 .net *"_ivl_14", 0 0, L_0x7bf1c8cb0;  1 drivers
v0x7bf19a6c0_0 .net *"_ivl_2", 0 0, L_0x7bee53700;  1 drivers
L_0x7be87de48 .functor BUFT 1, C4<011>, C4<0>, C4<0>, C4<0>;
v0x7bf19a760_0 .net/2u *"_ivl_4", 2 0, L_0x7be87de48;  1 drivers
v0x7bf19a800_0 .net *"_ivl_6", 0 0, L_0x7bee537a0;  1 drivers
v0x7bf19a8a0_0 .net *"_ivl_9", 0 0, L_0x7bf1c8c40;  1 drivers
L_0x7bee53700 .cmp/eq 3, v0x7bf1a5720_0, L_0x7be87de00;
L_0x7bee537a0 .cmp/eq 3, v0x7bf1a29e0_0, L_0x7be87de48;
L_0x7bee538e0 .reduce/nor L_0x7bee53840;
S_0x7bee32d00 .scope module, "u_cand_fifo" "xpm_fifo_async" 4 170, 7 21 0, S_0x10309c060;
 .timescale -9 -12;
    .port_info 0 /INPUT 1 "wr_clk";
    .port_info 1 /INPUT 1 "rst";
    .port_info 2 /INPUT 1 "wr_en";
    .port_info 3 /INPUT 32 "din";
    .port_info 4 /OUTPUT 1 "full";
    .port_info 5 /OUTPUT 1 "wr_rst_busy";
    .port_info 6 /OUTPUT 6 "wr_data_count";
    .port_info 7 /OUTPUT 1 "wr_ack";
    .port_info 8 /OUTPUT 1 "overflow";
    .port_info 9 /OUTPUT 1 "almost_full";
    .port_info 10 /OUTPUT 1 "prog_full";
    .port_info 11 /INPUT 1 "rd_clk";
    .port_info 12 /INPUT 1 "rd_en";
    .port_info 13 /OUTPUT 32 "dout";
    .port_info 14 /OUTPUT 1 "empty";
    .port_info 15 /OUTPUT 1 "rd_rst_busy";
    .port_info 16 /OUTPUT 6 "rd_data_count";
    .port_info 17 /OUTPUT 1 "underflow";
    .port_info 18 /OUTPUT 1 "almost_empty";
    .port_info 19 /OUTPUT 1 "prog_empty";
P_0x1030a7040 .param/str "ECC_MODE" 0 7 31, "no_ecc";
P_0x1030a7080 .param/str "FIFO_MEMORY_TYPE" 0 7 22, "distributed";
P_0x1030a70c0 .param/l "FIFO_READ_LATENCY" 0 7 29, +C4<00000000000000000000000000000001>;
P_0x1030a7100 .param/l "FIFO_WRITE_DEPTH" 0 7 23, +C4<00000000000000000000000000100000>;
P_0x1030a7140 .param/l "RD_DATA_COUNT_WIDTH" 0 7 27, +C4<00000000000000000000000000000110>;
P_0x1030a7180 .param/l "READ_DATA_WIDTH" 0 7 25, +C4<00000000000000000000000000100000>;
P_0x1030a71c0 .param/str "READ_MODE" 0 7 30, "fwft";
P_0x1030a7200 .param/l "RELATED_CLOCKS" 0 7 28, +C4<00000000000000000000000000000000>;
P_0x1030a7240 .param/l "SIM_ASSERT_CHK" 0 7 32, +C4<00000000000000000000000000000000>;
P_0x1030a7280 .param/l "WAKEUP_TIME" 0 7 33, +C4<00000000000000000000000000000000>;
P_0x1030a72c0 .param/l "WRITE_DATA_WIDTH" 0 7 24, +C4<00000000000000000000000000100000>;
P_0x1030a7300 .param/l "WR_DATA_COUNT_WIDTH" 0 7 26, +C4<00000000000000000000000000000110>;
L_0x7bec27aa0 .functor BUFZ 1, v0x7bf19c5a0_0, C4<0>, C4<0>, C4<0>;
L_0x7bec27b10 .functor BUFZ 1, v0x7bf19be80_0, C4<0>, C4<0>, C4<0>;
L_0x7bec27b80 .functor BUFZ 1, v0x7bf19c140_0, C4<0>, C4<0>, C4<0>;
L_0x7bec27bf0 .functor BUFZ 1, v0x7bf19ba20_0, C4<0>, C4<0>, C4<0>;
L_0x7be87e508 .functor BUFT 1, C4<00000000000000000000000000000000>, C4<0>, C4<0>, C4<0>;
v0x7bf19a940_0 .net/2s *"_ivl_0", 31 0, L_0x7be87e508;  1 drivers
L_0x7be87e598 .functor BUFT 1, C4<00000000000000000000000000100000>, C4<0>, C4<0>, C4<0>;
v0x7bf19a9e0_0 .net/2s *"_ivl_10", 31 0, L_0x7be87e598;  1 drivers
L_0x7be87e5e0 .functor BUFT 1, C4<00000000000000000000000000000000>, C4<0>, C4<0>, C4<0>;
v0x7bf19aa80_0 .net/2s *"_ivl_14", 31 0, L_0x7be87e5e0;  1 drivers
v0x7bf19ab20_0 .net *"_ivl_2", 0 0, L_0x7bee5c5a0;  1 drivers
L_0x7be87e670 .functor BUFT 1, C4<00000000000000000000000000011111>, C4<0>, C4<0>, C4<0>;
v0x7bf19abc0_0 .net/2s *"_ivl_28", 31 0, L_0x7be87e670;  1 drivers
L_0x7be87e6b8 .functor BUFT 1, C4<00000000000000000000000000000001>, C4<0>, C4<0>, C4<0>;
v0x7bf19ac60_0 .net/2s *"_ivl_32", 31 0, L_0x7be87e6b8;  1 drivers
L_0x7be87e700 .functor BUFT 1, C4<00000000000000000000000000100000>, C4<0>, C4<0>, C4<0>;
v0x7bf19ad00_0 .net/2s *"_ivl_36", 31 0, L_0x7be87e700;  1 drivers
v0x7bf19ada0_0 .net *"_ivl_4", 31 0, L_0x7bf1bf3e0;  1 drivers
L_0x7be87e748 .functor BUFT 1, C4<00000000000000000000000000000000>, C4<0>, C4<0>, C4<0>;
v0x7bf19ae40_0 .net/2s *"_ivl_40", 31 0, L_0x7be87e748;  1 drivers
L_0x7be87e790 .functor BUFT 1, C4<00000000000000000000000000000000>, C4<0>, C4<0>, C4<0>;
v0x7bf19aee0_0 .net/2s *"_ivl_44", 31 0, L_0x7be87e790;  1 drivers
v0x7bf19af80_0 .net *"_ivl_46", 0 0, L_0x7bee5ca00;  1 drivers
v0x7bf19b020_0 .net *"_ivl_49", 5 0, L_0x7bee5caa0;  1 drivers
L_0x7be87e7d8 .functor BUFT 1, C4<000000>, C4<0>, C4<0>, C4<0>;
v0x7bf19b0c0_0 .net/2u *"_ivl_50", 5 0, L_0x7be87e7d8;  1 drivers
L_0x7be87e820 .functor BUFT 1, C4<00000000000000000000000000000000>, C4<0>, C4<0>, C4<0>;
v0x7bf19b160_0 .net/2s *"_ivl_54", 31 0, L_0x7be87e820;  1 drivers
v0x7bf19b200_0 .net *"_ivl_56", 0 0, L_0x7bee5cb40;  1 drivers
v0x7bf19b2a0_0 .net *"_ivl_59", 5 0, L_0x7bee5cbe0;  1 drivers
L_0x7be87e550 .functor BUFT 1, C4<00000000000000000000000000000000>, C4<0>, C4<0>, C4<0>;
v0x7bf19b340_0 .net/2u *"_ivl_6", 31 0, L_0x7be87e550;  1 drivers
L_0x7be87e868 .functor BUFT 1, C4<000000>, C4<0>, C4<0>, C4<0>;
v0x7bf19b3e0_0 .net/2u *"_ivl_60", 5 0, L_0x7be87e868;  1 drivers
v0x7bf19b480_0 .net "almost_empty", 0 0, L_0x7bee5c820;  1 drivers
v0x7bf19b520_0 .net "almost_full", 0 0, L_0x7bee5c780;  1 drivers
v0x7bf19b5c0_0 .net "din", 31 0, v0x7bf1a1ea0_0;  1 drivers
v0x7bf19b660_0 .net "dout", 31 0, L_0x7bee4d2c0;  alias, 1 drivers
v0x7bf19b700_0 .net "empty", 0 0, L_0x7bee5c6e0;  alias, 1 drivers
v0x7bf19b7a0_0 .net "full", 0 0, L_0x7bee5c640;  1 drivers
v0x7bf19b840 .array "mem", 31 0, 31 0;
v0x7bf19b8e0_0 .var/i "occupy", 31 0;
v0x7bf19b980_0 .net "overflow", 0 0, L_0x7bec27bf0;  1 drivers
v0x7bf19ba20_0 .var "ovf_r", 0 0;
v0x7bf19bac0_0 .net "prog_empty", 0 0, L_0x7bee5c960;  1 drivers
v0x7bf19bb60_0 .net "prog_full", 0 0, L_0x7bee5c8c0;  1 drivers
v0x7bf19bc00_0 .net "rd_clk", 0 0, v0x7bf1b50e0_0;  alias, 1 drivers
v0x7bf19bca0_0 .net "rd_data_count", 5 0, L_0x7bee4d360;  alias, 1 drivers
v0x7bf19bd40_0 .net "rd_en", 0 0, L_0x7bf1c8f50;  alias, 1 drivers
v0x7bf19bde0_0 .net "rd_rst_busy", 0 0, L_0x7bec27b10;  1 drivers
v0x7bf19be80_0 .var "rd_rst_busy_r", 0 0;
v0x7bf19bf20_0 .var/i "rptr", 31 0;
v0x7bf19c000_0 .net "rst", 0 0, L_0x7bf1c8fc0;  1 drivers
L_0x7be87e628 .functor BUFT 1, C4<0>, C4<0>, C4<0>, C4<0>;
v0x7bf19c0a0_0 .net "underflow", 0 0, L_0x7be87e628;  1 drivers
v0x7bf19c140_0 .var "wack_r", 0 0;
v0x7bf19c1e0_0 .var/i "wptr", 31 0;
v0x7bf19c280_0 .net "wr_ack", 0 0, L_0x7bec27b80;  1 drivers
v0x7bf19c320_0 .net "wr_clk", 0 0, v0x7bf1afca0_0;  alias, 1 drivers
v0x7bf19c3c0_0 .net "wr_data_count", 5 0, L_0x7bee4d400;  1 drivers
v0x7bf19c460_0 .net "wr_en", 0 0, v0x7bf1a21c0_0;  1 drivers
v0x7bf19c500_0 .net "wr_rst_busy", 0 0, L_0x7bec27aa0;  1 drivers
v0x7bf19c5a0_0 .var "wr_rst_busy_r", 0 0;
E_0x7bee13100 .event posedge, v0x7bf19bc00_0;
L_0x7bee5c5a0 .cmp/gt.s 32, v0x7bf19b8e0_0, L_0x7be87e508;
L_0x7bf1bf3e0 .array/port v0x7bf19b840, v0x7bf19bf20_0;
L_0x7bee4d2c0 .functor MUXZ 32, L_0x7be87e550, L_0x7bf1bf3e0, L_0x7bee5c5a0, C4<>;
L_0x7bee5c640 .cmp/ge.s 32, v0x7bf19b8e0_0, L_0x7be87e598;
L_0x7bee5c6e0 .cmp/ge.s 32, L_0x7be87e5e0, v0x7bf19b8e0_0;
L_0x7bee5c780 .cmp/ge.s 32, v0x7bf19b8e0_0, L_0x7be87e670;
L_0x7bee5c820 .cmp/ge.s 32, L_0x7be87e6b8, v0x7bf19b8e0_0;
L_0x7bee5c8c0 .cmp/ge.s 32, v0x7bf19b8e0_0, L_0x7be87e700;
L_0x7bee5c960 .cmp/ge.s 32, L_0x7be87e748, v0x7bf19b8e0_0;
L_0x7bee5ca00 .cmp/gt.s 32, v0x7bf19b8e0_0, L_0x7be87e790;
L_0x7bee5caa0 .part v0x7bf19b8e0_0, 0, 6;
L_0x7bee4d360 .functor MUXZ 6, L_0x7be87e7d8, L_0x7bee5caa0, L_0x7bee5ca00, C4<>;
L_0x7bee5cb40 .cmp/gt.s 32, v0x7bf19b8e0_0, L_0x7be87e820;
L_0x7bee5cbe0 .part v0x7bf19b8e0_0, 0, 6;
L_0x7bee4d400 .functor MUXZ 6, L_0x7be87e868, L_0x7bee5cbe0, L_0x7bee5cb40, C4<>;
S_0x7bee32e80 .scope module, "u_feat_fifo" "xpm_fifo_async" 4 153, 7 21 0, S_0x10309c060;
 .timescale -9 -12;
    .port_info 0 /INPUT 1 "wr_clk";
    .port_info 1 /INPUT 1 "rst";
    .port_info 2 /INPUT 1 "wr_en";
    .port_info 3 /INPUT 32 "din";
    .port_info 4 /OUTPUT 1 "full";
    .port_info 5 /OUTPUT 1 "wr_rst_busy";
    .port_info 6 /OUTPUT 7 "wr_data_count";
    .port_info 7 /OUTPUT 1 "wr_ack";
    .port_info 8 /OUTPUT 1 "overflow";
    .port_info 9 /OUTPUT 1 "almost_full";
    .port_info 10 /OUTPUT 1 "prog_full";
    .port_info 11 /INPUT 1 "rd_clk";
    .port_info 12 /INPUT 1 "rd_en";
    .port_info 13 /OUTPUT 32 "dout";
    .port_info 14 /OUTPUT 1 "empty";
    .port_info 15 /OUTPUT 1 "rd_rst_busy";
    .port_info 16 /OUTPUT 7 "rd_data_count";
    .port_info 17 /OUTPUT 1 "underflow";
    .port_info 18 /OUTPUT 1 "almost_empty";
    .port_info 19 /OUTPUT 1 "prog_empty";
P_0x1030a7340 .param/str "ECC_MODE" 0 7 31, "no_ecc";
P_0x1030a7380 .param/str "FIFO_MEMORY_TYPE" 0 7 22, "distributed";
P_0x1030a73c0 .param/l "FIFO_READ_LATENCY" 0 7 29, +C4<00000000000000000000000000000001>;
P_0x1030a7400 .param/l "FIFO_WRITE_DEPTH" 0 7 23, +C4<00000000000000000000000001000000>;
P_0x1030a7440 .param/l "RD_DATA_COUNT_WIDTH" 0 7 27, +C4<00000000000000000000000000000111>;
P_0x1030a7480 .param/l "READ_DATA_WIDTH" 0 7 25, +C4<00000000000000000000000000100000>;
P_0x1030a74c0 .param/str "READ_MODE" 0 7 30, "fwft";
P_0x1030a7500 .param/l "RELATED_CLOCKS" 0 7 28, +C4<00000000000000000000000000000000>;
P_0x1030a7540 .param/l "SIM_ASSERT_CHK" 0 7 32, +C4<00000000000000000000000000000000>;
P_0x1030a7580 .param/l "WAKEUP_TIME" 0 7 33, +C4<00000000000000000000000000000000>;
P_0x1030a75c0 .param/l "WRITE_DATA_WIDTH" 0 7 24, +C4<00000000000000000000000000100000>;
P_0x1030a7600 .param/l "WR_DATA_COUNT_WIDTH" 0 7 26, +C4<00000000000000000000000000000111>;
L_0x7bec278e0 .functor BUFZ 1, v0x7bf19e260_0, C4<0>, C4<0>, C4<0>;
L_0x7bec27950 .functor BUFZ 1, v0x7bf19db80_0, C4<0>, C4<0>, C4<0>;
L_0x7bec279c0 .functor BUFZ 1, v0x7bf19de00_0, C4<0>, C4<0>, C4<0>;
L_0x7bec27a30 .functor BUFZ 1, v0x7bf19d720_0, C4<0>, C4<0>, C4<0>;
L_0x7be87e118 .functor BUFT 1, C4<00000000000000000000000000000000>, C4<0>, C4<0>, C4<0>;
v0x7bf19c640_0 .net/2s *"_ivl_0", 31 0, L_0x7be87e118;  1 drivers
L_0x7be87e1a8 .functor BUFT 1, C4<00000000000000000000000001000000>, C4<0>, C4<0>, C4<0>;
v0x7bf19c6e0_0 .net/2s *"_ivl_10", 31 0, L_0x7be87e1a8;  1 drivers
L_0x7be87e1f0 .functor BUFT 1, C4<00000000000000000000000000000000>, C4<0>, C4<0>, C4<0>;
v0x7bf19c780_0 .net/2s *"_ivl_14", 31 0, L_0x7be87e1f0;  1 drivers
v0x7bf19c820_0 .net *"_ivl_2", 0 0, L_0x7bee53d40;  1 drivers
L_0x7be87e280 .functor BUFT 1, C4<00000000000000000000000000111111>, C4<0>, C4<0>, C4<0>;
v0x7bf19c8c0_0 .net/2s *"_ivl_28", 31 0, L_0x7be87e280;  1 drivers
L_0x7be87e2c8 .functor BUFT 1, C4<00000000000000000000000000000001>, C4<0>, C4<0>, C4<0>;
v0x7bf19c960_0 .net/2s *"_ivl_32", 31 0, L_0x7be87e2c8;  1 drivers
L_0x7be87e310 .functor BUFT 1, C4<00000000000000000000000001000000>, C4<0>, C4<0>, C4<0>;
v0x7bf19ca00_0 .net/2s *"_ivl_36", 31 0, L_0x7be87e310;  1 drivers
v0x7bf19caa0_0 .net *"_ivl_4", 31 0, L_0x7bf1bf340;  1 drivers
L_0x7be87e358 .functor BUFT 1, C4<00000000000000000000000000000000>, C4<0>, C4<0>, C4<0>;
v0x7bf19cb40_0 .net/2s *"_ivl_40", 31 0, L_0x7be87e358;  1 drivers
L_0x7be87e3a0 .functor BUFT 1, C4<00000000000000000000000000000000>, C4<0>, C4<0>, C4<0>;
v0x7bf19cbe0_0 .net/2s *"_ivl_44", 31 0, L_0x7be87e3a0;  1 drivers
v0x7bf19cc80_0 .net *"_ivl_46", 0 0, L_0x7bee5c1e0;  1 drivers
v0x7bf19cd20_0 .net *"_ivl_49", 6 0, L_0x7bee5c280;  1 drivers
L_0x7be87e3e8 .functor BUFT 1, C4<0000000>, C4<0>, C4<0>, C4<0>;
v0x7bf19cdc0_0 .net/2u *"_ivl_50", 6 0, L_0x7be87e3e8;  1 drivers
L_0x7be87e430 .functor BUFT 1, C4<00000000000000000000000000000000>, C4<0>, C4<0>, C4<0>;
v0x7bf19ce60_0 .net/2s *"_ivl_54", 31 0, L_0x7be87e430;  1 drivers
v0x7bf19cf00_0 .net *"_ivl_56", 0 0, L_0x7bee5c320;  1 drivers
v0x7bf19cfa0_0 .net *"_ivl_59", 6 0, L_0x7bee5c3c0;  1 drivers
L_0x7be87e160 .functor BUFT 1, C4<00000000000000000000000000000000>, C4<0>, C4<0>, C4<0>;
v0x7bf19d040_0 .net/2u *"_ivl_6", 31 0, L_0x7be87e160;  1 drivers
L_0x7be87e478 .functor BUFT 1, C4<0000000>, C4<0>, C4<0>, C4<0>;
v0x7bf19d0e0_0 .net/2u *"_ivl_60", 6 0, L_0x7be87e478;  1 drivers
v0x7bf19d180_0 .net "almost_empty", 0 0, L_0x7bee5c000;  1 drivers
v0x7bf19d220_0 .net "almost_full", 0 0, L_0x7bee53f20;  1 drivers
v0x7bf19d2c0_0 .net "din", 31 0, v0x7bf1b5a40_0;  alias, 1 drivers
v0x7bf19d360_0 .net "dout", 31 0, L_0x7bee4d0e0;  alias, 1 drivers
v0x7bf19d400_0 .net "empty", 0 0, L_0x7bee53e80;  alias, 1 drivers
v0x7bf19d4a0_0 .net "full", 0 0, L_0x7bee53de0;  alias, 1 drivers
v0x7bf19d540 .array "mem", 63 0, 31 0;
v0x7bf19d5e0_0 .var/i "occupy", 31 0;
v0x7bf19d680_0 .net "overflow", 0 0, L_0x7bec27a30;  1 drivers
v0x7bf19d720_0 .var "ovf_r", 0 0;
v0x7bf19d7c0_0 .net "prog_empty", 0 0, L_0x7bee5c140;  1 drivers
v0x7bf19d860_0 .net "prog_full", 0 0, L_0x7bee5c0a0;  1 drivers
v0x7bf19d900_0 .net "rd_clk", 0 0, v0x7bf1afca0_0;  alias, 1 drivers
v0x7bf19d9a0_0 .net "rd_data_count", 6 0, L_0x7bee4d180;  1 drivers
v0x7bf19da40_0 .net "rd_en", 0 0, v0x7bf1a2ee0_0;  1 drivers
v0x7bf19dae0_0 .net "rd_rst_busy", 0 0, L_0x7bec27950;  1 drivers
v0x7bf19db80_0 .var "rd_rst_busy_r", 0 0;
v0x7bf19dc20_0 .var/i "rptr", 31 0;
v0x7bf19dcc0_0 .net "rst", 0 0, L_0x7bf1c8ee0;  1 drivers
L_0x7be87e238 .functor BUFT 1, C4<0>, C4<0>, C4<0>, C4<0>;
v0x7bf19dd60_0 .net "underflow", 0 0, L_0x7be87e238;  1 drivers
v0x7bf19de00_0 .var "wack_r", 0 0;
v0x7bf19dea0_0 .var/i "wptr", 31 0;
v0x7bf19df40_0 .net "wr_ack", 0 0, L_0x7bec279c0;  1 drivers
v0x7bf19dfe0_0 .net "wr_clk", 0 0, v0x7bf1b50e0_0;  alias, 1 drivers
v0x7bf19e080_0 .net "wr_data_count", 6 0, L_0x7bee4d220;  1 drivers
v0x7bf19e120_0 .net "wr_en", 0 0, L_0x7bf1c8e70;  alias, 1 drivers
v0x7bf19e1c0_0 .net "wr_rst_busy", 0 0, L_0x7bec278e0;  1 drivers
v0x7bf19e260_0 .var "wr_rst_busy_r", 0 0;
L_0x7bee53d40 .cmp/gt.s 32, v0x7bf19d5e0_0, L_0x7be87e118;
L_0x7bf1bf340 .array/port v0x7bf19d540, v0x7bf19dc20_0;
L_0x7bee4d0e0 .functor MUXZ 32, L_0x7be87e160, L_0x7bf1bf340, L_0x7bee53d40, C4<>;
L_0x7bee53de0 .cmp/ge.s 32, v0x7bf19d5e0_0, L_0x7be87e1a8;
L_0x7bee53e80 .cmp/ge.s 32, L_0x7be87e1f0, v0x7bf19d5e0_0;
L_0x7bee53f20 .cmp/ge.s 32, v0x7bf19d5e0_0, L_0x7be87e280;
L_0x7bee5c000 .cmp/ge.s 32, L_0x7be87e2c8, v0x7bf19d5e0_0;
L_0x7bee5c0a0 .cmp/ge.s 32, v0x7bf19d5e0_0, L_0x7be87e310;
L_0x7bee5c140 .cmp/ge.s 32, L_0x7be87e358, v0x7bf19d5e0_0;
L_0x7bee5c1e0 .cmp/gt.s 32, v0x7bf19d5e0_0, L_0x7be87e3a0;
L_0x7bee5c280 .part v0x7bf19d5e0_0, 0, 7;
L_0x7bee4d180 .functor MUXZ 7, L_0x7be87e3e8, L_0x7bee5c280, L_0x7bee5c1e0, C4<>;
L_0x7bee5c320 .cmp/gt.s 32, v0x7bf19d5e0_0, L_0x7be87e430;
L_0x7bee5c3c0 .part v0x7bf19d5e0_0, 0, 7;
L_0x7bee4d220 .functor MUXZ 7, L_0x7be87e478, L_0x7bee5c3c0, L_0x7bee5c320, C4<>;
S_0x7bee33000 .scope task, "fill_mem" "fill_mem" 3 171, 3 171 0, S_0x10309bda0;
 .timescale -9 -12;
v0x7bf1a70c0_0 .var/i "i", 31 0;
v0x7bf1a7160_0 .var/i "zero_avoid", 31 0;
TD_tb_sbm_alg11_accum.fill_mem ;
    %pushi/vec4 48879, 0, 16;
    %store/vec4 v0x7bf1b4500_0, 0, 16;
    %pushi/vec4 0, 0, 32;
    %store/vec4 v0x7bf1a70c0_0, 0, 32;
T_0.0 ; Top of for-loop
    %load/vec4 v0x7bf1a70c0_0;
    %pad/s 160;
    %cmpi/s 32768, 0, 160;
	  %jmp/0xz T_0.1, 5;
    %load/vec4 v0x7bf1b4500_0;
    %parti/s 15, 0, 2;
    %load/vec4 v0x7bf1b4500_0;
    %parti/s 1, 15, 5;
    %load/vec4 v0x7bf1b4500_0;
    %parti/s 1, 13, 5;
    %xor;
    %load/vec4 v0x7bf1b4500_0;
    %parti/s 1, 12, 5;
    %xor;
    %load/vec4 v0x7bf1b4500_0;
    %parti/s 1, 10, 5;
    %xor;
    %concat/vec4; draw_concat_vec4
    %store/vec4 v0x7bf1b4500_0, 0, 16;
    %load/vec4 v0x7bf1a7160_0;
    %cmpi/ne 0, 0, 32;
    %flag_mov 8, 4;
    %jmp/0 T_0.3, 8;
    %load/vec4 v0x7bf1b4500_0;
    %parti/s 8, 0, 2;
    %pushi/vec4 1, 0, 8;
    %or;
    %jmp/1 T_0.4, 8;
T_0.3 ; End of true expr.
    %load/vec4 v0x7bf1b4500_0;
    %parti/s 8, 0, 2;
    %jmp/0 T_0.4, 8;
 ; End of false expr.
    %blend;
T_0.4;
    %ix/getv/s 4, v0x7bf1a70c0_0;
    %store/vec4a v0x7bf1b4fa0, 4, 0;
T_0.2 ; for-loop step statement
    %load/vec4 v0x7bf1a70c0_0;
    %addi 1, 0, 32;
    %store/vec4 v0x7bf1a70c0_0, 0, 32;
    %jmp T_0.0;
T_0.1 ; for-loop exit label
    %end;
S_0x7bee33180 .scope generate, "gen_rdata[0]" "gen_rdata[0]" 3 52, 3 52 0, S_0x10309bda0;
 .timescale -9 -12;
P_0x7bedfce00 .param/l "bb" 1 3 52, +C4<00>;
L_0x7bec25d50 .functor BUFZ 8, L_0x7bf10b520, C4<00000000>, C4<00000000>, C4<00000000>;
v0x7bf1a7200_0 .net *"_ivl_0", 7 0, L_0x7bf10b520;  1 drivers
v0x7bf1a72a0_0 .net *"_ivl_11", 7 0, L_0x7bec25d50;  1 drivers
v0x7bf1a7340_0 .net *"_ivl_2", 33 0, L_0x7bf10b5c0;  1 drivers
L_0x7be878010 .functor BUFT 1, C4<00>, C4<0>, C4<0>, C4<0>;
v0x7bf1a73e0_0 .net *"_ivl_5", 1 0, L_0x7be878010;  1 drivers
L_0x7be878058 .functor BUFT 1, C4<1111111000000000000000000000000000>, C4<0>, C4<0>, C4<0>;
v0x7bf1a7480_0 .net/2u *"_ivl_6", 33 0, L_0x7be878058;  1 drivers
v0x7bf1a7520_0 .net *"_ivl_8", 33 0, L_0x7bf10aa80;  1 drivers
L_0x7bf10b520 .array/port v0x7bf1b4fa0, L_0x7bf10aa80;
L_0x7bf10b5c0 .concat [ 32 2 0 0], v0x7bf1b4d20_0, L_0x7be878010;
L_0x7bf10aa80 .arith/sum 34, L_0x7bf10b5c0, L_0x7be878058;
S_0x7bee33300 .scope generate, "gen_rdata[1]" "gen_rdata[1]" 3 52, 3 52 0, S_0x10309bda0;
 .timescale -9 -12;
P_0x7bec74040 .param/l "bb" 1 3 52, +C4<01>;
L_0x7bec25dc0 .functor BUFZ 8, L_0x7bf10ab20, C4<00000000>, C4<00000000>, C4<00000000>;
v0x7bf1a75c0_0 .net *"_ivl_0", 7 0, L_0x7bf10ab20;  1 drivers
v0x7bf1a7660_0 .net *"_ivl_11", 7 0, L_0x7bec25dc0;  1 drivers
v0x7bf1a7700_0 .net *"_ivl_2", 33 0, L_0x7bf10abc0;  1 drivers
L_0x7be8780a0 .functor BUFT 1, C4<00>, C4<0>, C4<0>, C4<0>;
v0x7bf1a77a0_0 .net *"_ivl_5", 1 0, L_0x7be8780a0;  1 drivers
L_0x7be8780e8 .functor BUFT 1, C4<1111111000000000000000000000000001>, C4<0>, C4<0>, C4<0>;
v0x7bf1a7840_0 .net/2u *"_ivl_6", 33 0, L_0x7be8780e8;  1 drivers
v0x7bf1a78e0_0 .net *"_ivl_8", 33 0, L_0x7bf10ac60;  1 drivers
L_0x7bf10ab20 .array/port v0x7bf1b4fa0, L_0x7bf10ac60;
L_0x7bf10abc0 .concat [ 32 2 0 0], v0x7bf1b4d20_0, L_0x7be8780a0;
L_0x7bf10ac60 .arith/sum 34, L_0x7bf10abc0, L_0x7be8780e8;
S_0x7bee33480 .scope generate, "gen_rdata[2]" "gen_rdata[2]" 3 52, 3 52 0, S_0x10309bda0;
 .timescale -9 -12;
P_0x7bedfce40 .param/l "bb" 1 3 52, +C4<010>;
L_0x7bec25e30 .functor BUFZ 8, L_0x7bf10ad00, C4<00000000>, C4<00000000>, C4<00000000>;
v0x7bf1a7980_0 .net *"_ivl_0", 7 0, L_0x7bf10ad00;  1 drivers
v0x7bf1a7a20_0 .net *"_ivl_11", 7 0, L_0x7bec25e30;  1 drivers
v0x7bf1a7ac0_0 .net *"_ivl_2", 33 0, L_0x7bf10ada0;  1 drivers
L_0x7be878130 .functor BUFT 1, C4<00>, C4<0>, C4<0>, C4<0>;
v0x7bf1a7b60_0 .net *"_ivl_5", 1 0, L_0x7be878130;  1 drivers
L_0x7be878178 .functor BUFT 1, C4<1111111000000000000000000000000010>, C4<0>, C4<0>, C4<0>;
v0x7bf1a7c00_0 .net/2u *"_ivl_6", 33 0, L_0x7be878178;  1 drivers
v0x7bf1a7ca0_0 .net *"_ivl_8", 33 0, L_0x7bf10ae40;  1 drivers
L_0x7bf10ad00 .array/port v0x7bf1b4fa0, L_0x7bf10ae40;
L_0x7bf10ada0 .concat [ 32 2 0 0], v0x7bf1b4d20_0, L_0x7be878130;
L_0x7bf10ae40 .arith/sum 34, L_0x7bf10ada0, L_0x7be878178;
S_0x7bee33600 .scope generate, "gen_rdata[3]" "gen_rdata[3]" 3 52, 3 52 0, S_0x10309bda0;
 .timescale -9 -12;
P_0x7bedfcdc0 .param/l "bb" 1 3 52, +C4<011>;
L_0x7bec25ea0 .functor BUFZ 8, L_0x7bf10aee0, C4<00000000>, C4<00000000>, C4<00000000>;
v0x7bf1a7d40_0 .net *"_ivl_0", 7 0, L_0x7bf10aee0;  1 drivers
v0x7bf1a7de0_0 .net *"_ivl_11", 7 0, L_0x7bec25ea0;  1 drivers
v0x7bf1a7e80_0 .net *"_ivl_2", 33 0, L_0x7bf10b020;  1 drivers
L_0x7be8781c0 .functor BUFT 1, C4<00>, C4<0>, C4<0>, C4<0>;
v0x7bf1a7f20_0 .net *"_ivl_5", 1 0, L_0x7be8781c0;  1 drivers
L_0x7be878208 .functor BUFT 1, C4<1111111000000000000000000000000011>, C4<0>, C4<0>, C4<0>;
v0x7bf1a8000_0 .net/2u *"_ivl_6", 33 0, L_0x7be878208;  1 drivers
v0x7bf1a80a0_0 .net *"_ivl_8", 33 0, L_0x7bf10b0c0;  1 drivers
L_0x7bf10aee0 .array/port v0x7bf1b4fa0, L_0x7bf10b0c0;
L_0x7bf10b020 .concat [ 32 2 0 0], v0x7bf1b4d20_0, L_0x7be8781c0;
L_0x7bf10b0c0 .arith/sum 34, L_0x7bf10b020, L_0x7be878208;
S_0x7bee33780 .scope generate, "gen_rdata[4]" "gen_rdata[4]" 3 52, 3 52 0, S_0x10309bda0;
 .timescale -9 -12;
P_0x7bedfcd80 .param/l "bb" 1 3 52, +C4<0100>;
L_0x7bec25f10 .functor BUFZ 8, L_0x7bf10b200, C4<00000000>, C4<00000000>, C4<00000000>;
v0x7bf1a8140_0 .net *"_ivl_0", 7 0, L_0x7bf10b200;  1 drivers
v0x7bf1a81e0_0 .net *"_ivl_11", 7 0, L_0x7bec25f10;  1 drivers
v0x7bf1a8280_0 .net *"_ivl_2", 33 0, L_0x7bf10b2a0;  1 drivers
L_0x7be878250 .functor BUFT 1, C4<00>, C4<0>, C4<0>, C4<0>;
v0x7bf1a8320_0 .net *"_ivl_5", 1 0, L_0x7be878250;  1 drivers
L_0x7be878298 .functor BUFT 1, C4<1111111000000000000000000000000100>, C4<0>, C4<0>, C4<0>;
v0x7bf1a83c0_0 .net/2u *"_ivl_6", 33 0, L_0x7be878298;  1 drivers
v0x7bf1a8460_0 .net *"_ivl_8", 33 0, L_0x7bf10b340;  1 drivers
L_0x7bf10b200 .array/port v0x7bf1b4fa0, L_0x7bf10b340;
L_0x7bf10b2a0 .concat [ 32 2 0 0], v0x7bf1b4d20_0, L_0x7be878250;
L_0x7bf10b340 .arith/sum 34, L_0x7bf10b2a0, L_0x7be878298;
S_0x7bee33900 .scope generate, "gen_rdata[5]" "gen_rdata[5]" 3 52, 3 52 0, S_0x10309bda0;
 .timescale -9 -12;
P_0x7bedfcd00 .param/l "bb" 1 3 52, +C4<0101>;
L_0x7bec25f80 .functor BUFZ 8, L_0x7bf10b3e0, C4<00000000>, C4<00000000>, C4<00000000>;
v0x7bf1a8500_0 .net *"_ivl_0", 7 0, L_0x7bf10b3e0;  1 drivers
v0x7bf1a85a0_0 .net *"_ivl_11", 7 0, L_0x7bec25f80;  1 drivers
v0x7bf1a8640_0 .net *"_ivl_2", 33 0, L_0x7bf109ea0;  1 drivers
L_0x7be8782e0 .functor BUFT 1, C4<00>, C4<0>, C4<0>, C4<0>;
v0x7bf1a86e0_0 .net *"_ivl_5", 1 0, L_0x7be8782e0;  1 drivers
L_0x7be878328 .functor BUFT 1, C4<1111111000000000000000000000000101>, C4<0>, C4<0>, C4<0>;
v0x7bf1a8780_0 .net/2u *"_ivl_6", 33 0, L_0x7be878328;  1 drivers
v0x7bf1a8820_0 .net *"_ivl_8", 33 0, L_0x7bf109f40;  1 drivers
L_0x7bf10b3e0 .array/port v0x7bf1b4fa0, L_0x7bf109f40;
L_0x7bf109ea0 .concat [ 32 2 0 0], v0x7bf1b4d20_0, L_0x7be8782e0;
L_0x7bf109f40 .arith/sum 34, L_0x7bf109ea0, L_0x7be878328;
S_0x7bee33a80 .scope generate, "gen_rdata[6]" "gen_rdata[6]" 3 52, 3 52 0, S_0x10309bda0;
 .timescale -9 -12;
P_0x7bedfccc0 .param/l "bb" 1 3 52, +C4<0110>;
L_0x7bec25ff0 .functor BUFZ 8, L_0x7bf109fe0, C4<00000000>, C4<00000000>, C4<00000000>;
v0x7bf1a88c0_0 .net *"_ivl_0", 7 0, L_0x7bf109fe0;  1 drivers
v0x7bf1a8960_0 .net *"_ivl_11", 7 0, L_0x7bec25ff0;  1 drivers
v0x7bf1a8a00_0 .net *"_ivl_2", 33 0, L_0x7bf10a080;  1 drivers
L_0x7be878370 .functor BUFT 1, C4<00>, C4<0>, C4<0>, C4<0>;
v0x7bf1a8aa0_0 .net *"_ivl_5", 1 0, L_0x7be878370;  1 drivers
L_0x7be8783b8 .functor BUFT 1, C4<1111111000000000000000000000000110>, C4<0>, C4<0>, C4<0>;
v0x7bf1a8b40_0 .net/2u *"_ivl_6", 33 0, L_0x7be8783b8;  1 drivers
v0x7bf1a8be0_0 .net *"_ivl_8", 33 0, L_0x7bf10a260;  1 drivers
L_0x7bf109fe0 .array/port v0x7bf1b4fa0, L_0x7bf10a260;
L_0x7bf10a080 .concat [ 32 2 0 0], v0x7bf1b4d20_0, L_0x7be878370;
L_0x7bf10a260 .arith/sum 34, L_0x7bf10a080, L_0x7be8783b8;
S_0x7bee33c00 .scope generate, "gen_rdata[7]" "gen_rdata[7]" 3 52, 3 52 0, S_0x10309bda0;
 .timescale -9 -12;
P_0x7bedfcc80 .param/l "bb" 1 3 52, +C4<0111>;
L_0x7bec26060 .functor BUFZ 8, L_0x7bf10a300, C4<00000000>, C4<00000000>, C4<00000000>;
v0x7bf1a8c80_0 .net *"_ivl_0", 7 0, L_0x7bf10a300;  1 drivers
v0x7bf1a8d20_0 .net *"_ivl_11", 7 0, L_0x7bec26060;  1 drivers
v0x7bf1a8dc0_0 .net *"_ivl_2", 33 0, L_0x7bf10a3a0;  1 drivers
L_0x7be878400 .functor BUFT 1, C4<00>, C4<0>, C4<0>, C4<0>;
v0x7bf1a8e60_0 .net *"_ivl_5", 1 0, L_0x7be878400;  1 drivers
L_0x7be878448 .functor BUFT 1, C4<1111111000000000000000000000000111>, C4<0>, C4<0>, C4<0>;
v0x7bf1a8f00_0 .net/2u *"_ivl_6", 33 0, L_0x7be878448;  1 drivers
v0x7bf1a8fa0_0 .net *"_ivl_8", 33 0, L_0x7bf108e60;  1 drivers
L_0x7bf10a300 .array/port v0x7bf1b4fa0, L_0x7bf108e60;
L_0x7bf10a3a0 .concat [ 32 2 0 0], v0x7bf1b4d20_0, L_0x7be878400;
L_0x7bf108e60 .arith/sum 34, L_0x7bf10a3a0, L_0x7be878448;
S_0x7bee33d80 .scope generate, "gen_rdata[8]" "gen_rdata[8]" 3 52, 3 52 0, S_0x10309bda0;
 .timescale -9 -12;
P_0x7bedfcc40 .param/l "bb" 1 3 52, +C4<01000>;
L_0x7bec260d0 .functor BUFZ 8, L_0x7bf108f00, C4<00000000>, C4<00000000>, C4<00000000>;
v0x7bf1a9040_0 .net *"_ivl_0", 7 0, L_0x7bf108f00;  1 drivers
v0x7bf1a90e0_0 .net *"_ivl_11", 7 0, L_0x7bec260d0;  1 drivers
v0x7bf1a9180_0 .net *"_ivl_2", 33 0, L_0x7bf108fa0;  1 drivers
L_0x7be878490 .functor BUFT 1, C4<00>, C4<0>, C4<0>, C4<0>;
v0x7bf1a9220_0 .net *"_ivl_5", 1 0, L_0x7be878490;  1 drivers
L_0x7be8784d8 .functor BUFT 1, C4<1111111000000000000000000000001000>, C4<0>, C4<0>, C4<0>;
v0x7bf1a92c0_0 .net/2u *"_ivl_6", 33 0, L_0x7be8784d8;  1 drivers
v0x7bf1a9360_0 .net *"_ivl_8", 33 0, L_0x7bf109040;  1 drivers
L_0x7bf108f00 .array/port v0x7bf1b4fa0, L_0x7bf109040;
L_0x7bf108fa0 .concat [ 32 2 0 0], v0x7bf1b4d20_0, L_0x7be878490;
L_0x7bf109040 .arith/sum 34, L_0x7bf108fa0, L_0x7be8784d8;
S_0x7bee40000 .scope generate, "gen_rdata[9]" "gen_rdata[9]" 3 52, 3 52 0, S_0x10309bda0;
 .timescale -9 -12;
P_0x7bedfcfc0 .param/l "bb" 1 3 52, +C4<01001>;
L_0x7bec26140 .functor BUFZ 8, L_0x7bf1090e0, C4<00000000>, C4<00000000>, C4<00000000>;
v0x7bf1a9400_0 .net *"_ivl_0", 7 0, L_0x7bf1090e0;  1 drivers
v0x7bf1a94a0_0 .net *"_ivl_11", 7 0, L_0x7bec26140;  1 drivers
v0x7bf1a9540_0 .net *"_ivl_2", 33 0, L_0x7bf109180;  1 drivers
L_0x7be878520 .functor BUFT 1, C4<00>, C4<0>, C4<0>, C4<0>;
v0x7bf1a95e0_0 .net *"_ivl_5", 1 0, L_0x7be878520;  1 drivers
L_0x7be878568 .functor BUFT 1, C4<1111111000000000000000000000001001>, C4<0>, C4<0>, C4<0>;
v0x7bf1a9680_0 .net/2u *"_ivl_6", 33 0, L_0x7be878568;  1 drivers
v0x7bf1a9720_0 .net *"_ivl_8", 33 0, L_0x7bf109220;  1 drivers
L_0x7bf1090e0 .array/port v0x7bf1b4fa0, L_0x7bf109220;
L_0x7bf109180 .concat [ 32 2 0 0], v0x7bf1b4d20_0, L_0x7be878520;
L_0x7bf109220 .arith/sum 34, L_0x7bf109180, L_0x7be878568;
S_0x7bee40180 .scope generate, "gen_rdata[10]" "gen_rdata[10]" 3 52, 3 52 0, S_0x10309bda0;
 .timescale -9 -12;
P_0x7bedfd000 .param/l "bb" 1 3 52, +C4<01010>;
L_0x7bec261b0 .functor BUFZ 8, L_0x7bf108820, C4<00000000>, C4<00000000>, C4<00000000>;
v0x7bf1a97c0_0 .net *"_ivl_0", 7 0, L_0x7bf108820;  1 drivers
v0x7bf1a9860_0 .net *"_ivl_11", 7 0, L_0x7bec261b0;  1 drivers
v0x7bf1a9900_0 .net *"_ivl_2", 33 0, L_0x7bf1086e0;  1 drivers
L_0x7be8785b0 .functor BUFT 1, C4<00>, C4<0>, C4<0>, C4<0>;
v0x7bf1a99a0_0 .net *"_ivl_5", 1 0, L_0x7be8785b0;  1 drivers
L_0x7be8785f8 .functor BUFT 1, C4<1111111000000000000000000000001010>, C4<0>, C4<0>, C4<0>;
v0x7bf1a9a40_0 .net/2u *"_ivl_6", 33 0, L_0x7be8785f8;  1 drivers
v0x7bf1a9ae0_0 .net *"_ivl_8", 33 0, L_0x7bf10b660;  1 drivers
L_0x7bf108820 .array/port v0x7bf1b4fa0, L_0x7bf10b660;
L_0x7bf1086e0 .concat [ 32 2 0 0], v0x7bf1b4d20_0, L_0x7be8785b0;
L_0x7bf10b660 .arith/sum 34, L_0x7bf1086e0, L_0x7be8785f8;
S_0x7bee40300 .scope generate, "gen_rdata[11]" "gen_rdata[11]" 3 52, 3 52 0, S_0x10309bda0;
 .timescale -9 -12;
P_0x7bedfd040 .param/l "bb" 1 3 52, +C4<01011>;
L_0x7bec26220 .functor BUFZ 8, L_0x7bf10b700, C4<00000000>, C4<00000000>, C4<00000000>;
v0x7bf1a9b80_0 .net *"_ivl_0", 7 0, L_0x7bf10b700;  1 drivers
v0x7bf1a9c20_0 .net *"_ivl_11", 7 0, L_0x7bec26220;  1 drivers
v0x7bf1a9cc0_0 .net *"_ivl_2", 33 0, L_0x7bf10b7a0;  1 drivers
L_0x7be878640 .functor BUFT 1, C4<00>, C4<0>, C4<0>, C4<0>;
v0x7bf1a9d60_0 .net *"_ivl_5", 1 0, L_0x7be878640;  1 drivers
L_0x7be878688 .functor BUFT 1, C4<1111111000000000000000000000001011>, C4<0>, C4<0>, C4<0>;
v0x7bf1a9e00_0 .net/2u *"_ivl_6", 33 0, L_0x7be878688;  1 drivers
v0x7bf1a9ea0_0 .net *"_ivl_8", 33 0, L_0x7bf10b840;  1 drivers
L_0x7bf10b700 .array/port v0x7bf1b4fa0, L_0x7bf10b840;
L_0x7bf10b7a0 .concat [ 32 2 0 0], v0x7bf1b4d20_0, L_0x7be878640;
L_0x7bf10b840 .arith/sum 34, L_0x7bf10b7a0, L_0x7be878688;
S_0x7bee40480 .scope generate, "gen_rdata[12]" "gen_rdata[12]" 3 52, 3 52 0, S_0x10309bda0;
 .timescale -9 -12;
P_0x7bedfd080 .param/l "bb" 1 3 52, +C4<01100>;
L_0x7bec26290 .functor BUFZ 8, L_0x7bf10b8e0, C4<00000000>, C4<00000000>, C4<00000000>;
v0x7bf1a9f40_0 .net *"_ivl_0", 7 0, L_0x7bf10b8e0;  1 drivers
v0x7bf1a9fe0_0 .net *"_ivl_11", 7 0, L_0x7bec26290;  1 drivers
v0x7bf1aa080_0 .net *"_ivl_2", 33 0, L_0x7bf10b980;  1 drivers
L_0x7be8786d0 .functor BUFT 1, C4<00>, C4<0>, C4<0>, C4<0>;
v0x7bf1aa120_0 .net *"_ivl_5", 1 0, L_0x7be8786d0;  1 drivers
L_0x7be878718 .functor BUFT 1, C4<1111111000000000000000000000001100>, C4<0>, C4<0>, C4<0>;
v0x7bf1aa1c0_0 .net/2u *"_ivl_6", 33 0, L_0x7be878718;  1 drivers
v0x7bf1aa260_0 .net *"_ivl_8", 33 0, L_0x7bf10ba20;  1 drivers
L_0x7bf10b8e0 .array/port v0x7bf1b4fa0, L_0x7bf10ba20;
L_0x7bf10b980 .concat [ 32 2 0 0], v0x7bf1b4d20_0, L_0x7be8786d0;
L_0x7bf10ba20 .arith/sum 34, L_0x7bf10b980, L_0x7be878718;
S_0x7bee40600 .scope generate, "gen_rdata[13]" "gen_rdata[13]" 3 52, 3 52 0, S_0x10309bda0;
 .timescale -9 -12;
P_0x7bedfd0c0 .param/l "bb" 1 3 52, +C4<01101>;
L_0x7bec26300 .functor BUFZ 8, L_0x7bf10bac0, C4<00000000>, C4<00000000>, C4<00000000>;
v0x7bf1aa300_0 .net *"_ivl_0", 7 0, L_0x7bf10bac0;  1 drivers
v0x7bf1aa3a0_0 .net *"_ivl_11", 7 0, L_0x7bec26300;  1 drivers
v0x7bf1aa440_0 .net *"_ivl_2", 33 0, L_0x7bf10bb60;  1 drivers
L_0x7be878760 .functor BUFT 1, C4<00>, C4<0>, C4<0>, C4<0>;
v0x7bf1aa4e0_0 .net *"_ivl_5", 1 0, L_0x7be878760;  1 drivers
L_0x7be8787a8 .functor BUFT 1, C4<1111111000000000000000000000001101>, C4<0>, C4<0>, C4<0>;
v0x7bf1aa580_0 .net/2u *"_ivl_6", 33 0, L_0x7be8787a8;  1 drivers
v0x7bf1aa620_0 .net *"_ivl_8", 33 0, L_0x7bf10bc00;  1 drivers
L_0x7bf10bac0 .array/port v0x7bf1b4fa0, L_0x7bf10bc00;
L_0x7bf10bb60 .concat [ 32 2 0 0], v0x7bf1b4d20_0, L_0x7be878760;
L_0x7bf10bc00 .arith/sum 34, L_0x7bf10bb60, L_0x7be8787a8;
S_0x7bee40780 .scope generate, "gen_rdata[14]" "gen_rdata[14]" 3 52, 3 52 0, S_0x10309bda0;
 .timescale -9 -12;
P_0x7bedfd100 .param/l "bb" 1 3 52, +C4<01110>;
L_0x7bec26370 .functor BUFZ 8, L_0x7bf10bca0, C4<00000000>, C4<00000000>, C4<00000000>;
v0x7bf1aa6c0_0 .net *"_ivl_0", 7 0, L_0x7bf10bca0;  1 drivers
v0x7bf1aa760_0 .net *"_ivl_11", 7 0, L_0x7bec26370;  1 drivers
v0x7bf1aa800_0 .net *"_ivl_2", 33 0, L_0x7bf10bd40;  1 drivers
L_0x7be8787f0 .functor BUFT 1, C4<00>, C4<0>, C4<0>, C4<0>;
v0x7bf1aa8a0_0 .net *"_ivl_5", 1 0, L_0x7be8787f0;  1 drivers
L_0x7be878838 .functor BUFT 1, C4<1111111000000000000000000000001110>, C4<0>, C4<0>, C4<0>;
v0x7bf1aa940_0 .net/2u *"_ivl_6", 33 0, L_0x7be878838;  1 drivers
v0x7bf1aa9e0_0 .net *"_ivl_8", 33 0, L_0x7bf10bde0;  1 drivers
L_0x7bf10bca0 .array/port v0x7bf1b4fa0, L_0x7bf10bde0;
L_0x7bf10bd40 .concat [ 32 2 0 0], v0x7bf1b4d20_0, L_0x7be8787f0;
L_0x7bf10bde0 .arith/sum 34, L_0x7bf10bd40, L_0x7be878838;
S_0x7bee40900 .scope generate, "gen_rdata[15]" "gen_rdata[15]" 3 52, 3 52 0, S_0x10309bda0;
 .timescale -9 -12;
P_0x7bedfd140 .param/l "bb" 1 3 52, +C4<01111>;
L_0x7bec263e0 .functor BUFZ 8, L_0x7bf10be80, C4<00000000>, C4<00000000>, C4<00000000>;
v0x7bf1aaa80_0 .net *"_ivl_0", 7 0, L_0x7bf10be80;  1 drivers
v0x7bf1aab20_0 .net *"_ivl_11", 7 0, L_0x7bec263e0;  1 drivers
v0x7bf1aabc0_0 .net *"_ivl_2", 33 0, L_0x7bf10bf20;  1 drivers
L_0x7be878880 .functor BUFT 1, C4<00>, C4<0>, C4<0>, C4<0>;
v0x7bf1aac60_0 .net *"_ivl_5", 1 0, L_0x7be878880;  1 drivers
L_0x7be8788c8 .functor BUFT 1, C4<1111111000000000000000000000001111>, C4<0>, C4<0>, C4<0>;
v0x7bf1aad00_0 .net/2u *"_ivl_6", 33 0, L_0x7be8788c8;  1 drivers
v0x7bf1aada0_0 .net *"_ivl_8", 33 0, L_0x7bf0981e0;  1 drivers
L_0x7bf10be80 .array/port v0x7bf1b4fa0, L_0x7bf0981e0;
L_0x7bf10bf20 .concat [ 32 2 0 0], v0x7bf1b4d20_0, L_0x7be878880;
L_0x7bf0981e0 .arith/sum 34, L_0x7bf10bf20, L_0x7be8788c8;
S_0x7bee40a80 .scope generate, "gen_rdata[16]" "gen_rdata[16]" 3 52, 3 52 0, S_0x10309bda0;
 .timescale -9 -12;
P_0x7bedfd180 .param/l "bb" 1 3 52, +C4<010000>;
L_0x7bec26450 .functor BUFZ 8, L_0x7bf098280, C4<00000000>, C4<00000000>, C4<00000000>;
v0x7bf1aae40_0 .net *"_ivl_0", 7 0, L_0x7bf098280;  1 drivers
v0x7bf1aaee0_0 .net *"_ivl_11", 7 0, L_0x7bec26450;  1 drivers
v0x7bf1aaf80_0 .net *"_ivl_2", 33 0, L_0x7bf098320;  1 drivers
L_0x7be878910 .functor BUFT 1, C4<00>, C4<0>, C4<0>, C4<0>;
v0x7bf1ab020_0 .net *"_ivl_5", 1 0, L_0x7be878910;  1 drivers
L_0x7be878958 .functor BUFT 1, C4<1111111000000000000000000000010000>, C4<0>, C4<0>, C4<0>;
v0x7bf1ab0c0_0 .net/2u *"_ivl_6", 33 0, L_0x7be878958;  1 drivers
v0x7bf1ab160_0 .net *"_ivl_8", 33 0, L_0x7bf098000;  1 drivers
L_0x7bf098280 .array/port v0x7bf1b4fa0, L_0x7bf098000;
L_0x7bf098320 .concat [ 32 2 0 0], v0x7bf1b4d20_0, L_0x7be878910;
L_0x7bf098000 .arith/sum 34, L_0x7bf098320, L_0x7be878958;
S_0x7bee40c00 .scope generate, "gen_rdata[17]" "gen_rdata[17]" 3 52, 3 52 0, S_0x10309bda0;
 .timescale -9 -12;
P_0x7bedfd1c0 .param/l "bb" 1 3 52, +C4<010001>;
L_0x7bec264c0 .functor BUFZ 8, L_0x7bf0980a0, C4<00000000>, C4<00000000>, C4<00000000>;
v0x7bf1ab200_0 .net *"_ivl_0", 7 0, L_0x7bf0980a0;  1 drivers
v0x7bf1ab2a0_0 .net *"_ivl_11", 7 0, L_0x7bec264c0;  1 drivers
v0x7bf1ab340_0 .net *"_ivl_2", 33 0, L_0x7bf098140;  1 drivers
L_0x7be8789a0 .functor BUFT 1, C4<00>, C4<0>, C4<0>, C4<0>;
v0x7bf1ab3e0_0 .net *"_ivl_5", 1 0, L_0x7be8789a0;  1 drivers
L_0x7be8789e8 .functor BUFT 1, C4<1111111000000000000000000000010001>, C4<0>, C4<0>, C4<0>;
v0x7bf1ab480_0 .net/2u *"_ivl_6", 33 0, L_0x7be8789e8;  1 drivers
v0x7bf1ab520_0 .net *"_ivl_8", 33 0, L_0x7bf09ba20;  1 drivers
L_0x7bf0980a0 .array/port v0x7bf1b4fa0, L_0x7bf09ba20;
L_0x7bf098140 .concat [ 32 2 0 0], v0x7bf1b4d20_0, L_0x7be8789a0;
L_0x7bf09ba20 .arith/sum 34, L_0x7bf098140, L_0x7be8789e8;
S_0x7bee40d80 .scope generate, "gen_rdata[18]" "gen_rdata[18]" 3 52, 3 52 0, S_0x10309bda0;
 .timescale -9 -12;
P_0x7bedfd200 .param/l "bb" 1 3 52, +C4<010010>;
L_0x7bec26530 .functor BUFZ 8, L_0x7bf09bac0, C4<00000000>, C4<00000000>, C4<00000000>;
v0x7bf1ab5c0_0 .net *"_ivl_0", 7 0, L_0x7bf09bac0;  1 drivers
v0x7bf1ab660_0 .net *"_ivl_11", 7 0, L_0x7bec26530;  1 drivers
v0x7bf1ab700_0 .net *"_ivl_2", 33 0, L_0x7bf09bb60;  1 drivers
L_0x7be878a30 .functor BUFT 1, C4<00>, C4<0>, C4<0>, C4<0>;
v0x7bf1ab7a0_0 .net *"_ivl_5", 1 0, L_0x7be878a30;  1 drivers
L_0x7be878a78 .functor BUFT 1, C4<1111111000000000000000000000010010>, C4<0>, C4<0>, C4<0>;
v0x7bf1ab840_0 .net/2u *"_ivl_6", 33 0, L_0x7be878a78;  1 drivers
v0x7bf1ab8e0_0 .net *"_ivl_8", 33 0, L_0x7bf09bc00;  1 drivers
L_0x7bf09bac0 .array/port v0x7bf1b4fa0, L_0x7bf09bc00;
L_0x7bf09bb60 .concat [ 32 2 0 0], v0x7bf1b4d20_0, L_0x7be878a30;
L_0x7bf09bc00 .arith/sum 34, L_0x7bf09bb60, L_0x7be878a78;
S_0x7bee40f00 .scope generate, "gen_rdata[19]" "gen_rdata[19]" 3 52, 3 52 0, S_0x10309bda0;
 .timescale -9 -12;
P_0x7bedfd240 .param/l "bb" 1 3 52, +C4<010011>;
L_0x7bec265a0 .functor BUFZ 8, L_0x7bf09bca0, C4<00000000>, C4<00000000>, C4<00000000>;
v0x7bf1ab980_0 .net *"_ivl_0", 7 0, L_0x7bf09bca0;  1 drivers
v0x7bf1aba20_0 .net *"_ivl_11", 7 0, L_0x7bec265a0;  1 drivers
v0x7bf1abac0_0 .net *"_ivl_2", 33 0, L_0x7bf09bd40;  1 drivers
L_0x7be878ac0 .functor BUFT 1, C4<00>, C4<0>, C4<0>, C4<0>;
v0x7bf1abb60_0 .net *"_ivl_5", 1 0, L_0x7be878ac0;  1 drivers
L_0x7be878b08 .functor BUFT 1, C4<1111111000000000000000000000010011>, C4<0>, C4<0>, C4<0>;
v0x7bf1abc00_0 .net/2u *"_ivl_6", 33 0, L_0x7be878b08;  1 drivers
v0x7bf1abca0_0 .net *"_ivl_8", 33 0, L_0x7bf09bde0;  1 drivers
L_0x7bf09bca0 .array/port v0x7bf1b4fa0, L_0x7bf09bde0;
L_0x7bf09bd40 .concat [ 32 2 0 0], v0x7bf1b4d20_0, L_0x7be878ac0;
L_0x7bf09bde0 .arith/sum 34, L_0x7bf09bd40, L_0x7be878b08;
S_0x7bee41080 .scope generate, "gen_rdata[20]" "gen_rdata[20]" 3 52, 3 52 0, S_0x10309bda0;
 .timescale -9 -12;
P_0x7bedfd280 .param/l "bb" 1 3 52, +C4<010100>;
L_0x7bec26610 .functor BUFZ 8, L_0x7bf09b3e0, C4<00000000>, C4<00000000>, C4<00000000>;
v0x7bf1abd40_0 .net *"_ivl_0", 7 0, L_0x7bf09b3e0;  1 drivers
v0x7bf1abde0_0 .net *"_ivl_11", 7 0, L_0x7bec26610;  1 drivers
v0x7bf1abe80_0 .net *"_ivl_2", 33 0, L_0x7bf09b2a0;  1 drivers
L_0x7be878b50 .functor BUFT 1, C4<00>, C4<0>, C4<0>, C4<0>;
v0x7bf1abf20_0 .net *"_ivl_5", 1 0, L_0x7be878b50;  1 drivers
L_0x7be878b98 .functor BUFT 1, C4<1111111000000000000000000000010100>, C4<0>, C4<0>, C4<0>;
v0x7bf1ac000_0 .net/2u *"_ivl_6", 33 0, L_0x7be878b98;  1 drivers
v0x7bf1ac0a0_0 .net *"_ivl_8", 33 0, L_0x7bf09a620;  1 drivers
L_0x7bf09b3e0 .array/port v0x7bf1b4fa0, L_0x7bf09a620;
L_0x7bf09b2a0 .concat [ 32 2 0 0], v0x7bf1b4d20_0, L_0x7be878b50;
L_0x7bf09a620 .arith/sum 34, L_0x7bf09b2a0, L_0x7be878b98;
S_0x7bee41200 .scope generate, "gen_rdata[21]" "gen_rdata[21]" 3 52, 3 52 0, S_0x10309bda0;
 .timescale -9 -12;
P_0x7bedfd2c0 .param/l "bb" 1 3 52, +C4<010101>;
L_0x7bec26680 .functor BUFZ 8, L_0x7bf09a6c0, C4<00000000>, C4<00000000>, C4<00000000>;
v0x7bf1ac140_0 .net *"_ivl_0", 7 0, L_0x7bf09a6c0;  1 drivers
v0x7bf1ac1e0_0 .net *"_ivl_11", 7 0, L_0x7bec26680;  1 drivers
v0x7bf1ac280_0 .net *"_ivl_2", 33 0, L_0x7bf09a760;  1 drivers
L_0x7be878be0 .functor BUFT 1, C4<00>, C4<0>, C4<0>, C4<0>;
v0x7bf1ac320_0 .net *"_ivl_5", 1 0, L_0x7be878be0;  1 drivers
L_0x7be878c28 .functor BUFT 1, C4<1111111000000000000000000000010101>, C4<0>, C4<0>, C4<0>;
v0x7bf1ac3c0_0 .net/2u *"_ivl_6", 33 0, L_0x7be878c28;  1 drivers
v0x7bf1ac460_0 .net *"_ivl_8", 33 0, L_0x7bf09a800;  1 drivers
L_0x7bf09a6c0 .array/port v0x7bf1b4fa0, L_0x7bf09a800;
L_0x7bf09a760 .concat [ 32 2 0 0], v0x7bf1b4d20_0, L_0x7be878be0;
L_0x7bf09a800 .arith/sum 34, L_0x7bf09a760, L_0x7be878c28;
S_0x7bee41380 .scope generate, "gen_rdata[22]" "gen_rdata[22]" 3 52, 3 52 0, S_0x10309bda0;
 .timescale -9 -12;
P_0x7bedfd300 .param/l "bb" 1 3 52, +C4<010110>;
L_0x7bec266f0 .functor BUFZ 8, L_0x7bf09a8a0, C4<00000000>, C4<00000000>, C4<00000000>;
v0x7bf1ac500_0 .net *"_ivl_0", 7 0, L_0x7bf09a8a0;  1 drivers
v0x7bf1ac5a0_0 .net *"_ivl_11", 7 0, L_0x7bec266f0;  1 drivers
v0x7bf1ac640_0 .net *"_ivl_2", 33 0, L_0x7bf09a940;  1 drivers
L_0x7be878c70 .functor BUFT 1, C4<00>, C4<0>, C4<0>, C4<0>;
v0x7bf1ac6e0_0 .net *"_ivl_5", 1 0, L_0x7be878c70;  1 drivers
L_0x7be878cb8 .functor BUFT 1, C4<1111111000000000000000000000010110>, C4<0>, C4<0>, C4<0>;
v0x7bf1ac780_0 .net/2u *"_ivl_6", 33 0, L_0x7be878cb8;  1 drivers
v0x7bf1ac820_0 .net *"_ivl_8", 33 0, L_0x7bf09a9e0;  1 drivers
L_0x7bf09a8a0 .array/port v0x7bf1b4fa0, L_0x7bf09a9e0;
L_0x7bf09a940 .concat [ 32 2 0 0], v0x7bf1b4d20_0, L_0x7be878c70;
L_0x7bf09a9e0 .arith/sum 34, L_0x7bf09a940, L_0x7be878cb8;
S_0x7bee41500 .scope generate, "gen_rdata[23]" "gen_rdata[23]" 3 52, 3 52 0, S_0x10309bda0;
 .timescale -9 -12;
P_0x7bedfd340 .param/l "bb" 1 3 52, +C4<010111>;
L_0x7bec26760 .functor BUFZ 8, L_0x7bf099fe0, C4<00000000>, C4<00000000>, C4<00000000>;
v0x7bf1ac8c0_0 .net *"_ivl_0", 7 0, L_0x7bf099fe0;  1 drivers
v0x7bf1ac960_0 .net *"_ivl_11", 7 0, L_0x7bec26760;  1 drivers
v0x7bf1aca00_0 .net *"_ivl_2", 33 0, L_0x7bf099ea0;  1 drivers
L_0x7be878d00 .functor BUFT 1, C4<00>, C4<0>, C4<0>, C4<0>;
v0x7bf1acaa0_0 .net *"_ivl_5", 1 0, L_0x7be878d00;  1 drivers
L_0x7be878d48 .functor BUFT 1, C4<1111111000000000000000000000010111>, C4<0>, C4<0>, C4<0>;
v0x7bf1acb40_0 .net/2u *"_ivl_6", 33 0, L_0x7be878d48;  1 drivers
v0x7bf1acbe0_0 .net *"_ivl_8", 33 0, L_0x7bf099220;  1 drivers
L_0x7bf099fe0 .array/port v0x7bf1b4fa0, L_0x7bf099220;
L_0x7bf099ea0 .concat [ 32 2 0 0], v0x7bf1b4d20_0, L_0x7be878d00;
L_0x7bf099220 .arith/sum 34, L_0x7bf099ea0, L_0x7be878d48;
S_0x7bee41680 .scope generate, "gen_rdata[24]" "gen_rdata[24]" 3 52, 3 52 0, S_0x10309bda0;
 .timescale -9 -12;
P_0x7bedfd380 .param/l "bb" 1 3 52, +C4<011000>;
L_0x7bec267d0 .functor BUFZ 8, L_0x7bf0992c0, C4<00000000>, C4<00000000>, C4<00000000>;
v0x7bf1acc80_0 .net *"_ivl_0", 7 0, L_0x7bf0992c0;  1 drivers
v0x7bf1acd20_0 .net *"_ivl_11", 7 0, L_0x7bec267d0;  1 drivers
v0x7bf1acdc0_0 .net *"_ivl_2", 33 0, L_0x7bf099360;  1 drivers
L_0x7be878d90 .functor BUFT 1, C4<00>, C4<0>, C4<0>, C4<0>;
v0x7bf1ace60_0 .net *"_ivl_5", 1 0, L_0x7be878d90;  1 drivers
L_0x7be878dd8 .functor BUFT 1, C4<1111111000000000000000000000011000>, C4<0>, C4<0>, C4<0>;
v0x7bf1acf00_0 .net/2u *"_ivl_6", 33 0, L_0x7be878dd8;  1 drivers
v0x7bf1acfa0_0 .net *"_ivl_8", 33 0, L_0x7bf099400;  1 drivers
L_0x7bf0992c0 .array/port v0x7bf1b4fa0, L_0x7bf099400;
L_0x7bf099360 .concat [ 32 2 0 0], v0x7bf1b4d20_0, L_0x7be878d90;
L_0x7bf099400 .arith/sum 34, L_0x7bf099360, L_0x7be878dd8;
S_0x7bee41800 .scope generate, "gen_rdata[25]" "gen_rdata[25]" 3 52, 3 52 0, S_0x10309bda0;
 .timescale -9 -12;
P_0x7bedfd3c0 .param/l "bb" 1 3 52, +C4<011001>;
L_0x7bec26840 .functor BUFZ 8, L_0x7bf0994a0, C4<00000000>, C4<00000000>, C4<00000000>;
v0x7bf1ad040_0 .net *"_ivl_0", 7 0, L_0x7bf0994a0;  1 drivers
v0x7bf1ad0e0_0 .net *"_ivl_11", 7 0, L_0x7bec26840;  1 drivers
v0x7bf1ad180_0 .net *"_ivl_2", 33 0, L_0x7bf099540;  1 drivers
L_0x7be878e20 .functor BUFT 1, C4<00>, C4<0>, C4<0>, C4<0>;
v0x7bf1ad220_0 .net *"_ivl_5", 1 0, L_0x7be878e20;  1 drivers
L_0x7be878e68 .functor BUFT 1, C4<1111111000000000000000000000011001>, C4<0>, C4<0>, C4<0>;
v0x7bf1ad2c0_0 .net/2u *"_ivl_6", 33 0, L_0x7be878e68;  1 drivers
v0x7bf1ad360_0 .net *"_ivl_8", 33 0, L_0x7bf098be0;  1 drivers
L_0x7bf0994a0 .array/port v0x7bf1b4fa0, L_0x7bf098be0;
L_0x7bf099540 .concat [ 32 2 0 0], v0x7bf1b4d20_0, L_0x7be878e20;
L_0x7bf098be0 .arith/sum 34, L_0x7bf099540, L_0x7be878e68;
S_0x7bee41980 .scope generate, "gen_rdata[26]" "gen_rdata[26]" 3 52, 3 52 0, S_0x10309bda0;
 .timescale -9 -12;
P_0x7bedfd400 .param/l "bb" 1 3 52, +C4<011010>;
L_0x7bec268b0 .functor BUFZ 8, L_0x7bf1b8000, C4<00000000>, C4<00000000>, C4<00000000>;
v0x7bf1ad400_0 .net *"_ivl_0", 7 0, L_0x7bf1b8000;  1 drivers
v0x7bf1ad4a0_0 .net *"_ivl_11", 7 0, L_0x7bec268b0;  1 drivers
v0x7bf1ad540_0 .net *"_ivl_2", 33 0, L_0x7bf1b80a0;  1 drivers
L_0x7be878eb0 .functor BUFT 1, C4<00>, C4<0>, C4<0>, C4<0>;
v0x7bf1ad5e0_0 .net *"_ivl_5", 1 0, L_0x7be878eb0;  1 drivers
L_0x7be878ef8 .functor BUFT 1, C4<1111111000000000000000000000011010>, C4<0>, C4<0>, C4<0>;
v0x7bf1ad680_0 .net/2u *"_ivl_6", 33 0, L_0x7be878ef8;  1 drivers
v0x7bf1ad720_0 .net *"_ivl_8", 33 0, L_0x7bf1b8140;  1 drivers
L_0x7bf1b8000 .array/port v0x7bf1b4fa0, L_0x7bf1b8140;
L_0x7bf1b80a0 .concat [ 32 2 0 0], v0x7bf1b4d20_0, L_0x7be878eb0;
L_0x7bf1b8140 .arith/sum 34, L_0x7bf1b80a0, L_0x7be878ef8;
S_0x7bee41b00 .scope generate, "gen_rdata[27]" "gen_rdata[27]" 3 52, 3 52 0, S_0x10309bda0;
 .timescale -9 -12;
P_0x7bedfd440 .param/l "bb" 1 3 52, +C4<011011>;
L_0x7bec26920 .functor BUFZ 8, L_0x7bf1b81e0, C4<00000000>, C4<00000000>, C4<00000000>;
v0x7bf1ad7c0_0 .net *"_ivl_0", 7 0, L_0x7bf1b81e0;  1 drivers
v0x7bf1ad860_0 .net *"_ivl_11", 7 0, L_0x7bec26920;  1 drivers
v0x7bf1ad900_0 .net *"_ivl_2", 33 0, L_0x7bf1b8280;  1 drivers
L_0x7be878f40 .functor BUFT 1, C4<00>, C4<0>, C4<0>, C4<0>;
v0x7bf1ad9a0_0 .net *"_ivl_5", 1 0, L_0x7be878f40;  1 drivers
L_0x7be878f88 .functor BUFT 1, C4<1111111000000000000000000000011011>, C4<0>, C4<0>, C4<0>;
v0x7bf1ada40_0 .net/2u *"_ivl_6", 33 0, L_0x7be878f88;  1 drivers
v0x7bf1adae0_0 .net *"_ivl_8", 33 0, L_0x7bf1b8320;  1 drivers
L_0x7bf1b81e0 .array/port v0x7bf1b4fa0, L_0x7bf1b8320;
L_0x7bf1b8280 .concat [ 32 2 0 0], v0x7bf1b4d20_0, L_0x7be878f40;
L_0x7bf1b8320 .arith/sum 34, L_0x7bf1b8280, L_0x7be878f88;
S_0x7bee41c80 .scope generate, "gen_rdata[28]" "gen_rdata[28]" 3 52, 3 52 0, S_0x10309bda0;
 .timescale -9 -12;
P_0x7bedfd480 .param/l "bb" 1 3 52, +C4<011100>;
L_0x7bec26990 .functor BUFZ 8, L_0x7bf1b83c0, C4<00000000>, C4<00000000>, C4<00000000>;
v0x7bf1adb80_0 .net *"_ivl_0", 7 0, L_0x7bf1b83c0;  1 drivers
v0x7bf1adc20_0 .net *"_ivl_11", 7 0, L_0x7bec26990;  1 drivers
v0x7bf1adcc0_0 .net *"_ivl_2", 33 0, L_0x7bf1b8460;  1 drivers
L_0x7be878fd0 .functor BUFT 1, C4<00>, C4<0>, C4<0>, C4<0>;
v0x7bf1add60_0 .net *"_ivl_5", 1 0, L_0x7be878fd0;  1 drivers
L_0x7be879018 .functor BUFT 1, C4<1111111000000000000000000000011100>, C4<0>, C4<0>, C4<0>;
v0x7bf1ade00_0 .net/2u *"_ivl_6", 33 0, L_0x7be879018;  1 drivers
v0x7bf1adea0_0 .net *"_ivl_8", 33 0, L_0x7bf1b8500;  1 drivers
L_0x7bf1b83c0 .array/port v0x7bf1b4fa0, L_0x7bf1b8500;
L_0x7bf1b8460 .concat [ 32 2 0 0], v0x7bf1b4d20_0, L_0x7be878fd0;
L_0x7bf1b8500 .arith/sum 34, L_0x7bf1b8460, L_0x7be879018;
S_0x7bee41e00 .scope generate, "gen_rdata[29]" "gen_rdata[29]" 3 52, 3 52 0, S_0x10309bda0;
 .timescale -9 -12;
P_0x7bedfd4c0 .param/l "bb" 1 3 52, +C4<011101>;
L_0x7bec26a00 .functor BUFZ 8, L_0x7bf1b85a0, C4<00000000>, C4<00000000>, C4<00000000>;
v0x7bf1adf40_0 .net *"_ivl_0", 7 0, L_0x7bf1b85a0;  1 drivers
v0x7bf1adfe0_0 .net *"_ivl_11", 7 0, L_0x7bec26a00;  1 drivers
v0x7bf1ae080_0 .net *"_ivl_2", 33 0, L_0x7bf1b8640;  1 drivers
L_0x7be879060 .functor BUFT 1, C4<00>, C4<0>, C4<0>, C4<0>;
v0x7bf1ae120_0 .net *"_ivl_5", 1 0, L_0x7be879060;  1 drivers
L_0x7be8790a8 .functor BUFT 1, C4<1111111000000000000000000000011101>, C4<0>, C4<0>, C4<0>;
v0x7bf1ae1c0_0 .net/2u *"_ivl_6", 33 0, L_0x7be8790a8;  1 drivers
v0x7bf1ae260_0 .net *"_ivl_8", 33 0, L_0x7bf1b86e0;  1 drivers
L_0x7bf1b85a0 .array/port v0x7bf1b4fa0, L_0x7bf1b86e0;
L_0x7bf1b8640 .concat [ 32 2 0 0], v0x7bf1b4d20_0, L_0x7be879060;
L_0x7bf1b86e0 .arith/sum 34, L_0x7bf1b8640, L_0x7be8790a8;
S_0x7bee41f80 .scope generate, "gen_rdata[30]" "gen_rdata[30]" 3 52, 3 52 0, S_0x10309bda0;
 .timescale -9 -12;
P_0x7bedfd500 .param/l "bb" 1 3 52, +C4<011110>;
L_0x7bec26a70 .functor BUFZ 8, L_0x7bf1b8780, C4<00000000>, C4<00000000>, C4<00000000>;
v0x7bf1ae300_0 .net *"_ivl_0", 7 0, L_0x7bf1b8780;  1 drivers
v0x7bf1ae3a0_0 .net *"_ivl_11", 7 0, L_0x7bec26a70;  1 drivers
v0x7bf1ae440_0 .net *"_ivl_2", 33 0, L_0x7bf1b8820;  1 drivers
L_0x7be8790f0 .functor BUFT 1, C4<00>, C4<0>, C4<0>, C4<0>;
v0x7bf1ae4e0_0 .net *"_ivl_5", 1 0, L_0x7be8790f0;  1 drivers
L_0x7be879138 .functor BUFT 1, C4<1111111000000000000000000000011110>, C4<0>, C4<0>, C4<0>;
v0x7bf1ae580_0 .net/2u *"_ivl_6", 33 0, L_0x7be879138;  1 drivers
v0x7bf1ae620_0 .net *"_ivl_8", 33 0, L_0x7bf1b88c0;  1 drivers
L_0x7bf1b8780 .array/port v0x7bf1b4fa0, L_0x7bf1b88c0;
L_0x7bf1b8820 .concat [ 32 2 0 0], v0x7bf1b4d20_0, L_0x7be8790f0;
L_0x7bf1b88c0 .arith/sum 34, L_0x7bf1b8820, L_0x7be879138;
S_0x7bee42100 .scope generate, "gen_rdata[31]" "gen_rdata[31]" 3 52, 3 52 0, S_0x10309bda0;
 .timescale -9 -12;
P_0x7bedfd540 .param/l "bb" 1 3 52, +C4<011111>;
L_0x7bec26ae0 .functor BUFZ 8, L_0x7bf1b8a00, C4<00000000>, C4<00000000>, C4<00000000>;
v0x7bf1ae6c0_0 .net *"_ivl_0", 7 0, L_0x7bf1b8a00;  1 drivers
v0x7bf1ae760_0 .net *"_ivl_11", 7 0, L_0x7bec26ae0;  1 drivers
v0x7bf1ae800_0 .net *"_ivl_2", 33 0, L_0x7bf1b8aa0;  1 drivers
L_0x7be879180 .functor BUFT 1, C4<00>, C4<0>, C4<0>, C4<0>;
v0x7bf1ae8a0_0 .net *"_ivl_5", 1 0, L_0x7be879180;  1 drivers
L_0x7be8791c8 .functor BUFT 1, C4<1111111000000000000000000000011111>, C4<0>, C4<0>, C4<0>;
v0x7bf1ae940_0 .net/2u *"_ivl_6", 33 0, L_0x7be8791c8;  1 drivers
v0x7bf1ae9e0_0 .net *"_ivl_8", 33 0, L_0x7bf1b8b40;  1 drivers
L_0x7bf1b8a00 .array/port v0x7bf1b4fa0, L_0x7bf1b8b40;
L_0x7bf1b8aa0 .concat [ 32 2 0 0], v0x7bf1b4d20_0, L_0x7be879180;
L_0x7bf1b8b40 .arith/sum 34, L_0x7bf1b8aa0, L_0x7be8791c8;
S_0x7bee42280 .scope task, "golden_run" "golden_run" 3 75, 3 75 0, S_0x10309bda0;
 .timescale -9 -12;
v0x7bf1aec60_0 .var "acc", 7 0;
v0x7bf1aed00_0 .var/i "base", 31 0;
v0x7bf1aeda0_0 .var/i "blk", 31 0;
v0x7bf1aee40_0 .var/i "fi", 31 0;
v0x7bf1aeee0_0 .var "gx", 11 0;
v0x7bf1aef80_0 .var "gy", 11 0;
v0x7bf1af020_0 .var/i "j", 31 0;
v0x7bf1af0c0_0 .var/i "lm", 31 0;
v0x7bf1af160_0 .var/i "nfeat", 31 0;
v0x7bf1af200_0 .var/i "ori", 31 0;
v0x7bf1af2a0_0 .var/i "thr_norm", 31 0;
v0x7bf1af340_0 .var/i "tp", 31 0;
TD_tb_sbm_alg11_accum.golden_run ;
    %load/vec4 v0x7bf1af160_0;
    %store/vec4 v0x7bf1b4000_0, 0, 32;
    %load/vec4 v0x7bf1af340_0;
    %store/vec4 v0x7bf1b4280_0, 0, 32;
    %load/vec4 v0x7bf1af2a0_0;
    %load/vec4 v0x7bf1af160_0;
    %mul;
    %muli 4, 0, 32;
    %pushi/vec4 100, 0, 32;
    %div/s;
    %pad/s 9;
    %store/vec4 v0x7bf1b4140_0, 0, 9;
    %pushi/vec4 0, 0, 32;
    %store/vec4 v0x7bf1af020_0, 0, 32;
T_1.5 ; Top of for-loop
    %load/vec4 v0x7bf1af020_0;
    %pad/s 64;
    %cmpi/s 64, 0, 64;
	  %jmp/0xz T_1.6, 5;
    %pushi/vec4 0, 0, 8;
    %ix/getv/s 4, v0x7bf1af020_0;
    %store/vec4a v0x7bf1b41e0, 4, 0;
T_1.7 ; for-loop step statement
    %load/vec4 v0x7bf1af020_0;
    %addi 1, 0, 32;
    %store/vec4 v0x7bf1af020_0, 0, 32;
    %jmp T_1.5;
T_1.6 ; for-loop exit label
    %pushi/vec4 0, 0, 32;
    %store/vec4 v0x7bf1aee40_0, 0, 32;
T_1.8 ; Top of for-loop
    %load/vec4 v0x7bf1aee40_0;
    %load/vec4 v0x7bf1af160_0;
    %cmp/s;
	  %jmp/0xz T_1.9, 5;
    %ix/getv/s 4, v0x7bf1aee40_0;
    %load/vec4a v0x7bf1afde0, 4;
    %parti/s 12, 0, 2;
    %pad/u 32;
    %cmpi/u 64, 0, 32;
    %flag_inv 5; GE is !LT
    %jmp/1 T_1.13, 5;
    %flag_mov 8, 5;
    %ix/getv/s 4, v0x7bf1aee40_0;
    %load/vec4a v0x7bf1afde0, 4;
    %parti/s 12, 12, 5;
    %pad/u 32;
    %cmpi/u 64, 0, 32;
    %flag_inv 5; GE is !LT
    %flag_or 5, 8;
T_1.13;
    %jmp/0xz  T_1.11, 5;
    %jmp T_1.12;
T_1.11 ;
    %ix/getv/s 4, v0x7bf1aee40_0;
    %load/vec4a v0x7bf1afde0, 4;
    %parti/s 8, 24, 6;
    %pad/u 32;
    %store/vec4 v0x7bf1af200_0, 0, 32;
    %ix/getv/s 4, v0x7bf1aee40_0;
    %load/vec4a v0x7bf1afde0, 4;
    %parti/s 3, 12, 5;
    %pad/u 32;
    %muli 8, 0, 32;
    %ix/getv/s 4, v0x7bf1aee40_0;
    %load/vec4a v0x7bf1afde0, 4;
    %parti/s 3, 0, 2;
    %pad/u 32;
    %add;
    %store/vec4 v0x7bf1aeda0_0, 0, 32;
    %ix/getv/s 4, v0x7bf1aee40_0;
    %load/vec4a v0x7bf1afde0, 4;
    %parti/s 9, 15, 5;
    %pad/u 32;
    %muli 8, 0, 32;
    %ix/getv/s 4, v0x7bf1aee40_0;
    %load/vec4a v0x7bf1afde0, 4;
    %parti/s 9, 3, 3;
    %pad/u 32;
    %add;
    %store/vec4 v0x7bf1af0c0_0, 0, 32;
    %load/vec4 v0x7bf1af200_0;
    %pad/s 64;
    %muli 64, 0, 64;
    %load/vec4 v0x7bf1aeda0_0;
    %pad/s 64;
    %add;
    %muli 64, 0, 64;
    %load/vec4 v0x7bf1af0c0_0;
    %pad/s 64;
    %add;
    %pad/s 32;
    %store/vec4 v0x7bf1aed00_0, 0, 32;
    %pushi/vec4 0, 0, 32;
    %store/vec4 v0x7bf1af020_0, 0, 32;
T_1.14 ; Top of for-loop
    %load/vec4 v0x7bf1af020_0;
    %load/vec4 v0x7bf1af340_0;
    %cmp/s;
	  %jmp/0xz T_1.15, 5;
    %ix/getv/s 4, v0x7bf1af020_0;
    %load/vec4a v0x7bf1b41e0, 4;
    %load/vec4 v0x7bf1aed00_0;
    %load/vec4 v0x7bf1af020_0;
    %add;
    %ix/vec4/s 4;
    %load/vec4a v0x7bf1b4fa0, 4;
    %add;
    %store/vec4 v0x7bf1aec60_0, 0, 8;
    %load/vec4 v0x7bf1aec60_0;
    %ix/getv/s 4, v0x7bf1af020_0;
    %store/vec4a v0x7bf1b41e0, 4, 0;
T_1.16 ; for-loop step statement
    %load/vec4 v0x7bf1af020_0;
    %addi 1, 0, 32;
    %store/vec4 v0x7bf1af020_0, 0, 32;
    %jmp T_1.14;
T_1.15 ; for-loop exit label
T_1.12 ;
T_1.10 ; for-loop step statement
    %load/vec4 v0x7bf1aee40_0;
    %addi 1, 0, 32;
    %store/vec4 v0x7bf1aee40_0, 0, 32;
    %jmp T_1.8;
T_1.9 ; for-loop exit label
    %pushi/vec4 0, 0, 32;
    %store/vec4 v0x7bf1b40a0_0, 0, 32;
    %pushi/vec4 0, 0, 32;
    %store/vec4 v0x7bf1aff20_0, 0, 32;
    %pushi/vec4 0, 0, 32;
    %store/vec4 v0x7bf1af020_0, 0, 32;
T_1.17 ; Top of for-loop
    %load/vec4 v0x7bf1af020_0;
    %load/vec4 v0x7bf1af340_0;
    %cmp/s;
	  %jmp/0xz T_1.18, 5;
    %load/vec4 v0x7bf1af020_0;
    %pushi/vec4 8, 0, 32;
    %div/s;
    %pad/s 12;
    %store/vec4 v0x7bf1aef80_0, 0, 12;
    %load/vec4 v0x7bf1af020_0;
    %pushi/vec4 8, 0, 32;
    %mod/s;
    %pad/s 12;
    %store/vec4 v0x7bf1aeee0_0, 0, 12;
    %load/vec4 v0x7bf1b4140_0;
    %ix/getv/s 4, v0x7bf1af020_0;
    %load/vec4a v0x7bf1b41e0, 4;
    %pad/u 9;
    %cmp/u;
    %jmp/0xz  T_1.20, 5;
    %load/vec4 v0x7bf1b40a0_0;
    %cmpi/s 64, 0, 32;
    %jmp/0xz  T_1.22, 5;
    %ix/getv/s 4, v0x7bf1af020_0;
    %load/vec4a v0x7bf1b41e0, 4;
    %load/vec4 v0x7bf1aef80_0;
    %concat/vec4; draw_concat_vec4
    %load/vec4 v0x7bf1aeee0_0;
    %concat/vec4; draw_concat_vec4
    %ix/getv/s 4, v0x7bf1b40a0_0;
    %store/vec4a v0x7bf1afe80, 4, 0;
T_1.22 ;
    %load/vec4 v0x7bf1b40a0_0;
    %addi 1, 0, 32;
    %store/vec4 v0x7bf1b40a0_0, 0, 32;
T_1.20 ;
    %load/vec4 v0x7bf1aff20_0;
    %ix/getv/s 4, v0x7bf1af020_0;
    %load/vec4a v0x7bf1b41e0, 4;
    %pad/u 32;
    %cmp/u;
    %jmp/0xz  T_1.24, 5;
    %ix/getv/s 4, v0x7bf1af020_0;
    %load/vec4a v0x7bf1b41e0, 4;
    %pad/u 32;
    %store/vec4 v0x7bf1aff20_0, 0, 32;
T_1.24 ;
T_1.19 ; for-loop step statement
    %load/vec4 v0x7bf1af020_0;
    %addi 1, 0, 32;
    %store/vec4 v0x7bf1af020_0, 0, 32;
    %jmp T_1.17;
T_1.18 ; for-loop exit label
    %fork t_1, S_0x7bee42400;
    %jmp t_0;
    .scope S_0x7bee42400;
t_1 ;
    %pushi/vec4 0, 0, 32;
    %store/vec4 v0x7bf1af020_0, 0, 32;
T_1.26 ; Top of for-loop
    %load/vec4 v0x7bf1af020_0;
    %cmpi/s 32, 0, 32;
    %flag_get/vec4 5;
    %jmp/0 T_1.29, 5;
    %load/vec4 v0x7bf1af020_0;
    %load/vec4 v0x7bf1b40a0_0;
    %cmp/s;
    %flag_get/vec4 5;
    %and;
T_1.29;
    %flag_set/vec4 8;
	  %jmp/0xz T_1.27, 8;
    %load/vec4 v0x7bf1af020_0;
    %store/vec4 v0x7bf1aea80_0, 0, 32;
    %load/vec4 v0x7bf1af020_0;
    %addi 1, 0, 32;
    %store/vec4 v0x7bf1aeb20_0, 0, 32;
T_1.30 ; Top of for-loop
    %load/vec4 v0x7bf1aeb20_0;
    %load/vec4 v0x7bf1b40a0_0;
    %cmp/s;
	  %jmp/0xz T_1.31, 5;
    %ix/getv/s 4, v0x7bf1aea80_0;
    %load/vec4a v0x7bf1afe80, 4;
    %parti/s 8, 24, 6;
    %ix/getv/s 4, v0x7bf1aeb20_0;
    %load/vec4a v0x7bf1afe80, 4;
    %parti/s 8, 24, 6;
    %cmp/u;
    %jmp/0xz  T_1.33, 5;
    %load/vec4 v0x7bf1aeb20_0;
    %store/vec4 v0x7bf1aea80_0, 0, 32;
T_1.33 ;
T_1.32 ; for-loop step statement
    %load/vec4 v0x7bf1aeb20_0;
    %addi 1, 0, 32;
    %store/vec4 v0x7bf1aeb20_0, 0, 32;
    %jmp T_1.30;
T_1.31 ; for-loop exit label
    %load/vec4 v0x7bf1aea80_0;
    %load/vec4 v0x7bf1af020_0;
    %cmp/ne;
    %jmp/0xz  T_1.35, 4;
    %ix/getv/s 4, v0x7bf1af020_0;
    %load/vec4a v0x7bf1afe80, 4;
    %store/vec4 v0x7bf1aebc0_0, 0, 32;
    %ix/getv/s 4, v0x7bf1aea80_0;
    %load/vec4a v0x7bf1afe80, 4;
    %ix/getv/s 4, v0x7bf1af020_0;
    %store/vec4a v0x7bf1afe80, 4, 0;
    %load/vec4 v0x7bf1aebc0_0;
    %ix/getv/s 4, v0x7bf1aea80_0;
    %store/vec4a v0x7bf1afe80, 4, 0;
T_1.35 ;
T_1.28 ; for-loop step statement
    %load/vec4 v0x7bf1af020_0;
    %addi 1, 0, 32;
    %store/vec4 v0x7bf1af020_0, 0, 32;
    %jmp T_1.26;
T_1.27 ; for-loop exit label
    %end;
    .scope S_0x7bee42280;
t_0 %join;
    %end;
S_0x7bee42400 .scope begin, "top32_sel" "top32_sel" 3 110, 3 110 0, S_0x7bee42280;
 .timescale -9 -12;
v0x7bf1aea80_0 .var/i "best", 31 0;
v0x7bf1aeb20_0 .var/i "kk", 31 0;
v0x7bf1aebc0_0 .var "tmp", 31 0;
S_0x7bee42580 .scope task, "lite_r" "lite_r" 3 140, 3 140 0, S_0x10309bda0;
 .timescale -9 -12;
v0x7bf1af3e0_0 .var "a", 7 0;
v0x7bf1af480_0 .var "d", 31 0;
TD_tb_sbm_alg11_accum.lite_r ;
    %wait E_0x7bee13100;
    %load/vec4 v0x7bf1af3e0_0;
    %assign/vec4 v0x7bf1b5180_0, 0;
    %pushi/vec4 1, 0, 1;
    %assign/vec4 v0x7bf1b5360_0, 0;
    %pushi/vec4 1, 0, 1;
    %assign/vec4 v0x7bf1b5860_0, 0;
T_2.37 ;
    %load/vec4 v0x7bf1b59a0_0;
    %nor/r;
    %flag_set/vec4 8;
    %jmp/0xz T_2.38, 8;
    %wait E_0x7bee13100;
    %jmp T_2.37;
T_2.38 ;
    %load/vec4 v0x7bf1b57c0_0;
    %store/vec4 v0x7bf1af480_0, 0, 32;
    %pushi/vec4 0, 0, 1;
    %assign/vec4 v0x7bf1b5360_0, 0;
    %pushi/vec4 0, 0, 1;
    %assign/vec4 v0x7bf1b5860_0, 0;
    %wait E_0x7bee13100;
    %end;
S_0x7bee42700 .scope task, "lite_w" "lite_w" 3 126, 3 126 0, S_0x10309bda0;
 .timescale -9 -12;
v0x7bf1af520_0 .var "a", 7 0;
v0x7bf1af5c0_0 .var "d", 31 0;
TD_tb_sbm_alg11_accum.lite_w ;
    %wait E_0x7bee13100;
    %load/vec4 v0x7bf1af520_0;
    %assign/vec4 v0x7bf1b5400_0, 0;
    %pushi/vec4 1, 0, 1;
    %assign/vec4 v0x7bf1b5540_0, 0;
    %load/vec4 v0x7bf1af5c0_0;
    %assign/vec4 v0x7bf1b5a40_0, 0;
    %pushi/vec4 1, 0, 1;
    %assign/vec4 v0x7bf1b5c20_0, 0;
    %pushi/vec4 1, 0, 1;
    %assign/vec4 v0x7bf1b55e0_0, 0;
T_3.39 ;
    %load/vec4 v0x7bf1b5720_0;
    %nor/r;
    %flag_set/vec4 8;
    %jmp/0xz T_3.40, 8;
    %wait E_0x7bee13100;
    %jmp T_3.39;
T_3.40 ;
    %pushi/vec4 0, 0, 1;
    %assign/vec4 v0x7bf1b5540_0, 0;
    %pushi/vec4 0, 0, 1;
    %assign/vec4 v0x7bf1b5c20_0, 0;
    %pushi/vec4 0, 0, 1;
    %assign/vec4 v0x7bf1b55e0_0, 0;
    %wait E_0x7bee13100;
    %end;
S_0x7bee42880 .scope task, "run_case" "run_case" 3 188, 3 188 0, S_0x10309bda0;
 .timescale -9 -12;
v0x7bf1af660_0 .var "c", 31 0;
v0x7bf1af700_0 .var/i "cand_n", 31 0;
v0x7bf1af7a0_0 .var/i "found", 31 0;
v0x7bf1af840_0 .var/i "nfeat", 31 0;
v0x7bf1af8e0_0 .var/i "thr_norm", 31 0;
v0x7bf1af980_0 .var/i "tp", 31 0;
v0x7bf1afa20_0 .var/i "zero_avoid", 31 0;
TD_tb_sbm_alg11_accum.run_case ;
    %load/vec4 v0x7bf1afa20_0;
    %store/vec4 v0x7bf1a7160_0, 0, 32;
    %fork TD_tb_sbm_alg11_accum.fill_mem, S_0x7bee33000;
    %join;
    %load/vec4 v0x7bf1af840_0;
    %store/vec4 v0x7bf1af160_0, 0, 32;
    %load/vec4 v0x7bf1af980_0;
    %store/vec4 v0x7bf1af340_0, 0, 32;
    %load/vec4 v0x7bf1af8e0_0;
    %store/vec4 v0x7bf1af2a0_0, 0, 32;
    %fork TD_tb_sbm_alg11_accum.golden_run, S_0x7bee42280;
    %join;
    %pushi/vec4 0, 0, 32;
    %store/vec4 v0x7bf1b4320_0, 0, 32;
T_4.41 ; Top of for-loop
    %load/vec4 v0x7bf1b4320_0;
    %load/vec4 v0x7bf1af840_0;
    %cmp/s;
	  %jmp/0xz T_4.42, 5;
    %pushi/vec4 12, 0, 8;
    %store/vec4 v0x7bf1af520_0, 0, 8;
    %ix/getv/s 4, v0x7bf1b4320_0;
    %load/vec4a v0x7bf1afde0, 4;
    %store/vec4 v0x7bf1af5c0_0, 0, 32;
    %fork TD_tb_sbm_alg11_accum.lite_w, S_0x7bee42700;
    %join;
T_4.43 ; for-loop step statement
    %load/vec4 v0x7bf1b4320_0;
    %addi 1, 0, 32;
    %store/vec4 v0x7bf1b4320_0, 0, 32;
    %jmp T_4.41;
T_4.42 ; for-loop exit label
    %pushi/vec4 8, 0, 8;
    %store/vec4 v0x7bf1af520_0, 0, 8;
    %load/vec4 v0x7bf1af840_0;
    %store/vec4 v0x7bf1af5c0_0, 0, 32;
    %fork TD_tb_sbm_alg11_accum.lite_w, S_0x7bee42700;
    %join;
    %pushi/vec4 16, 0, 8;
    %store/vec4 v0x7bf1af520_0, 0, 8;
    %load/vec4 v0x7bf1af980_0;
    %store/vec4 v0x7bf1af5c0_0, 0, 32;
    %fork TD_tb_sbm_alg11_accum.lite_w, S_0x7bee42700;
    %join;
    %pushi/vec4 20, 0, 8;
    %store/vec4 v0x7bf1af520_0, 0, 8;
    %load/vec4 v0x7bf1af8e0_0;
    %store/vec4 v0x7bf1af5c0_0, 0, 32;
    %fork TD_tb_sbm_alg11_accum.lite_w, S_0x7bee42700;
    %join;
    %pushi/vec4 24, 0, 8;
    %store/vec4 v0x7bf1af520_0, 0, 8;
    %pushi/vec4 134217728, 0, 32;
    %store/vec4 v0x7bf1af5c0_0, 0, 32;
    %fork TD_tb_sbm_alg11_accum.lite_w, S_0x7bee42700;
    %join;
    %pushi/vec4 28, 0, 8;
    %store/vec4 v0x7bf1af520_0, 0, 8;
    %pushi/vec4 8, 0, 32;
    %store/vec4 v0x7bf1af5c0_0, 0, 32;
    %fork TD_tb_sbm_alg11_accum.lite_w, S_0x7bee42700;
    %join;
    %pushi/vec4 0, 0, 8;
    %store/vec4 v0x7bf1af520_0, 0, 8;
    %pushi/vec4 0, 0, 32;
    %store/vec4 v0x7bf1af5c0_0, 0, 32;
    %fork TD_tb_sbm_alg11_accum.lite_w, S_0x7bee42700;
    %join;
    %pushi/vec4 0, 0, 8;
    %store/vec4 v0x7bf1af520_0, 0, 8;
    %pushi/vec4 1, 0, 32;
    %store/vec4 v0x7bf1af5c0_0, 0, 32;
    %fork TD_tb_sbm_alg11_accum.lite_w, S_0x7bee42700;
    %join;
    %fork TD_tb_sbm_alg11_accum.wait_done, S_0x7bee42a00;
    %join;
    %load/vec4 v0x7bf1afb60_0;
    %store/vec4 v0x7bf1b5cc0_0, 0, 32;
    %load/vec4 v0x7bf1b5cc0_0;
    %cmpi/ne 0, 0, 32;
    %jmp/0xz  T_4.44, 4;
    %vpi_call/w 3 209 "$display", "CASE%0d: ERROR to=%0d", v0x7bf1b4c80_0, v0x7bf1b5cc0_0 {0 0 0};
    %load/vec4 v0x7bf1afd40_0;
    %addi 1, 0, 32;
    %store/vec4 v0x7bf1afd40_0, 0, 32;
    %jmp T_4.45;
T_4.44 ;
    %pushi/vec4 32, 0, 8;
    %store/vec4 v0x7bf1af3e0_0, 0, 8;
    %fork TD_tb_sbm_alg11_accum.lite_r, S_0x7bee42580;
    %join;
    %load/vec4 v0x7bf1af480_0;
    %store/vec4 v0x7bf1b4e60_0, 0, 32;
    %load/vec4 v0x7bf1b4e60_0;
    %parti/s 6, 0, 2;
    %pad/u 32;
    %store/vec4 v0x7bf1b4f00_0, 0, 32;
    %load/vec4 v0x7bf1b40a0_0;
    %cmpi/s 32, 0, 32;
    %flag_or 5, 4; GT is !LE
    %flag_inv 5;
    %flag_mov 8, 5;
    %jmp/0 T_4.46, 8;
    %pushi/vec4 32, 0, 32;
    %jmp/1 T_4.47, 8;
T_4.46 ; End of true expr.
    %load/vec4 v0x7bf1b40a0_0;
    %jmp/0 T_4.47, 8;
 ; End of false expr.
    %blend;
T_4.47;
    %store/vec4 v0x7bf1af700_0, 0, 32;
    %load/vec4 v0x7bf1b4f00_0;
    %load/vec4 v0x7bf1af700_0;
    %cmp/ne;
    %jmp/0xz  T_4.48, 4;
    %vpi_call/w 3 217 "$display", "CASE%0d: cnt mismatch dut=%0d golden=%0d", v0x7bf1b4c80_0, v0x7bf1b4f00_0, v0x7bf1af700_0 {0 0 0};
    %vpi_call/w 3 219 "$display", "  dut bank0e: %02x %02x %02x %02x %02x %02x %02x %02x", &A<v0x7bf146d00, 0>, &A<v0x7bf146d00, 1>, &A<v0x7bf146d00, 2>, &A<v0x7bf146d00, 3>, &A<v0x7bf146d00, 4>, &A<v0x7bf146d00, 5>, &A<v0x7bf146d00, 6>, &A<v0x7bf146d00, 7> {0 0 0};
    %vpi_call/w 3 224 "$display", "  golden 0,2..14: %02x %02x %02x %02x %02x %02x %02x %02x", &A<v0x7bf1b41e0, 0>, &A<v0x7bf1b41e0, 2>, &A<v0x7bf1b41e0, 4>, &A<v0x7bf1b41e0, 6>, &A<v0x7bf1b41e0, 8>, &A<v0x7bf1b41e0, 10>, &A<v0x7bf1b41e0, 12>, &A<v0x7bf1b41e0, 14> {0 0 0};
    %load/vec4 v0x7bf1afd40_0;
    %addi 1, 0, 32;
    %store/vec4 v0x7bf1afd40_0, 0, 32;
T_4.48 ;
    %pushi/vec4 0, 0, 32;
    %store/vec4 v0x7bf1b4320_0, 0, 32;
T_4.50 ; Top of for-loop
    %load/vec4 v0x7bf1b4320_0;
    %load/vec4 v0x7bf1b4f00_0;
    %cmp/s;
	  %jmp/0xz T_4.51, 5;
    %pushi/vec4 36, 0, 8;
    %store/vec4 v0x7bf1af3e0_0, 0, 8;
    %fork TD_tb_sbm_alg11_accum.lite_r, S_0x7bee42580;
    %join;
    %load/vec4 v0x7bf1af480_0;
    %store/vec4 v0x7bf1af660_0, 0, 32;
    %load/vec4 v0x7bf1af660_0;
    %xor/r;
    %cmpi/e 1, 1, 1;
    %jmp/0xz  T_4.53, 6;
    %vpi_call/w 3 232 "$display", "CASE%0d: candidate %0d is X", v0x7bf1b4c80_0, v0x7bf1b4320_0 {0 0 0};
    %load/vec4 v0x7bf1afd40_0;
    %addi 1, 0, 32;
    %store/vec4 v0x7bf1afd40_0, 0, 32;
    %jmp T_4.54;
T_4.53 ;
    %pushi/vec4 0, 0, 32;
    %store/vec4 v0x7bf1af7a0_0, 0, 32;
    %pushi/vec4 0, 0, 32;
    %store/vec4 v0x7bf1b4460_0, 0, 32;
T_4.55 ; Top of for-loop
    %load/vec4 v0x7bf1b4460_0;
    %load/vec4 v0x7bf1af700_0;
    %cmp/s;
	  %jmp/0xz T_4.56, 5;
    %ix/getv/s 4, v0x7bf1b4460_0;
    %load/vec4a v0x7bf1afe80, 4;
    %load/vec4 v0x7bf1af660_0;
    %cmp/e;
    %jmp/0xz  T_4.58, 6;
    %pushi/vec4 1, 0, 32;
    %store/vec4 v0x7bf1af7a0_0, 0, 32;
    %pushi/vec4 3735928559, 0, 32;
    %ix/getv/s 4, v0x7bf1b4460_0;
    %store/vec4a v0x7bf1afe80, 4, 0;
    %load/vec4 v0x7bf1af700_0;
    %store/vec4 v0x7bf1b4460_0, 0, 32;
T_4.58 ;
T_4.57 ; for-loop step statement
    %load/vec4 v0x7bf1b4460_0;
    %addi 1, 0, 32;
    %store/vec4 v0x7bf1b4460_0, 0, 32;
    %jmp T_4.55;
T_4.56 ; for-loop exit label
    %load/vec4 v0x7bf1af7a0_0;
    %nor/r;
    %flag_set/vec4 8;
    %jmp/0xz  T_4.60, 8;
    %vpi_call/w 3 240 "$display", "CASE%0d: cand %0d = %08x (score=%0d y=%0d x=%0d) \344\270\215\345\234\250\351\273\204\351\207\221\345\221\275\344\270\255\351\233\206", v0x7bf1b4c80_0, v0x7bf1b4320_0, v0x7bf1af660_0, &PV<v0x7bf1af660_0, 24, 8>, &PV<v0x7bf1af660_0, 12, 12>, &PV<v0x7bf1af660_0, 0, 12> {0 0 0};
    %load/vec4 v0x7bf1afd40_0;
    %addi 1, 0, 32;
    %store/vec4 v0x7bf1afd40_0, 0, 32;
T_4.60 ;
T_4.54 ;
T_4.52 ; for-loop step statement
    %load/vec4 v0x7bf1b4320_0;
    %addi 1, 0, 32;
    %store/vec4 v0x7bf1b4320_0, 0, 32;
    %jmp T_4.50;
T_4.51 ; for-loop exit label
    %pushi/vec4 40, 0, 8;
    %store/vec4 v0x7bf1af3e0_0, 0, 8;
    %fork TD_tb_sbm_alg11_accum.lite_r, S_0x7bee42580;
    %join;
    %load/vec4 v0x7bf1af480_0;
    %store/vec4 v0x7bf1b4e60_0, 0, 32;
    %load/vec4 v0x7bf1b4e60_0;
    %parti/s 8, 0, 2;
    %pad/u 32;
    %load/vec4 v0x7bf1aff20_0;
    %cmp/ne;
    %jmp/0xz  T_4.62, 4;
    %vpi_call/w 3 249 "$display", "CASE%0d: max_score dut=%0d golden=%0d", v0x7bf1b4c80_0, &PV<v0x7bf1b4e60_0, 0, 8>, v0x7bf1aff20_0 {0 0 0};
    %load/vec4 v0x7bf1afd40_0;
    %addi 1, 0, 32;
    %store/vec4 v0x7bf1afd40_0, 0, 32;
T_4.62 ;
    %pushi/vec4 0, 0, 32;
    %store/vec4 v0x7bf1b4460_0, 0, 32;
T_4.64 ; Top of for-loop
    %load/vec4 v0x7bf1b4460_0;
    %load/vec4 v0x7bf1af700_0;
    %cmp/s;
	  %jmp/0xz T_4.65, 5;
    %ix/getv/s 4, v0x7bf1b4460_0;
    %load/vec4a v0x7bf1afe80, 4;
    %cmpi/ne 3735928559, 0, 32;
    %flag_get/vec4 6;
    %jmp/0 T_4.69, 6;
    %ix/getv/s 4, v0x7bf1b4460_0;
    %load/vec4a v0x7bf1afe80, 4;
    %pushi/vec4 3735928560, 0, 32;
    %cmp/ne;
    %flag_get/vec4 6;
    %and;
T_4.69;
    %flag_set/vec4 8;
    %jmp/0xz  T_4.67, 8;
    %vpi_call/w 3 254 "$display", "CASE%0d: golden hit %0d = %08x \346\234\252\350\242\253 DUT \350\276\223\345\207\272", v0x7bf1b4c80_0, v0x7bf1b4460_0, &A<v0x7bf1afe80, v0x7bf1b4460_0 > {0 0 0};
    %load/vec4 v0x7bf1afd40_0;
    %addi 1, 0, 32;
    %store/vec4 v0x7bf1afd40_0, 0, 32;
T_4.67 ;
T_4.66 ; for-loop step statement
    %load/vec4 v0x7bf1b4460_0;
    %addi 1, 0, 32;
    %store/vec4 v0x7bf1b4460_0, 0, 32;
    %jmp T_4.64;
T_4.65 ; for-loop exit label
T_4.45 ;
    %end;
S_0x7bee42a00 .scope task, "wait_done" "wait_done" 3 153, 3 153 0, S_0x10309bda0;
 .timescale -9 -12;
v0x7bf1afac0_0 .var "st_r", 31 0;
v0x7bf1afb60_0 .var/i "to", 31 0;
v0x7bf1afc00_0 .var/i "wcnt", 31 0;
TD_tb_sbm_alg11_accum.wait_done ;
    %pushi/vec4 0, 0, 32;
    %store/vec4 v0x7bf1afc00_0, 0, 32;
    %pushi/vec4 0, 0, 32;
    %store/vec4 v0x7bf1afb60_0, 0, 32;
T_5.70 ;
    %load/vec4 v0x7bf1afc00_0;
    %cmpi/s 4000000, 0, 32;
    %jmp/0xz T_5.71, 5;
    %pushi/vec4 4, 0, 8;
    %store/vec4 v0x7bf1af3e0_0, 0, 8;
    %fork TD_tb_sbm_alg11_accum.lite_r, S_0x7bee42580;
    %join;
    %load/vec4 v0x7bf1af480_0;
    %store/vec4 v0x7bf1afac0_0, 0, 32;
    %load/vec4 v0x7bf1afac0_0;
    %parti/s 1, 1, 2;
    %flag_set/vec4 9;
    %flag_get/vec4 9;
    %jmp/0 T_5.74, 9;
    %load/vec4 v0x7bf1afac0_0;
    %parti/s 1, 0, 2;
    %nor/r;
    %and;
T_5.74;
    %flag_set/vec4 8;
    %jmp/0xz  T_5.72, 8;
    %pushi/vec4 0, 0, 32;
    %store/vec4 v0x7bf1afb60_0, 0, 32;
    %disable/flow S_0x7bee42a00;
T_5.72 ;
    %load/vec4 v0x7bf1afac0_0;
    %parti/s 1, 2, 3;
    %flag_set/vec4 8;
    %jmp/0xz  T_5.75, 8;
    %pushi/vec4 1, 0, 32;
    %store/vec4 v0x7bf1afb60_0, 0, 32;
    %disable/flow S_0x7bee42a00;
T_5.75 ;
    %load/vec4 v0x7bf1afc00_0;
    %addi 1, 0, 32;
    %store/vec4 v0x7bf1afc00_0, 0, 32;
    %jmp T_5.70;
T_5.71 ;
    %pushi/vec4 2, 0, 32;
    %store/vec4 v0x7bf1afb60_0, 0, 32;
    %end;
    .scope S_0x7bee31200;
T_6 ;
    %pushi/vec4 0, 0, 32;
    %store/vec4 v0x7bf146b20_0, 0, 32;
T_6.0 ; Top of for-loop
    %load/vec4 v0x7bf146b20_0;
    %pad/s 67;
    %cmpi/s 8, 0, 67;
	  %jmp/0xz T_6.1, 5;
    %pushi/vec4 0, 0, 8;
    %ix/getv/s 4, v0x7bf146b20_0;
    %store/vec4a v0x7bf146d00, 4, 0;
T_6.2 ; for-loop step statement
    %load/vec4 v0x7bf146b20_0;
    %addi 1, 0, 32;
    %store/vec4 v0x7bf146b20_0, 0, 32;
    %jmp T_6.0;
T_6.1 ; for-loop exit label
    %end;
    .thread T_6;
    .scope S_0x7bee31200;
T_7 ;
    %wait E_0x7bee12fc0;
    %load/vec4 v0x7bf146e40_0;
    %flag_set/vec4 8;
    %jmp/0xz  T_7.0, 8;
    %pushi/vec4 0, 0, 8;
    %assign/vec4 v0x7bf146940_0, 0;
    %jmp T_7.1;
T_7.0 ;
    %load/vec4 v0x7bf146a80_0;
    %flag_set/vec4 8;
    %jmp/0xz  T_7.2, 8;
    %ix/getv 4, v0x7bf146760_0;
    %load/vec4a v0x7bf146d00, 4;
    %assign/vec4 v0x7bf146940_0, 0;
    %load/vec4 v0x7bf146f80_0;
    %flag_set/vec4 8;
    %jmp/0xz  T_7.4, 8;
    %load/vec4 v0x7bf1468a0_0;
    %ix/getv 3, v0x7bf146760_0;
    %ix/load 4, 0, 0; Constant delay
    %assign/vec4/a/d v0x7bf146d00, 0, 4;
T_7.4 ;
T_7.2 ;
T_7.1 ;
    %jmp T_7;
    .thread T_7;
    .scope S_0x7bee31380;
T_8 ;
    %pushi/vec4 0, 0, 32;
    %store/vec4 v0x7bf1473e0_0, 0, 32;
T_8.0 ; Top of for-loop
    %load/vec4 v0x7bf1473e0_0;
    %pad/s 67;
    %cmpi/s 8, 0, 67;
	  %jmp/0xz T_8.1, 5;
    %pushi/vec4 0, 0, 8;
    %ix/getv/s 4, v0x7bf1473e0_0;
    %store/vec4a v0x7bf1475c0, 4, 0;
T_8.2 ; for-loop step statement
    %load/vec4 v0x7bf1473e0_0;
    %addi 1, 0, 32;
    %store/vec4 v0x7bf1473e0_0, 0, 32;
    %jmp T_8.0;
T_8.1 ; for-loop exit label
    %end;
    .thread T_8;
    .scope S_0x7bee31380;
T_9 ;
    %wait E_0x7bee12fc0;
    %load/vec4 v0x7bf147700_0;
    %flag_set/vec4 8;
    %jmp/0xz  T_9.0, 8;
    %pushi/vec4 0, 0, 8;
    %assign/vec4 v0x7bf147200_0, 0;
    %jmp T_9.1;
T_9.0 ;
    %load/vec4 v0x7bf147340_0;
    %flag_set/vec4 8;
    %jmp/0xz  T_9.2, 8;
    %ix/getv 4, v0x7bf147020_0;
    %load/vec4a v0x7bf1475c0, 4;
    %assign/vec4 v0x7bf147200_0, 0;
    %load/vec4 v0x7bf147840_0;
    %flag_set/vec4 8;
    %jmp/0xz  T_9.4, 8;
    %load/vec4 v0x7bf147160_0;
    %ix/getv 3, v0x7bf147020_0;
    %ix/load 4, 0, 0; Constant delay
    %assign/vec4/a/d v0x7bf1475c0, 0, 4;
T_9.4 ;
T_9.2 ;
T_9.1 ;
    %jmp T_9;
    .thread T_9;
    .scope S_0x7bee31080;
T_10 ;
    %wait E_0x7bee12e80;
    %load/vec4 v0x7bf174f00_0;
    %nor/r;
    %flag_set/vec4 8;
    %jmp/0xz  T_10.0, 8;
    %pushi/vec4 0, 0, 1;
    %ix/load 3, 0, 0;
    %flag_set/imm 4, 0;
    %ix/load 4, 0, 0; Constant delay
    %assign/vec4/a/d v0x7bf1755e0, 0, 4;
    %pushi/vec4 0, 0, 1;
    %ix/load 3, 1, 0;
    %flag_set/imm 4, 0;
    %ix/load 4, 0, 0; Constant delay
    %assign/vec4/a/d v0x7bf1755e0, 0, 4;
    %pushi/vec4 0, 0, 1;
    %assign/vec4 v0x7bf173840_0, 0;
    %pushi/vec4 0, 0, 5;
    %assign/vec4 v0x7bf173520_0, 0;
    %pushi/vec4 1, 0, 1;
    %assign/vec4 v0x7bf174000_0, 0;
    %jmp T_10.1;
T_10.0 ;
    %load/vec4 v0x7bf1746e0_0;
    %flag_set/vec4 8;
    %jmp/0xz  T_10.2, 8;
    %pushi/vec4 0, 0, 1;
    %ix/load 3, 0, 0;
    %flag_set/imm 4, 0;
    %ix/load 4, 0, 0; Constant delay
    %assign/vec4/a/d v0x7bf1755e0, 0, 4;
    %pushi/vec4 0, 0, 1;
    %ix/load 3, 1, 0;
    %flag_set/imm 4, 0;
    %ix/load 4, 0, 0; Constant delay
    %assign/vec4/a/d v0x7bf1755e0, 0, 4;
    %pushi/vec4 0, 0, 1;
    %assign/vec4 v0x7bf173840_0, 0;
    %load/vec4 v0x7bf175cc0_0;
    %assign/vec4 v0x7bf173520_0, 0;
    %pushi/vec4 1, 0, 1;
    %assign/vec4 v0x7bf174000_0, 0;
    %jmp T_10.3;
T_10.2 ;
    %load/vec4 v0x7bf173f20_0;
    %flag_set/vec4 8;
    %jmp/0xz  T_10.4, 8;
    %pushi/vec4 0, 0, 32;
    %store/vec4 v0x7bf1733e0_0, 0, 32;
T_10.6 ; Top of for-loop
    %load/vec4 v0x7bf1733e0_0;
    %cmpi/s 32, 0, 32;
	  %jmp/0xz T_10.7, 5;
    %load/vec4 v0x7bf173de0_0;
    %load/vec4 v0x7bf1733e0_0;
    %muli 8, 0, 32;
    %part/s 8;
    %load/vec4 v0x7bf173e80_0;
    %pad/u 9;
    %pad/u 14;
    %muli 32, 0, 14;
    %pad/u 15;
    %load/vec4 v0x7bf1733e0_0;
    %pad/s 15;
    %add;
    %ix/vec4 3;
    %ix/load 4, 0, 0; Constant delay
    %assign/vec4/a/d v0x7bf174d20, 0, 4;
T_10.8 ; for-loop step statement
    %load/vec4 v0x7bf1733e0_0;
    %addi 1, 0, 32;
    %store/vec4 v0x7bf1733e0_0, 0, 32;
    %jmp T_10.6;
T_10.7 ; for-loop exit label
    %pushi/vec4 1, 0, 1;
    %load/vec4 v0x7bf173e80_0;
    %pad/u 3;
    %ix/vec4 3;
    %ix/load 4, 0, 0; Constant delay
    %assign/vec4/a/d v0x7bf1755e0, 0, 4;
    %load/vec4 v0x7bf174000_0;
    %flag_set/vec4 8;
    %jmp/0xz  T_10.9, 8;
    %load/vec4 v0x7bf175cc0_0;
    %assign/vec4 v0x7bf173520_0, 0;
    %jmp T_10.10;
T_10.9 ;
    %pushi/vec4 0, 0, 5;
    %assign/vec4 v0x7bf173520_0, 0;
T_10.10 ;
    %pushi/vec4 0, 0, 1;
    %assign/vec4 v0x7bf174000_0, 0;
T_10.4 ;
    %load/vec4 v0x7bf173700_0;
    %flag_set/vec4 8;
    %jmp/0xz  T_10.11, 8;
    %load/vec4 v0x7bf173520_0;
    %cmpi/e 31, 0, 5;
    %jmp/0xz  T_10.13, 4;
    %pushi/vec4 0, 0, 5;
    %assign/vec4 v0x7bf173520_0, 0;
    %load/vec4 v0x7bf173840_0;
    %inv;
    %assign/vec4 v0x7bf173840_0, 0;
    %pushi/vec4 0, 0, 1;
    %load/vec4 v0x7bf173840_0;
    %pad/u 3;
    %ix/vec4 3;
    %ix/load 4, 0, 0; Constant delay
    %assign/vec4/a/d v0x7bf1755e0, 0, 4;
    %jmp T_10.14;
T_10.13 ;
    %load/vec4 v0x7bf173520_0;
    %addi 1, 0, 5;
    %assign/vec4 v0x7bf173520_0, 0;
T_10.14 ;
T_10.11 ;
T_10.3 ;
T_10.1 ;
    %jmp T_10;
    .thread T_10;
    .scope S_0x7bee31080;
T_11 ;
    %wait E_0x7bee12e80;
    %load/vec4 v0x7bf174f00_0;
    %nor/r;
    %flag_set/vec4 8;
    %jmp/0xz  T_11.0, 8;
    %pushi/vec4 0, 0, 5;
    %assign/vec4 v0x7bf173660_0, 0;
    %pushi/vec4 0, 0, 5;
    %assign/vec4 v0x7bf174780_0, 0;
    %pushi/vec4 0, 0, 8;
    %assign/vec4 v0x7bf173480_0, 0;
    %pushi/vec4 0, 0, 32;
    %assign/vec4 v0x7bf174dc0_0, 0;
    %pushi/vec4 0, 0, 32;
    %assign/vec4 v0x7bf175400_0, 0;
    %pushi/vec4 0, 0, 1;
    %assign/vec4 v0x7bf174b40_0, 0;
    %jmp T_11.1;
T_11.0 ;
    %load/vec4 v0x7bf1746e0_0;
    %flag_set/vec4 8;
    %jmp/0xz  T_11.2, 8;
    %load/vec4 v0x7bf175860_0;
    %assign/vec4 v0x7bf173660_0, 0;
    %pushi/vec4 0, 0, 5;
    %assign/vec4 v0x7bf174780_0, 0;
    %pushi/vec4 0, 0, 8;
    %assign/vec4 v0x7bf173480_0, 0;
    %load/vec4 v0x7bf173340_0;
    %addi 0, 0, 32;
    %pushi/vec4 4294967264, 0, 32;
    %and;
    %assign/vec4 v0x7bf174dc0_0, 0;
    %load/vec4 v0x7bf173340_0;
    %addi 0, 0, 32;
    %pushi/vec4 4294967264, 0, 32;
    %and;
    %assign/vec4 v0x7bf175400_0, 0;
    %pushi/vec4 0, 0, 1;
    %assign/vec4 v0x7bf174b40_0, 0;
    %jmp T_11.3;
T_11.2 ;
    %load/vec4 v0x7bf1740a0_0;
    %flag_set/vec4 8;
    %jmp/0xz  T_11.4, 8;
    %load/vec4 v0x7bf174dc0_0;
    %addi 32, 0, 32;
    %assign/vec4 v0x7bf174dc0_0, 0;
    %load/vec4 v0x7bf174b40_0;
    %inv;
    %assign/vec4 v0x7bf174b40_0, 0;
T_11.4 ;
T_11.3 ;
T_11.1 ;
    %jmp T_11;
    .thread T_11;
    .scope S_0x7bee31080;
T_12 ;
    %wait E_0x7bee12e80;
    %load/vec4 v0x7bf174f00_0;
    %nor/r;
    %flag_set/vec4 8;
    %jmp/0xz  T_12.0, 8;
    %pushi/vec4 0, 0, 5;
    %assign/vec4 v0x7bf174780_0, 0;
    %jmp T_12.1;
T_12.0 ;
    %load/vec4 v0x7bf1746e0_0;
    %flag_set/vec4 8;
    %jmp/0xz  T_12.2, 8;
    %pushi/vec4 0, 0, 5;
    %assign/vec4 v0x7bf174780_0, 0;
    %jmp T_12.3;
T_12.2 ;
    %load/vec4 v0x7bf173700_0;
    %flag_set/vec4 8;
    %jmp/1 T_12.6, 8;
    %load/vec4 v0x7bf173a20_0;
    %flag_set/vec4 9;
    %flag_or 8, 9;
T_12.6;
    %jmp/0xz  T_12.4, 8;
    %load/vec4 v0x7bf174780_0;
    %addi 1, 0, 5;
    %assign/vec4 v0x7bf174780_0, 0;
T_12.4 ;
T_12.3 ;
T_12.1 ;
    %jmp T_12;
    .thread T_12;
    .scope S_0x7bee31080;
T_13 ;
    %wait E_0x7bee12e80;
    %load/vec4 v0x7bf174f00_0;
    %nor/r;
    %flag_set/vec4 8;
    %jmp/0xz  T_13.0, 8;
    %pushi/vec4 0, 0, 8;
    %assign/vec4 v0x7bf173480_0, 0;
    %jmp T_13.1;
T_13.0 ;
    %load/vec4 v0x7bf1746e0_0;
    %flag_set/vec4 8;
    %jmp/0xz  T_13.2, 8;
    %pushi/vec4 0, 0, 8;
    %assign/vec4 v0x7bf173480_0, 0;
    %jmp T_13.3;
T_13.2 ;
    %load/vec4 v0x7bf173700_0;
    %flag_set/vec4 8;
    %jmp/0xz  T_13.4, 8;
    %load/vec4 v0x7bf1737a0_0;
    %assign/vec4 v0x7bf173480_0, 0;
T_13.4 ;
T_13.3 ;
T_13.1 ;
    %jmp T_13;
    .thread T_13;
    .scope S_0x7bee31080;
T_14 ;
    %wait E_0x7bee12e80;
    %load/vec4 v0x7bf174f00_0;
    %nor/r;
    %flag_set/vec4 8;
    %jmp/0xz  T_14.0, 8;
    %pushi/vec4 0, 0, 5;
    %assign/vec4 v0x7bf175040_0, 0;
    %pushi/vec4 0, 0, 4;
    %assign/vec4 v0x7bf174be0_0, 0;
    %pushi/vec4 0, 0, 4;
    %assign/vec4 v0x7bf174c80_0, 0;
    %pushi/vec4 0, 0, 5;
    %assign/vec4 v0x7bf173ac0_0, 0;
    %pushi/vec4 0, 0, 4;
    %assign/vec4 v0x7bf173ca0_0, 0;
    %pushi/vec4 0, 0, 4;
    %assign/vec4 v0x7bf173d40_0, 0;
    %pushi/vec4 0, 0, 1;
    %assign/vec4 v0x7bf173c00_0, 0;
    %pushi/vec4 0, 0, 8;
    %assign/vec4 v0x7bf174960_0, 0;
    %jmp T_14.1;
T_14.0 ;
    %load/vec4 v0x7bf1746e0_0;
    %flag_set/vec4 8;
    %jmp/0xz  T_14.2, 8;
    %pushi/vec4 0, 0, 5;
    %assign/vec4 v0x7bf175040_0, 0;
    %pushi/vec4 0, 0, 4;
    %assign/vec4 v0x7bf174be0_0, 0;
    %pushi/vec4 0, 0, 4;
    %assign/vec4 v0x7bf174c80_0, 0;
    %pushi/vec4 0, 0, 5;
    %assign/vec4 v0x7bf173ac0_0, 0;
    %pushi/vec4 0, 0, 4;
    %assign/vec4 v0x7bf173ca0_0, 0;
    %pushi/vec4 0, 0, 4;
    %assign/vec4 v0x7bf173d40_0, 0;
    %pushi/vec4 0, 0, 1;
    %assign/vec4 v0x7bf173c00_0, 0;
    %pushi/vec4 0, 0, 8;
    %assign/vec4 v0x7bf174960_0, 0;
    %jmp T_14.3;
T_14.2 ;
    %load/vec4 v0x7bf175220_0;
    %flag_set/vec4 10;
    %flag_get/vec4 10;
    %jmp/0 T_14.7, 10;
    %load/vec4 v0x7bf1752c0_0;
    %nor/r;
    %and;
T_14.7;
    %flag_set/vec4 9;
    %flag_get/vec4 9;
    %jmp/0 T_14.6, 9;
    %load/vec4 v0x7bf175180_0;
    %nor/r;
    %and;
T_14.6;
    %flag_set/vec4 8;
    %jmp/0xz  T_14.4, 8;
    %load/vec4 v0x7bf175040_0;
    %assign/vec4 v0x7bf173ac0_0, 0;
    %load/vec4 v0x7bf174be0_0;
    %assign/vec4 v0x7bf173ca0_0, 0;
    %load/vec4 v0x7bf174c80_0;
    %assign/vec4 v0x7bf173d40_0, 0;
    %load/vec4 v0x7bf175c20_0;
    %assign/vec4 v0x7bf173b60_0, 0;
    %pushi/vec4 1, 0, 1;
    %assign/vec4 v0x7bf173c00_0, 0;
    %load/vec4 v0x7bf174be0_0;
    %pad/u 32;
    %cmpi/e 7, 0, 32;
    %jmp/0xz  T_14.8, 4;
    %pushi/vec4 0, 0, 4;
    %assign/vec4 v0x7bf174be0_0, 0;
    %load/vec4 v0x7bf174c80_0;
    %addi 1, 0, 4;
    %assign/vec4 v0x7bf174c80_0, 0;
    %jmp T_14.9;
T_14.8 ;
    %load/vec4 v0x7bf174be0_0;
    %addi 1, 0, 4;
    %assign/vec4 v0x7bf174be0_0, 0;
T_14.9 ;
    %load/vec4 v0x7bf175040_0;
    %addi 1, 0, 5;
    %assign/vec4 v0x7bf175040_0, 0;
    %jmp T_14.5;
T_14.4 ;
    %pushi/vec4 0, 0, 1;
    %assign/vec4 v0x7bf173c00_0, 0;
T_14.5 ;
T_14.3 ;
T_14.1 ;
    %jmp T_14;
    .thread T_14;
    .scope S_0x7bee31080;
T_15 ;
    %wait E_0x7bee12e80;
    %load/vec4 v0x7bf174f00_0;
    %nor/r;
    %flag_set/vec4 8;
    %jmp/0xz  T_15.0, 8;
    %pushi/vec4 0, 0, 8;
    %assign/vec4 v0x7bf174960_0, 0;
    %jmp T_15.1;
T_15.0 ;
    %load/vec4 v0x7bf1746e0_0;
    %flag_set/vec4 8;
    %jmp/0xz  T_15.2, 8;
    %pushi/vec4 0, 0, 8;
    %assign/vec4 v0x7bf174960_0, 0;
    %jmp T_15.3;
T_15.2 ;
    %load/vec4 v0x7bf173c00_0;
    %flag_set/vec4 9;
    %flag_get/vec4 9;
    %jmp/0 T_15.6, 9;
    %load/vec4 v0x7bf173ac0_0;
    %load/vec4 v0x7bf173660_0;
    %cmp/u;
    %flag_get/vec4 5;
    %and;
T_15.6;
    %flag_set/vec4 8;
    %jmp/0xz  T_15.4, 8;
    %load/vec4 v0x7bf174960_0;
    %load/vec4 v0x7bf175c20_0;
    %cmp/u;
    %jmp/0xz  T_15.7, 5;
    %load/vec4 v0x7bf175c20_0;
    %assign/vec4 v0x7bf174960_0, 0;
T_15.7 ;
T_15.4 ;
T_15.3 ;
T_15.1 ;
    %jmp T_15;
    .thread T_15;
    .scope S_0x7bee31080;
T_16 ;
    %wait E_0x7bee12e80;
    %load/vec4 v0x7bf174f00_0;
    %nor/r;
    %flag_set/vec4 8;
    %jmp/0xz  T_16.0, 8;
    %pushi/vec4 0, 0, 6;
    %assign/vec4 v0x7bf174640_0, 0;
    %pushi/vec4 0, 0, 6;
    %assign/vec4 v0x7bf174500_0, 0;
    %pushi/vec4 0, 0, 7;
    %assign/vec4 v0x7bf174140_0, 0;
    %pushi/vec4 0, 0, 1;
    %assign/vec4 v0x7bf1743c0_0, 0;
    %pushi/vec4 0, 0, 1;
    %assign/vec4 v0x7bf175180_0, 0;
    %jmp T_16.1;
T_16.0 ;
    %load/vec4 v0x7bf1746e0_0;
    %flag_set/vec4 8;
    %jmp/0xz  T_16.2, 8;
    %pushi/vec4 0, 0, 6;
    %assign/vec4 v0x7bf174640_0, 0;
    %pushi/vec4 0, 0, 6;
    %assign/vec4 v0x7bf174500_0, 0;
    %pushi/vec4 0, 0, 7;
    %assign/vec4 v0x7bf174140_0, 0;
    %pushi/vec4 0, 0, 1;
    %assign/vec4 v0x7bf1743c0_0, 0;
    %pushi/vec4 0, 0, 1;
    %assign/vec4 v0x7bf175180_0, 0;
    %jmp T_16.3;
T_16.2 ;
    %load/vec4 v0x7bf175a40_0;
    %flag_set/vec4 9;
    %flag_get/vec4 9;
    %jmp/0 T_16.6, 9;
    %load/vec4 v0x7bf1752c0_0;
    %nor/r;
    %and;
T_16.6;
    %flag_set/vec4 8;
    %jmp/0xz  T_16.4, 8;
    %load/vec4 v0x7bf175c20_0;
    %pushi/vec4 0, 0, 8;
    %load/vec4 v0x7bf173d40_0;
    %concat/vec4; draw_concat_vec4
    %concat/vec4; draw_concat_vec4
    %pushi/vec4 0, 0, 8;
    %load/vec4 v0x7bf173ca0_0;
    %concat/vec4; draw_concat_vec4
    %concat/vec4; draw_concat_vec4
    %load/vec4 v0x7bf174640_0;
    %pad/u 8;
    %ix/vec4 3;
    %ix/load 4, 0, 0; Constant delay
    %assign/vec4/a/d v0x7bf174320, 0, 4;
    %load/vec4 v0x7bf174640_0;
    %addi 1, 0, 6;
    %assign/vec4 v0x7bf174640_0, 0;
T_16.4 ;
    %load/vec4 v0x7bf175ae0_0;
    %flag_set/vec4 8;
    %jmp/0xz  T_16.7, 8;
    %load/vec4 v0x7bf174500_0;
    %addi 1, 0, 6;
    %assign/vec4 v0x7bf174500_0, 0;
T_16.7 ;
    %load/vec4 v0x7bf174140_0;
    %load/vec4 v0x7bf175a40_0;
    %flag_set/vec4 9;
    %flag_get/vec4 9;
    %jmp/0 T_16.11, 9;
    %load/vec4 v0x7bf1752c0_0;
    %nor/r;
    %and;
T_16.11;
    %flag_set/vec4 8;
    %jmp/0 T_16.9, 8;
    %pushi/vec4 1, 0, 7;
    %jmp/1 T_16.10, 8;
T_16.9 ; End of true expr.
    %pushi/vec4 0, 0, 7;
    %jmp/0 T_16.10, 8;
 ; End of false expr.
    %blend;
T_16.10;
    %add;
    %load/vec4 v0x7bf175ae0_0;
    %flag_set/vec4 8;
    %jmp/0 T_16.12, 8;
    %pushi/vec4 1, 0, 7;
    %jmp/1 T_16.13, 8;
T_16.12 ; End of true expr.
    %pushi/vec4 0, 0, 7;
    %jmp/0 T_16.13, 8;
 ; End of false expr.
    %blend;
T_16.13;
    %sub;
    %assign/vec4 v0x7bf174140_0, 0;
    %load/vec4 v0x7bf175a40_0;
    %flag_set/vec4 10;
    %flag_get/vec4 10;
    %jmp/0 T_16.17, 10;
    %load/vec4 v0x7bf1752c0_0;
    %and;
T_16.17;
    %flag_set/vec4 9;
    %flag_get/vec4 9;
    %jmp/0 T_16.16, 9;
    %pushi/vec4 63, 0, 32;
    %load/vec4 v0x7bf174140_0;
    %pad/u 32;
    %cmp/u;
    %flag_get/vec4 4;
    %flag_get/vec4 5;
    %or;
    %and;
T_16.16;
    %flag_set/vec4 8;
    %jmp/0xz  T_16.14, 8;
    %pushi/vec4 1, 0, 1;
    %assign/vec4 v0x7bf1743c0_0, 0;
    %vpi_call/w 5 303 "$error", "F6: hit FIFO overflow (HIT_FIFO_DEPTH too small or drain stalled)" {0 0 0};
T_16.14 ;
    %load/vec4 v0x7bf173c00_0;
    %flag_set/vec4 10;
    %flag_get/vec4 10;
    %jmp/0 T_16.21, 10;
    %load/vec4 v0x7bf173ac0_0;
    %load/vec4 v0x7bf173660_0;
    %subi 1, 0, 5;
    %cmp/e;
    %flag_get/vec4 4;
    %and;
T_16.21;
    %flag_set/vec4 9;
    %flag_get/vec4 9;
    %jmp/0 T_16.20, 9;
    %load/vec4 v0x7bf173660_0;
    %pushi/vec4 0, 0, 5;
    %cmp/ne;
    %flag_get/vec4 4;
    %and;
T_16.20;
    %flag_set/vec4 8;
    %jmp/0xz  T_16.18, 8;
    %pushi/vec4 1, 0, 1;
    %assign/vec4 v0x7bf175180_0, 0;
T_16.18 ;
T_16.3 ;
T_16.1 ;
    %jmp T_16;
    .thread T_16;
    .scope S_0x7bee31800;
T_17 ;
    %pushi/vec4 0, 0, 32;
    %store/vec4 v0x7bf176620_0, 0, 32;
T_17.0 ; Top of for-loop
    %load/vec4 v0x7bf176620_0;
    %pad/s 67;
    %cmpi/s 8, 0, 67;
	  %jmp/0xz T_17.1, 5;
    %pushi/vec4 0, 0, 8;
    %ix/getv/s 4, v0x7bf176620_0;
    %store/vec4a v0x7bf176800, 4, 0;
T_17.2 ; for-loop step statement
    %load/vec4 v0x7bf176620_0;
    %addi 1, 0, 32;
    %store/vec4 v0x7bf176620_0, 0, 32;
    %jmp T_17.0;
T_17.1 ; for-loop exit label
    %end;
    .thread T_17;
    .scope S_0x7bee31800;
T_18 ;
    %wait E_0x7bee12fc0;
    %load/vec4 v0x7bf176940_0;
    %flag_set/vec4 8;
    %jmp/0xz  T_18.0, 8;
    %pushi/vec4 0, 0, 8;
    %assign/vec4 v0x7bf176440_0, 0;
    %jmp T_18.1;
T_18.0 ;
    %load/vec4 v0x7bf176580_0;
    %flag_set/vec4 8;
    %jmp/0xz  T_18.2, 8;
    %ix/getv 4, v0x7bf176260_0;
    %load/vec4a v0x7bf176800, 4;
    %assign/vec4 v0x7bf176440_0, 0;
    %load/vec4 v0x7bf176a80_0;
    %flag_set/vec4 8;
    %jmp/0xz  T_18.4, 8;
    %load/vec4 v0x7bf1763a0_0;
    %ix/getv 3, v0x7bf176260_0;
    %ix/load 4, 0, 0; Constant delay
    %assign/vec4/a/d v0x7bf176800, 0, 4;
T_18.4 ;
T_18.2 ;
T_18.1 ;
    %jmp T_18;
    .thread T_18;
    .scope S_0x7bee31980;
T_19 ;
    %pushi/vec4 0, 0, 32;
    %store/vec4 v0x7bf176ee0_0, 0, 32;
T_19.0 ; Top of for-loop
    %load/vec4 v0x7bf176ee0_0;
    %pad/s 67;
    %cmpi/s 8, 0, 67;
	  %jmp/0xz T_19.1, 5;
    %pushi/vec4 0, 0, 8;
    %ix/getv/s 4, v0x7bf176ee0_0;
    %store/vec4a v0x7bf1770c0, 4, 0;
T_19.2 ; for-loop step statement
    %load/vec4 v0x7bf176ee0_0;
    %addi 1, 0, 32;
    %store/vec4 v0x7bf176ee0_0, 0, 32;
    %jmp T_19.0;
T_19.1 ; for-loop exit label
    %end;
    .thread T_19;
    .scope S_0x7bee31980;
T_20 ;
    %wait E_0x7bee12fc0;
    %load/vec4 v0x7bf177200_0;
    %flag_set/vec4 8;
    %jmp/0xz  T_20.0, 8;
    %pushi/vec4 0, 0, 8;
    %assign/vec4 v0x7bf176d00_0, 0;
    %jmp T_20.1;
T_20.0 ;
    %load/vec4 v0x7bf176e40_0;
    %flag_set/vec4 8;
    %jmp/0xz  T_20.2, 8;
    %ix/getv 4, v0x7bf176b20_0;
    %load/vec4a v0x7bf1770c0, 4;
    %assign/vec4 v0x7bf176d00_0, 0;
    %load/vec4 v0x7bf177340_0;
    %flag_set/vec4 8;
    %jmp/0xz  T_20.4, 8;
    %load/vec4 v0x7bf176c60_0;
    %ix/getv 3, v0x7bf176b20_0;
    %ix/load 4, 0, 0; Constant delay
    %assign/vec4/a/d v0x7bf1770c0, 0, 4;
T_20.4 ;
T_20.2 ;
T_20.1 ;
    %jmp T_20;
    .thread T_20;
    .scope S_0x7bee31680;
T_21 ;
    %wait E_0x7bee12e80;
    %load/vec4 v0x7bf181fe0_0;
    %nor/r;
    %flag_set/vec4 8;
    %jmp/0xz  T_21.0, 8;
    %pushi/vec4 0, 0, 1;
    %ix/load 3, 0, 0;
    %flag_set/imm 4, 0;
    %ix/load 4, 0, 0; Constant delay
    %assign/vec4/a/d v0x7bf1826c0, 0, 4;
    %pushi/vec4 0, 0, 1;
    %ix/load 3, 1, 0;
    %flag_set/imm 4, 0;
    %ix/load 4, 0, 0; Constant delay
    %assign/vec4/a/d v0x7bf1826c0, 0, 4;
    %pushi/vec4 0, 0, 1;
    %assign/vec4 v0x7bf180960_0, 0;
    %pushi/vec4 0, 0, 5;
    %assign/vec4 v0x7bf180640_0, 0;
    %pushi/vec4 1, 0, 1;
    %assign/vec4 v0x7bf1810e0_0, 0;
    %jmp T_21.1;
T_21.0 ;
    %load/vec4 v0x7bf1817c0_0;
    %flag_set/vec4 8;
    %jmp/0xz  T_21.2, 8;
    %pushi/vec4 0, 0, 1;
    %ix/load 3, 0, 0;
    %flag_set/imm 4, 0;
    %ix/load 4, 0, 0; Constant delay
    %assign/vec4/a/d v0x7bf1826c0, 0, 4;
    %pushi/vec4 0, 0, 1;
    %ix/load 3, 1, 0;
    %flag_set/imm 4, 0;
    %ix/load 4, 0, 0; Constant delay
    %assign/vec4/a/d v0x7bf1826c0, 0, 4;
    %pushi/vec4 0, 0, 1;
    %assign/vec4 v0x7bf180960_0, 0;
    %load/vec4 v0x7bf182da0_0;
    %assign/vec4 v0x7bf180640_0, 0;
    %pushi/vec4 1, 0, 1;
    %assign/vec4 v0x7bf1810e0_0, 0;
    %jmp T_21.3;
T_21.2 ;
    %load/vec4 v0x7bf181040_0;
    %flag_set/vec4 8;
    %jmp/0xz  T_21.4, 8;
    %pushi/vec4 0, 0, 32;
    %store/vec4 v0x7bf180500_0, 0, 32;
T_21.6 ; Top of for-loop
    %load/vec4 v0x7bf180500_0;
    %cmpi/s 32, 0, 32;
	  %jmp/0xz T_21.7, 5;
    %load/vec4 v0x7bf180f00_0;
    %load/vec4 v0x7bf180500_0;
    %muli 8, 0, 32;
    %part/s 8;
    %load/vec4 v0x7bf180fa0_0;
    %pad/u 9;
    %pad/u 14;
    %muli 32, 0, 14;
    %pad/u 15;
    %load/vec4 v0x7bf180500_0;
    %pad/s 15;
    %add;
    %ix/vec4 3;
    %ix/load 4, 0, 0; Constant delay
    %assign/vec4/a/d v0x7bf181e00, 0, 4;
T_21.8 ; for-loop step statement
    %load/vec4 v0x7bf180500_0;
    %addi 1, 0, 32;
    %store/vec4 v0x7bf180500_0, 0, 32;
    %jmp T_21.6;
T_21.7 ; for-loop exit label
    %pushi/vec4 1, 0, 1;
    %load/vec4 v0x7bf180fa0_0;
    %pad/u 3;
    %ix/vec4 3;
    %ix/load 4, 0, 0; Constant delay
    %assign/vec4/a/d v0x7bf1826c0, 0, 4;
    %load/vec4 v0x7bf1810e0_0;
    %flag_set/vec4 8;
    %jmp/0xz  T_21.9, 8;
    %load/vec4 v0x7bf182da0_0;
    %assign/vec4 v0x7bf180640_0, 0;
    %jmp T_21.10;
T_21.9 ;
    %pushi/vec4 0, 0, 5;
    %assign/vec4 v0x7bf180640_0, 0;
T_21.10 ;
    %pushi/vec4 0, 0, 1;
    %assign/vec4 v0x7bf1810e0_0, 0;
T_21.4 ;
    %load/vec4 v0x7bf180820_0;
    %flag_set/vec4 8;
    %jmp/0xz  T_21.11, 8;
    %load/vec4 v0x7bf180640_0;
    %cmpi/e 31, 0, 5;
    %jmp/0xz  T_21.13, 4;
    %pushi/vec4 0, 0, 5;
    %assign/vec4 v0x7bf180640_0, 0;
    %load/vec4 v0x7bf180960_0;
    %inv;
    %assign/vec4 v0x7bf180960_0, 0;
    %pushi/vec4 0, 0, 1;
    %load/vec4 v0x7bf180960_0;
    %pad/u 3;
    %ix/vec4 3;
    %ix/load 4, 0, 0; Constant delay
    %assign/vec4/a/d v0x7bf1826c0, 0, 4;
    %jmp T_21.14;
T_21.13 ;
    %load/vec4 v0x7bf180640_0;
    %addi 1, 0, 5;
    %assign/vec4 v0x7bf180640_0, 0;
T_21.14 ;
T_21.11 ;
T_21.3 ;
T_21.1 ;
    %jmp T_21;
    .thread T_21;
    .scope S_0x7bee31680;
T_22 ;
    %wait E_0x7bee12e80;
    %load/vec4 v0x7bf181fe0_0;
    %nor/r;
    %flag_set/vec4 8;
    %jmp/0xz  T_22.0, 8;
    %pushi/vec4 0, 0, 5;
    %assign/vec4 v0x7bf180780_0, 0;
    %pushi/vec4 0, 0, 5;
    %assign/vec4 v0x7bf181860_0, 0;
    %pushi/vec4 0, 0, 8;
    %assign/vec4 v0x7bf1805a0_0, 0;
    %pushi/vec4 0, 0, 32;
    %assign/vec4 v0x7bf181ea0_0, 0;
    %pushi/vec4 0, 0, 32;
    %assign/vec4 v0x7bf1824e0_0, 0;
    %pushi/vec4 0, 0, 1;
    %assign/vec4 v0x7bf181c20_0, 0;
    %jmp T_22.1;
T_22.0 ;
    %load/vec4 v0x7bf1817c0_0;
    %flag_set/vec4 8;
    %jmp/0xz  T_22.2, 8;
    %load/vec4 v0x7bf182940_0;
    %assign/vec4 v0x7bf180780_0, 0;
    %pushi/vec4 0, 0, 5;
    %assign/vec4 v0x7bf181860_0, 0;
    %pushi/vec4 0, 0, 8;
    %assign/vec4 v0x7bf1805a0_0, 0;
    %load/vec4 v0x7bf180460_0;
    %addi 16, 0, 32;
    %pushi/vec4 4294967264, 0, 32;
    %and;
    %assign/vec4 v0x7bf181ea0_0, 0;
    %load/vec4 v0x7bf180460_0;
    %addi 16, 0, 32;
    %pushi/vec4 4294967264, 0, 32;
    %and;
    %assign/vec4 v0x7bf1824e0_0, 0;
    %pushi/vec4 0, 0, 1;
    %assign/vec4 v0x7bf181c20_0, 0;
    %jmp T_22.3;
T_22.2 ;
    %load/vec4 v0x7bf181180_0;
    %flag_set/vec4 8;
    %jmp/0xz  T_22.4, 8;
    %load/vec4 v0x7bf181ea0_0;
    %addi 32, 0, 32;
    %assign/vec4 v0x7bf181ea0_0, 0;
    %load/vec4 v0x7bf181c20_0;
    %inv;
    %assign/vec4 v0x7bf181c20_0, 0;
T_22.4 ;
T_22.3 ;
T_22.1 ;
    %jmp T_22;
    .thread T_22;
    .scope S_0x7bee31680;
T_23 ;
    %wait E_0x7bee12e80;
    %load/vec4 v0x7bf181fe0_0;
    %nor/r;
    %flag_set/vec4 8;
    %jmp/0xz  T_23.0, 8;
    %pushi/vec4 0, 0, 5;
    %assign/vec4 v0x7bf181860_0, 0;
    %jmp T_23.1;
T_23.0 ;
    %load/vec4 v0x7bf1817c0_0;
    %flag_set/vec4 8;
    %jmp/0xz  T_23.2, 8;
    %pushi/vec4 0, 0, 5;
    %assign/vec4 v0x7bf181860_0, 0;
    %jmp T_23.3;
T_23.2 ;
    %load/vec4 v0x7bf180820_0;
    %flag_set/vec4 8;
    %jmp/1 T_23.6, 8;
    %load/vec4 v0x7bf180b40_0;
    %flag_set/vec4 9;
    %flag_or 8, 9;
T_23.6;
    %jmp/0xz  T_23.4, 8;
    %load/vec4 v0x7bf181860_0;
    %addi 1, 0, 5;
    %assign/vec4 v0x7bf181860_0, 0;
T_23.4 ;
T_23.3 ;
T_23.1 ;
    %jmp T_23;
    .thread T_23;
    .scope S_0x7bee31680;
T_24 ;
    %wait E_0x7bee12e80;
    %load/vec4 v0x7bf181fe0_0;
    %nor/r;
    %flag_set/vec4 8;
    %jmp/0xz  T_24.0, 8;
    %pushi/vec4 0, 0, 8;
    %assign/vec4 v0x7bf1805a0_0, 0;
    %jmp T_24.1;
T_24.0 ;
    %load/vec4 v0x7bf1817c0_0;
    %flag_set/vec4 8;
    %jmp/0xz  T_24.2, 8;
    %pushi/vec4 0, 0, 8;
    %assign/vec4 v0x7bf1805a0_0, 0;
    %jmp T_24.3;
T_24.2 ;
    %load/vec4 v0x7bf180820_0;
    %flag_set/vec4 8;
    %jmp/0xz  T_24.4, 8;
    %load/vec4 v0x7bf1808c0_0;
    %assign/vec4 v0x7bf1805a0_0, 0;
T_24.4 ;
T_24.3 ;
T_24.1 ;
    %jmp T_24;
    .thread T_24;
    .scope S_0x7bee31680;
T_25 ;
    %wait E_0x7bee12e80;
    %load/vec4 v0x7bf181fe0_0;
    %nor/r;
    %flag_set/vec4 8;
    %jmp/0xz  T_25.0, 8;
    %pushi/vec4 0, 0, 5;
    %assign/vec4 v0x7bf182120_0, 0;
    %pushi/vec4 0, 0, 4;
    %assign/vec4 v0x7bf181cc0_0, 0;
    %pushi/vec4 2, 0, 4;
    %assign/vec4 v0x7bf181d60_0, 0;
    %pushi/vec4 0, 0, 5;
    %assign/vec4 v0x7bf180be0_0, 0;
    %pushi/vec4 0, 0, 4;
    %assign/vec4 v0x7bf180dc0_0, 0;
    %pushi/vec4 2, 0, 4;
    %assign/vec4 v0x7bf180e60_0, 0;
    %pushi/vec4 0, 0, 1;
    %assign/vec4 v0x7bf180d20_0, 0;
    %pushi/vec4 0, 0, 8;
    %assign/vec4 v0x7bf181a40_0, 0;
    %jmp T_25.1;
T_25.0 ;
    %load/vec4 v0x7bf1817c0_0;
    %flag_set/vec4 8;
    %jmp/0xz  T_25.2, 8;
    %pushi/vec4 0, 0, 5;
    %assign/vec4 v0x7bf182120_0, 0;
    %pushi/vec4 0, 0, 4;
    %assign/vec4 v0x7bf181cc0_0, 0;
    %pushi/vec4 2, 0, 4;
    %assign/vec4 v0x7bf181d60_0, 0;
    %pushi/vec4 0, 0, 5;
    %assign/vec4 v0x7bf180be0_0, 0;
    %pushi/vec4 0, 0, 4;
    %assign/vec4 v0x7bf180dc0_0, 0;
    %pushi/vec4 2, 0, 4;
    %assign/vec4 v0x7bf180e60_0, 0;
    %pushi/vec4 0, 0, 1;
    %assign/vec4 v0x7bf180d20_0, 0;
    %pushi/vec4 0, 0, 8;
    %assign/vec4 v0x7bf181a40_0, 0;
    %jmp T_25.3;
T_25.2 ;
    %load/vec4 v0x7bf182300_0;
    %flag_set/vec4 10;
    %flag_get/vec4 10;
    %jmp/0 T_25.7, 10;
    %load/vec4 v0x7bf1823a0_0;
    %nor/r;
    %and;
T_25.7;
    %flag_set/vec4 9;
    %flag_get/vec4 9;
    %jmp/0 T_25.6, 9;
    %load/vec4 v0x7bf182260_0;
    %nor/r;
    %and;
T_25.6;
    %flag_set/vec4 8;
    %jmp/0xz  T_25.4, 8;
    %load/vec4 v0x7bf182120_0;
    %assign/vec4 v0x7bf180be0_0, 0;
    %load/vec4 v0x7bf181cc0_0;
    %assign/vec4 v0x7bf180dc0_0, 0;
    %load/vec4 v0x7bf181d60_0;
    %assign/vec4 v0x7bf180e60_0, 0;
    %load/vec4 v0x7bf182d00_0;
    %assign/vec4 v0x7bf180c80_0, 0;
    %pushi/vec4 1, 0, 1;
    %assign/vec4 v0x7bf180d20_0, 0;
    %load/vec4 v0x7bf181cc0_0;
    %pad/u 32;
    %cmpi/e 7, 0, 32;
    %jmp/0xz  T_25.8, 4;
    %pushi/vec4 0, 0, 4;
    %assign/vec4 v0x7bf181cc0_0, 0;
    %load/vec4 v0x7bf181d60_0;
    %addi 1, 0, 4;
    %assign/vec4 v0x7bf181d60_0, 0;
    %jmp T_25.9;
T_25.8 ;
    %load/vec4 v0x7bf181cc0_0;
    %addi 1, 0, 4;
    %assign/vec4 v0x7bf181cc0_0, 0;
T_25.9 ;
    %load/vec4 v0x7bf182120_0;
    %addi 1, 0, 5;
    %assign/vec4 v0x7bf182120_0, 0;
    %jmp T_25.5;
T_25.4 ;
    %pushi/vec4 0, 0, 1;
    %assign/vec4 v0x7bf180d20_0, 0;
T_25.5 ;
T_25.3 ;
T_25.1 ;
    %jmp T_25;
    .thread T_25;
    .scope S_0x7bee31680;
T_26 ;
    %wait E_0x7bee12e80;
    %load/vec4 v0x7bf181fe0_0;
    %nor/r;
    %flag_set/vec4 8;
    %jmp/0xz  T_26.0, 8;
    %pushi/vec4 0, 0, 8;
    %assign/vec4 v0x7bf181a40_0, 0;
    %jmp T_26.1;
T_26.0 ;
    %load/vec4 v0x7bf1817c0_0;
    %flag_set/vec4 8;
    %jmp/0xz  T_26.2, 8;
    %pushi/vec4 0, 0, 8;
    %assign/vec4 v0x7bf181a40_0, 0;
    %jmp T_26.3;
T_26.2 ;
    %load/vec4 v0x7bf180d20_0;
    %flag_set/vec4 9;
    %flag_get/vec4 9;
    %jmp/0 T_26.6, 9;
    %load/vec4 v0x7bf180be0_0;
    %load/vec4 v0x7bf180780_0;
    %cmp/u;
    %flag_get/vec4 5;
    %and;
T_26.6;
    %flag_set/vec4 8;
    %jmp/0xz  T_26.4, 8;
    %load/vec4 v0x7bf181a40_0;
    %load/vec4 v0x7bf182d00_0;
    %cmp/u;
    %jmp/0xz  T_26.7, 5;
    %load/vec4 v0x7bf182d00_0;
    %assign/vec4 v0x7bf181a40_0, 0;
T_26.7 ;
T_26.4 ;
T_26.3 ;
T_26.1 ;
    %jmp T_26;
    .thread T_26;
    .scope S_0x7bee31680;
T_27 ;
    %wait E_0x7bee12e80;
    %load/vec4 v0x7bf181fe0_0;
    %nor/r;
    %flag_set/vec4 8;
    %jmp/0xz  T_27.0, 8;
    %pushi/vec4 0, 0, 6;
    %assign/vec4 v0x7bf181720_0, 0;
    %pushi/vec4 0, 0, 6;
    %assign/vec4 v0x7bf1815e0_0, 0;
    %pushi/vec4 0, 0, 7;
    %assign/vec4 v0x7bf181220_0, 0;
    %pushi/vec4 0, 0, 1;
    %assign/vec4 v0x7bf1814a0_0, 0;
    %pushi/vec4 0, 0, 1;
    %assign/vec4 v0x7bf182260_0, 0;
    %jmp T_27.1;
T_27.0 ;
    %load/vec4 v0x7bf1817c0_0;
    %flag_set/vec4 8;
    %jmp/0xz  T_27.2, 8;
    %pushi/vec4 0, 0, 6;
    %assign/vec4 v0x7bf181720_0, 0;
    %pushi/vec4 0, 0, 6;
    %assign/vec4 v0x7bf1815e0_0, 0;
    %pushi/vec4 0, 0, 7;
    %assign/vec4 v0x7bf181220_0, 0;
    %pushi/vec4 0, 0, 1;
    %assign/vec4 v0x7bf1814a0_0, 0;
    %pushi/vec4 0, 0, 1;
    %assign/vec4 v0x7bf182260_0, 0;
    %jmp T_27.3;
T_27.2 ;
    %load/vec4 v0x7bf182b20_0;
    %flag_set/vec4 9;
    %flag_get/vec4 9;
    %jmp/0 T_27.6, 9;
    %load/vec4 v0x7bf1823a0_0;
    %nor/r;
    %and;
T_27.6;
    %flag_set/vec4 8;
    %jmp/0xz  T_27.4, 8;
    %load/vec4 v0x7bf182d00_0;
    %pushi/vec4 0, 0, 8;
    %load/vec4 v0x7bf180e60_0;
    %concat/vec4; draw_concat_vec4
    %concat/vec4; draw_concat_vec4
    %pushi/vec4 0, 0, 8;
    %load/vec4 v0x7bf180dc0_0;
    %concat/vec4; draw_concat_vec4
    %concat/vec4; draw_concat_vec4
    %load/vec4 v0x7bf181720_0;
    %pad/u 8;
    %ix/vec4 3;
    %ix/load 4, 0, 0; Constant delay
    %assign/vec4/a/d v0x7bf181400, 0, 4;
    %load/vec4 v0x7bf181720_0;
    %addi 1, 0, 6;
    %assign/vec4 v0x7bf181720_0, 0;
T_27.4 ;
    %load/vec4 v0x7bf182bc0_0;
    %flag_set/vec4 8;
    %jmp/0xz  T_27.7, 8;
    %load/vec4 v0x7bf1815e0_0;
    %addi 1, 0, 6;
    %assign/vec4 v0x7bf1815e0_0, 0;
T_27.7 ;
    %load/vec4 v0x7bf181220_0;
    %load/vec4 v0x7bf182b20_0;
    %flag_set/vec4 9;
    %flag_get/vec4 9;
    %jmp/0 T_27.11, 9;
    %load/vec4 v0x7bf1823a0_0;
    %nor/r;
    %and;
T_27.11;
    %flag_set/vec4 8;
    %jmp/0 T_27.9, 8;
    %pushi/vec4 1, 0, 7;
    %jmp/1 T_27.10, 8;
T_27.9 ; End of true expr.
    %pushi/vec4 0, 0, 7;
    %jmp/0 T_27.10, 8;
 ; End of false expr.
    %blend;
T_27.10;
    %add;
    %load/vec4 v0x7bf182bc0_0;
    %flag_set/vec4 8;
    %jmp/0 T_27.12, 8;
    %pushi/vec4 1, 0, 7;
    %jmp/1 T_27.13, 8;
T_27.12 ; End of true expr.
    %pushi/vec4 0, 0, 7;
    %jmp/0 T_27.13, 8;
 ; End of false expr.
    %blend;
T_27.13;
    %sub;
    %assign/vec4 v0x7bf181220_0, 0;
    %load/vec4 v0x7bf182b20_0;
    %flag_set/vec4 10;
    %flag_get/vec4 10;
    %jmp/0 T_27.17, 10;
    %load/vec4 v0x7bf1823a0_0;
    %and;
T_27.17;
    %flag_set/vec4 9;
    %flag_get/vec4 9;
    %jmp/0 T_27.16, 9;
    %pushi/vec4 63, 0, 32;
    %load/vec4 v0x7bf181220_0;
    %pad/u 32;
    %cmp/u;
    %flag_get/vec4 4;
    %flag_get/vec4 5;
    %or;
    %and;
T_27.16;
    %flag_set/vec4 8;
    %jmp/0xz  T_27.14, 8;
    %pushi/vec4 1, 0, 1;
    %assign/vec4 v0x7bf1814a0_0, 0;
    %vpi_call/w 5 303 "$error", "F6: hit FIFO overflow (HIT_FIFO_DEPTH too small or drain stalled)" {0 0 0};
T_27.14 ;
    %load/vec4 v0x7bf180d20_0;
    %flag_set/vec4 10;
    %flag_get/vec4 10;
    %jmp/0 T_27.21, 10;
    %load/vec4 v0x7bf180be0_0;
    %load/vec4 v0x7bf180780_0;
    %subi 1, 0, 5;
    %cmp/e;
    %flag_get/vec4 4;
    %and;
T_27.21;
    %flag_set/vec4 9;
    %flag_get/vec4 9;
    %jmp/0 T_27.20, 9;
    %load/vec4 v0x7bf180780_0;
    %pushi/vec4 0, 0, 5;
    %cmp/ne;
    %flag_get/vec4 4;
    %and;
T_27.20;
    %flag_set/vec4 8;
    %jmp/0xz  T_27.18, 8;
    %pushi/vec4 1, 0, 1;
    %assign/vec4 v0x7bf182260_0, 0;
T_27.18 ;
T_27.3 ;
T_27.1 ;
    %jmp T_27;
    .thread T_27;
    .scope S_0x7bee31e00;
T_28 ;
    %pushi/vec4 0, 0, 32;
    %store/vec4 v0x7bf183700_0, 0, 32;
T_28.0 ; Top of for-loop
    %load/vec4 v0x7bf183700_0;
    %pad/s 67;
    %cmpi/s 8, 0, 67;
	  %jmp/0xz T_28.1, 5;
    %pushi/vec4 0, 0, 8;
    %ix/getv/s 4, v0x7bf183700_0;
    %store/vec4a v0x7bf1838e0, 4, 0;
T_28.2 ; for-loop step statement
    %load/vec4 v0x7bf183700_0;
    %addi 1, 0, 32;
    %store/vec4 v0x7bf183700_0, 0, 32;
    %jmp T_28.0;
T_28.1 ; for-loop exit label
    %end;
    .thread T_28;
    .scope S_0x7bee31e00;
T_29 ;
    %wait E_0x7bee12fc0;
    %load/vec4 v0x7bf183a20_0;
    %flag_set/vec4 8;
    %jmp/0xz  T_29.0, 8;
    %pushi/vec4 0, 0, 8;
    %assign/vec4 v0x7bf183520_0, 0;
    %jmp T_29.1;
T_29.0 ;
    %load/vec4 v0x7bf183660_0;
    %flag_set/vec4 8;
    %jmp/0xz  T_29.2, 8;
    %ix/getv 4, v0x7bf183340_0;
    %load/vec4a v0x7bf1838e0, 4;
    %assign/vec4 v0x7bf183520_0, 0;
    %load/vec4 v0x7bf183b60_0;
    %flag_set/vec4 8;
    %jmp/0xz  T_29.4, 8;
    %load/vec4 v0x7bf183480_0;
    %ix/getv 3, v0x7bf183340_0;
    %ix/load 4, 0, 0; Constant delay
    %assign/vec4/a/d v0x7bf1838e0, 0, 4;
T_29.4 ;
T_29.2 ;
T_29.1 ;
    %jmp T_29;
    .thread T_29;
    .scope S_0x7bee31f80;
T_30 ;
    %pushi/vec4 0, 0, 32;
    %store/vec4 v0x7bf184000_0, 0, 32;
T_30.0 ; Top of for-loop
    %load/vec4 v0x7bf184000_0;
    %pad/s 67;
    %cmpi/s 8, 0, 67;
	  %jmp/0xz T_30.1, 5;
    %pushi/vec4 0, 0, 8;
    %ix/getv/s 4, v0x7bf184000_0;
    %store/vec4a v0x7bf1841e0, 4, 0;
T_30.2 ; for-loop step statement
    %load/vec4 v0x7bf184000_0;
    %addi 1, 0, 32;
    %store/vec4 v0x7bf184000_0, 0, 32;
    %jmp T_30.0;
T_30.1 ; for-loop exit label
    %end;
    .thread T_30;
    .scope S_0x7bee31f80;
T_31 ;
    %wait E_0x7bee12fc0;
    %load/vec4 v0x7bf184320_0;
    %flag_set/vec4 8;
    %jmp/0xz  T_31.0, 8;
    %pushi/vec4 0, 0, 8;
    %assign/vec4 v0x7bf183de0_0, 0;
    %jmp T_31.1;
T_31.0 ;
    %load/vec4 v0x7bf183f20_0;
    %flag_set/vec4 8;
    %jmp/0xz  T_31.2, 8;
    %ix/getv 4, v0x7bf183c00_0;
    %load/vec4a v0x7bf1841e0, 4;
    %assign/vec4 v0x7bf183de0_0, 0;
    %load/vec4 v0x7bf184460_0;
    %flag_set/vec4 8;
    %jmp/0xz  T_31.4, 8;
    %load/vec4 v0x7bf183d40_0;
    %ix/getv 3, v0x7bf183c00_0;
    %ix/load 4, 0, 0; Constant delay
    %assign/vec4/a/d v0x7bf1841e0, 0, 4;
T_31.4 ;
T_31.2 ;
T_31.1 ;
    %jmp T_31;
    .thread T_31;
    .scope S_0x7bee31c80;
T_32 ;
    %wait E_0x7bee12e80;
    %load/vec4 v0x7bf18b0c0_0;
    %nor/r;
    %flag_set/vec4 8;
    %jmp/0xz  T_32.0, 8;
    %pushi/vec4 0, 0, 1;
    %ix/load 3, 0, 0;
    %flag_set/imm 4, 0;
    %ix/load 4, 0, 0; Constant delay
    %assign/vec4/a/d v0x7bf18b7a0, 0, 4;
    %pushi/vec4 0, 0, 1;
    %ix/load 3, 1, 0;
    %flag_set/imm 4, 0;
    %ix/load 4, 0, 0; Constant delay
    %assign/vec4/a/d v0x7bf18b7a0, 0, 4;
    %pushi/vec4 0, 0, 1;
    %assign/vec4 v0x7bf189a40_0, 0;
    %pushi/vec4 0, 0, 5;
    %assign/vec4 v0x7bf189720_0, 0;
    %pushi/vec4 1, 0, 1;
    %assign/vec4 v0x7bf18a1c0_0, 0;
    %jmp T_32.1;
T_32.0 ;
    %load/vec4 v0x7bf18a8a0_0;
    %flag_set/vec4 8;
    %jmp/0xz  T_32.2, 8;
    %pushi/vec4 0, 0, 1;
    %ix/load 3, 0, 0;
    %flag_set/imm 4, 0;
    %ix/load 4, 0, 0; Constant delay
    %assign/vec4/a/d v0x7bf18b7a0, 0, 4;
    %pushi/vec4 0, 0, 1;
    %ix/load 3, 1, 0;
    %flag_set/imm 4, 0;
    %ix/load 4, 0, 0; Constant delay
    %assign/vec4/a/d v0x7bf18b7a0, 0, 4;
    %pushi/vec4 0, 0, 1;
    %assign/vec4 v0x7bf189a40_0, 0;
    %load/vec4 v0x7bf18be80_0;
    %assign/vec4 v0x7bf189720_0, 0;
    %pushi/vec4 1, 0, 1;
    %assign/vec4 v0x7bf18a1c0_0, 0;
    %jmp T_32.3;
T_32.2 ;
    %load/vec4 v0x7bf18a120_0;
    %flag_set/vec4 8;
    %jmp/0xz  T_32.4, 8;
    %pushi/vec4 0, 0, 32;
    %store/vec4 v0x7bf1895e0_0, 0, 32;
T_32.6 ; Top of for-loop
    %load/vec4 v0x7bf1895e0_0;
    %cmpi/s 32, 0, 32;
	  %jmp/0xz T_32.7, 5;
    %load/vec4 v0x7bf189fe0_0;
    %load/vec4 v0x7bf1895e0_0;
    %muli 8, 0, 32;
    %part/s 8;
    %load/vec4 v0x7bf18a080_0;
    %pad/u 9;
    %pad/u 14;
    %muli 32, 0, 14;
    %pad/u 15;
    %load/vec4 v0x7bf1895e0_0;
    %pad/s 15;
    %add;
    %ix/vec4 3;
    %ix/load 4, 0, 0; Constant delay
    %assign/vec4/a/d v0x7bf18aee0, 0, 4;
T_32.8 ; for-loop step statement
    %load/vec4 v0x7bf1895e0_0;
    %addi 1, 0, 32;
    %store/vec4 v0x7bf1895e0_0, 0, 32;
    %jmp T_32.6;
T_32.7 ; for-loop exit label
    %pushi/vec4 1, 0, 1;
    %load/vec4 v0x7bf18a080_0;
    %pad/u 3;
    %ix/vec4 3;
    %ix/load 4, 0, 0; Constant delay
    %assign/vec4/a/d v0x7bf18b7a0, 0, 4;
    %load/vec4 v0x7bf18a1c0_0;
    %flag_set/vec4 8;
    %jmp/0xz  T_32.9, 8;
    %load/vec4 v0x7bf18be80_0;
    %assign/vec4 v0x7bf189720_0, 0;
    %jmp T_32.10;
T_32.9 ;
    %pushi/vec4 0, 0, 5;
    %assign/vec4 v0x7bf189720_0, 0;
T_32.10 ;
    %pushi/vec4 0, 0, 1;
    %assign/vec4 v0x7bf18a1c0_0, 0;
T_32.4 ;
    %load/vec4 v0x7bf189900_0;
    %flag_set/vec4 8;
    %jmp/0xz  T_32.11, 8;
    %load/vec4 v0x7bf189720_0;
    %cmpi/e 31, 0, 5;
    %jmp/0xz  T_32.13, 4;
    %pushi/vec4 0, 0, 5;
    %assign/vec4 v0x7bf189720_0, 0;
    %load/vec4 v0x7bf189a40_0;
    %inv;
    %assign/vec4 v0x7bf189a40_0, 0;
    %pushi/vec4 0, 0, 1;
    %load/vec4 v0x7bf189a40_0;
    %pad/u 3;
    %ix/vec4 3;
    %ix/load 4, 0, 0; Constant delay
    %assign/vec4/a/d v0x7bf18b7a0, 0, 4;
    %jmp T_32.14;
T_32.13 ;
    %load/vec4 v0x7bf189720_0;
    %addi 1, 0, 5;
    %assign/vec4 v0x7bf189720_0, 0;
T_32.14 ;
T_32.11 ;
T_32.3 ;
T_32.1 ;
    %jmp T_32;
    .thread T_32;
    .scope S_0x7bee31c80;
T_33 ;
    %wait E_0x7bee12e80;
    %load/vec4 v0x7bf18b0c0_0;
    %nor/r;
    %flag_set/vec4 8;
    %jmp/0xz  T_33.0, 8;
    %pushi/vec4 0, 0, 5;
    %assign/vec4 v0x7bf189860_0, 0;
    %pushi/vec4 0, 0, 5;
    %assign/vec4 v0x7bf18a940_0, 0;
    %pushi/vec4 0, 0, 8;
    %assign/vec4 v0x7bf189680_0, 0;
    %pushi/vec4 0, 0, 32;
    %assign/vec4 v0x7bf18af80_0, 0;
    %pushi/vec4 0, 0, 32;
    %assign/vec4 v0x7bf18b5c0_0, 0;
    %pushi/vec4 0, 0, 1;
    %assign/vec4 v0x7bf18ad00_0, 0;
    %jmp T_33.1;
T_33.0 ;
    %load/vec4 v0x7bf18a8a0_0;
    %flag_set/vec4 8;
    %jmp/0xz  T_33.2, 8;
    %load/vec4 v0x7bf18ba20_0;
    %assign/vec4 v0x7bf189860_0, 0;
    %pushi/vec4 0, 0, 5;
    %assign/vec4 v0x7bf18a940_0, 0;
    %pushi/vec4 0, 0, 8;
    %assign/vec4 v0x7bf189680_0, 0;
    %load/vec4 v0x7bf189540_0;
    %addi 32, 0, 32;
    %pushi/vec4 4294967264, 0, 32;
    %and;
    %assign/vec4 v0x7bf18af80_0, 0;
    %load/vec4 v0x7bf189540_0;
    %addi 32, 0, 32;
    %pushi/vec4 4294967264, 0, 32;
    %and;
    %assign/vec4 v0x7bf18b5c0_0, 0;
    %pushi/vec4 0, 0, 1;
    %assign/vec4 v0x7bf18ad00_0, 0;
    %jmp T_33.3;
T_33.2 ;
    %load/vec4 v0x7bf18a260_0;
    %flag_set/vec4 8;
    %jmp/0xz  T_33.4, 8;
    %load/vec4 v0x7bf18af80_0;
    %addi 32, 0, 32;
    %assign/vec4 v0x7bf18af80_0, 0;
    %load/vec4 v0x7bf18ad00_0;
    %inv;
    %assign/vec4 v0x7bf18ad00_0, 0;
T_33.4 ;
T_33.3 ;
T_33.1 ;
    %jmp T_33;
    .thread T_33;
    .scope S_0x7bee31c80;
T_34 ;
    %wait E_0x7bee12e80;
    %load/vec4 v0x7bf18b0c0_0;
    %nor/r;
    %flag_set/vec4 8;
    %jmp/0xz  T_34.0, 8;
    %pushi/vec4 0, 0, 5;
    %assign/vec4 v0x7bf18a940_0, 0;
    %jmp T_34.1;
T_34.0 ;
    %load/vec4 v0x7bf18a8a0_0;
    %flag_set/vec4 8;
    %jmp/0xz  T_34.2, 8;
    %pushi/vec4 0, 0, 5;
    %assign/vec4 v0x7bf18a940_0, 0;
    %jmp T_34.3;
T_34.2 ;
    %load/vec4 v0x7bf189900_0;
    %flag_set/vec4 8;
    %jmp/1 T_34.6, 8;
    %load/vec4 v0x7bf189c20_0;
    %flag_set/vec4 9;
    %flag_or 8, 9;
T_34.6;
    %jmp/0xz  T_34.4, 8;
    %load/vec4 v0x7bf18a940_0;
    %addi 1, 0, 5;
    %assign/vec4 v0x7bf18a940_0, 0;
T_34.4 ;
T_34.3 ;
T_34.1 ;
    %jmp T_34;
    .thread T_34;
    .scope S_0x7bee31c80;
T_35 ;
    %wait E_0x7bee12e80;
    %load/vec4 v0x7bf18b0c0_0;
    %nor/r;
    %flag_set/vec4 8;
    %jmp/0xz  T_35.0, 8;
    %pushi/vec4 0, 0, 8;
    %assign/vec4 v0x7bf189680_0, 0;
    %jmp T_35.1;
T_35.0 ;
    %load/vec4 v0x7bf18a8a0_0;
    %flag_set/vec4 8;
    %jmp/0xz  T_35.2, 8;
    %pushi/vec4 0, 0, 8;
    %assign/vec4 v0x7bf189680_0, 0;
    %jmp T_35.3;
T_35.2 ;
    %load/vec4 v0x7bf189900_0;
    %flag_set/vec4 8;
    %jmp/0xz  T_35.4, 8;
    %load/vec4 v0x7bf1899a0_0;
    %assign/vec4 v0x7bf189680_0, 0;
T_35.4 ;
T_35.3 ;
T_35.1 ;
    %jmp T_35;
    .thread T_35;
    .scope S_0x7bee31c80;
T_36 ;
    %wait E_0x7bee12e80;
    %load/vec4 v0x7bf18b0c0_0;
    %nor/r;
    %flag_set/vec4 8;
    %jmp/0xz  T_36.0, 8;
    %pushi/vec4 0, 0, 5;
    %assign/vec4 v0x7bf18b200_0, 0;
    %pushi/vec4 0, 0, 4;
    %assign/vec4 v0x7bf18ada0_0, 0;
    %pushi/vec4 4, 0, 4;
    %assign/vec4 v0x7bf18ae40_0, 0;
    %pushi/vec4 0, 0, 5;
    %assign/vec4 v0x7bf189cc0_0, 0;
    %pushi/vec4 0, 0, 4;
    %assign/vec4 v0x7bf189ea0_0, 0;
    %pushi/vec4 4, 0, 4;
    %assign/vec4 v0x7bf189f40_0, 0;
    %pushi/vec4 0, 0, 1;
    %assign/vec4 v0x7bf189e00_0, 0;
    %pushi/vec4 0, 0, 8;
    %assign/vec4 v0x7bf18ab20_0, 0;
    %jmp T_36.1;
T_36.0 ;
    %load/vec4 v0x7bf18a8a0_0;
    %flag_set/vec4 8;
    %jmp/0xz  T_36.2, 8;
    %pushi/vec4 0, 0, 5;
    %assign/vec4 v0x7bf18b200_0, 0;
    %pushi/vec4 0, 0, 4;
    %assign/vec4 v0x7bf18ada0_0, 0;
    %pushi/vec4 4, 0, 4;
    %assign/vec4 v0x7bf18ae40_0, 0;
    %pushi/vec4 0, 0, 5;
    %assign/vec4 v0x7bf189cc0_0, 0;
    %pushi/vec4 0, 0, 4;
    %assign/vec4 v0x7bf189ea0_0, 0;
    %pushi/vec4 4, 0, 4;
    %assign/vec4 v0x7bf189f40_0, 0;
    %pushi/vec4 0, 0, 1;
    %assign/vec4 v0x7bf189e00_0, 0;
    %pushi/vec4 0, 0, 8;
    %assign/vec4 v0x7bf18ab20_0, 0;
    %jmp T_36.3;
T_36.2 ;
    %load/vec4 v0x7bf18b3e0_0;
    %flag_set/vec4 10;
    %flag_get/vec4 10;
    %jmp/0 T_36.7, 10;
    %load/vec4 v0x7bf18b480_0;
    %nor/r;
    %and;
T_36.7;
    %flag_set/vec4 9;
    %flag_get/vec4 9;
    %jmp/0 T_36.6, 9;
    %load/vec4 v0x7bf18b340_0;
    %nor/r;
    %and;
T_36.6;
    %flag_set/vec4 8;
    %jmp/0xz  T_36.4, 8;
    %load/vec4 v0x7bf18b200_0;
    %assign/vec4 v0x7bf189cc0_0, 0;
    %load/vec4 v0x7bf18ada0_0;
    %assign/vec4 v0x7bf189ea0_0, 0;
    %load/vec4 v0x7bf18ae40_0;
    %assign/vec4 v0x7bf189f40_0, 0;
    %load/vec4 v0x7bf18bde0_0;
    %assign/vec4 v0x7bf189d60_0, 0;
    %pushi/vec4 1, 0, 1;
    %assign/vec4 v0x7bf189e00_0, 0;
    %load/vec4 v0x7bf18ada0_0;
    %pad/u 32;
    %cmpi/e 7, 0, 32;
    %jmp/0xz  T_36.8, 4;
    %pushi/vec4 0, 0, 4;
    %assign/vec4 v0x7bf18ada0_0, 0;
    %load/vec4 v0x7bf18ae40_0;
    %addi 1, 0, 4;
    %assign/vec4 v0x7bf18ae40_0, 0;
    %jmp T_36.9;
T_36.8 ;
    %load/vec4 v0x7bf18ada0_0;
    %addi 1, 0, 4;
    %assign/vec4 v0x7bf18ada0_0, 0;
T_36.9 ;
    %load/vec4 v0x7bf18b200_0;
    %addi 1, 0, 5;
    %assign/vec4 v0x7bf18b200_0, 0;
    %jmp T_36.5;
T_36.4 ;
    %pushi/vec4 0, 0, 1;
    %assign/vec4 v0x7bf189e00_0, 0;
T_36.5 ;
T_36.3 ;
T_36.1 ;
    %jmp T_36;
    .thread T_36;
    .scope S_0x7bee31c80;
T_37 ;
    %wait E_0x7bee12e80;
    %load/vec4 v0x7bf18b0c0_0;
    %nor/r;
    %flag_set/vec4 8;
    %jmp/0xz  T_37.0, 8;
    %pushi/vec4 0, 0, 8;
    %assign/vec4 v0x7bf18ab20_0, 0;
    %jmp T_37.1;
T_37.0 ;
    %load/vec4 v0x7bf18a8a0_0;
    %flag_set/vec4 8;
    %jmp/0xz  T_37.2, 8;
    %pushi/vec4 0, 0, 8;
    %assign/vec4 v0x7bf18ab20_0, 0;
    %jmp T_37.3;
T_37.2 ;
    %load/vec4 v0x7bf189e00_0;
    %flag_set/vec4 9;
    %flag_get/vec4 9;
    %jmp/0 T_37.6, 9;
    %load/vec4 v0x7bf189cc0_0;
    %load/vec4 v0x7bf189860_0;
    %cmp/u;
    %flag_get/vec4 5;
    %and;
T_37.6;
    %flag_set/vec4 8;
    %jmp/0xz  T_37.4, 8;
    %load/vec4 v0x7bf18ab20_0;
    %load/vec4 v0x7bf18bde0_0;
    %cmp/u;
    %jmp/0xz  T_37.7, 5;
    %load/vec4 v0x7bf18bde0_0;
    %assign/vec4 v0x7bf18ab20_0, 0;
T_37.7 ;
T_37.4 ;
T_37.3 ;
T_37.1 ;
    %jmp T_37;
    .thread T_37;
    .scope S_0x7bee31c80;
T_38 ;
    %wait E_0x7bee12e80;
    %load/vec4 v0x7bf18b0c0_0;
    %nor/r;
    %flag_set/vec4 8;
    %jmp/0xz  T_38.0, 8;
    %pushi/vec4 0, 0, 6;
    %assign/vec4 v0x7bf18a800_0, 0;
    %pushi/vec4 0, 0, 6;
    %assign/vec4 v0x7bf18a6c0_0, 0;
    %pushi/vec4 0, 0, 7;
    %assign/vec4 v0x7bf18a300_0, 0;
    %pushi/vec4 0, 0, 1;
    %assign/vec4 v0x7bf18a580_0, 0;
    %pushi/vec4 0, 0, 1;
    %assign/vec4 v0x7bf18b340_0, 0;
    %jmp T_38.1;
T_38.0 ;
    %load/vec4 v0x7bf18a8a0_0;
    %flag_set/vec4 8;
    %jmp/0xz  T_38.2, 8;
    %pushi/vec4 0, 0, 6;
    %assign/vec4 v0x7bf18a800_0, 0;
    %pushi/vec4 0, 0, 6;
    %assign/vec4 v0x7bf18a6c0_0, 0;
    %pushi/vec4 0, 0, 7;
    %assign/vec4 v0x7bf18a300_0, 0;
    %pushi/vec4 0, 0, 1;
    %assign/vec4 v0x7bf18a580_0, 0;
    %pushi/vec4 0, 0, 1;
    %assign/vec4 v0x7bf18b340_0, 0;
    %jmp T_38.3;
T_38.2 ;
    %load/vec4 v0x7bf18bc00_0;
    %flag_set/vec4 9;
    %flag_get/vec4 9;
    %jmp/0 T_38.6, 9;
    %load/vec4 v0x7bf18b480_0;
    %nor/r;
    %and;
T_38.6;
    %flag_set/vec4 8;
    %jmp/0xz  T_38.4, 8;
    %load/vec4 v0x7bf18bde0_0;
    %pushi/vec4 0, 0, 8;
    %load/vec4 v0x7bf189f40_0;
    %concat/vec4; draw_concat_vec4
    %concat/vec4; draw_concat_vec4
    %pushi/vec4 0, 0, 8;
    %load/vec4 v0x7bf189ea0_0;
    %concat/vec4; draw_concat_vec4
    %concat/vec4; draw_concat_vec4
    %load/vec4 v0x7bf18a800_0;
    %pad/u 8;
    %ix/vec4 3;
    %ix/load 4, 0, 0; Constant delay
    %assign/vec4/a/d v0x7bf18a4e0, 0, 4;
    %load/vec4 v0x7bf18a800_0;
    %addi 1, 0, 6;
    %assign/vec4 v0x7bf18a800_0, 0;
T_38.4 ;
    %load/vec4 v0x7bf18bca0_0;
    %flag_set/vec4 8;
    %jmp/0xz  T_38.7, 8;
    %load/vec4 v0x7bf18a6c0_0;
    %addi 1, 0, 6;
    %assign/vec4 v0x7bf18a6c0_0, 0;
T_38.7 ;
    %load/vec4 v0x7bf18a300_0;
    %load/vec4 v0x7bf18bc00_0;
    %flag_set/vec4 9;
    %flag_get/vec4 9;
    %jmp/0 T_38.11, 9;
    %load/vec4 v0x7bf18b480_0;
    %nor/r;
    %and;
T_38.11;
    %flag_set/vec4 8;
    %jmp/0 T_38.9, 8;
    %pushi/vec4 1, 0, 7;
    %jmp/1 T_38.10, 8;
T_38.9 ; End of true expr.
    %pushi/vec4 0, 0, 7;
    %jmp/0 T_38.10, 8;
 ; End of false expr.
    %blend;
T_38.10;
    %add;
    %load/vec4 v0x7bf18bca0_0;
    %flag_set/vec4 8;
    %jmp/0 T_38.12, 8;
    %pushi/vec4 1, 0, 7;
    %jmp/1 T_38.13, 8;
T_38.12 ; End of true expr.
    %pushi/vec4 0, 0, 7;
    %jmp/0 T_38.13, 8;
 ; End of false expr.
    %blend;
T_38.13;
    %sub;
    %assign/vec4 v0x7bf18a300_0, 0;
    %load/vec4 v0x7bf18bc00_0;
    %flag_set/vec4 10;
    %flag_get/vec4 10;
    %jmp/0 T_38.17, 10;
    %load/vec4 v0x7bf18b480_0;
    %and;
T_38.17;
    %flag_set/vec4 9;
    %flag_get/vec4 9;
    %jmp/0 T_38.16, 9;
    %pushi/vec4 63, 0, 32;
    %load/vec4 v0x7bf18a300_0;
    %pad/u 32;
    %cmp/u;
    %flag_get/vec4 4;
    %flag_get/vec4 5;
    %or;
    %and;
T_38.16;
    %flag_set/vec4 8;
    %jmp/0xz  T_38.14, 8;
    %pushi/vec4 1, 0, 1;
    %assign/vec4 v0x7bf18a580_0, 0;
    %vpi_call/w 5 303 "$error", "F6: hit FIFO overflow (HIT_FIFO_DEPTH too small or drain stalled)" {0 0 0};
T_38.14 ;
    %load/vec4 v0x7bf189e00_0;
    %flag_set/vec4 10;
    %flag_get/vec4 10;
    %jmp/0 T_38.21, 10;
    %load/vec4 v0x7bf189cc0_0;
    %load/vec4 v0x7bf189860_0;
    %subi 1, 0, 5;
    %cmp/e;
    %flag_get/vec4 4;
    %and;
T_38.21;
    %flag_set/vec4 9;
    %flag_get/vec4 9;
    %jmp/0 T_38.20, 9;
    %load/vec4 v0x7bf189860_0;
    %pushi/vec4 0, 0, 5;
    %cmp/ne;
    %flag_get/vec4 4;
    %and;
T_38.20;
    %flag_set/vec4 8;
    %jmp/0xz  T_38.18, 8;
    %pushi/vec4 1, 0, 1;
    %assign/vec4 v0x7bf18b340_0, 0;
T_38.18 ;
T_38.3 ;
T_38.1 ;
    %jmp T_38;
    .thread T_38;
    .scope S_0x7bee32400;
T_39 ;
    %pushi/vec4 0, 0, 32;
    %store/vec4 v0x7bf18c820_0, 0, 32;
T_39.0 ; Top of for-loop
    %load/vec4 v0x7bf18c820_0;
    %pad/s 67;
    %cmpi/s 8, 0, 67;
	  %jmp/0xz T_39.1, 5;
    %pushi/vec4 0, 0, 8;
    %ix/getv/s 4, v0x7bf18c820_0;
    %store/vec4a v0x7bf18ca00, 4, 0;
T_39.2 ; for-loop step statement
    %load/vec4 v0x7bf18c820_0;
    %addi 1, 0, 32;
    %store/vec4 v0x7bf18c820_0, 0, 32;
    %jmp T_39.0;
T_39.1 ; for-loop exit label
    %end;
    .thread T_39;
    .scope S_0x7bee32400;
T_40 ;
    %wait E_0x7bee12fc0;
    %load/vec4 v0x7bf18cb40_0;
    %flag_set/vec4 8;
    %jmp/0xz  T_40.0, 8;
    %pushi/vec4 0, 0, 8;
    %assign/vec4 v0x7bf18c640_0, 0;
    %jmp T_40.1;
T_40.0 ;
    %load/vec4 v0x7bf18c780_0;
    %flag_set/vec4 8;
    %jmp/0xz  T_40.2, 8;
    %ix/getv 4, v0x7bf18c460_0;
    %load/vec4a v0x7bf18ca00, 4;
    %assign/vec4 v0x7bf18c640_0, 0;
    %load/vec4 v0x7bf18cc80_0;
    %flag_set/vec4 8;
    %jmp/0xz  T_40.4, 8;
    %load/vec4 v0x7bf18c5a0_0;
    %ix/getv 3, v0x7bf18c460_0;
    %ix/load 4, 0, 0; Constant delay
    %assign/vec4/a/d v0x7bf18ca00, 0, 4;
T_40.4 ;
T_40.2 ;
T_40.1 ;
    %jmp T_40;
    .thread T_40;
    .scope S_0x7bee32580;
T_41 ;
    %pushi/vec4 0, 0, 32;
    %store/vec4 v0x7bf18d0e0_0, 0, 32;
T_41.0 ; Top of for-loop
    %load/vec4 v0x7bf18d0e0_0;
    %pad/s 67;
    %cmpi/s 8, 0, 67;
	  %jmp/0xz T_41.1, 5;
    %pushi/vec4 0, 0, 8;
    %ix/getv/s 4, v0x7bf18d0e0_0;
    %store/vec4a v0x7bf18d2c0, 4, 0;
T_41.2 ; for-loop step statement
    %load/vec4 v0x7bf18d0e0_0;
    %addi 1, 0, 32;
    %store/vec4 v0x7bf18d0e0_0, 0, 32;
    %jmp T_41.0;
T_41.1 ; for-loop exit label
    %end;
    .thread T_41;
    .scope S_0x7bee32580;
T_42 ;
    %wait E_0x7bee12fc0;
    %load/vec4 v0x7bf18d400_0;
    %flag_set/vec4 8;
    %jmp/0xz  T_42.0, 8;
    %pushi/vec4 0, 0, 8;
    %assign/vec4 v0x7bf18cf00_0, 0;
    %jmp T_42.1;
T_42.0 ;
    %load/vec4 v0x7bf18d040_0;
    %flag_set/vec4 8;
    %jmp/0xz  T_42.2, 8;
    %ix/getv 4, v0x7bf18cd20_0;
    %load/vec4a v0x7bf18d2c0, 4;
    %assign/vec4 v0x7bf18cf00_0, 0;
    %load/vec4 v0x7bf18d540_0;
    %flag_set/vec4 8;
    %jmp/0xz  T_42.4, 8;
    %load/vec4 v0x7bf18ce60_0;
    %ix/getv 3, v0x7bf18cd20_0;
    %ix/load 4, 0, 0; Constant delay
    %assign/vec4/a/d v0x7bf18d2c0, 0, 4;
T_42.4 ;
T_42.2 ;
T_42.1 ;
    %jmp T_42;
    .thread T_42;
    .scope S_0x7bee32280;
T_43 ;
    %wait E_0x7bee12e80;
    %load/vec4 v0x7bf1981e0_0;
    %nor/r;
    %flag_set/vec4 8;
    %jmp/0xz  T_43.0, 8;
    %pushi/vec4 0, 0, 1;
    %ix/load 3, 0, 0;
    %flag_set/imm 4, 0;
    %ix/load 4, 0, 0; Constant delay
    %assign/vec4/a/d v0x7bf1988c0, 0, 4;
    %pushi/vec4 0, 0, 1;
    %ix/load 3, 1, 0;
    %flag_set/imm 4, 0;
    %ix/load 4, 0, 0; Constant delay
    %assign/vec4/a/d v0x7bf1988c0, 0, 4;
    %pushi/vec4 0, 0, 1;
    %assign/vec4 v0x7bf192b20_0, 0;
    %pushi/vec4 0, 0, 5;
    %assign/vec4 v0x7bf192800_0, 0;
    %pushi/vec4 1, 0, 1;
    %assign/vec4 v0x7bf1932a0_0, 0;
    %jmp T_43.1;
T_43.0 ;
    %load/vec4 v0x7bf193980_0;
    %flag_set/vec4 8;
    %jmp/0xz  T_43.2, 8;
    %pushi/vec4 0, 0, 1;
    %ix/load 3, 0, 0;
    %flag_set/imm 4, 0;
    %ix/load 4, 0, 0; Constant delay
    %assign/vec4/a/d v0x7bf1988c0, 0, 4;
    %pushi/vec4 0, 0, 1;
    %ix/load 3, 1, 0;
    %flag_set/imm 4, 0;
    %ix/load 4, 0, 0; Constant delay
    %assign/vec4/a/d v0x7bf1988c0, 0, 4;
    %pushi/vec4 0, 0, 1;
    %assign/vec4 v0x7bf192b20_0, 0;
    %load/vec4 v0x7bf198fa0_0;
    %assign/vec4 v0x7bf192800_0, 0;
    %pushi/vec4 1, 0, 1;
    %assign/vec4 v0x7bf1932a0_0, 0;
    %jmp T_43.3;
T_43.2 ;
    %load/vec4 v0x7bf193200_0;
    %flag_set/vec4 8;
    %jmp/0xz  T_43.4, 8;
    %pushi/vec4 0, 0, 32;
    %store/vec4 v0x7bf1926c0_0, 0, 32;
T_43.6 ; Top of for-loop
    %load/vec4 v0x7bf1926c0_0;
    %cmpi/s 32, 0, 32;
	  %jmp/0xz T_43.7, 5;
    %load/vec4 v0x7bf1930c0_0;
    %load/vec4 v0x7bf1926c0_0;
    %muli 8, 0, 32;
    %part/s 8;
    %load/vec4 v0x7bf193160_0;
    %pad/u 9;
    %pad/u 14;
    %muli 32, 0, 14;
    %pad/u 15;
    %load/vec4 v0x7bf1926c0_0;
    %pad/s 15;
    %add;
    %ix/vec4 3;
    %ix/load 4, 0, 0; Constant delay
    %assign/vec4/a/d v0x7bf198000, 0, 4;
T_43.8 ; for-loop step statement
    %load/vec4 v0x7bf1926c0_0;
    %addi 1, 0, 32;
    %store/vec4 v0x7bf1926c0_0, 0, 32;
    %jmp T_43.6;
T_43.7 ; for-loop exit label
    %pushi/vec4 1, 0, 1;
    %load/vec4 v0x7bf193160_0;
    %pad/u 3;
    %ix/vec4 3;
    %ix/load 4, 0, 0; Constant delay
    %assign/vec4/a/d v0x7bf1988c0, 0, 4;
    %load/vec4 v0x7bf1932a0_0;
    %flag_set/vec4 8;
    %jmp/0xz  T_43.9, 8;
    %load/vec4 v0x7bf198fa0_0;
    %assign/vec4 v0x7bf192800_0, 0;
    %jmp T_43.10;
T_43.9 ;
    %pushi/vec4 0, 0, 5;
    %assign/vec4 v0x7bf192800_0, 0;
T_43.10 ;
    %pushi/vec4 0, 0, 1;
    %assign/vec4 v0x7bf1932a0_0, 0;
T_43.4 ;
    %load/vec4 v0x7bf1929e0_0;
    %flag_set/vec4 8;
    %jmp/0xz  T_43.11, 8;
    %load/vec4 v0x7bf192800_0;
    %cmpi/e 31, 0, 5;
    %jmp/0xz  T_43.13, 4;
    %pushi/vec4 0, 0, 5;
    %assign/vec4 v0x7bf192800_0, 0;
    %load/vec4 v0x7bf192b20_0;
    %inv;
    %assign/vec4 v0x7bf192b20_0, 0;
    %pushi/vec4 0, 0, 1;
    %load/vec4 v0x7bf192b20_0;
    %pad/u 3;
    %ix/vec4 3;
    %ix/load 4, 0, 0; Constant delay
    %assign/vec4/a/d v0x7bf1988c0, 0, 4;
    %jmp T_43.14;
T_43.13 ;
    %load/vec4 v0x7bf192800_0;
    %addi 1, 0, 5;
    %assign/vec4 v0x7bf192800_0, 0;
T_43.14 ;
T_43.11 ;
T_43.3 ;
T_43.1 ;
    %jmp T_43;
    .thread T_43;
    .scope S_0x7bee32280;
T_44 ;
    %wait E_0x7bee12e80;
    %load/vec4 v0x7bf1981e0_0;
    %nor/r;
    %flag_set/vec4 8;
    %jmp/0xz  T_44.0, 8;
    %pushi/vec4 0, 0, 5;
    %assign/vec4 v0x7bf192940_0, 0;
    %pushi/vec4 0, 0, 5;
    %assign/vec4 v0x7bf193a20_0, 0;
    %pushi/vec4 0, 0, 8;
    %assign/vec4 v0x7bf192760_0, 0;
    %pushi/vec4 0, 0, 32;
    %assign/vec4 v0x7bf1980a0_0, 0;
    %pushi/vec4 0, 0, 32;
    %assign/vec4 v0x7bf1986e0_0, 0;
    %pushi/vec4 0, 0, 1;
    %assign/vec4 v0x7bf193de0_0, 0;
    %jmp T_44.1;
T_44.0 ;
    %load/vec4 v0x7bf193980_0;
    %flag_set/vec4 8;
    %jmp/0xz  T_44.2, 8;
    %load/vec4 v0x7bf198b40_0;
    %assign/vec4 v0x7bf192940_0, 0;
    %pushi/vec4 0, 0, 5;
    %assign/vec4 v0x7bf193a20_0, 0;
    %pushi/vec4 0, 0, 8;
    %assign/vec4 v0x7bf192760_0, 0;
    %load/vec4 v0x7bf192620_0;
    %addi 48, 0, 32;
    %pushi/vec4 4294967264, 0, 32;
    %and;
    %assign/vec4 v0x7bf1980a0_0, 0;
    %load/vec4 v0x7bf192620_0;
    %addi 48, 0, 32;
    %pushi/vec4 4294967264, 0, 32;
    %and;
    %assign/vec4 v0x7bf1986e0_0, 0;
    %pushi/vec4 0, 0, 1;
    %assign/vec4 v0x7bf193de0_0, 0;
    %jmp T_44.3;
T_44.2 ;
    %load/vec4 v0x7bf193340_0;
    %flag_set/vec4 8;
    %jmp/0xz  T_44.4, 8;
    %load/vec4 v0x7bf1980a0_0;
    %addi 32, 0, 32;
    %assign/vec4 v0x7bf1980a0_0, 0;
    %load/vec4 v0x7bf193de0_0;
    %inv;
    %assign/vec4 v0x7bf193de0_0, 0;
T_44.4 ;
T_44.3 ;
T_44.1 ;
    %jmp T_44;
    .thread T_44;
    .scope S_0x7bee32280;
T_45 ;
    %wait E_0x7bee12e80;
    %load/vec4 v0x7bf1981e0_0;
    %nor/r;
    %flag_set/vec4 8;
    %jmp/0xz  T_45.0, 8;
    %pushi/vec4 0, 0, 5;
    %assign/vec4 v0x7bf193a20_0, 0;
    %jmp T_45.1;
T_45.0 ;
    %load/vec4 v0x7bf193980_0;
    %flag_set/vec4 8;
    %jmp/0xz  T_45.2, 8;
    %pushi/vec4 0, 0, 5;
    %assign/vec4 v0x7bf193a20_0, 0;
    %jmp T_45.3;
T_45.2 ;
    %load/vec4 v0x7bf1929e0_0;
    %flag_set/vec4 8;
    %jmp/1 T_45.6, 8;
    %load/vec4 v0x7bf192d00_0;
    %flag_set/vec4 9;
    %flag_or 8, 9;
T_45.6;
    %jmp/0xz  T_45.4, 8;
    %load/vec4 v0x7bf193a20_0;
    %addi 1, 0, 5;
    %assign/vec4 v0x7bf193a20_0, 0;
T_45.4 ;
T_45.3 ;
T_45.1 ;
    %jmp T_45;
    .thread T_45;
    .scope S_0x7bee32280;
T_46 ;
    %wait E_0x7bee12e80;
    %load/vec4 v0x7bf1981e0_0;
    %nor/r;
    %flag_set/vec4 8;
    %jmp/0xz  T_46.0, 8;
    %pushi/vec4 0, 0, 8;
    %assign/vec4 v0x7bf192760_0, 0;
    %jmp T_46.1;
T_46.0 ;
    %load/vec4 v0x7bf193980_0;
    %flag_set/vec4 8;
    %jmp/0xz  T_46.2, 8;
    %pushi/vec4 0, 0, 8;
    %assign/vec4 v0x7bf192760_0, 0;
    %jmp T_46.3;
T_46.2 ;
    %load/vec4 v0x7bf1929e0_0;
    %flag_set/vec4 8;
    %jmp/0xz  T_46.4, 8;
    %load/vec4 v0x7bf192a80_0;
    %assign/vec4 v0x7bf192760_0, 0;
T_46.4 ;
T_46.3 ;
T_46.1 ;
    %jmp T_46;
    .thread T_46;
    .scope S_0x7bee32280;
T_47 ;
    %wait E_0x7bee12e80;
    %load/vec4 v0x7bf1981e0_0;
    %nor/r;
    %flag_set/vec4 8;
    %jmp/0xz  T_47.0, 8;
    %pushi/vec4 0, 0, 5;
    %assign/vec4 v0x7bf198320_0, 0;
    %pushi/vec4 0, 0, 4;
    %assign/vec4 v0x7bf193e80_0, 0;
    %pushi/vec4 6, 0, 4;
    %assign/vec4 v0x7bf193f20_0, 0;
    %pushi/vec4 0, 0, 5;
    %assign/vec4 v0x7bf192da0_0, 0;
    %pushi/vec4 0, 0, 4;
    %assign/vec4 v0x7bf192f80_0, 0;
    %pushi/vec4 6, 0, 4;
    %assign/vec4 v0x7bf193020_0, 0;
    %pushi/vec4 0, 0, 1;
    %assign/vec4 v0x7bf192ee0_0, 0;
    %pushi/vec4 0, 0, 8;
    %assign/vec4 v0x7bf193c00_0, 0;
    %jmp T_47.1;
T_47.0 ;
    %load/vec4 v0x7bf193980_0;
    %flag_set/vec4 8;
    %jmp/0xz  T_47.2, 8;
    %pushi/vec4 0, 0, 5;
    %assign/vec4 v0x7bf198320_0, 0;
    %pushi/vec4 0, 0, 4;
    %assign/vec4 v0x7bf193e80_0, 0;
    %pushi/vec4 6, 0, 4;
    %assign/vec4 v0x7bf193f20_0, 0;
    %pushi/vec4 0, 0, 5;
    %assign/vec4 v0x7bf192da0_0, 0;
    %pushi/vec4 0, 0, 4;
    %assign/vec4 v0x7bf192f80_0, 0;
    %pushi/vec4 6, 0, 4;
    %assign/vec4 v0x7bf193020_0, 0;
    %pushi/vec4 0, 0, 1;
    %assign/vec4 v0x7bf192ee0_0, 0;
    %pushi/vec4 0, 0, 8;
    %assign/vec4 v0x7bf193c00_0, 0;
    %jmp T_47.3;
T_47.2 ;
    %load/vec4 v0x7bf198500_0;
    %flag_set/vec4 10;
    %flag_get/vec4 10;
    %jmp/0 T_47.7, 10;
    %load/vec4 v0x7bf1985a0_0;
    %nor/r;
    %and;
T_47.7;
    %flag_set/vec4 9;
    %flag_get/vec4 9;
    %jmp/0 T_47.6, 9;
    %load/vec4 v0x7bf198460_0;
    %nor/r;
    %and;
T_47.6;
    %flag_set/vec4 8;
    %jmp/0xz  T_47.4, 8;
    %load/vec4 v0x7bf198320_0;
    %assign/vec4 v0x7bf192da0_0, 0;
    %load/vec4 v0x7bf193e80_0;
    %assign/vec4 v0x7bf192f80_0, 0;
    %load/vec4 v0x7bf193f20_0;
    %assign/vec4 v0x7bf193020_0, 0;
    %load/vec4 v0x7bf198f00_0;
    %assign/vec4 v0x7bf192e40_0, 0;
    %pushi/vec4 1, 0, 1;
    %assign/vec4 v0x7bf192ee0_0, 0;
    %load/vec4 v0x7bf193e80_0;
    %pad/u 32;
    %cmpi/e 7, 0, 32;
    %jmp/0xz  T_47.8, 4;
    %pushi/vec4 0, 0, 4;
    %assign/vec4 v0x7bf193e80_0, 0;
    %load/vec4 v0x7bf193f20_0;
    %addi 1, 0, 4;
    %assign/vec4 v0x7bf193f20_0, 0;
    %jmp T_47.9;
T_47.8 ;
    %load/vec4 v0x7bf193e80_0;
    %addi 1, 0, 4;
    %assign/vec4 v0x7bf193e80_0, 0;
T_47.9 ;
    %load/vec4 v0x7bf198320_0;
    %addi 1, 0, 5;
    %assign/vec4 v0x7bf198320_0, 0;
    %jmp T_47.5;
T_47.4 ;
    %pushi/vec4 0, 0, 1;
    %assign/vec4 v0x7bf192ee0_0, 0;
T_47.5 ;
T_47.3 ;
T_47.1 ;
    %jmp T_47;
    .thread T_47;
    .scope S_0x7bee32280;
T_48 ;
    %wait E_0x7bee12e80;
    %load/vec4 v0x7bf1981e0_0;
    %nor/r;
    %flag_set/vec4 8;
    %jmp/0xz  T_48.0, 8;
    %pushi/vec4 0, 0, 8;
    %assign/vec4 v0x7bf193c00_0, 0;
    %jmp T_48.1;
T_48.0 ;
    %load/vec4 v0x7bf193980_0;
    %flag_set/vec4 8;
    %jmp/0xz  T_48.2, 8;
    %pushi/vec4 0, 0, 8;
    %assign/vec4 v0x7bf193c00_0, 0;
    %jmp T_48.3;
T_48.2 ;
    %load/vec4 v0x7bf192ee0_0;
    %flag_set/vec4 9;
    %flag_get/vec4 9;
    %jmp/0 T_48.6, 9;
    %load/vec4 v0x7bf192da0_0;
    %load/vec4 v0x7bf192940_0;
    %cmp/u;
    %flag_get/vec4 5;
    %and;
T_48.6;
    %flag_set/vec4 8;
    %jmp/0xz  T_48.4, 8;
    %load/vec4 v0x7bf193c00_0;
    %load/vec4 v0x7bf198f00_0;
    %cmp/u;
    %jmp/0xz  T_48.7, 5;
    %load/vec4 v0x7bf198f00_0;
    %assign/vec4 v0x7bf193c00_0, 0;
T_48.7 ;
T_48.4 ;
T_48.3 ;
T_48.1 ;
    %jmp T_48;
    .thread T_48;
    .scope S_0x7bee32280;
T_49 ;
    %wait E_0x7bee12e80;
    %load/vec4 v0x7bf1981e0_0;
    %nor/r;
    %flag_set/vec4 8;
    %jmp/0xz  T_49.0, 8;
    %pushi/vec4 0, 0, 6;
    %assign/vec4 v0x7bf1938e0_0, 0;
    %pushi/vec4 0, 0, 6;
    %assign/vec4 v0x7bf1937a0_0, 0;
    %pushi/vec4 0, 0, 7;
    %assign/vec4 v0x7bf1933e0_0, 0;
    %pushi/vec4 0, 0, 1;
    %assign/vec4 v0x7bf193660_0, 0;
    %pushi/vec4 0, 0, 1;
    %assign/vec4 v0x7bf198460_0, 0;
    %jmp T_49.1;
T_49.0 ;
    %load/vec4 v0x7bf193980_0;
    %flag_set/vec4 8;
    %jmp/0xz  T_49.2, 8;
    %pushi/vec4 0, 0, 6;
    %assign/vec4 v0x7bf1938e0_0, 0;
    %pushi/vec4 0, 0, 6;
    %assign/vec4 v0x7bf1937a0_0, 0;
    %pushi/vec4 0, 0, 7;
    %assign/vec4 v0x7bf1933e0_0, 0;
    %pushi/vec4 0, 0, 1;
    %assign/vec4 v0x7bf193660_0, 0;
    %pushi/vec4 0, 0, 1;
    %assign/vec4 v0x7bf198460_0, 0;
    %jmp T_49.3;
T_49.2 ;
    %load/vec4 v0x7bf198d20_0;
    %flag_set/vec4 9;
    %flag_get/vec4 9;
    %jmp/0 T_49.6, 9;
    %load/vec4 v0x7bf1985a0_0;
    %nor/r;
    %and;
T_49.6;
    %flag_set/vec4 8;
    %jmp/0xz  T_49.4, 8;
    %load/vec4 v0x7bf198f00_0;
    %pushi/vec4 0, 0, 8;
    %load/vec4 v0x7bf193020_0;
    %concat/vec4; draw_concat_vec4
    %concat/vec4; draw_concat_vec4
    %pushi/vec4 0, 0, 8;
    %load/vec4 v0x7bf192f80_0;
    %concat/vec4; draw_concat_vec4
    %concat/vec4; draw_concat_vec4
    %load/vec4 v0x7bf1938e0_0;
    %pad/u 8;
    %ix/vec4 3;
    %ix/load 4, 0, 0; Constant delay
    %assign/vec4/a/d v0x7bf1935c0, 0, 4;
    %load/vec4 v0x7bf1938e0_0;
    %addi 1, 0, 6;
    %assign/vec4 v0x7bf1938e0_0, 0;
T_49.4 ;
    %load/vec4 v0x7bf198dc0_0;
    %flag_set/vec4 8;
    %jmp/0xz  T_49.7, 8;
    %load/vec4 v0x7bf1937a0_0;
    %addi 1, 0, 6;
    %assign/vec4 v0x7bf1937a0_0, 0;
T_49.7 ;
    %load/vec4 v0x7bf1933e0_0;
    %load/vec4 v0x7bf198d20_0;
    %flag_set/vec4 9;
    %flag_get/vec4 9;
    %jmp/0 T_49.11, 9;
    %load/vec4 v0x7bf1985a0_0;
    %nor/r;
    %and;
T_49.11;
    %flag_set/vec4 8;
    %jmp/0 T_49.9, 8;
    %pushi/vec4 1, 0, 7;
    %jmp/1 T_49.10, 8;
T_49.9 ; End of true expr.
    %pushi/vec4 0, 0, 7;
    %jmp/0 T_49.10, 8;
 ; End of false expr.
    %blend;
T_49.10;
    %add;
    %load/vec4 v0x7bf198dc0_0;
    %flag_set/vec4 8;
    %jmp/0 T_49.12, 8;
    %pushi/vec4 1, 0, 7;
    %jmp/1 T_49.13, 8;
T_49.12 ; End of true expr.
    %pushi/vec4 0, 0, 7;
    %jmp/0 T_49.13, 8;
 ; End of false expr.
    %blend;
T_49.13;
    %sub;
    %assign/vec4 v0x7bf1933e0_0, 0;
    %load/vec4 v0x7bf198d20_0;
    %flag_set/vec4 10;
    %flag_get/vec4 10;
    %jmp/0 T_49.17, 10;
    %load/vec4 v0x7bf1985a0_0;
    %and;
T_49.17;
    %flag_set/vec4 9;
    %flag_get/vec4 9;
    %jmp/0 T_49.16, 9;
    %pushi/vec4 63, 0, 32;
    %load/vec4 v0x7bf1933e0_0;
    %pad/u 32;
    %cmp/u;
    %flag_get/vec4 4;
    %flag_get/vec4 5;
    %or;
    %and;
T_49.16;
    %flag_set/vec4 8;
    %jmp/0xz  T_49.14, 8;
    %pushi/vec4 1, 0, 1;
    %assign/vec4 v0x7bf193660_0, 0;
    %vpi_call/w 5 303 "$error", "F6: hit FIFO overflow (HIT_FIFO_DEPTH too small or drain stalled)" {0 0 0};
T_49.14 ;
    %load/vec4 v0x7bf192ee0_0;
    %flag_set/vec4 10;
    %flag_get/vec4 10;
    %jmp/0 T_49.21, 10;
    %load/vec4 v0x7bf192da0_0;
    %load/vec4 v0x7bf192940_0;
    %subi 1, 0, 5;
    %cmp/e;
    %flag_get/vec4 4;
    %and;
T_49.21;
    %flag_set/vec4 9;
    %flag_get/vec4 9;
    %jmp/0 T_49.20, 9;
    %load/vec4 v0x7bf192940_0;
    %pushi/vec4 0, 0, 5;
    %cmp/ne;
    %flag_get/vec4 4;
    %and;
T_49.20;
    %flag_set/vec4 8;
    %jmp/0xz  T_49.18, 8;
    %pushi/vec4 1, 0, 1;
    %assign/vec4 v0x7bf198460_0, 0;
T_49.18 ;
T_49.3 ;
T_49.1 ;
    %jmp T_49;
    .thread T_49;
    .scope S_0x7bee32e80;
T_50 ;
    %wait E_0x7bee13100;
    %load/vec4 v0x7bf19dcc0_0;
    %flag_set/vec4 8;
    %jmp/0xz  T_50.0, 8;
    %pushi/vec4 0, 0, 32;
    %assign/vec4 v0x7bf19dea0_0, 0;
    %pushi/vec4 0, 0, 32;
    %assign/vec4 v0x7bf19d5e0_0, 0;
    %pushi/vec4 0, 0, 1;
    %assign/vec4 v0x7bf19de00_0, 0;
    %pushi/vec4 0, 0, 1;
    %assign/vec4 v0x7bf19d720_0, 0;
    %pushi/vec4 1, 0, 1;
    %assign/vec4 v0x7bf19e260_0, 0;
    %jmp T_50.1;
T_50.0 ;
    %pushi/vec4 0, 0, 1;
    %assign/vec4 v0x7bf19e260_0, 0;
    %pushi/vec4 0, 0, 1;
    %assign/vec4 v0x7bf19de00_0, 0;
    %pushi/vec4 0, 0, 1;
    %assign/vec4 v0x7bf19d720_0, 0;
T_50.1 ;
    %jmp T_50;
    .thread T_50;
    .scope S_0x7bee32e80;
T_51 ;
    %wait E_0x7bee12fc0;
    %load/vec4 v0x7bf19dcc0_0;
    %flag_set/vec4 8;
    %jmp/0xz  T_51.0, 8;
    %pushi/vec4 0, 0, 32;
    %assign/vec4 v0x7bf19dc20_0, 0;
    %pushi/vec4 1, 0, 1;
    %assign/vec4 v0x7bf19db80_0, 0;
    %jmp T_51.1;
T_51.0 ;
    %pushi/vec4 0, 0, 1;
    %assign/vec4 v0x7bf19db80_0, 0;
T_51.1 ;
    %jmp T_51;
    .thread T_51;
    .scope S_0x7bee32e80;
T_52 ;
    %wait E_0x7bee13100;
    %load/vec4 v0x7bf19dcc0_0;
    %nor/r;
    %flag_set/vec4 9;
    %flag_get/vec4 9;
    %jmp/0 T_52.2, 9;
    %load/vec4 v0x7bf19e120_0;
    %and;
T_52.2;
    %flag_set/vec4 8;
    %jmp/0xz  T_52.0, 8;
    %load/vec4 v0x7bf19d5e0_0;
    %cmpi/s 64, 0, 32;
    %jmp/0xz  T_52.3, 5;
    %load/vec4 v0x7bf19d2c0_0;
    %ix/getv/s 3, v0x7bf19dea0_0;
    %ix/load 4, 0, 0; Constant delay
    %assign/vec4/a/d v0x7bf19d540, 0, 4;
    %load/vec4 v0x7bf19dea0_0;
    %addi 1, 0, 32;
    %pushi/vec4 64, 0, 32;
    %mod/s;
    %assign/vec4 v0x7bf19dea0_0, 0;
    %load/vec4 v0x7bf19d5e0_0;
    %addi 1, 0, 32;
    %assign/vec4 v0x7bf19d5e0_0, 0;
    %pushi/vec4 1, 0, 1;
    %assign/vec4 v0x7bf19de00_0, 0;
    %jmp T_52.4;
T_52.3 ;
    %pushi/vec4 1, 0, 1;
    %assign/vec4 v0x7bf19d720_0, 0;
T_52.4 ;
T_52.0 ;
    %jmp T_52;
    .thread T_52;
    .scope S_0x7bee32e80;
T_53 ;
    %wait E_0x7bee12fc0;
    %load/vec4 v0x7bf19dcc0_0;
    %nor/r;
    %flag_set/vec4 10;
    %flag_get/vec4 10;
    %jmp/0 T_53.3, 10;
    %load/vec4 v0x7bf19da40_0;
    %and;
T_53.3;
    %flag_set/vec4 9;
    %flag_get/vec4 9;
    %jmp/0 T_53.2, 9;
    %pushi/vec4 0, 0, 32;
    %load/vec4 v0x7bf19d5e0_0;
    %cmp/s;
    %flag_get/vec4 5;
    %and;
T_53.2;
    %flag_set/vec4 8;
    %jmp/0xz  T_53.0, 8;
    %load/vec4 v0x7bf19dc20_0;
    %addi 1, 0, 32;
    %pushi/vec4 64, 0, 32;
    %mod/s;
    %assign/vec4 v0x7bf19dc20_0, 0;
    %load/vec4 v0x7bf19d5e0_0;
    %subi 1, 0, 32;
    %assign/vec4 v0x7bf19d5e0_0, 0;
T_53.0 ;
    %jmp T_53;
    .thread T_53;
    .scope S_0x7bee32d00;
T_54 ;
    %wait E_0x7bee12fc0;
    %load/vec4 v0x7bf19c000_0;
    %flag_set/vec4 8;
    %jmp/0xz  T_54.0, 8;
    %pushi/vec4 0, 0, 32;
    %assign/vec4 v0x7bf19c1e0_0, 0;
    %pushi/vec4 0, 0, 32;
    %assign/vec4 v0x7bf19b8e0_0, 0;
    %pushi/vec4 0, 0, 1;
    %assign/vec4 v0x7bf19c140_0, 0;
    %pushi/vec4 0, 0, 1;
    %assign/vec4 v0x7bf19ba20_0, 0;
    %pushi/vec4 1, 0, 1;
    %assign/vec4 v0x7bf19c5a0_0, 0;
    %jmp T_54.1;
T_54.0 ;
    %pushi/vec4 0, 0, 1;
    %assign/vec4 v0x7bf19c5a0_0, 0;
    %pushi/vec4 0, 0, 1;
    %assign/vec4 v0x7bf19c140_0, 0;
    %pushi/vec4 0, 0, 1;
    %assign/vec4 v0x7bf19ba20_0, 0;
T_54.1 ;
    %jmp T_54;
    .thread T_54;
    .scope S_0x7bee32d00;
T_55 ;
    %wait E_0x7bee13100;
    %load/vec4 v0x7bf19c000_0;
    %flag_set/vec4 8;
    %jmp/0xz  T_55.0, 8;
    %pushi/vec4 0, 0, 32;
    %assign/vec4 v0x7bf19bf20_0, 0;
    %pushi/vec4 1, 0, 1;
    %assign/vec4 v0x7bf19be80_0, 0;
    %jmp T_55.1;
T_55.0 ;
    %pushi/vec4 0, 0, 1;
    %assign/vec4 v0x7bf19be80_0, 0;
T_55.1 ;
    %jmp T_55;
    .thread T_55;
    .scope S_0x7bee32d00;
T_56 ;
    %wait E_0x7bee12fc0;
    %load/vec4 v0x7bf19c000_0;
    %nor/r;
    %flag_set/vec4 9;
    %flag_get/vec4 9;
    %jmp/0 T_56.2, 9;
    %load/vec4 v0x7bf19c460_0;
    %and;
T_56.2;
    %flag_set/vec4 8;
    %jmp/0xz  T_56.0, 8;
    %load/vec4 v0x7bf19b8e0_0;
    %cmpi/s 32, 0, 32;
    %jmp/0xz  T_56.3, 5;
    %load/vec4 v0x7bf19b5c0_0;
    %ix/getv/s 3, v0x7bf19c1e0_0;
    %ix/load 4, 0, 0; Constant delay
    %assign/vec4/a/d v0x7bf19b840, 0, 4;
    %load/vec4 v0x7bf19c1e0_0;
    %addi 1, 0, 32;
    %pushi/vec4 32, 0, 32;
    %mod/s;
    %assign/vec4 v0x7bf19c1e0_0, 0;
    %load/vec4 v0x7bf19b8e0_0;
    %addi 1, 0, 32;
    %assign/vec4 v0x7bf19b8e0_0, 0;
    %pushi/vec4 1, 0, 1;
    %assign/vec4 v0x7bf19c140_0, 0;
    %jmp T_56.4;
T_56.3 ;
    %pushi/vec4 1, 0, 1;
    %assign/vec4 v0x7bf19ba20_0, 0;
T_56.4 ;
T_56.0 ;
    %jmp T_56;
    .thread T_56;
    .scope S_0x7bee32d00;
T_57 ;
    %wait E_0x7bee13100;
    %load/vec4 v0x7bf19c000_0;
    %nor/r;
    %flag_set/vec4 10;
    %flag_get/vec4 10;
    %jmp/0 T_57.3, 10;
    %load/vec4 v0x7bf19bd40_0;
    %and;
T_57.3;
    %flag_set/vec4 9;
    %flag_get/vec4 9;
    %jmp/0 T_57.2, 9;
    %pushi/vec4 0, 0, 32;
    %load/vec4 v0x7bf19b8e0_0;
    %cmp/s;
    %flag_get/vec4 5;
    %and;
T_57.2;
    %flag_set/vec4 8;
    %jmp/0xz  T_57.0, 8;
    %load/vec4 v0x7bf19bf20_0;
    %addi 1, 0, 32;
    %pushi/vec4 32, 0, 32;
    %mod/s;
    %assign/vec4 v0x7bf19bf20_0, 0;
    %load/vec4 v0x7bf19b8e0_0;
    %subi 1, 0, 32;
    %assign/vec4 v0x7bf19b8e0_0, 0;
T_57.0 ;
    %jmp T_57;
    .thread T_57;
    .scope S_0x10309c060;
T_58 ;
    %wait E_0x7bee13100;
    %load/vec4 v0x7bf1a4b40_0;
    %nor/r;
    %flag_set/vec4 8;
    %jmp/0xz  T_58.0, 8;
    %pushi/vec4 0, 0, 1;
    %assign/vec4 v0x7bf1a57c0_0, 0;
    %jmp T_58.1;
T_58.0 ;
    %load/vec4 v0x7bf1a35c0_0;
    %flag_set/vec4 9;
    %flag_get/vec4 9;
    %jmp/0 T_58.3, 9;
    %load/vec4 v0x7bf1a1cc0_0;
    %parti/s 6, 2, 3;
    %pushi/vec4 0, 0, 6;
    %cmp/e;
    %flag_get/vec4 4;
    %and;
T_58.3;
    %flag_set/vec4 8;
    %flag_get/vec4 8;
    %jmp/0 T_58.2, 8;
    %load/vec4 v0x7bf1a5360_0;
    %parti/s 1, 0, 2;
    %and;
T_58.2;
    %assign/vec4 v0x7bf1a57c0_0, 0;
T_58.1 ;
    %jmp T_58;
    .thread T_58;
    .scope S_0x10309c060;
T_59 ;
    %wait E_0x7bee12e80;
    %load/vec4 v0x7bf1a4960_0;
    %nor/r;
    %flag_set/vec4 8;
    %jmp/0xz  T_59.0, 8;
    %pushi/vec4 0, 0, 1;
    %assign/vec4 v0x7bf1a5900_0, 0;
    %pushi/vec4 0, 0, 1;
    %assign/vec4 v0x7bf1a59a0_0, 0;
    %pushi/vec4 0, 0, 1;
    %assign/vec4 v0x7bf1a5a40_0, 0;
    %jmp T_59.1;
T_59.0 ;
    %load/vec4 v0x7bf1a57c0_0;
    %assign/vec4 v0x7bf1a5900_0, 0;
    %load/vec4 v0x7bf1a5900_0;
    %assign/vec4 v0x7bf1a59a0_0, 0;
    %load/vec4 v0x7bf1a59a0_0;
    %assign/vec4 v0x7bf1a5a40_0, 0;
T_59.1 ;
    %jmp T_59;
    .thread T_59;
    .scope S_0x10309c060;
T_60 ;
    %wait E_0x7bee12e80;
    %load/vec4 v0x7bf1a4960_0;
    %nor/r;
    %flag_set/vec4 8;
    %jmp/0xz  T_60.0, 8;
    %pushi/vec4 0, 0, 1;
    %assign/vec4 v0x7bf1a5ae0_0, 0;
    %pushi/vec4 0, 0, 1;
    %assign/vec4 v0x7bf1a2a80_0, 0;
    %jmp T_60.1;
T_60.0 ;
    %load/vec4 v0x7bf1a5860_0;
    %flag_set/vec4 8;
    %jmp/0xz  T_60.2, 8;
    %pushi/vec4 1, 0, 1;
    %assign/vec4 v0x7bf1a5ae0_0, 0;
    %pushi/vec4 0, 0, 1;
    %assign/vec4 v0x7bf1a2a80_0, 0;
T_60.2 ;
    %load/vec4 v0x7bf1a5720_0;
    %cmpi/e 7, 0, 3;
    %jmp/0xz  T_60.4, 4;
    %pushi/vec4 0, 0, 1;
    %assign/vec4 v0x7bf1a5ae0_0, 0;
    %pushi/vec4 1, 0, 1;
    %assign/vec4 v0x7bf1a2a80_0, 0;
T_60.4 ;
T_60.1 ;
    %jmp T_60;
    .thread T_60;
    .scope S_0x10309c060;
T_61 ;
    %wait E_0x7bee13100;
    %load/vec4 v0x7bf1a4b40_0;
    %nor/r;
    %flag_set/vec4 8;
    %jmp/0xz  T_61.0, 8;
    %pushi/vec4 0, 0, 1;
    %assign/vec4 v0x7bf1a5b80_0, 0;
    %pushi/vec4 0, 0, 1;
    %assign/vec4 v0x7bf1a5c20_0, 0;
    %pushi/vec4 0, 0, 1;
    %assign/vec4 v0x7bf1a2b20_0, 0;
    %pushi/vec4 0, 0, 1;
    %assign/vec4 v0x7bf1a2bc0_0, 0;
    %pushi/vec4 0, 0, 1;
    %assign/vec4 v0x7bf1a5ea0_0, 0;
    %pushi/vec4 0, 0, 1;
    %assign/vec4 v0x7bf1a5f40_0, 0;
    %jmp T_61.1;
T_61.0 ;
    %load/vec4 v0x7bf1a5ae0_0;
    %assign/vec4 v0x7bf1a5b80_0, 0;
    %load/vec4 v0x7bf1a5b80_0;
    %assign/vec4 v0x7bf1a5c20_0, 0;
    %load/vec4 v0x7bf1a2a80_0;
    %assign/vec4 v0x7bf1a2b20_0, 0;
    %load/vec4 v0x7bf1a2b20_0;
    %assign/vec4 v0x7bf1a2bc0_0, 0;
    %load/vec4 v0x7bf1a5e00_0;
    %assign/vec4 v0x7bf1a5ea0_0, 0;
    %load/vec4 v0x7bf1a5ea0_0;
    %assign/vec4 v0x7bf1a5f40_0, 0;
T_61.1 ;
    %jmp T_61;
    .thread T_61;
    .scope S_0x10309c060;
T_62 ;
    %wait E_0x7bee13100;
    %load/vec4 v0x7bf1a4b40_0;
    %nor/r;
    %flag_set/vec4 8;
    %jmp/0xz  T_62.0, 8;
    %pushi/vec4 0, 0, 32;
    %assign/vec4 v0x7bf1a2620_0, 0;
    %pushi/vec4 20, 0, 32;
    %assign/vec4 v0x7bf1a24e0_0, 0;
    %pushi/vec4 134217728, 0, 32;
    %assign/vec4 v0x7bf1a23a0_0, 0;
    %pushi/vec4 8, 0, 32;
    %assign/vec4 v0x7bf1a2760_0, 0;
    %pushi/vec4 0, 0, 32;
    %assign/vec4 v0x7bf1a2260_0, 0;
    %jmp T_62.1;
T_62.0 ;
    %load/vec4 v0x7bf1a35c0_0;
    %flag_set/vec4 8;
    %jmp/0xz  T_62.2, 8;
    %load/vec4 v0x7bf1a1cc0_0;
    %parti/s 6, 2, 3;
    %dup/vec4;
    %pushi/vec4 2, 0, 6;
    %cmp/u;
    %jmp/1 T_62.4, 6;
    %dup/vec4;
    %pushi/vec4 4, 0, 6;
    %cmp/u;
    %jmp/1 T_62.5, 6;
    %dup/vec4;
    %pushi/vec4 5, 0, 6;
    %cmp/u;
    %jmp/1 T_62.6, 6;
    %dup/vec4;
    %pushi/vec4 6, 0, 6;
    %cmp/u;
    %jmp/1 T_62.7, 6;
    %dup/vec4;
    %pushi/vec4 7, 0, 6;
    %cmp/u;
    %jmp/1 T_62.8, 6;
    %jmp T_62.10;
T_62.4 ;
    %load/vec4 v0x7bf1a5360_0;
    %assign/vec4 v0x7bf1a2260_0, 0;
    %jmp T_62.10;
T_62.5 ;
    %load/vec4 v0x7bf1a5360_0;
    %assign/vec4 v0x7bf1a2620_0, 0;
    %jmp T_62.10;
T_62.6 ;
    %load/vec4 v0x7bf1a5360_0;
    %assign/vec4 v0x7bf1a24e0_0, 0;
    %jmp T_62.10;
T_62.7 ;
    %load/vec4 v0x7bf1a5360_0;
    %assign/vec4 v0x7bf1a23a0_0, 0;
    %jmp T_62.10;
T_62.8 ;
    %load/vec4 v0x7bf1a5360_0;
    %assign/vec4 v0x7bf1a2760_0, 0;
    %jmp T_62.10;
T_62.10 ;
    %pop/vec4 1;
T_62.2 ;
T_62.1 ;
    %jmp T_62;
    .thread T_62;
    .scope S_0x10309c060;
T_63 ;
    %wait E_0x7bee12e80;
    %load/vec4 v0x7bf1a4960_0;
    %nor/r;
    %flag_set/vec4 8;
    %jmp/0xz  T_63.0, 8;
    %pushi/vec4 0, 0, 32;
    %assign/vec4 v0x7bf1a26c0_0, 0;
    %pushi/vec4 20, 0, 32;
    %assign/vec4 v0x7bf1a2580_0, 0;
    %pushi/vec4 134217728, 0, 32;
    %assign/vec4 v0x7bf1a2440_0, 0;
    %pushi/vec4 8, 0, 32;
    %assign/vec4 v0x7bf1a2800_0, 0;
    %pushi/vec4 0, 0, 32;
    %assign/vec4 v0x7bf1a2300_0, 0;
    %jmp T_63.1;
T_63.0 ;
    %load/vec4 v0x7bf1a5860_0;
    %flag_set/vec4 8;
    %jmp/0xz  T_63.2, 8;
    %load/vec4 v0x7bf1a2620_0;
    %assign/vec4 v0x7bf1a26c0_0, 0;
    %load/vec4 v0x7bf1a24e0_0;
    %assign/vec4 v0x7bf1a2580_0, 0;
    %load/vec4 v0x7bf1a23a0_0;
    %assign/vec4 v0x7bf1a2440_0, 0;
    %load/vec4 v0x7bf1a2760_0;
    %assign/vec4 v0x7bf1a2800_0, 0;
    %load/vec4 v0x7bf1a2260_0;
    %assign/vec4 v0x7bf1a2300_0, 0;
T_63.2 ;
T_63.1 ;
    %jmp T_63;
    .thread T_63;
    .scope S_0x10309c060;
T_64 ;
    %wait E_0x7bee12e80;
    %load/vec4 v0x7bf1a4960_0;
    %nor/r;
    %flag_set/vec4 8;
    %jmp/0xz  T_64.0, 8;
    %pushi/vec4 0, 0, 9;
    %assign/vec4 v0x7bf1a4820_0, 0;
    %pushi/vec4 0, 0, 1;
    %assign/vec4 v0x7bf1a5e00_0, 0;
    %jmp T_64.1;
T_64.0 ;
    %load/vec4 v0x7bf1a5860_0;
    %flag_set/vec4 8;
    %jmp/0xz  T_64.2, 8;
    %load/vec4 v0x7bf1a2580_0;
    %parti/s 8, 0, 2;
    %pad/u 32;
    %load/vec4 v0x7bf1a2300_0;
    %parti/s 10, 0, 2;
    %pad/u 32;
    %mul;
    %muli 4, 0, 32;
    %pushi/vec4 100, 0, 32;
    %div;
    %pad/u 9;
    %assign/vec4 v0x7bf1a4820_0, 0;
    %load/vec4 v0x7bf1a26c0_0;
    %pad/u 66;
    %cmpi/u 64, 0, 66;
    %flag_or 5, 4; GT is !LE
    %flag_inv 5;
    %jmp/0xz  T_64.4, 5;
    %pushi/vec4 1, 0, 1;
    %assign/vec4 v0x7bf1a5e00_0, 0;
    %vpi_call/w 4 241 "$error", "alg11: cfg_tp(%0d) \350\266\205\347\241\254\344\273\266\345\256\271\351\207\217 LANES*CHUNK(%0d), \350\257\267\345\242\236\345\244\247 LANES \346\210\226\345\207\217\345\260\217\345\210\206\350\276\250\347\216\207", v0x7bf1a26c0_0, 66'sb000000000000000000000000000000000000000000000000000000000001000000 {0 0 0};
    %jmp T_64.5;
T_64.4 ;
    %pushi/vec4 0, 0, 1;
    %assign/vec4 v0x7bf1a5e00_0, 0;
T_64.5 ;
T_64.2 ;
T_64.1 ;
    %jmp T_64;
    .thread T_64;
    .scope S_0x10309c060;
T_65 ;
    %wait E_0x7bee12e80;
    %load/vec4 v0x7bf1a4960_0;
    %nor/r;
    %flag_set/vec4 8;
    %jmp/0xz  T_65.0, 8;
    %pushi/vec4 0, 0, 3;
    %assign/vec4 v0x7bf1a5720_0, 0;
    %pushi/vec4 0, 0, 7;
    %assign/vec4 v0x7bf1a2c60_0, 0;
    %pushi/vec4 0, 0, 3;
    %assign/vec4 v0x7bf1a7020_0, 0;
    %pushi/vec4 0, 0, 32;
    %assign/vec4 v0x7bf1a5680_0, 0;
    %pushi/vec4 0, 0, 1;
    %assign/vec4 v0x7bf1a2ee0_0, 0;
    %pushi/vec4 0, 0, 32;
    %assign/vec4 v0x7bf1a1d60_0, 0;
    %pushi/vec4 0, 0, 1;
    %assign/vec4 v0x7bf1a1e00_0, 0;
    %jmp T_65.1;
T_65.0 ;
    %pushi/vec4 0, 0, 1;
    %assign/vec4 v0x7bf1a2ee0_0, 0;
    %load/vec4 v0x7bf1a5720_0;
    %dup/vec4;
    %pushi/vec4 0, 0, 3;
    %cmp/u;
    %jmp/1 T_65.2, 6;
    %dup/vec4;
    %pushi/vec4 1, 0, 3;
    %cmp/u;
    %jmp/1 T_65.3, 6;
    %dup/vec4;
    %pushi/vec4 2, 0, 3;
    %cmp/u;
    %jmp/1 T_65.4, 6;
    %dup/vec4;
    %pushi/vec4 3, 0, 3;
    %cmp/u;
    %jmp/1 T_65.5, 6;
    %dup/vec4;
    %pushi/vec4 4, 0, 3;
    %cmp/u;
    %jmp/1 T_65.6, 6;
    %dup/vec4;
    %pushi/vec4 5, 0, 3;
    %cmp/u;
    %jmp/1 T_65.7, 6;
    %dup/vec4;
    %pushi/vec4 6, 0, 3;
    %cmp/u;
    %jmp/1 T_65.8, 6;
    %dup/vec4;
    %pushi/vec4 7, 0, 3;
    %cmp/u;
    %jmp/1 T_65.9, 6;
    %pushi/vec4 0, 0, 3;
    %assign/vec4 v0x7bf1a5720_0, 0;
    %jmp T_65.11;
T_65.2 ;
    %load/vec4 v0x7bf1a5860_0;
    %flag_set/vec4 8;
    %jmp/0xz  T_65.12, 8;
    %pushi/vec4 1, 0, 3;
    %assign/vec4 v0x7bf1a5720_0, 0;
    %pushi/vec4 0, 0, 7;
    %assign/vec4 v0x7bf1a2c60_0, 0;
    %pushi/vec4 0, 0, 3;
    %assign/vec4 v0x7bf1a7020_0, 0;
T_65.12 ;
    %jmp T_65.11;
T_65.3 ;
    %load/vec4 v0x7bf1a7020_0;
    %addi 1, 0, 3;
    %assign/vec4 v0x7bf1a7020_0, 0;
    %load/vec4 v0x7bf1a7020_0;
    %pad/u 35;
    %cmpi/e 7, 0, 35;
    %jmp/0xz  T_65.14, 4;
    %pushi/vec4 2, 0, 3;
    %assign/vec4 v0x7bf1a5720_0, 0;
T_65.14 ;
    %jmp T_65.11;
T_65.4 ;
    %load/vec4 v0x7bf1a2300_0;
    %parti/s 8, 0, 2;
    %load/vec4 v0x7bf1a2c60_0;
    %pad/u 8;
    %cmp/u;
    %flag_or 5, 4;
    %jmp/1 T_65.18, 5;
    %flag_mov 8, 5;
    %load/vec4 v0x7bf1a2da0_0;
    %flag_set/vec4 9;
    %flag_or 9, 8;
    %flag_mov 5, 9;
T_65.18;
    %jmp/0xz  T_65.16, 5;
    %pushi/vec4 5, 0, 3;
    %assign/vec4 v0x7bf1a5720_0, 0;
    %pushi/vec4 0, 0, 32;
    %assign/vec4 v0x7bf1a5680_0, 0;
    %jmp T_65.17;
T_65.16 ;
    %pushi/vec4 1, 0, 1;
    %assign/vec4 v0x7bf1a2ee0_0, 0;
    %load/vec4 v0x7bf1a2c60_0;
    %addi 1, 0, 7;
    %assign/vec4 v0x7bf1a2c60_0, 0;
    %load/vec4 v0x7bf1a6120_0;
    %assign/vec4 v0x7bf1a1d60_0, 0;
    %load/vec4 v0x7bf1a6260_0;
    %assign/vec4 v0x7bf1a1e00_0, 0;
    %pushi/vec4 3, 0, 3;
    %assign/vec4 v0x7bf1a5720_0, 0;
T_65.17 ;
    %jmp T_65.11;
T_65.5 ;
    %load/vec4 v0x7bf1a1e00_0;
    %flag_set/vec4 8;
    %jmp/0xz  T_65.19, 8;
    %pushi/vec4 4, 0, 3;
    %assign/vec4 v0x7bf1a5720_0, 0;
    %jmp T_65.20;
T_65.19 ;
    %pushi/vec4 2, 0, 3;
    %assign/vec4 v0x7bf1a5720_0, 0;
T_65.20 ;
    %jmp T_65.11;
T_65.6 ;
    %load/vec4 v0x7bf1a6300_0;
    %and/r;
    %flag_set/vec4 9;
    %flag_get/vec4 9;
    %jmp/0 T_65.23, 9;
    %load/vec4 v0x7bf1a40a0_0;
    %pushi/vec4 0, 0, 5;
    %cmp/e;
    %flag_get/vec4 4;
    %and;
T_65.23;
    %flag_set/vec4 8;
    %jmp/0xz  T_65.21, 8;
    %pushi/vec4 2, 0, 3;
    %assign/vec4 v0x7bf1a5720_0, 0;
T_65.21 ;
    %jmp T_65.11;
T_65.7 ;
    %load/vec4 v0x7bf1a5680_0;
    %addi 1, 0, 32;
    %assign/vec4 v0x7bf1a5680_0, 0;
    %load/vec4 v0x7bf1a6da0_0;
    %and/r;
    %flag_set/vec4 9;
    %flag_get/vec4 9;
    %jmp/0 T_65.26, 9;
    %load/vec4 v0x7bf1a6580_0;
    %and/r;
    %and;
T_65.26;
    %flag_set/vec4 8;
    %jmp/0xz  T_65.24, 8;
    %pushi/vec4 6, 0, 3;
    %assign/vec4 v0x7bf1a5720_0, 0;
    %jmp T_65.25;
T_65.24 ;
    %load/vec4 v0x7bf1a5680_0;
    %pad/u 99;
    %cmpi/u 4352, 0, 99;
    %flag_inv 5; GE is !LT
    %jmp/0xz  T_65.27, 5;
    %vpi_call/w 4 296 "$error", "F6: ST_SCAN watchdog timeout (scan/drain deadlock?)" {0 0 0};
    %pushi/vec4 6, 0, 3;
    %assign/vec4 v0x7bf1a5720_0, 0;
T_65.27 ;
T_65.25 ;
    %jmp T_65.11;
T_65.8 ;
    %load/vec4 v0x7bf1a5d60_0;
    %load/vec4 v0x7bf1a45a0_0;
    %cmp/u;
    %flag_or 5, 4;
    %jmp/0xz  T_65.29, 5;
    %pushi/vec4 7, 0, 3;
    %assign/vec4 v0x7bf1a5720_0, 0;
T_65.29 ;
    %jmp T_65.11;
T_65.9 ;
    %pushi/vec4 0, 0, 3;
    %assign/vec4 v0x7bf1a5720_0, 0;
    %jmp T_65.11;
T_65.11 ;
    %pop/vec4 1;
T_65.1 ;
    %jmp T_65;
    .thread T_65;
    .scope S_0x10309c060;
T_66 ;
    %wait E_0x7bee12e40;
    %pushi/vec4 0, 0, 3;
    %store/vec4 v0x7bf1a30c0_0, 0, 3;
    %pushi/vec4 0, 0, 1;
    %store/vec4 v0x7bf1a3160_0, 0, 1;
    %pushi/vec4 0, 0, 32;
    %store/vec4 v0x7bf1a1a40_0, 0, 32;
T_66.0 ; Top of for-loop
    %load/vec4 v0x7bf1a1a40_0;
    %cmpi/s 4, 0, 32;
	  %jmp/0xz T_66.1, 5;
    %load/vec4 v0x7bf1a6940_0;
    %load/vec4 v0x7bf1a48c0_0;
    %pad/u 32;
    %load/vec4 v0x7bf1a1a40_0;
    %add;
    %pushi/vec4 4, 0, 32;
    %mod;
    %part/u 1;
    %flag_set/vec4 8;
    %jmp/0xz  T_66.3, 8;
    %load/vec4 v0x7bf1a48c0_0;
    %pad/u 32;
    %load/vec4 v0x7bf1a1a40_0;
    %add;
    %pushi/vec4 4, 0, 32;
    %mod;
    %pad/u 3;
    %store/vec4 v0x7bf1a30c0_0, 0, 3;
    %pushi/vec4 1, 0, 1;
    %store/vec4 v0x7bf1a3160_0, 0, 1;
    %pushi/vec4 4, 0, 32;
    %store/vec4 v0x7bf1a1a40_0, 0, 32;
T_66.3 ;
T_66.2 ; for-loop step statement
    %load/vec4 v0x7bf1a1a40_0;
    %addi 1, 0, 32;
    %store/vec4 v0x7bf1a1a40_0, 0, 32;
    %jmp T_66.0;
T_66.1 ; for-loop exit label
    %jmp T_66;
    .thread T_66, $push;
    .scope S_0x10309c060;
T_67 ;
    %wait E_0x7bee12e80;
    %load/vec4 v0x7bf1a4960_0;
    %nor/r;
    %flag_set/vec4 8;
    %jmp/0xz  T_67.0, 8;
    %pushi/vec4 0, 0, 4;
    %assign/vec4 v0x7bf1a43c0_0, 0;
    %pushi/vec4 0, 0, 4;
    %assign/vec4 v0x7bf1a4320_0, 0;
    %pushi/vec4 0, 0, 5;
    %assign/vec4 v0x7bf1a40a0_0, 0;
    %pushi/vec4 0, 0, 3;
    %assign/vec4 v0x7bf1a48c0_0, 0;
    %jmp T_67.1;
T_67.0 ;
    %load/vec4 v0x7bf1a5fe0_0;
    %flag_set/vec4 8;
    %jmp/0xz  T_67.2, 8;
    %load/vec4 v0x7bf1a30c0_0;
    %load/vec4 v0x7bf1a69e0_0;
    %load/vec4 v0x7bf1a30c0_0;
    %part/u 1;
    %concat/vec4; draw_concat_vec4
    %pad/u 8;
    %load/vec4 v0x7bf1a43c0_0;
    %pad/u 6;
    %ix/vec4 3;
    %ix/load 4, 0, 0; Constant delay
    %assign/vec4/a/d v0x7bf1a41e0, 0, 4;
    %load/vec4 v0x7bf1a43c0_0;
    %addi 1, 0, 4;
    %assign/vec4 v0x7bf1a43c0_0, 0;
    %load/vec4 v0x7bf1a30c0_0;
    %addi 1, 0, 3;
    %assign/vec4 v0x7bf1a48c0_0, 0;
T_67.2 ;
    %load/vec4 v0x7bf1a6b20_0;
    %flag_set/vec4 8;
    %jmp/0xz  T_67.4, 8;
    %load/vec4 v0x7bf1a4320_0;
    %addi 1, 0, 4;
    %assign/vec4 v0x7bf1a4320_0, 0;
T_67.4 ;
    %load/vec4 v0x7bf1a40a0_0;
    %load/vec4 v0x7bf1a5fe0_0;
    %flag_set/vec4 8;
    %jmp/0 T_67.6, 8;
    %pushi/vec4 1, 0, 5;
    %jmp/1 T_67.7, 8;
T_67.6 ; End of true expr.
    %pushi/vec4 0, 0, 5;
    %jmp/0 T_67.7, 8;
 ; End of false expr.
    %blend;
T_67.7;
    %add;
    %load/vec4 v0x7bf1a6b20_0;
    %flag_set/vec4 8;
    %jmp/0 T_67.8, 8;
    %pushi/vec4 1, 0, 5;
    %jmp/1 T_67.9, 8;
T_67.8 ; End of true expr.
    %pushi/vec4 0, 0, 5;
    %jmp/0 T_67.9, 8;
 ; End of false expr.
    %blend;
T_67.9;
    %sub;
    %assign/vec4 v0x7bf1a40a0_0, 0;
T_67.1 ;
    %jmp T_67;
    .thread T_67;
    .scope S_0x10309c060;
T_68 ;
    %wait E_0x7bee12e80;
    %load/vec4 v0x7bf1a4960_0;
    %nor/r;
    %flag_set/vec4 8;
    %jmp/0xz  T_68.0, 8;
    %pushi/vec4 0, 0, 3;
    %assign/vec4 v0x7bf1a4460_0, 0;
    %jmp T_68.1;
T_68.0 ;
    %load/vec4 v0x7bf1a5720_0;
    %assign/vec4 v0x7bf1a4460_0, 0;
T_68.1 ;
    %jmp T_68;
    .thread T_68;
    .scope S_0x10309c060;
T_69 ;
    %wait E_0x7bee12e00;
    %pushi/vec4 0, 0, 5;
    %store/vec4 v0x7bf1a4000_0, 0, 5;
    %pushi/vec4 1, 0, 32;
    %store/vec4 v0x7bf1a28a0_0, 0, 32;
T_69.0 ; Top of for-loop
    %load/vec4 v0x7bf1a28a0_0;
    %cmpi/s 32, 0, 32;
	  %jmp/0xz T_69.1, 5;
    %load/vec4 v0x7bf1a28a0_0;
    %load/vec4 v0x7bf1a5d60_0;
    %pad/u 32;
    %cmp/u;
    %flag_get/vec4 5;
    %jmp/0 T_69.5, 5;
    %ix/getv/s 4, v0x7bf1a28a0_0;
    %load/vec4a v0x7bf1a5cc0, 4;
    %parti/s 8, 24, 6;
    %load/vec4 v0x7bf1a4000_0;
    %pad/u 7;
    %ix/vec4 4;
    %load/vec4a v0x7bf1a5cc0, 4;
    %parti/s 8, 24, 6;
    %cmp/u;
    %flag_get/vec4 5;
    %and;
T_69.5;
    %flag_set/vec4 8;
    %jmp/0xz  T_69.3, 8;
    %load/vec4 v0x7bf1a28a0_0;
    %parti/s 5, 0, 2;
    %store/vec4 v0x7bf1a4000_0, 0, 5;
T_69.3 ;
T_69.2 ; for-loop step statement
    %load/vec4 v0x7bf1a28a0_0;
    %addi 1, 0, 32;
    %store/vec4 v0x7bf1a28a0_0, 0, 32;
    %jmp T_69.0;
T_69.1 ; for-loop exit label
    %jmp T_69;
    .thread T_69, $push;
    .scope S_0x10309c060;
T_70 ;
    %wait E_0x7bee12e80;
    %load/vec4 v0x7bf1a4960_0;
    %nor/r;
    %flag_set/vec4 8;
    %jmp/0xz  T_70.0, 8;
    %pushi/vec4 0, 0, 3;
    %assign/vec4 v0x7bf1a29e0_0, 0;
    %pushi/vec4 0, 0, 6;
    %assign/vec4 v0x7bf1a45a0_0, 0;
    %pushi/vec4 0, 0, 6;
    %assign/vec4 v0x7bf1a5d60_0, 0;
    %pushi/vec4 0, 0, 1;
    %assign/vec4 v0x7bf1a21c0_0, 0;
    %pushi/vec4 0, 0, 32;
    %assign/vec4 v0x7bf1a1ea0_0, 0;
    %pushi/vec4 0, 0, 32;
    %store/vec4 v0x7bf1a28a0_0, 0, 32;
T_70.2 ; Top of for-loop
    %load/vec4 v0x7bf1a28a0_0;
    %cmpi/s 32, 0, 32;
	  %jmp/0xz T_70.3, 5;
    %pushi/vec4 0, 0, 32;
    %ix/getv/s 3, v0x7bf1a28a0_0;
    %ix/load 4, 0, 0; Constant delay
    %assign/vec4/a/d v0x7bf1a5cc0, 0, 4;
T_70.4 ; for-loop step statement
    %load/vec4 v0x7bf1a28a0_0;
    %addi 1, 0, 32;
    %store/vec4 v0x7bf1a28a0_0, 0, 32;
    %jmp T_70.2;
T_70.3 ; for-loop exit label
    %jmp T_70.1;
T_70.0 ;
    %load/vec4 v0x7bf1a55e0_0;
    %flag_set/vec4 8;
    %jmp/0xz  T_70.5, 8;
    %pushi/vec4 0, 0, 3;
    %assign/vec4 v0x7bf1a29e0_0, 0;
    %pushi/vec4 0, 0, 6;
    %assign/vec4 v0x7bf1a45a0_0, 0;
    %pushi/vec4 0, 0, 6;
    %assign/vec4 v0x7bf1a5d60_0, 0;
    %pushi/vec4 0, 0, 1;
    %assign/vec4 v0x7bf1a21c0_0, 0;
    %pushi/vec4 0, 0, 32;
    %assign/vec4 v0x7bf1a1ea0_0, 0;
    %pushi/vec4 0, 0, 32;
    %store/vec4 v0x7bf1a28a0_0, 0, 32;
T_70.7 ; Top of for-loop
    %load/vec4 v0x7bf1a28a0_0;
    %cmpi/s 32, 0, 32;
	  %jmp/0xz T_70.8, 5;
    %pushi/vec4 0, 0, 32;
    %ix/getv/s 3, v0x7bf1a28a0_0;
    %ix/load 4, 0, 0; Constant delay
    %assign/vec4/a/d v0x7bf1a5cc0, 0, 4;
T_70.9 ; for-loop step statement
    %load/vec4 v0x7bf1a28a0_0;
    %addi 1, 0, 32;
    %store/vec4 v0x7bf1a28a0_0, 0, 32;
    %jmp T_70.7;
T_70.8 ; for-loop exit label
    %jmp T_70.6;
T_70.5 ;
    %load/vec4 v0x7bf1a5720_0;
    %cmpi/e 5, 0, 3;
    %jmp/0xz  T_70.10, 4;
    %pushi/vec4 0, 0, 1;
    %assign/vec4 v0x7bf1a21c0_0, 0;
    %load/vec4 v0x7bf1a33e0_0;
    %nor/r;
    %flag_set/vec4 8;
    %jmp/0xz  T_70.12, 8;
    %load/vec4 v0x7bf1a5d60_0;
    %cmpi/u 32, 0, 6;
    %jmp/0xz  T_70.14, 5;
    %load/vec4 v0x7bf1a32a0_0;
    %load/vec4 v0x7bf1a5d60_0;
    %parti/s 5, 0, 2;
    %pad/u 7;
    %ix/vec4 3;
    %ix/load 4, 0, 0; Constant delay
    %assign/vec4/a/d v0x7bf1a5cc0, 0, 4;
    %load/vec4 v0x7bf1a5d60_0;
    %addi 1, 0, 6;
    %assign/vec4 v0x7bf1a5d60_0, 0;
    %jmp T_70.15;
T_70.14 ;
    %load/vec4 v0x7bf1a4000_0;
    %pad/u 7;
    %ix/vec4 4;
    %load/vec4a v0x7bf1a5cc0, 4;
    %parti/s 8, 24, 6;
    %load/vec4 v0x7bf1a32a0_0;
    %parti/s 8, 24, 6;
    %cmp/u;
    %jmp/0xz  T_70.16, 5;
    %load/vec4 v0x7bf1a32a0_0;
    %load/vec4 v0x7bf1a4000_0;
    %pad/u 7;
    %ix/vec4 3;
    %ix/load 4, 0, 0; Constant delay
    %assign/vec4/a/d v0x7bf1a5cc0, 0, 4;
T_70.16 ;
T_70.15 ;
    %jmp T_70.13;
T_70.12 ;
    %load/vec4 v0x7bf1a29e0_0;
    %pad/u 32;
    %cmpi/e 3, 0, 32;
    %flag_mov 8, 4;
    %jmp/0 T_70.18, 8;
    %pushi/vec4 0, 0, 3;
    %jmp/1 T_70.19, 8;
T_70.18 ; End of true expr.
    %load/vec4 v0x7bf1a29e0_0;
    %addi 1, 0, 3;
    %jmp/0 T_70.19, 8;
 ; End of false expr.
    %blend;
T_70.19;
    %assign/vec4 v0x7bf1a29e0_0, 0;
T_70.13 ;
    %jmp T_70.11;
T_70.10 ;
    %load/vec4 v0x7bf1a5720_0;
    %cmpi/e 6, 0, 3;
    %jmp/0xz  T_70.20, 4;
    %load/vec4 v0x7bf1a45a0_0;
    %parti/s 5, 0, 2;
    %pad/u 7;
    %ix/vec4 4;
    %load/vec4a v0x7bf1a5cc0, 4;
    %assign/vec4 v0x7bf1a1ea0_0, 0;
    %load/vec4 v0x7bf1a4500_0;
    %flag_set/vec4 8;
    %jmp/0xz  T_70.22, 8;
    %pushi/vec4 0, 0, 1;
    %assign/vec4 v0x7bf1a21c0_0, 0;
    %pushi/vec4 0, 0, 6;
    %assign/vec4 v0x7bf1a45a0_0, 0;
    %jmp T_70.23;
T_70.22 ;
    %load/vec4 v0x7bf1a45a0_0;
    %load/vec4 v0x7bf1a5d60_0;
    %cmp/u;
    %jmp/0xz  T_70.24, 5;
    %pushi/vec4 1, 0, 1;
    %assign/vec4 v0x7bf1a21c0_0, 0;
    %load/vec4 v0x7bf1a45a0_0;
    %addi 1, 0, 6;
    %assign/vec4 v0x7bf1a45a0_0, 0;
    %jmp T_70.25;
T_70.24 ;
    %pushi/vec4 0, 0, 1;
    %assign/vec4 v0x7bf1a21c0_0, 0;
T_70.25 ;
T_70.23 ;
    %jmp T_70.21;
T_70.20 ;
    %pushi/vec4 0, 0, 1;
    %assign/vec4 v0x7bf1a21c0_0, 0;
T_70.21 ;
T_70.11 ;
T_70.6 ;
T_70.1 ;
    %jmp T_70;
    .thread T_70;
    .scope S_0x10309c060;
T_71 ;
    %wait E_0x7bee12e80;
    %load/vec4 v0x7bf1a4960_0;
    %nor/r;
    %flag_set/vec4 8;
    %jmp/0xz  T_71.0, 8;
    %pushi/vec4 0, 0, 32;
    %assign/vec4 v0x7bf1a3d40_0, 0;
    %pushi/vec4 0, 0, 8;
    %assign/vec4 v0x7bf1a3020_0, 0;
    %jmp T_71.1;
T_71.0 ;
    %load/vec4 v0x7bf1a6da0_0;
    %and/r;
    %flag_set/vec4 9;
    %flag_get/vec4 9;
    %jmp/0 T_71.4, 9;
    %load/vec4 v0x7bf1a6580_0;
    %and/r;
    %and;
T_71.4;
    %flag_set/vec4 8;
    %jmp/0xz  T_71.2, 8;
    %ix/load 4, 0, 0;
    %flag_set/imm 4, 0;
    %load/vec4a v0x7bf1a68a0, 4;
    %store/vec4 v0x7bf1a3020_0, 0, 8;
    %pushi/vec4 1, 0, 32;
    %store/vec4 v0x7bf1a3f20_0, 0, 32;
T_71.5 ; Top of for-loop
    %load/vec4 v0x7bf1a3f20_0;
    %cmpi/s 4, 0, 32;
	  %jmp/0xz T_71.6, 5;
    %load/vec4 v0x7bf1a3020_0;
    %ix/getv/s 4, v0x7bf1a3f20_0;
    %load/vec4a v0x7bf1a68a0, 4;
    %cmp/u;
    %jmp/0xz  T_71.8, 5;
    %ix/getv/s 4, v0x7bf1a3f20_0;
    %load/vec4a v0x7bf1a68a0, 4;
    %store/vec4 v0x7bf1a3020_0, 0, 8;
T_71.8 ;
T_71.7 ; for-loop step statement
    %load/vec4 v0x7bf1a3f20_0;
    %addi 1, 0, 32;
    %store/vec4 v0x7bf1a3f20_0, 0, 32;
    %jmp T_71.5;
T_71.6 ; for-loop exit label
    %pushi/vec4 0, 0, 24;
    %load/vec4 v0x7bf1a3020_0;
    %concat/vec4; draw_concat_vec4
    %assign/vec4 v0x7bf1a3d40_0, 0;
T_71.2 ;
T_71.1 ;
    %jmp T_71;
    .thread T_71;
    .scope S_0x10309c060;
T_72 ;
    %wait E_0x7bee13100;
    %load/vec4 v0x7bf1a4b40_0;
    %nor/r;
    %flag_set/vec4 8;
    %jmp/0xz  T_72.0, 8;
    %pushi/vec4 0, 0, 32;
    %assign/vec4 v0x7bf1a3de0_0, 0;
    %pushi/vec4 0, 0, 32;
    %assign/vec4 v0x7bf1a3e80_0, 0;
    %jmp T_72.1;
T_72.0 ;
    %load/vec4 v0x7bf1a3d40_0;
    %assign/vec4 v0x7bf1a3de0_0, 0;
    %load/vec4 v0x7bf1a3de0_0;
    %assign/vec4 v0x7bf1a3e80_0, 0;
T_72.1 ;
    %jmp T_72;
    .thread T_72;
    .scope S_0x10309c060;
T_73 ;
    %wait E_0x7bee13100;
    %load/vec4 v0x7bf1a4b40_0;
    %nor/r;
    %flag_set/vec4 8;
    %jmp/0xz  T_73.0, 8;
    %pushi/vec4 0, 0, 1;
    %assign/vec4 v0x7bf1a1c20_0, 0;
    %pushi/vec4 0, 0, 1;
    %assign/vec4 v0x7bf1a6a80_0, 0;
    %pushi/vec4 0, 0, 1;
    %assign/vec4 v0x7bf1a1ae0_0, 0;
    %jmp T_73.1;
T_73.0 ;
    %load/vec4 v0x7bf1a4e60_0;
    %flag_set/vec4 9;
    %flag_get/vec4 9;
    %jmp/0 T_73.4, 9;
    %load/vec4 v0x7bf1a1c20_0;
    %nor/r;
    %and;
T_73.4;
    %flag_set/vec4 8;
    %jmp/0xz  T_73.2, 8;
    %pushi/vec4 1, 0, 1;
    %assign/vec4 v0x7bf1a1c20_0, 0;
    %load/vec4 v0x7bf1a4d20_0;
    %assign/vec4 v0x7bf1a1cc0_0, 0;
T_73.2 ;
    %load/vec4 v0x7bf1a5540_0;
    %flag_set/vec4 9;
    %flag_get/vec4 9;
    %jmp/0 T_73.7, 9;
    %load/vec4 v0x7bf1a6a80_0;
    %nor/r;
    %and;
T_73.7;
    %flag_set/vec4 8;
    %jmp/0xz  T_73.5, 8;
    %pushi/vec4 1, 0, 1;
    %assign/vec4 v0x7bf1a6a80_0, 0;
    %load/vec4 v0x7bf1a5360_0;
    %assign/vec4 v0x7bf1a6f80_0, 0;
T_73.5 ;
    %load/vec4 v0x7bf1a1c20_0;
    %flag_set/vec4 10;
    %flag_get/vec4 10;
    %jmp/0 T_73.11, 10;
    %load/vec4 v0x7bf1a6a80_0;
    %and;
T_73.11;
    %flag_set/vec4 9;
    %flag_get/vec4 9;
    %jmp/0 T_73.10, 9;
    %load/vec4 v0x7bf1a4f00_0;
    %and;
T_73.10;
    %flag_set/vec4 8;
    %jmp/0xz  T_73.8, 8;
    %pushi/vec4 0, 0, 1;
    %assign/vec4 v0x7bf1a1c20_0, 0;
    %pushi/vec4 0, 0, 1;
    %assign/vec4 v0x7bf1a6a80_0, 0;
T_73.8 ;
    %load/vec4 v0x7bf1a4c80_0;
    %flag_set/vec4 9;
    %flag_get/vec4 9;
    %jmp/0 T_73.14, 9;
    %load/vec4 v0x7bf1a1ae0_0;
    %nor/r;
    %and;
T_73.14;
    %flag_set/vec4 8;
    %jmp/0xz  T_73.12, 8;
    %pushi/vec4 1, 0, 1;
    %assign/vec4 v0x7bf1a1ae0_0, 0;
    %load/vec4 v0x7bf1a4aa0_0;
    %assign/vec4 v0x7bf1a1b80_0, 0;
T_73.12 ;
    %load/vec4 v0x7bf1a1ae0_0;
    %flag_set/vec4 9;
    %flag_get/vec4 9;
    %jmp/0 T_73.17, 9;
    %load/vec4 v0x7bf1a5180_0;
    %and;
T_73.17;
    %flag_set/vec4 8;
    %jmp/0xz  T_73.15, 8;
    %pushi/vec4 0, 0, 1;
    %assign/vec4 v0x7bf1a1ae0_0, 0;
T_73.15 ;
T_73.1 ;
    %jmp T_73;
    .thread T_73;
    .scope S_0x10309bda0;
T_74 ;
    %delay 2500, 0;
    %load/vec4 v0x7bf1afca0_0;
    %inv;
    %store/vec4 v0x7bf1afca0_0, 0, 1;
    %jmp T_74;
    .thread T_74;
    .scope S_0x10309bda0;
T_75 ;
    %delay 5000, 0;
    %load/vec4 v0x7bf1b50e0_0;
    %inv;
    %store/vec4 v0x7bf1b50e0_0, 0, 1;
    %jmp T_75;
    .thread T_75;
    .scope S_0x10309bda0;
T_76 ;
    %wait E_0x7bee12e80;
    %load/vec4 v0x7bf1b5040_0;
    %nor/r;
    %flag_set/vec4 8;
    %jmp/0xz  T_76.0, 8;
    %pushi/vec4 0, 0, 32;
    %assign/vec4 v0x7bf1b4d20_0, 0;
    %pushi/vec4 0, 0, 1;
    %assign/vec4 v0x7bf1b4dc0_0, 0;
    %jmp T_76.1;
T_76.0 ;
    %load/vec4 v0x7bf1b48c0_0;
    %flag_set/vec4 9;
    %flag_get/vec4 9;
    %jmp/0 T_76.4, 9;
    %load/vec4 v0x7bf1b4780_0;
    %and;
T_76.4;
    %flag_set/vec4 8;
    %jmp/0xz  T_76.2, 8;
    %load/vec4 v0x7bf1b45a0_0;
    %assign/vec4 v0x7bf1b4d20_0, 0;
    %pushi/vec4 1, 0, 1;
    %assign/vec4 v0x7bf1b4dc0_0, 0;
    %jmp T_76.3;
T_76.2 ;
    %load/vec4 v0x7bf1b4dc0_0;
    %flag_set/vec4 9;
    %flag_get/vec4 9;
    %jmp/0 T_76.7, 9;
    %load/vec4 v0x7bf1b4aa0_0;
    %and;
T_76.7;
    %flag_set/vec4 8;
    %jmp/0xz  T_76.5, 8;
    %pushi/vec4 0, 0, 1;
    %assign/vec4 v0x7bf1b4dc0_0, 0;
T_76.5 ;
T_76.3 ;
T_76.1 ;
    %jmp T_76;
    .thread T_76;
    .scope S_0x10309bda0;
T_77 ;
    %pushi/vec4 0, 0, 1;
    %store/vec4 v0x7bf1afca0_0, 0, 1;
    %pushi/vec4 0, 0, 1;
    %store/vec4 v0x7bf1b50e0_0, 0, 1;
    %pushi/vec4 0, 0, 1;
    %store/vec4 v0x7bf1b5040_0, 0, 1;
    %pushi/vec4 0, 0, 1;
    %store/vec4 v0x7bf1b5220_0, 0, 1;
    %pushi/vec4 0, 0, 8;
    %store/vec4 v0x7bf1b5400_0, 0, 8;
    %pushi/vec4 0, 0, 1;
    %store/vec4 v0x7bf1b5540_0, 0, 1;
    %pushi/vec4 0, 0, 32;
    %store/vec4 v0x7bf1b5a40_0, 0, 32;
    %pushi/vec4 0, 0, 4;
    %store/vec4 v0x7bf1b5b80_0, 0, 4;
    %pushi/vec4 0, 0, 1;
    %store/vec4 v0x7bf1b5c20_0, 0, 1;
    %pushi/vec4 0, 0, 1;
    %store/vec4 v0x7bf1b55e0_0, 0, 1;
    %pushi/vec4 0, 0, 8;
    %store/vec4 v0x7bf1b5180_0, 0, 8;
    %pushi/vec4 0, 0, 1;
    %store/vec4 v0x7bf1b5360_0, 0, 1;
    %pushi/vec4 0, 0, 1;
    %store/vec4 v0x7bf1b5860_0, 0, 1;
    %pushi/vec4 0, 0, 32;
    %store/vec4 v0x7bf1afd40_0, 0, 32;
    %pushi/vec4 0, 0, 32;
    %store/vec4 v0x7bf1b4c80_0, 0, 32;
    %pushi/vec4 40972, 0, 32;
    %ix/load 4, 0, 0;
    %flag_set/imm 4, 0;
    %store/vec4a v0x7bf1afde0, 4, 0;
    %pushi/vec4 16982056, 0, 32;
    %ix/load 4, 1, 0;
    %flag_set/imm 4, 0;
    %store/vec4a v0x7bf1afde0, 4, 0;
    %pushi/vec4 33677372, 0, 32;
    %ix/load 4, 2, 0;
    %flag_set/imm 4, 0;
    %store/vec4a v0x7bf1afde0, 4, 0;
    %pushi/vec4 409612, 0, 32;
    %ix/load 4, 3, 0;
    %flag_set/imm 4, 0;
    %store/vec4a v0x7bf1afde0, 4, 0;
    %pushi/vec4 50585662, 0, 32;
    %ix/load 4, 4, 0;
    %flag_set/imm 4, 0;
    %store/vec4a v0x7bf1afde0, 4, 0;
    %pushi/vec4 258111, 0, 32;
    %ix/load 4, 5, 0;
    %flag_set/imm 4, 0;
    %store/vec4a v0x7bf1afde0, 4, 0;
    %pushi/vec4 16781313, 0, 32;
    %ix/load 4, 6, 0;
    %flag_set/imm 4, 0;
    %store/vec4a v0x7bf1afde0, 4, 0;
    %pushi/vec4 33562626, 0, 32;
    %ix/load 4, 7, 0;
    %flag_set/imm 4, 0;
    %store/vec4a v0x7bf1afde0, 4, 0;
    %pushi/vec4 5, 0, 32;
T_77.0 %dup/vec4;
    %cmpi/s 0, 0, 32;
    %jmp/1xz T_77.1, 5;
    %jmp/1 T_77.1, 4;
    %subi 1, 0, 32;
    %wait E_0x7bee12fc0;
    %jmp T_77.0;
T_77.1 ;
    %pop/vec4 1;
    %pushi/vec4 1, 0, 1;
    %store/vec4 v0x7bf1b5040_0, 0, 1;
    %pushi/vec4 1, 0, 1;
    %store/vec4 v0x7bf1b5220_0, 0, 1;
    %pushi/vec4 10, 0, 32;
T_77.2 %dup/vec4;
    %cmpi/s 0, 0, 32;
    %jmp/1xz T_77.3, 5;
    %jmp/1 T_77.3, 4;
    %subi 1, 0, 32;
    %wait E_0x7bee12fc0;
    %jmp T_77.2;
T_77.3 ;
    %pop/vec4 1;
    %pushi/vec4 0, 0, 32;
    %store/vec4 v0x7bf1b4c80_0, 0, 32;
    %pushi/vec4 4, 0, 32;
    %store/vec4 v0x7bf1af840_0, 0, 32;
    %pushi/vec4 20, 0, 32;
    %store/vec4 v0x7bf1af980_0, 0, 32;
    %pushi/vec4 40, 0, 32;
    %store/vec4 v0x7bf1af8e0_0, 0, 32;
    %pushi/vec4 0, 0, 32;
    %store/vec4 v0x7bf1afa20_0, 0, 32;
    %fork TD_tb_sbm_alg11_accum.run_case, S_0x7bee42880;
    %join;
    %pushi/vec4 1, 0, 32;
    %store/vec4 v0x7bf1b4c80_0, 0, 32;
    %pushi/vec4 4, 0, 32;
    %store/vec4 v0x7bf1af840_0, 0, 32;
    %pushi/vec4 20, 0, 32;
    %store/vec4 v0x7bf1af980_0, 0, 32;
    %pushi/vec4 0, 0, 32;
    %store/vec4 v0x7bf1af8e0_0, 0, 32;
    %pushi/vec4 1, 0, 32;
    %store/vec4 v0x7bf1afa20_0, 0, 32;
    %fork TD_tb_sbm_alg11_accum.run_case, S_0x7bee42880;
    %join;
    %pushi/vec4 2, 0, 32;
    %store/vec4 v0x7bf1b4c80_0, 0, 32;
    %pushi/vec4 8, 0, 32;
    %store/vec4 v0x7bf1af840_0, 0, 32;
    %pushi/vec4 64, 0, 32;
    %store/vec4 v0x7bf1af980_0, 0, 32;
    %pushi/vec4 20, 0, 32;
    %store/vec4 v0x7bf1af8e0_0, 0, 32;
    %pushi/vec4 0, 0, 32;
    %store/vec4 v0x7bf1afa20_0, 0, 32;
    %fork TD_tb_sbm_alg11_accum.run_case, S_0x7bee42880;
    %join;
    %load/vec4 v0x7bf1afd40_0;
    %cmpi/e 0, 0, 32;
    %flag_mov 8, 4;
    %jmp/0 T_77.4, 8;
    %pushi/vec4 1346458451, 0, 32; draw_string_vec4
    %jmp/1 T_77.5, 8;
T_77.4 ; End of true expr.
    %pushi/vec4 1178683724, 0, 32; draw_string_vec4
    %jmp/0 T_77.5, 8;
 ; End of false expr.
    %blend;
T_77.5;
    %vpi_call/w 3 289 "$display", "==== RESULT: %s ====", S<0,vec4,u32> {1 0 0};
    %vpi_call/w 3 290 "$finish" {0 0 0};
    %end;
    .thread T_77;
# The file index is used to find the file name in the following table.
:file_names 8;
    "N/A";
    "<interactive>";
    "-";
    "tb_sbm_alg11_accum.v";
    "sbm_alg11_accum.v";
    "sbm_accum_lane.v";
    "xpm_memory_spram_beh.v";
    "xpm_fifo_async_beh.v";
