#! /opt/homebrew/Cellar/icarus-verilog/13.0/bin/vvp
:ivl_version "13.0 (stable)" "(v13_0)";
:ivl_delay_selection "TYPICAL";
:vpi_time_precision - 12;
:vpi_module "/opt/homebrew/Cellar/icarus-verilog/13.0/lib/ivl/system.vpi";
:vpi_module "/opt/homebrew/Cellar/icarus-verilog/13.0/lib/ivl/vhdl_sys.vpi";
:vpi_module "/opt/homebrew/Cellar/icarus-verilog/13.0/lib/ivl/vhdl_textio.vpi";
:vpi_module "/opt/homebrew/Cellar/icarus-verilog/13.0/lib/ivl/v2005_math.vpi";
:vpi_module "/opt/homebrew/Cellar/icarus-verilog/13.0/lib/ivl/va_math.vpi";
:vpi_module "/opt/homebrew/Cellar/icarus-verilog/13.0/lib/ivl/v2009.vpi";
S_0xc46cac180 .scope package, "$unit" "$unit" 2 1;
 .timescale 0 0;
S_0xc46cac000 .scope module, "tb_sbm_alg9_cosim" "tb_sbm_alg9_cosim" 3 24;
 .timescale -9 -12;
P_0xc46c50a00 .param/l "CELLS" 1 3 32, +C4<0000000000000000000000000000000000000000000000000000000001000000>;
P_0xc46c50a40 .param/l "FRAMES" 1 3 38, +C4<00000000000000000000000000000001>;
P_0xc46c50a80 .param/l "HC" 1 3 31, +C4<00000000000000000000000000001000>;
P_0xc46c50ac0 .param/l "IMG_H" 0 3 26, +C4<00000000000000000000000001000000>;
P_0xc46c50b00 .param/l "IMG_W" 0 3 25, +C4<00000000000000000000000001000000>;
P_0xc46c50b40 .param/l "RESP_BASE" 0 3 28, C4<00001000000000000000000000000000>;
P_0xc46c50b80 .param/l "SEG_BEATS" 1 3 33, +C4<000000000000000000000000000000001>;
P_0xc46c50bc0 .param/l "T" 0 3 27, +C4<00000000000000000000000000001000>;
P_0xc46c50c00 .param/l "TOT_BYTES" 1 3 34, +C4<0000000000000000000000000000000000000000000000000000000000000000000000000000000000000000000000000000000000000000000000000000000000000000000000001000000000000000>;
P_0xc46c50c40 .param/l "WC" 1 3 30, +C4<00000000000000000000000000001000>;
L_0xc4707c070 .functor BUFZ 1, v0xc470c8820_0, C4<0>, C4<0>, C4<0>;
v0xc470c86e0 .array "SIM", 255 0, 7 0;
v0xc470c8780_0 .var/i "actv", 31 0;
v0xc470c8820_0 .var "b_pend", 0 0;
v0xc470c88c0_0 .var "beat_cnt", 5 0;
v0xc470c8960_0 .var/i "blk", 31 0;
v0xc470c8a00_0 .var/i "bnd", 31 0;
v0xc470c8aa0_0 .var "clk", 0 0;
v0xc470c8b40_0 .var/i "cll", 31 0;
v0xc470c8be0_0 .var/i "cx", 31 0;
v0xc470c8c80_0 .var/i "err", 31 0;
v0xc470c8d20_0 .var/i "exv", 31 0;
v0xc470c8dc0 .array "in_mag", 16777215 0, 7 0;
v0xc470c8e60_0 .net "irq_done", 0 0, L_0xc4707c700;  1 drivers
v0xc470c8f00_0 .var/i "j", 31 0;
v0xc470c8fa0_0 .var "lfsr", 15 0;
v0xc470c9040_0 .var/i "lsb", 31 0;
v0xc470c90e0_0 .net "m_axi_awaddr", 31 0, L_0xc4707c5b0;  1 drivers
L_0xc4687a068 .functor BUFT 1, C4<01>, C4<0>, C4<0>, C4<0>;
v0xc470c9180_0 .net "m_axi_awburst", 1 0, L_0xc4687a068;  1 drivers
L_0xc46879fd8 .functor BUFT 1, C4<00000000>, C4<0>, C4<0>, C4<0>;
v0xc470c9220_0 .net "m_axi_awlen", 7 0, L_0xc46879fd8;  1 drivers
L_0xc46878010 .functor BUFT 1, C4<1>, C4<0>, C4<0>, C4<0>;
L_0xc468780a0 .functor BUFT 1, C4<1>, C4<0>, C4<0>, C4<0>;
RS_0xc46847e80 .resolv tri, L_0xc46878010, L_0xc468780a0;
v0xc470c92c0_0 .net8 "m_axi_awready", 0 0, RS_0xc46847e80;  2 drivers
L_0xc4687a020 .functor BUFT 1, C4<011>, C4<0>, C4<0>, C4<0>;
v0xc470c9360_0 .net "m_axi_awsize", 2 0, L_0xc4687a020;  1 drivers
v0xc470c9400_0 .net "m_axi_awvalid", 0 0, L_0xc470cb980;  1 drivers
L_0xc46878130 .functor BUFT 1, C4<1>, C4<0>, C4<0>, C4<0>;
L_0xc4687a1d0 .functor BUFT 1, C4<1>, C4<0>, C4<0>, C4<0>;
RS_0xc46847f10 .resolv tri, L_0xc46878130, L_0xc4687a1d0;
v0xc470c94a0_0 .net8 "m_axi_bready", 0 0, RS_0xc46847f10;  2 drivers
v0xc470c9540_0 .net "m_axi_bvalid", 0 0, L_0xc4707c070;  1 drivers
v0xc470c95e0_0 .net "m_axi_wdata", 63 0, L_0xc4707c620;  1 drivers
v0xc470c9680_0 .net "m_axi_wlast", 0 0, L_0xc46d34a10;  1 drivers
L_0xc46878058 .functor BUFT 1, C4<1>, C4<0>, C4<0>, C4<0>;
L_0xc468780e8 .functor BUFT 1, C4<1>, C4<0>, C4<0>, C4<0>;
RS_0xc46847fd0 .resolv tri, L_0xc46878058, L_0xc468780e8;
v0xc470c9720_0 .net8 "m_axi_wready", 0 0, RS_0xc46847fd0;  2 drivers
v0xc470c97c0_0 .net "m_axi_wstrb", 7 0, L_0xc4707c690;  1 drivers
v0xc470c9860_0 .net "m_axi_wvalid", 0 0, L_0xc470cba20;  1 drivers
v0xc470c9900_0 .var/i "msb", 31 0;
v0xc470c99a0_0 .var/i "oob", 31 0;
v0xc470c9a40_0 .var/i "ori", 31 0;
v0xc470c9ae0_0 .var/i "rem2", 31 0;
v0xc470c9b80_0 .var/i "rm", 31 0;
v0xc470c9c20_0 .var "rst_n", 0 0;
v0xc470c9cc0_0 .var "s_axis_tdata", 7 0;
v0xc470c9d60_0 .var "s_axis_tlast", 0 0;
v0xc470c9e00_0 .net "s_axis_tready", 0 0, L_0xc470cb340;  1 drivers
v0xc470c9ea0_0 .var "s_axis_tuser", 0 0;
v0xc470c9f40_0 .var "s_axis_tvalid", 0 0;
v0xc470c9fe0_0 .var/i "tot", 31 0;
v0xc470ca080_0 .var/i "xx", 31 0;
v0xc470ca120_0 .var/i "yy", 31 0;
S_0x1012311b0 .scope module, "dut" "sbm_alg9_lut" 3 203, 4 42 0, S_0xc46cac000;
 .timescale -9 -12;
    .port_info 0 /INPUT 1 "clk";
    .port_info 1 /INPUT 1 "rst_n";
    .port_info 2 /INPUT 1 "s_axis_tvalid";
    .port_info 3 /OUTPUT 1 "s_axis_tready";
    .port_info 4 /INPUT 8 "s_axis_tdata";
    .port_info 5 /INPUT 1 "s_axis_tuser";
    .port_info 6 /INPUT 1 "s_axis_tlast";
    .port_info 7 /OUTPUT 1 "m_axi_awvalid";
    .port_info 8 /INPUT 1 "m_axi_awready";
    .port_info 9 /OUTPUT 32 "m_axi_awaddr";
    .port_info 10 /OUTPUT 8 "m_axi_awlen";
    .port_info 11 /OUTPUT 3 "m_axi_awsize";
    .port_info 12 /OUTPUT 2 "m_axi_awburst";
    .port_info 13 /OUTPUT 1 "m_axi_wvalid";
    .port_info 14 /INPUT 1 "m_axi_wready";
    .port_info 15 /OUTPUT 64 "m_axi_wdata";
    .port_info 16 /OUTPUT 8 "m_axi_wstrb";
    .port_info 17 /OUTPUT 1 "m_axi_wlast";
    .port_info 18 /INPUT 1 "m_axi_bvalid";
    .port_info 19 /OUTPUT 1 "m_axi_bready";
    .port_info 20 /OUTPUT 1 "irq_done";
P_0xc46d48000 .param/l "BAND_DEPTH" 1 4 74, +C4<0000000000000000000000000000000000000000000000000000001000000000>;
P_0xc46d48040 .param/l "BAW" 1 4 82, +C4<00000000000000000000000000001010>;
P_0xc46d48080 .param/l "BCW" 1 4 83, +C4<00000000000000000000000000001010>;
P_0xc46d480c0 .param/l "CELLS" 1 4 73, +C4<0000000000000000000000000000000000000000000000000000000001000000>;
P_0xc46d48100 .param/l "CW" 1 4 80, +C4<00000000000000000000000000000111>;
P_0xc46d48140 .param/l "CXW" 1 4 86, +C4<00000000000000000000000000000100>;
P_0xc46d48180 .param/l "DCW" 1 4 85, +C4<00000000000000000000000000001010>;
P_0xc46d481c0 .param/l "DRAIN_CYCLES" 1 4 75, +C4<000000000000000000000000000000000000000000000000000000000000000000000000000000000000001000000000>;
P_0xc46d48200 .param/l "HC" 1 4 72, +C4<00000000000000000000000000001000>;
P_0xc46d48240 .param/l "HCW" 1 4 84, +C4<00000000000000000000000000000100>;
P_0xc46d48280 .param/l "IMG_H" 0 4 44, +C4<00000000000000000000000001000000>;
P_0xc46d482c0 .param/l "IMG_W" 0 4 43, +C4<00000000000000000000000001000000>;
P_0xc46d48300 .param/l "PFW" 1 4 89, +C4<00000000000000000000000000000001111>;
P_0xc46d48340 .param/l "PW" 1 4 79, +C4<00000000000000000000000000001100>;
P_0xc46d48380 .param/l "QW" 1 4 87, +C4<00000000000000000000000000000110>;
P_0xc46d483c0 .param/l "REQ_FIFO_DEPTH" 0 4 47, +C4<00000000000000000000000000100000>;
P_0xc46d48400 .param/l "RESP_BASE" 0 4 46, C4<00001000000000000000000000000000>;
P_0xc46d48440 .param/l "RIDXW" 1 4 88, +C4<00000000000000000000000000000010>;
P_0xc46d48480 .param/l "RW" 1 4 81, +C4<00000000000000000000000000000111>;
P_0xc46d484c0 .param/l "SEG_BEATS" 1 4 77, +C4<000000000000000000000000000000001>;
P_0xc46d48500 .param/l "SEG_BUFS" 0 4 48, +C4<00000000000000000000000000000100>;
P_0xc46d48540 .param/l "SEG_LEN" 1 4 76, +C4<00000000000000000000000000001000>;
P_0xc46d48580 .param/l "T" 0 4 45, +C4<00000000000000000000000000001000>;
P_0xc46d485c0 .param/l "WC" 1 4 71, +C4<00000000000000000000000000001000>;
P_0xc46d48600 .param/l "WR_AW" 1 4 359, C4<001>;
P_0xc46d48640 .param/l "WR_B" 1 4 359, C4<011>;
P_0xc46d48680 .param/l "WR_IDLE" 1 4 359, C4<000>;
P_0xc46d486c0 .param/l "WR_W" 1 4 359, C4<010>;
L_0xc46d340e0 .functor AND 1, v0xc470c9f40_0, L_0xc470cb340, C4<1>, C4<1>;
L_0xc46d34230 .functor AND 1, L_0xc46d340e0, v0xc470c9ea0_0, C4<1>, C4<1>;
L_0xc46d342a0 .functor AND 1, L_0xc470ca760, L_0xc470ca800, C4<1>, C4<1>;
L_0xc46d34150 .functor OR 1, L_0xc470ca6c0, L_0xc46d342a0, C4<0>, C4<0>;
L_0xc46d341c0 .functor OR 1, v0xc470c54a0_0, L_0xc46d34230, C4<0>, C4<0>;
L_0xc46d34310 .functor AND 1, L_0xc46d341c0, L_0xc46d340e0, C4<1>, C4<1>;
L_0xc46d34380 .functor AND 1, L_0xc470ca8a0, L_0xc470ca940, C4<1>, C4<1>;
L_0xc46d343f0 .functor AND 1, L_0xc470ca9e0, L_0xc470cab20, C4<1>, C4<1>;
L_0xc46d34460 .functor AND 1, L_0xc46d343f0, L_0xc470cabc0, C4<1>, C4<1>;
L_0xc46879720 .functor BUFT 1, C4<00000000000000000000000000000111>, C4<0>, C4<0>, C4<0>;
L_0xc46d344d0 .functor AND 32, L_0xc470d0460, L_0xc46879720, C4<11111111111111111111111111111111>, C4<11111111111111111111111111111111>;
L_0xc46d34540 .functor AND 1, v0xc470c5040_0, L_0xc470caf80, C4<1>, C4<1>;
L_0xc46d345b0 .functor AND 1, v0xc470c9f40_0, v0xc470c9ea0_0, C4<1>, C4<1>;
L_0xc46d34620 .functor OR 1, L_0xc470cb200, L_0xc470cb2a0, C4<0>, C4<0>;
L_0xc46879a80 .functor BUFT 1, C4<0>, C4<0>, C4<0>, C4<0>;
L_0xc46d34690 .functor XNOR 1, L_0xc46cdf480, L_0xc46879a80, C4<0>, C4<0>;
L_0xc46d34700 .functor AND 1, L_0xc46d34310, L_0xc46d34690, C4<1>, C4<1>;
L_0xc46879b10 .functor BUFT 1, C4<0>, C4<0>, C4<0>, C4<0>;
L_0xc46d34770 .functor XNOR 1, v0xc470c4e60_0, L_0xc46879b10, C4<0>, C4<0>;
L_0xc46d347e0 .functor AND 1, L_0xc46d34540, L_0xc46d34770, C4<1>, C4<1>;
L_0xc46879be8 .functor BUFT 1, C4<1>, C4<0>, C4<0>, C4<0>;
L_0xc46d34850 .functor XNOR 1, L_0xc46cdf480, L_0xc46879be8, C4<0>, C4<0>;
L_0xc46d348c0 .functor AND 1, L_0xc46d34310, L_0xc46d34850, C4<1>, C4<1>;
L_0xc46879c78 .functor BUFT 1, C4<1>, C4<0>, C4<0>, C4<0>;
L_0xc46d34930 .functor XNOR 1, v0xc470c4e60_0, L_0xc46879c78, C4<0>, C4<0>;
L_0xc46d349a0 .functor AND 1, L_0xc46d34540, L_0xc46d34930, C4<1>, C4<1>;
L_0xc4707c5b0 .functor BUFZ 32, L_0xc470cb8e0, C4<00000000000000000000000000000000>, C4<00000000000000000000000000000000>, C4<00000000000000000000000000000000>;
L_0xc4707c620 .functor BUFZ 64, v0xc470c80a0_0, C4<0000000000000000000000000000000000000000000000000000000000000000>, C4<0000000000000000000000000000000000000000000000000000000000000000>, C4<0000000000000000000000000000000000000000000000000000000000000000>;
L_0xc4707c690 .functor BUFZ 8, v0xc470c83c0_0, C4<00000000>, C4<00000000>, C4<00000000>;
L_0xc46d34a10 .functor AND 1, L_0xc470cbac0, L_0xc470cbb60, C4<1>, C4<1>;
L_0xc4707c700 .functor BUFZ 1, v0xc470c4d20_0, C4<0>, C4<0>, C4<0>;
v0xc470c0c80 .array "SIM", 255 0, 7 0;
v0xc470c0d20_0 .net *"_ivl_101", 31 0, L_0xc470cada0;  1 drivers
v0xc470c0dc0_0 .net *"_ivl_102", 31 0, L_0xc470d0500;  1 drivers
L_0xc468797b0 .functor BUFT 1, C4<0000000000000000000000000>, C4<0>, C4<0>, C4<0>;
v0xc470c0e60_0 .net *"_ivl_105", 24 0, L_0xc468797b0;  1 drivers
v0xc470c0f00_0 .net *"_ivl_106", 31 0, L_0xc46d58a00;  1 drivers
v0xc470c0fa0_0 .net *"_ivl_110", 31 0, L_0xc470d05a0;  1 drivers
L_0xc468797f8 .functor BUFT 1, C4<00000000000000000000000000>, C4<0>, C4<0>, C4<0>;
v0xc470c1040_0 .net *"_ivl_113", 25 0, L_0xc468797f8;  1 drivers
L_0xc46879840 .functor BUFT 1, C4<00000000000000000000000000001000>, C4<0>, C4<0>, C4<0>;
v0xc470c10e0_0 .net/2u *"_ivl_114", 31 0, L_0xc46879840;  1 drivers
v0xc470c1180_0 .net *"_ivl_119", 0 0, L_0xc470caf80;  1 drivers
L_0xc46879408 .functor BUFT 1, C4<0>, C4<0>, C4<0>, C4<0>;
v0xc470c1220_0 .net/2u *"_ivl_12", 0 0, L_0xc46879408;  1 drivers
v0xc470c12c0_0 .net *"_ivl_122", 31 0, L_0xc470d0640;  1 drivers
L_0xc46879888 .functor BUFT 1, C4<00000000000000000000000000000>, C4<0>, C4<0>, C4<0>;
v0xc470c1360_0 .net *"_ivl_125", 28 0, L_0xc46879888;  1 drivers
L_0xc468798d0 .functor BUFT 1, C4<00000000000000000000000001000000>, C4<0>, C4<0>, C4<0>;
v0xc470c1400_0 .net/2u *"_ivl_126", 31 0, L_0xc468798d0;  1 drivers
v0xc470c14a0_0 .net *"_ivl_129", 31 0, L_0xc470cb020;  1 drivers
v0xc470c1540_0 .net *"_ivl_130", 31 0, L_0xc470d06e0;  1 drivers
L_0xc46879918 .functor BUFT 1, C4<0000000000000000000000000000>, C4<0>, C4<0>, C4<0>;
v0xc470c15e0_0 .net *"_ivl_133", 27 0, L_0xc46879918;  1 drivers
L_0xc46879960 .functor BUFT 1, C4<00000000000000000000000000001000>, C4<0>, C4<0>, C4<0>;
v0xc470c1680_0 .net/2u *"_ivl_134", 31 0, L_0xc46879960;  1 drivers
v0xc470c1720_0 .net *"_ivl_137", 31 0, L_0xc470cb0c0;  1 drivers
v0xc470c17c0_0 .net *"_ivl_138", 31 0, L_0xc46d58aa0;  1 drivers
v0xc470c1860_0 .net *"_ivl_140", 31 0, L_0xc470d0780;  1 drivers
L_0xc468799a8 .functor BUFT 1, C4<00000000000000000000000000000>, C4<0>, C4<0>, C4<0>;
v0xc470c1900_0 .net *"_ivl_143", 28 0, L_0xc468799a8;  1 drivers
v0xc470c19a0_0 .net *"_ivl_144", 31 0, L_0xc46d58b40;  1 drivers
L_0xc468799f0 .functor BUFT 1, C4<0>, C4<0>, C4<0>, C4<0>;
v0xc470c1a40_0 .net/2u *"_ivl_150", 0 0, L_0xc468799f0;  1 drivers
v0xc470c1ae0_0 .net *"_ivl_155", 0 0, L_0xc470cb200;  1 drivers
v0xc470c1b80_0 .net *"_ivl_157", 0 0, L_0xc470cb2a0;  1 drivers
v0xc470c1c20_0 .net *"_ivl_159", 0 0, L_0xc46d34620;  1 drivers
L_0xc46879450 .functor BUFT 1, C4<0>, C4<0>, C4<0>, C4<0>;
v0xc470c1cc0_0 .net/2u *"_ivl_16", 0 0, L_0xc46879450;  1 drivers
v0xc470c1d60_0 .net/2u *"_ivl_164", 0 0, L_0xc46879a80;  1 drivers
v0xc470c1e00_0 .net *"_ivl_166", 0 0, L_0xc46d34690;  1 drivers
L_0xc46879ac8 .functor BUFT 1, C4<0000000000000000000000>, C4<0>, C4<0>, C4<0>;
v0xc470c1ea0_0 .net *"_ivl_173", 21 0, L_0xc46879ac8;  1 drivers
v0xc470c1f40_0 .net/2u *"_ivl_175", 0 0, L_0xc46879b10;  1 drivers
v0xc470c1fe0_0 .net *"_ivl_177", 0 0, L_0xc46d34770;  1 drivers
L_0xc46879498 .functor BUFT 1, C4<1>, C4<0>, C4<0>, C4<0>;
v0xc470c2080_0 .net/2u *"_ivl_18", 0 0, L_0xc46879498;  1 drivers
L_0xc46879b58 .functor BUFT 1, C4<0000000000000000000000>, C4<0>, C4<0>, C4<0>;
v0xc470c2120_0 .net *"_ivl_184", 21 0, L_0xc46879b58;  1 drivers
v0xc470c21c0_0 .net/2u *"_ivl_188", 0 0, L_0xc46879be8;  1 drivers
v0xc470c2260_0 .net *"_ivl_190", 0 0, L_0xc46d34850;  1 drivers
L_0xc46879c30 .functor BUFT 1, C4<0000000000000000000000>, C4<0>, C4<0>, C4<0>;
v0xc470c2300_0 .net *"_ivl_197", 21 0, L_0xc46879c30;  1 drivers
v0xc470c23a0_0 .net/2u *"_ivl_199", 0 0, L_0xc46879c78;  1 drivers
v0xc470c2440_0 .net *"_ivl_201", 0 0, L_0xc46d34930;  1 drivers
L_0xc46879cc0 .functor BUFT 1, C4<0000000000000000000000>, C4<0>, C4<0>, C4<0>;
v0xc470c24e0_0 .net *"_ivl_208", 21 0, L_0xc46879cc0;  1 drivers
L_0xc46879d08 .functor BUFT 1, C4<000000>, C4<0>, C4<0>, C4<0>;
v0xc470c2580_0 .net/2u *"_ivl_210", 5 0, L_0xc46879d08;  1 drivers
L_0xc468794e0 .functor BUFT 1, C4<0000>, C4<0>, C4<0>, C4<0>;
v0xc470c2620_0 .net/2u *"_ivl_22", 3 0, L_0xc468794e0;  1 drivers
L_0xc46879d50 .functor BUFT 1, C4<0000000000000000000000000000000000001000000000000000000000000000>, C4<0>, C4<0>, C4<0>;
v0xc470c26c0_0 .net/2u *"_ivl_224", 63 0, L_0xc46879d50;  1 drivers
L_0xc46879d98 .functor BUFT 1, C4<00000000000000000000000>, C4<0>, C4<0>, C4<0>;
v0xc470c2760_0 .net/2u *"_ivl_226", 22 0, L_0xc46879d98;  1 drivers
v0xc470c2800_0 .net *"_ivl_228", 25 0, L_0xc470d0aa0;  1 drivers
v0xc470c28a0_0 .net *"_ivl_230", 63 0, L_0xc470d0b40;  1 drivers
L_0xc46879de0 .functor BUFT 1, C4<00000000000000000000000000000000000000>, C4<0>, C4<0>, C4<0>;
v0xc470c2940_0 .net *"_ivl_233", 37 0, L_0xc46879de0;  1 drivers
L_0xc46879e28 .functor BUFT 1, C4<0000000000000000000000000000000000000000000000000000000001000000>, C4<0>, C4<0>, C4<0>;
v0xc470c29e0_0 .net/2u *"_ivl_234", 63 0, L_0xc46879e28;  1 drivers
v0xc470c2a80_0 .net *"_ivl_237", 63 0, L_0xc470cb700;  1 drivers
v0xc470c2b20_0 .net *"_ivl_238", 63 0, L_0xc470d0be0;  1 drivers
L_0xc46879e70 .functor BUFT 1, C4<0000000000000000000000000000000000000000000000000000000000>, C4<0>, C4<0>, C4<0>;
v0xc470c2bc0_0 .net *"_ivl_241", 57 0, L_0xc46879e70;  1 drivers
v0xc470c2c60_0 .net *"_ivl_242", 63 0, L_0xc46d58be0;  1 drivers
L_0xc46879eb8 .functor BUFT 1, C4<0000000000000000000000000000000000000000000000000000000001000000>, C4<0>, C4<0>, C4<0>;
v0xc470c2d00_0 .net/2u *"_ivl_244", 63 0, L_0xc46879eb8;  1 drivers
v0xc470c2da0_0 .net *"_ivl_247", 63 0, L_0xc470cb7a0;  1 drivers
v0xc470c2e40_0 .net *"_ivl_248", 63 0, L_0xc46d58c80;  1 drivers
v0xc470c2ee0_0 .net *"_ivl_250", 63 0, L_0xc470d0c80;  1 drivers
L_0xc46879f00 .functor BUFT 1, C4<000000000000000000000000000000000000000000000000000000000000>, C4<0>, C4<0>, C4<0>;
v0xc470c2f80_0 .net *"_ivl_253", 59 0, L_0xc46879f00;  1 drivers
L_0xc46879f48 .functor BUFT 1, C4<0000000000000000000000000000000000000000000000000000000000001000>, C4<0>, C4<0>, C4<0>;
v0xc470c3020_0 .net/2u *"_ivl_254", 63 0, L_0xc46879f48;  1 drivers
v0xc470c30c0_0 .net *"_ivl_257", 63 0, L_0xc470cb840;  1 drivers
v0xc470c3160_0 .net *"_ivl_258", 63 0, L_0xc46d58d20;  1 drivers
v0xc470c3200_0 .net *"_ivl_26", 63 0, L_0xc470d01e0;  1 drivers
L_0xc46879f90 .functor BUFT 1, C4<001>, C4<0>, C4<0>, C4<0>;
v0xc470c32a0_0 .net/2u *"_ivl_262", 2 0, L_0xc46879f90;  1 drivers
L_0xc4687a0b0 .functor BUFT 1, C4<010>, C4<0>, C4<0>, C4<0>;
v0xc470c3340_0 .net/2u *"_ivl_274", 2 0, L_0xc4687a0b0;  1 drivers
L_0xc4687a0f8 .functor BUFT 1, C4<010>, C4<0>, C4<0>, C4<0>;
v0xc470c33e0_0 .net/2u *"_ivl_282", 2 0, L_0xc4687a0f8;  1 drivers
v0xc470c3480_0 .net *"_ivl_284", 0 0, L_0xc470cbac0;  1 drivers
v0xc470c3520_0 .net *"_ivl_286", 32 0, L_0xc470d0d20;  1 drivers
L_0xc4687a140 .functor BUFT 1, C4<0000000000000000000000000>, C4<0>, C4<0>, C4<0>;
v0xc470c35c0_0 .net *"_ivl_289", 24 0, L_0xc4687a140;  1 drivers
L_0xc46879528 .functor BUFT 1, C4<000000000000000000000000000000000000000000000000000000>, C4<0>, C4<0>, C4<0>;
v0xc470c3660_0 .net *"_ivl_29", 53 0, L_0xc46879528;  1 drivers
L_0xc4687a188 .functor BUFT 1, C4<000000000000000000000000000000000>, C4<0>, C4<0>, C4<0>;
v0xc470c3700_0 .net/2u *"_ivl_290", 32 0, L_0xc4687a188;  1 drivers
v0xc470c37a0_0 .net *"_ivl_292", 0 0, L_0xc470cbb60;  1 drivers
L_0xc46879570 .functor BUFT 1, C4<0000000000000000000000000000000000000000000000000000000111111111>, C4<0>, C4<0>, C4<0>;
v0xc470c3840_0 .net/2u *"_ivl_30", 63 0, L_0xc46879570;  1 drivers
v0xc470c38e0_0 .net *"_ivl_34", 31 0, L_0xc470d0280;  1 drivers
L_0xc468795b8 .functor BUFT 1, C4<0000000000000000000000000>, C4<0>, C4<0>, C4<0>;
v0xc470c3980_0 .net *"_ivl_37", 24 0, L_0xc468795b8;  1 drivers
L_0xc46879600 .functor BUFT 1, C4<00000000000000000000000000111111>, C4<0>, C4<0>, C4<0>;
v0xc470c3a20_0 .net/2u *"_ivl_38", 31 0, L_0xc46879600;  1 drivers
L_0xc46879378 .functor BUFT 1, C4<0000000>, C4<0>, C4<0>, C4<0>;
v0xc470c3ac0_0 .net/2u *"_ivl_4", 6 0, L_0xc46879378;  1 drivers
v0xc470c3b60_0 .net *"_ivl_40", 0 0, L_0xc470ca760;  1 drivers
v0xc470c3c00_0 .net *"_ivl_42", 31 0, L_0xc470d0320;  1 drivers
L_0xc46879648 .functor BUFT 1, C4<0000000000000000000000000>, C4<0>, C4<0>, C4<0>;
v0xc470c3ca0_0 .net *"_ivl_45", 24 0, L_0xc46879648;  1 drivers
L_0xc46879690 .functor BUFT 1, C4<00000000000000000000000000111111>, C4<0>, C4<0>, C4<0>;
v0xc470c3d40_0 .net/2u *"_ivl_46", 31 0, L_0xc46879690;  1 drivers
v0xc470c3de0_0 .net *"_ivl_48", 0 0, L_0xc470ca800;  1 drivers
v0xc470c3e80_0 .net *"_ivl_55", 0 0, L_0xc46d341c0;  1 drivers
v0xc470c3f20_0 .net *"_ivl_59", 0 0, L_0xc470ca8a0;  1 drivers
v0xc470c4000_0 .net *"_ivl_61", 0 0, L_0xc470ca940;  1 drivers
v0xc470c40a0_0 .net *"_ivl_65", 0 0, L_0xc470ca9e0;  1 drivers
v0xc470c4140_0 .net *"_ivl_67", 0 0, L_0xc470caa80;  1 drivers
v0xc470c41e0_0 .net *"_ivl_69", 0 0, L_0xc470cab20;  1 drivers
v0xc470c4280_0 .net *"_ivl_71", 0 0, L_0xc46d343f0;  1 drivers
v0xc470c4320_0 .net *"_ivl_73", 0 0, L_0xc470cabc0;  1 drivers
L_0xc468793c0 .functor BUFT 1, C4<0000000>, C4<0>, C4<0>, C4<0>;
v0xc470c43c0_0 .net/2u *"_ivl_8", 6 0, L_0xc468793c0;  1 drivers
v0xc470c4460_0 .net *"_ivl_90", 31 0, L_0xc470d0460;  1 drivers
L_0xc468796d8 .functor BUFT 1, C4<0000000000000000000000000>, C4<0>, C4<0>, C4<0>;
v0xc470c4500_0 .net *"_ivl_93", 24 0, L_0xc468796d8;  1 drivers
v0xc470c45a0_0 .net/2u *"_ivl_94", 31 0, L_0xc46879720;  1 drivers
v0xc470c4640_0 .net *"_ivl_96", 31 0, L_0xc46d344d0;  1 drivers
L_0xc46879768 .functor BUFT 1, C4<00000000000000000000000001000000>, C4<0>, C4<0>, C4<0>;
v0xc470c46e0_0 .net/2u *"_ivl_98", 31 0, L_0xc46879768;  1 drivers
v0xc470c4780_0 .var "band_cnt", 9 0;
v0xc470c4820_0 .var "band_cur", 3 0;
v0xc470c48c0_0 .var "band_filled", 1 0;
v0xc470c4960_0 .net "band_last", 0 0, L_0xc470ca6c0;  1 drivers
v0xc470c4a00_0 .var "band_par", 0 0;
v0xc470c4aa0 .array "bank_band", 1 0, 3 0;
v0xc470c4b40_0 .net "clk", 0 0, v0xc470c8aa0_0;  1 drivers
v0xc470c4be0_0 .var "cur_col", 6 0;
v0xc470c4c80_0 .var "cur_row", 6 0;
v0xc470c4d20_0 .var "done_r", 0 0;
v0xc470c4dc0_0 .var "drain_band", 3 0;
v0xc470c4e60_0 .var "drain_bank", 0 0;
v0xc470c4f00_0 .var "drain_cnt", 9 0;
v0xc470c4fa0_0 .net "drain_go", 0 0, L_0xc46d34540;  1 drivers
v0xc470c5040_0 .var "drain_on", 0 0;
v0xc470c50e0_0 .var "draining", 1 0;
v0xc470c5180_0 .net "eff_bcur", 3 0, L_0xc46cdf5c0;  1 drivers
v0xc470c5220_0 .net "eff_bcur_", 0 0, L_0xc46cdf520;  1 drivers
v0xc470c52c0_0 .net "eff_bpar", 0 0, L_0xc46cdf480;  1 drivers
v0xc470c5360_0 .net "eff_col", 6 0, L_0xc46cdf340;  1 drivers
v0xc470c5400_0 .net "eff_row", 6 0, L_0xc46cdf3e0;  1 drivers
v0xc470c54a0_0 .var "fill_active", 0 0;
v0xc470c5540_0 .net "frame_head", 0 0, L_0xc46d345b0;  1 drivers
v0xc470c55e0_0 .net "frame_last", 0 0, L_0xc46d342a0;  1 drivers
v0xc470c5680_0 .var "frame_seen", 0 0;
v0xc470c5720_0 .net "frame_start", 0 0, L_0xc46d34230;  1 drivers
v0xc470c57c0_0 .net "irq_done", 0 0, L_0xc4707c700;  alias, 1 drivers
v0xc470c5860_0 .net "m_axi_awaddr", 31 0, L_0xc4707c5b0;  alias, 1 drivers
v0xc470c5900_0 .net "m_axi_awburst", 1 0, L_0xc4687a068;  alias, 1 drivers
v0xc470c59a0_0 .net "m_axi_awlen", 7 0, L_0xc46879fd8;  alias, 1 drivers
v0xc470c5a40_0 .net8 "m_axi_awready", 0 0, RS_0xc46847e80;  alias, 2 drivers
v0xc470c5ae0_0 .net "m_axi_awsize", 2 0, L_0xc4687a020;  alias, 1 drivers
v0xc470c5b80_0 .net "m_axi_awvalid", 0 0, L_0xc470cb980;  alias, 1 drivers
v0xc470c5c20_0 .net8 "m_axi_bready", 0 0, RS_0xc46847f10;  alias, 2 drivers
v0xc470c5cc0_0 .net "m_axi_bvalid", 0 0, L_0xc4707c070;  alias, 1 drivers
v0xc470c5d60_0 .net "m_axi_wdata", 63 0, L_0xc4707c620;  alias, 1 drivers
v0xc470c5e00_0 .net "m_axi_wlast", 0 0, L_0xc46d34a10;  alias, 1 drivers
v0xc470c5ea0_0 .net8 "m_axi_wready", 0 0, RS_0xc46847fd0;  alias, 2 drivers
v0xc470c5f40_0 .net "m_axi_wstrb", 7 0, L_0xc4707c690;  alias, 1 drivers
v0xc470c5fe0_0 .net "m_axi_wvalid", 0 0, L_0xc470cba20;  alias, 1 drivers
v0xc470c6080_0 .var/i "oi", 31 0;
v0xc470c6120_0 .var "pop_en", 0 0;
v0xc470c61c0_0 .var "push_en", 0 0;
v0xc470c6260_0 .net "px_accept", 0 0, L_0xc46d340e0;  1 drivers
v0xc470c6300_0 .var "px_cnt", 11 0;
v0xc470c63a0_0 .net "px_tail", 0 0, L_0xc46d34150;  1 drivers
v0xc470c6440_0 .var "rd_band_d", 3 0;
v0xc470c64e0_0 .var "rd_band_r", 3 0;
v0xc470c6580_0 .var "rd_block_d", 5 0;
v0xc470c6620_0 .var "rd_block_r", 5 0;
v0xc470c66c0_0 .var "rd_cx", 3 0;
v0xc470c6760_0 .var "rd_cx_d", 3 0;
v0xc470c6800_0 .var "rd_cx_r", 3 0;
v0xc470c68a0_0 .net "rd_data0", 63 0, L_0xc4707c460;  1 drivers
v0xc470c6940_0 .net "rd_data1", 63 0, L_0xc4707c4d0;  1 drivers
v0xc470c69e0_0 .var "rd_data_d", 63 0;
v0xc470c6a80_0 .var "rd_gx", 2 0;
v0xc470c6b20_0 .var "rd_gy", 2 0;
v0xc470c6bc0_0 .var "rd_vld_d", 0 0;
v0xc470c6c60_0 .var "rd_vld_r", 0 0;
v0xc470c6d00_0 .var "req_cnt", 5 0;
v0xc470c6da0_0 .net "req_empty", 0 0, L_0xc470cb3e0;  1 drivers
v0xc470c6e40 .array "req_fifo", 31 0, 14 0;
v0xc470c6ee0_0 .net "req_full", 0 0, L_0xc470caee0;  1 drivers
v0xc470c6f80_0 .var "req_rd", 5 0;
v0xc470c7020_0 .var "req_wr", 5 0;
v0xc470c70c0 .array "resp", 7 0;
v0xc470c70c0_0 .net v0xc470c70c0 0, 7 0, L_0xc46cdec60; 1 drivers
v0xc470c70c0_1 .net v0xc470c70c0 1, 7 0, L_0xc46cdeda0; 1 drivers
v0xc470c70c0_2 .net v0xc470c70c0 2, 7 0, L_0xc46cdee40; 1 drivers
v0xc470c70c0_3 .net v0xc470c70c0 3, 7 0, L_0xc46cdeee0; 1 drivers
v0xc470c70c0_4 .net v0xc470c70c0 4, 7 0, L_0xc46cdf0c0; 1 drivers
v0xc470c70c0_5 .net v0xc470c70c0 5, 7 0, L_0xc46cdf160; 1 drivers
v0xc470c70c0_6 .net v0xc470c70c0 6, 7 0, L_0xc46cdf200; 1 drivers
v0xc470c70c0_7 .net v0xc470c70c0 7, 7 0, L_0xc46cdf2a0; 1 drivers
v0xc470c7160_0 .net "rst_n", 0 0, v0xc470c9c20_0;  1 drivers
v0xc470c7200_0 .net "s_axis_tdata", 7 0, v0xc470c9cc0_0;  1 drivers
v0xc470c72a0_0 .net "s_axis_tlast", 0 0, v0xc470c9d60_0;  1 drivers
v0xc470c7340_0 .net "s_axis_tready", 0 0, L_0xc470cb340;  alias, 1 drivers
v0xc470c73e0_0 .net "s_axis_tuser", 0 0, v0xc470c9ea0_0;  1 drivers
v0xc470c7480_0 .net "s_axis_tvalid", 0 0, v0xc470c9f40_0;  1 drivers
v0xc470c7520 .array "seg_buf", 255 0, 7 0;
v0xc470c75c0_0 .var "seg_slot", 1 0;
v0xc470c7660_0 .net "tready_bpar", 0 0, L_0xc46cdf660;  1 drivers
v0xc470c7700_0 .net "w_drain_req0", 0 0, L_0xc46d34380;  1 drivers
v0xc470c77a0_0 .net "w_drain_req1", 0 0, L_0xc46d34460;  1 drivers
v0xc470c7840_0 .net "w_lsb", 3 0, L_0xc470cac60;  1 drivers
v0xc470c78e0_0 .net "w_msb", 3 0, L_0xc470cad00;  1 drivers
v0xc470c7980_0 .net "w_rdaddr", 9 0, L_0xc470cb160;  1 drivers
v0xc470c7a20_0 .net "w_req", 14 0, v0xc470c7d40_0;  1 drivers
v0xc470c7ac0_0 .net "w_req_addr", 31 0, L_0xc470cb8e0;  1 drivers
v0xc470c7b60_0 .net "w_req_band", 3 0, L_0xc470cb660;  1 drivers
v0xc470c7c00_0 .net "w_req_blk", 5 0, L_0xc470cb5c0;  1 drivers
v0xc470c7ca0_0 .net "w_req_ori", 2 0, L_0xc470cb520;  1 drivers
v0xc470c7d40_0 .var "w_req_r", 14 0;
v0xc470c7de0_0 .net "w_req_slot", 1 0, L_0xc470cb480;  1 drivers
v0xc470c7e80_0 .net "w_wraddr", 9 0, L_0xc470cae40;  1 drivers
v0xc470c7f20_0 .net "w_wrdata", 63 0, L_0xc470d03c0;  1 drivers
v0xc470c8000_0 .var/i "wb", 31 0;
v0xc470c80a0_0 .var "wdata_r", 63 0;
v0xc470c8140_0 .net "wen", 0 0, L_0xc46d34310;  1 drivers
v0xc470c81e0_0 .var "wr_beat", 7 0;
v0xc470c8280_0 .var "wr_pop", 0 0;
v0xc470c8320_0 .var "wr_state", 2 0;
v0xc470c83c0_0 .var "wstrb_r", 7 0;
E_0xc46cf6240/0 .event negedge, v0xc470c7160_0;
E_0xc46cf6240/1 .event posedge, v0xc470bbd40_0;
E_0xc46cf6240 .event/or E_0xc46cf6240/0, E_0xc46cf6240/1;
E_0xc46cf6280 .event anyedge, v0xc470c81e0_0;
v0xc470c7520_0 .array/port v0xc470c7520, 0;
E_0xc46cf62c0/0 .event anyedge, v0xc470c81e0_0, v0xc470c7ca0_0, v0xc470c7de0_0, v0xc470c7520_0;
v0xc470c7520_1 .array/port v0xc470c7520, 1;
v0xc470c7520_2 .array/port v0xc470c7520, 2;
v0xc470c7520_3 .array/port v0xc470c7520, 3;
v0xc470c7520_4 .array/port v0xc470c7520, 4;
E_0xc46cf62c0/1 .event anyedge, v0xc470c7520_1, v0xc470c7520_2, v0xc470c7520_3, v0xc470c7520_4;
v0xc470c7520_5 .array/port v0xc470c7520, 5;
v0xc470c7520_6 .array/port v0xc470c7520, 6;
v0xc470c7520_7 .array/port v0xc470c7520, 7;
v0xc470c7520_8 .array/port v0xc470c7520, 8;
E_0xc46cf62c0/2 .event anyedge, v0xc470c7520_5, v0xc470c7520_6, v0xc470c7520_7, v0xc470c7520_8;
v0xc470c7520_9 .array/port v0xc470c7520, 9;
v0xc470c7520_10 .array/port v0xc470c7520, 10;
v0xc470c7520_11 .array/port v0xc470c7520, 11;
v0xc470c7520_12 .array/port v0xc470c7520, 12;
E_0xc46cf62c0/3 .event anyedge, v0xc470c7520_9, v0xc470c7520_10, v0xc470c7520_11, v0xc470c7520_12;
v0xc470c7520_13 .array/port v0xc470c7520, 13;
v0xc470c7520_14 .array/port v0xc470c7520, 14;
v0xc470c7520_15 .array/port v0xc470c7520, 15;
v0xc470c7520_16 .array/port v0xc470c7520, 16;
E_0xc46cf62c0/4 .event anyedge, v0xc470c7520_13, v0xc470c7520_14, v0xc470c7520_15, v0xc470c7520_16;
v0xc470c7520_17 .array/port v0xc470c7520, 17;
v0xc470c7520_18 .array/port v0xc470c7520, 18;
v0xc470c7520_19 .array/port v0xc470c7520, 19;
v0xc470c7520_20 .array/port v0xc470c7520, 20;
E_0xc46cf62c0/5 .event anyedge, v0xc470c7520_17, v0xc470c7520_18, v0xc470c7520_19, v0xc470c7520_20;
v0xc470c7520_21 .array/port v0xc470c7520, 21;
v0xc470c7520_22 .array/port v0xc470c7520, 22;
v0xc470c7520_23 .array/port v0xc470c7520, 23;
v0xc470c7520_24 .array/port v0xc470c7520, 24;
E_0xc46cf62c0/6 .event anyedge, v0xc470c7520_21, v0xc470c7520_22, v0xc470c7520_23, v0xc470c7520_24;
v0xc470c7520_25 .array/port v0xc470c7520, 25;
v0xc470c7520_26 .array/port v0xc470c7520, 26;
v0xc470c7520_27 .array/port v0xc470c7520, 27;
v0xc470c7520_28 .array/port v0xc470c7520, 28;
E_0xc46cf62c0/7 .event anyedge, v0xc470c7520_25, v0xc470c7520_26, v0xc470c7520_27, v0xc470c7520_28;
v0xc470c7520_29 .array/port v0xc470c7520, 29;
v0xc470c7520_30 .array/port v0xc470c7520, 30;
v0xc470c7520_31 .array/port v0xc470c7520, 31;
v0xc470c7520_32 .array/port v0xc470c7520, 32;
E_0xc46cf62c0/8 .event anyedge, v0xc470c7520_29, v0xc470c7520_30, v0xc470c7520_31, v0xc470c7520_32;
v0xc470c7520_33 .array/port v0xc470c7520, 33;
v0xc470c7520_34 .array/port v0xc470c7520, 34;
v0xc470c7520_35 .array/port v0xc470c7520, 35;
v0xc470c7520_36 .array/port v0xc470c7520, 36;
E_0xc46cf62c0/9 .event anyedge, v0xc470c7520_33, v0xc470c7520_34, v0xc470c7520_35, v0xc470c7520_36;
v0xc470c7520_37 .array/port v0xc470c7520, 37;
v0xc470c7520_38 .array/port v0xc470c7520, 38;
v0xc470c7520_39 .array/port v0xc470c7520, 39;
v0xc470c7520_40 .array/port v0xc470c7520, 40;
E_0xc46cf62c0/10 .event anyedge, v0xc470c7520_37, v0xc470c7520_38, v0xc470c7520_39, v0xc470c7520_40;
v0xc470c7520_41 .array/port v0xc470c7520, 41;
v0xc470c7520_42 .array/port v0xc470c7520, 42;
v0xc470c7520_43 .array/port v0xc470c7520, 43;
v0xc470c7520_44 .array/port v0xc470c7520, 44;
E_0xc46cf62c0/11 .event anyedge, v0xc470c7520_41, v0xc470c7520_42, v0xc470c7520_43, v0xc470c7520_44;
v0xc470c7520_45 .array/port v0xc470c7520, 45;
v0xc470c7520_46 .array/port v0xc470c7520, 46;
v0xc470c7520_47 .array/port v0xc470c7520, 47;
v0xc470c7520_48 .array/port v0xc470c7520, 48;
E_0xc46cf62c0/12 .event anyedge, v0xc470c7520_45, v0xc470c7520_46, v0xc470c7520_47, v0xc470c7520_48;
v0xc470c7520_49 .array/port v0xc470c7520, 49;
v0xc470c7520_50 .array/port v0xc470c7520, 50;
v0xc470c7520_51 .array/port v0xc470c7520, 51;
v0xc470c7520_52 .array/port v0xc470c7520, 52;
E_0xc46cf62c0/13 .event anyedge, v0xc470c7520_49, v0xc470c7520_50, v0xc470c7520_51, v0xc470c7520_52;
v0xc470c7520_53 .array/port v0xc470c7520, 53;
v0xc470c7520_54 .array/port v0xc470c7520, 54;
v0xc470c7520_55 .array/port v0xc470c7520, 55;
v0xc470c7520_56 .array/port v0xc470c7520, 56;
E_0xc46cf62c0/14 .event anyedge, v0xc470c7520_53, v0xc470c7520_54, v0xc470c7520_55, v0xc470c7520_56;
v0xc470c7520_57 .array/port v0xc470c7520, 57;
v0xc470c7520_58 .array/port v0xc470c7520, 58;
v0xc470c7520_59 .array/port v0xc470c7520, 59;
v0xc470c7520_60 .array/port v0xc470c7520, 60;
E_0xc46cf62c0/15 .event anyedge, v0xc470c7520_57, v0xc470c7520_58, v0xc470c7520_59, v0xc470c7520_60;
v0xc470c7520_61 .array/port v0xc470c7520, 61;
v0xc470c7520_62 .array/port v0xc470c7520, 62;
v0xc470c7520_63 .array/port v0xc470c7520, 63;
v0xc470c7520_64 .array/port v0xc470c7520, 64;
E_0xc46cf62c0/16 .event anyedge, v0xc470c7520_61, v0xc470c7520_62, v0xc470c7520_63, v0xc470c7520_64;
v0xc470c7520_65 .array/port v0xc470c7520, 65;
v0xc470c7520_66 .array/port v0xc470c7520, 66;
v0xc470c7520_67 .array/port v0xc470c7520, 67;
v0xc470c7520_68 .array/port v0xc470c7520, 68;
E_0xc46cf62c0/17 .event anyedge, v0xc470c7520_65, v0xc470c7520_66, v0xc470c7520_67, v0xc470c7520_68;
v0xc470c7520_69 .array/port v0xc470c7520, 69;
v0xc470c7520_70 .array/port v0xc470c7520, 70;
v0xc470c7520_71 .array/port v0xc470c7520, 71;
v0xc470c7520_72 .array/port v0xc470c7520, 72;
E_0xc46cf62c0/18 .event anyedge, v0xc470c7520_69, v0xc470c7520_70, v0xc470c7520_71, v0xc470c7520_72;
v0xc470c7520_73 .array/port v0xc470c7520, 73;
v0xc470c7520_74 .array/port v0xc470c7520, 74;
v0xc470c7520_75 .array/port v0xc470c7520, 75;
v0xc470c7520_76 .array/port v0xc470c7520, 76;
E_0xc46cf62c0/19 .event anyedge, v0xc470c7520_73, v0xc470c7520_74, v0xc470c7520_75, v0xc470c7520_76;
v0xc470c7520_77 .array/port v0xc470c7520, 77;
v0xc470c7520_78 .array/port v0xc470c7520, 78;
v0xc470c7520_79 .array/port v0xc470c7520, 79;
v0xc470c7520_80 .array/port v0xc470c7520, 80;
E_0xc46cf62c0/20 .event anyedge, v0xc470c7520_77, v0xc470c7520_78, v0xc470c7520_79, v0xc470c7520_80;
v0xc470c7520_81 .array/port v0xc470c7520, 81;
v0xc470c7520_82 .array/port v0xc470c7520, 82;
v0xc470c7520_83 .array/port v0xc470c7520, 83;
v0xc470c7520_84 .array/port v0xc470c7520, 84;
E_0xc46cf62c0/21 .event anyedge, v0xc470c7520_81, v0xc470c7520_82, v0xc470c7520_83, v0xc470c7520_84;
v0xc470c7520_85 .array/port v0xc470c7520, 85;
v0xc470c7520_86 .array/port v0xc470c7520, 86;
v0xc470c7520_87 .array/port v0xc470c7520, 87;
v0xc470c7520_88 .array/port v0xc470c7520, 88;
E_0xc46cf62c0/22 .event anyedge, v0xc470c7520_85, v0xc470c7520_86, v0xc470c7520_87, v0xc470c7520_88;
v0xc470c7520_89 .array/port v0xc470c7520, 89;
v0xc470c7520_90 .array/port v0xc470c7520, 90;
v0xc470c7520_91 .array/port v0xc470c7520, 91;
v0xc470c7520_92 .array/port v0xc470c7520, 92;
E_0xc46cf62c0/23 .event anyedge, v0xc470c7520_89, v0xc470c7520_90, v0xc470c7520_91, v0xc470c7520_92;
v0xc470c7520_93 .array/port v0xc470c7520, 93;
v0xc470c7520_94 .array/port v0xc470c7520, 94;
v0xc470c7520_95 .array/port v0xc470c7520, 95;
v0xc470c7520_96 .array/port v0xc470c7520, 96;
E_0xc46cf62c0/24 .event anyedge, v0xc470c7520_93, v0xc470c7520_94, v0xc470c7520_95, v0xc470c7520_96;
v0xc470c7520_97 .array/port v0xc470c7520, 97;
v0xc470c7520_98 .array/port v0xc470c7520, 98;
v0xc470c7520_99 .array/port v0xc470c7520, 99;
v0xc470c7520_100 .array/port v0xc470c7520, 100;
E_0xc46cf62c0/25 .event anyedge, v0xc470c7520_97, v0xc470c7520_98, v0xc470c7520_99, v0xc470c7520_100;
v0xc470c7520_101 .array/port v0xc470c7520, 101;
v0xc470c7520_102 .array/port v0xc470c7520, 102;
v0xc470c7520_103 .array/port v0xc470c7520, 103;
v0xc470c7520_104 .array/port v0xc470c7520, 104;
E_0xc46cf62c0/26 .event anyedge, v0xc470c7520_101, v0xc470c7520_102, v0xc470c7520_103, v0xc470c7520_104;
v0xc470c7520_105 .array/port v0xc470c7520, 105;
v0xc470c7520_106 .array/port v0xc470c7520, 106;
v0xc470c7520_107 .array/port v0xc470c7520, 107;
v0xc470c7520_108 .array/port v0xc470c7520, 108;
E_0xc46cf62c0/27 .event anyedge, v0xc470c7520_105, v0xc470c7520_106, v0xc470c7520_107, v0xc470c7520_108;
v0xc470c7520_109 .array/port v0xc470c7520, 109;
v0xc470c7520_110 .array/port v0xc470c7520, 110;
v0xc470c7520_111 .array/port v0xc470c7520, 111;
v0xc470c7520_112 .array/port v0xc470c7520, 112;
E_0xc46cf62c0/28 .event anyedge, v0xc470c7520_109, v0xc470c7520_110, v0xc470c7520_111, v0xc470c7520_112;
v0xc470c7520_113 .array/port v0xc470c7520, 113;
v0xc470c7520_114 .array/port v0xc470c7520, 114;
v0xc470c7520_115 .array/port v0xc470c7520, 115;
v0xc470c7520_116 .array/port v0xc470c7520, 116;
E_0xc46cf62c0/29 .event anyedge, v0xc470c7520_113, v0xc470c7520_114, v0xc470c7520_115, v0xc470c7520_116;
v0xc470c7520_117 .array/port v0xc470c7520, 117;
v0xc470c7520_118 .array/port v0xc470c7520, 118;
v0xc470c7520_119 .array/port v0xc470c7520, 119;
v0xc470c7520_120 .array/port v0xc470c7520, 120;
E_0xc46cf62c0/30 .event anyedge, v0xc470c7520_117, v0xc470c7520_118, v0xc470c7520_119, v0xc470c7520_120;
v0xc470c7520_121 .array/port v0xc470c7520, 121;
v0xc470c7520_122 .array/port v0xc470c7520, 122;
v0xc470c7520_123 .array/port v0xc470c7520, 123;
v0xc470c7520_124 .array/port v0xc470c7520, 124;
E_0xc46cf62c0/31 .event anyedge, v0xc470c7520_121, v0xc470c7520_122, v0xc470c7520_123, v0xc470c7520_124;
v0xc470c7520_125 .array/port v0xc470c7520, 125;
v0xc470c7520_126 .array/port v0xc470c7520, 126;
v0xc470c7520_127 .array/port v0xc470c7520, 127;
v0xc470c7520_128 .array/port v0xc470c7520, 128;
E_0xc46cf62c0/32 .event anyedge, v0xc470c7520_125, v0xc470c7520_126, v0xc470c7520_127, v0xc470c7520_128;
v0xc470c7520_129 .array/port v0xc470c7520, 129;
v0xc470c7520_130 .array/port v0xc470c7520, 130;
v0xc470c7520_131 .array/port v0xc470c7520, 131;
v0xc470c7520_132 .array/port v0xc470c7520, 132;
E_0xc46cf62c0/33 .event anyedge, v0xc470c7520_129, v0xc470c7520_130, v0xc470c7520_131, v0xc470c7520_132;
v0xc470c7520_133 .array/port v0xc470c7520, 133;
v0xc470c7520_134 .array/port v0xc470c7520, 134;
v0xc470c7520_135 .array/port v0xc470c7520, 135;
v0xc470c7520_136 .array/port v0xc470c7520, 136;
E_0xc46cf62c0/34 .event anyedge, v0xc470c7520_133, v0xc470c7520_134, v0xc470c7520_135, v0xc470c7520_136;
v0xc470c7520_137 .array/port v0xc470c7520, 137;
v0xc470c7520_138 .array/port v0xc470c7520, 138;
v0xc470c7520_139 .array/port v0xc470c7520, 139;
v0xc470c7520_140 .array/port v0xc470c7520, 140;
E_0xc46cf62c0/35 .event anyedge, v0xc470c7520_137, v0xc470c7520_138, v0xc470c7520_139, v0xc470c7520_140;
v0xc470c7520_141 .array/port v0xc470c7520, 141;
v0xc470c7520_142 .array/port v0xc470c7520, 142;
v0xc470c7520_143 .array/port v0xc470c7520, 143;
v0xc470c7520_144 .array/port v0xc470c7520, 144;
E_0xc46cf62c0/36 .event anyedge, v0xc470c7520_141, v0xc470c7520_142, v0xc470c7520_143, v0xc470c7520_144;
v0xc470c7520_145 .array/port v0xc470c7520, 145;
v0xc470c7520_146 .array/port v0xc470c7520, 146;
v0xc470c7520_147 .array/port v0xc470c7520, 147;
v0xc470c7520_148 .array/port v0xc470c7520, 148;
E_0xc46cf62c0/37 .event anyedge, v0xc470c7520_145, v0xc470c7520_146, v0xc470c7520_147, v0xc470c7520_148;
v0xc470c7520_149 .array/port v0xc470c7520, 149;
v0xc470c7520_150 .array/port v0xc470c7520, 150;
v0xc470c7520_151 .array/port v0xc470c7520, 151;
v0xc470c7520_152 .array/port v0xc470c7520, 152;
E_0xc46cf62c0/38 .event anyedge, v0xc470c7520_149, v0xc470c7520_150, v0xc470c7520_151, v0xc470c7520_152;
v0xc470c7520_153 .array/port v0xc470c7520, 153;
v0xc470c7520_154 .array/port v0xc470c7520, 154;
v0xc470c7520_155 .array/port v0xc470c7520, 155;
v0xc470c7520_156 .array/port v0xc470c7520, 156;
E_0xc46cf62c0/39 .event anyedge, v0xc470c7520_153, v0xc470c7520_154, v0xc470c7520_155, v0xc470c7520_156;
v0xc470c7520_157 .array/port v0xc470c7520, 157;
v0xc470c7520_158 .array/port v0xc470c7520, 158;
v0xc470c7520_159 .array/port v0xc470c7520, 159;
v0xc470c7520_160 .array/port v0xc470c7520, 160;
E_0xc46cf62c0/40 .event anyedge, v0xc470c7520_157, v0xc470c7520_158, v0xc470c7520_159, v0xc470c7520_160;
v0xc470c7520_161 .array/port v0xc470c7520, 161;
v0xc470c7520_162 .array/port v0xc470c7520, 162;
v0xc470c7520_163 .array/port v0xc470c7520, 163;
v0xc470c7520_164 .array/port v0xc470c7520, 164;
E_0xc46cf62c0/41 .event anyedge, v0xc470c7520_161, v0xc470c7520_162, v0xc470c7520_163, v0xc470c7520_164;
v0xc470c7520_165 .array/port v0xc470c7520, 165;
v0xc470c7520_166 .array/port v0xc470c7520, 166;
v0xc470c7520_167 .array/port v0xc470c7520, 167;
v0xc470c7520_168 .array/port v0xc470c7520, 168;
E_0xc46cf62c0/42 .event anyedge, v0xc470c7520_165, v0xc470c7520_166, v0xc470c7520_167, v0xc470c7520_168;
v0xc470c7520_169 .array/port v0xc470c7520, 169;
v0xc470c7520_170 .array/port v0xc470c7520, 170;
v0xc470c7520_171 .array/port v0xc470c7520, 171;
v0xc470c7520_172 .array/port v0xc470c7520, 172;
E_0xc46cf62c0/43 .event anyedge, v0xc470c7520_169, v0xc470c7520_170, v0xc470c7520_171, v0xc470c7520_172;
v0xc470c7520_173 .array/port v0xc470c7520, 173;
v0xc470c7520_174 .array/port v0xc470c7520, 174;
v0xc470c7520_175 .array/port v0xc470c7520, 175;
v0xc470c7520_176 .array/port v0xc470c7520, 176;
E_0xc46cf62c0/44 .event anyedge, v0xc470c7520_173, v0xc470c7520_174, v0xc470c7520_175, v0xc470c7520_176;
v0xc470c7520_177 .array/port v0xc470c7520, 177;
v0xc470c7520_178 .array/port v0xc470c7520, 178;
v0xc470c7520_179 .array/port v0xc470c7520, 179;
v0xc470c7520_180 .array/port v0xc470c7520, 180;
E_0xc46cf62c0/45 .event anyedge, v0xc470c7520_177, v0xc470c7520_178, v0xc470c7520_179, v0xc470c7520_180;
v0xc470c7520_181 .array/port v0xc470c7520, 181;
v0xc470c7520_182 .array/port v0xc470c7520, 182;
v0xc470c7520_183 .array/port v0xc470c7520, 183;
v0xc470c7520_184 .array/port v0xc470c7520, 184;
E_0xc46cf62c0/46 .event anyedge, v0xc470c7520_181, v0xc470c7520_182, v0xc470c7520_183, v0xc470c7520_184;
v0xc470c7520_185 .array/port v0xc470c7520, 185;
v0xc470c7520_186 .array/port v0xc470c7520, 186;
v0xc470c7520_187 .array/port v0xc470c7520, 187;
v0xc470c7520_188 .array/port v0xc470c7520, 188;
E_0xc46cf62c0/47 .event anyedge, v0xc470c7520_185, v0xc470c7520_186, v0xc470c7520_187, v0xc470c7520_188;
v0xc470c7520_189 .array/port v0xc470c7520, 189;
v0xc470c7520_190 .array/port v0xc470c7520, 190;
v0xc470c7520_191 .array/port v0xc470c7520, 191;
v0xc470c7520_192 .array/port v0xc470c7520, 192;
E_0xc46cf62c0/48 .event anyedge, v0xc470c7520_189, v0xc470c7520_190, v0xc470c7520_191, v0xc470c7520_192;
v0xc470c7520_193 .array/port v0xc470c7520, 193;
v0xc470c7520_194 .array/port v0xc470c7520, 194;
v0xc470c7520_195 .array/port v0xc470c7520, 195;
v0xc470c7520_196 .array/port v0xc470c7520, 196;
E_0xc46cf62c0/49 .event anyedge, v0xc470c7520_193, v0xc470c7520_194, v0xc470c7520_195, v0xc470c7520_196;
v0xc470c7520_197 .array/port v0xc470c7520, 197;
v0xc470c7520_198 .array/port v0xc470c7520, 198;
v0xc470c7520_199 .array/port v0xc470c7520, 199;
v0xc470c7520_200 .array/port v0xc470c7520, 200;
E_0xc46cf62c0/50 .event anyedge, v0xc470c7520_197, v0xc470c7520_198, v0xc470c7520_199, v0xc470c7520_200;
v0xc470c7520_201 .array/port v0xc470c7520, 201;
v0xc470c7520_202 .array/port v0xc470c7520, 202;
v0xc470c7520_203 .array/port v0xc470c7520, 203;
v0xc470c7520_204 .array/port v0xc470c7520, 204;
E_0xc46cf62c0/51 .event anyedge, v0xc470c7520_201, v0xc470c7520_202, v0xc470c7520_203, v0xc470c7520_204;
v0xc470c7520_205 .array/port v0xc470c7520, 205;
v0xc470c7520_206 .array/port v0xc470c7520, 206;
v0xc470c7520_207 .array/port v0xc470c7520, 207;
v0xc470c7520_208 .array/port v0xc470c7520, 208;
E_0xc46cf62c0/52 .event anyedge, v0xc470c7520_205, v0xc470c7520_206, v0xc470c7520_207, v0xc470c7520_208;
v0xc470c7520_209 .array/port v0xc470c7520, 209;
v0xc470c7520_210 .array/port v0xc470c7520, 210;
v0xc470c7520_211 .array/port v0xc470c7520, 211;
v0xc470c7520_212 .array/port v0xc470c7520, 212;
E_0xc46cf62c0/53 .event anyedge, v0xc470c7520_209, v0xc470c7520_210, v0xc470c7520_211, v0xc470c7520_212;
v0xc470c7520_213 .array/port v0xc470c7520, 213;
v0xc470c7520_214 .array/port v0xc470c7520, 214;
v0xc470c7520_215 .array/port v0xc470c7520, 215;
v0xc470c7520_216 .array/port v0xc470c7520, 216;
E_0xc46cf62c0/54 .event anyedge, v0xc470c7520_213, v0xc470c7520_214, v0xc470c7520_215, v0xc470c7520_216;
v0xc470c7520_217 .array/port v0xc470c7520, 217;
v0xc470c7520_218 .array/port v0xc470c7520, 218;
v0xc470c7520_219 .array/port v0xc470c7520, 219;
v0xc470c7520_220 .array/port v0xc470c7520, 220;
E_0xc46cf62c0/55 .event anyedge, v0xc470c7520_217, v0xc470c7520_218, v0xc470c7520_219, v0xc470c7520_220;
v0xc470c7520_221 .array/port v0xc470c7520, 221;
v0xc470c7520_222 .array/port v0xc470c7520, 222;
v0xc470c7520_223 .array/port v0xc470c7520, 223;
v0xc470c7520_224 .array/port v0xc470c7520, 224;
E_0xc46cf62c0/56 .event anyedge, v0xc470c7520_221, v0xc470c7520_222, v0xc470c7520_223, v0xc470c7520_224;
v0xc470c7520_225 .array/port v0xc470c7520, 225;
v0xc470c7520_226 .array/port v0xc470c7520, 226;
v0xc470c7520_227 .array/port v0xc470c7520, 227;
v0xc470c7520_228 .array/port v0xc470c7520, 228;
E_0xc46cf62c0/57 .event anyedge, v0xc470c7520_225, v0xc470c7520_226, v0xc470c7520_227, v0xc470c7520_228;
v0xc470c7520_229 .array/port v0xc470c7520, 229;
v0xc470c7520_230 .array/port v0xc470c7520, 230;
v0xc470c7520_231 .array/port v0xc470c7520, 231;
v0xc470c7520_232 .array/port v0xc470c7520, 232;
E_0xc46cf62c0/58 .event anyedge, v0xc470c7520_229, v0xc470c7520_230, v0xc470c7520_231, v0xc470c7520_232;
v0xc470c7520_233 .array/port v0xc470c7520, 233;
v0xc470c7520_234 .array/port v0xc470c7520, 234;
v0xc470c7520_235 .array/port v0xc470c7520, 235;
v0xc470c7520_236 .array/port v0xc470c7520, 236;
E_0xc46cf62c0/59 .event anyedge, v0xc470c7520_233, v0xc470c7520_234, v0xc470c7520_235, v0xc470c7520_236;
v0xc470c7520_237 .array/port v0xc470c7520, 237;
v0xc470c7520_238 .array/port v0xc470c7520, 238;
v0xc470c7520_239 .array/port v0xc470c7520, 239;
v0xc470c7520_240 .array/port v0xc470c7520, 240;
E_0xc46cf62c0/60 .event anyedge, v0xc470c7520_237, v0xc470c7520_238, v0xc470c7520_239, v0xc470c7520_240;
v0xc470c7520_241 .array/port v0xc470c7520, 241;
v0xc470c7520_242 .array/port v0xc470c7520, 242;
v0xc470c7520_243 .array/port v0xc470c7520, 243;
v0xc470c7520_244 .array/port v0xc470c7520, 244;
E_0xc46cf62c0/61 .event anyedge, v0xc470c7520_241, v0xc470c7520_242, v0xc470c7520_243, v0xc470c7520_244;
v0xc470c7520_245 .array/port v0xc470c7520, 245;
v0xc470c7520_246 .array/port v0xc470c7520, 246;
v0xc470c7520_247 .array/port v0xc470c7520, 247;
v0xc470c7520_248 .array/port v0xc470c7520, 248;
E_0xc46cf62c0/62 .event anyedge, v0xc470c7520_245, v0xc470c7520_246, v0xc470c7520_247, v0xc470c7520_248;
v0xc470c7520_249 .array/port v0xc470c7520, 249;
v0xc470c7520_250 .array/port v0xc470c7520, 250;
v0xc470c7520_251 .array/port v0xc470c7520, 251;
v0xc470c7520_252 .array/port v0xc470c7520, 252;
E_0xc46cf62c0/63 .event anyedge, v0xc470c7520_249, v0xc470c7520_250, v0xc470c7520_251, v0xc470c7520_252;
v0xc470c7520_253 .array/port v0xc470c7520, 253;
v0xc470c7520_254 .array/port v0xc470c7520, 254;
v0xc470c7520_255 .array/port v0xc470c7520, 255;
E_0xc46cf62c0/64 .event anyedge, v0xc470c7520_253, v0xc470c7520_254, v0xc470c7520_255;
E_0xc46cf62c0 .event/or E_0xc46cf62c0/0, E_0xc46cf62c0/1, E_0xc46cf62c0/2, E_0xc46cf62c0/3, E_0xc46cf62c0/4, E_0xc46cf62c0/5, E_0xc46cf62c0/6, E_0xc46cf62c0/7, E_0xc46cf62c0/8, E_0xc46cf62c0/9, E_0xc46cf62c0/10, E_0xc46cf62c0/11, E_0xc46cf62c0/12, E_0xc46cf62c0/13, E_0xc46cf62c0/14, E_0xc46cf62c0/15, E_0xc46cf62c0/16, E_0xc46cf62c0/17, E_0xc46cf62c0/18, E_0xc46cf62c0/19, E_0xc46cf62c0/20, E_0xc46cf62c0/21, E_0xc46cf62c0/22, E_0xc46cf62c0/23, E_0xc46cf62c0/24, E_0xc46cf62c0/25, E_0xc46cf62c0/26, E_0xc46cf62c0/27, E_0xc46cf62c0/28, E_0xc46cf62c0/29, E_0xc46cf62c0/30, E_0xc46cf62c0/31, E_0xc46cf62c0/32, E_0xc46cf62c0/33, E_0xc46cf62c0/34, E_0xc46cf62c0/35, E_0xc46cf62c0/36, E_0xc46cf62c0/37, E_0xc46cf62c0/38, E_0xc46cf62c0/39, E_0xc46cf62c0/40, E_0xc46cf62c0/41, E_0xc46cf62c0/42, E_0xc46cf62c0/43, E_0xc46cf62c0/44, E_0xc46cf62c0/45, E_0xc46cf62c0/46, E_0xc46cf62c0/47, E_0xc46cf62c0/48, E_0xc46cf62c0/49, E_0xc46cf62c0/50, E_0xc46cf62c0/51, E_0xc46cf62c0/52, E_0xc46cf62c0/53, E_0xc46cf62c0/54, E_0xc46cf62c0/55, E_0xc46cf62c0/56, E_0xc46cf62c0/57, E_0xc46cf62c0/58, E_0xc46cf62c0/59, E_0xc46cf62c0/60, E_0xc46cf62c0/61, E_0xc46cf62c0/62, E_0xc46cf62c0/63, E_0xc46cf62c0/64;
L_0xc46cdf340 .functor MUXZ 7, v0xc470c4be0_0, L_0xc46879378, L_0xc46d34230, C4<>;
L_0xc46cdf3e0 .functor MUXZ 7, v0xc470c4c80_0, L_0xc468793c0, L_0xc46d34230, C4<>;
L_0xc46cdf480 .functor MUXZ 1, v0xc470c4a00_0, L_0xc46879408, L_0xc46d34230, C4<>;
L_0xc46cdf520 .functor MUXZ 1, L_0xc46879498, L_0xc46879450, L_0xc46d34230, C4<>;
L_0xc46cdf5c0 .functor MUXZ 4, v0xc470c4820_0, L_0xc468794e0, L_0xc46d34230, C4<>;
L_0xc470d01e0 .concat [ 10 54 0 0], v0xc470c4780_0, L_0xc46879528;
L_0xc470ca6c0 .cmp/eq 64, L_0xc470d01e0, L_0xc46879570;
L_0xc470d0280 .concat [ 7 25 0 0], L_0xc46cdf3e0, L_0xc468795b8;
L_0xc470ca760 .cmp/eq 32, L_0xc470d0280, L_0xc46879600;
L_0xc470d0320 .concat [ 7 25 0 0], L_0xc46cdf340, L_0xc46879648;
L_0xc470ca800 .cmp/eq 32, L_0xc470d0320, L_0xc46879690;
L_0xc470ca8a0 .reduce/nor v0xc470c5040_0;
L_0xc470ca940 .part v0xc470c48c0_0, 0, 1;
L_0xc470ca9e0 .reduce/nor v0xc470c5040_0;
L_0xc470caa80 .part v0xc470c48c0_0, 0, 1;
L_0xc470cab20 .reduce/nor L_0xc470caa80;
L_0xc470cabc0 .part v0xc470c48c0_0, 1, 1;
L_0xc470cac60 .part v0xc470c9cc0_0, 0, 4;
L_0xc470cad00 .part v0xc470c9cc0_0, 4, 4;
LS_0xc470d03c0_0_0 .concat [ 8 8 8 8], L_0xc46cdec60, L_0xc46cdeda0, L_0xc46cdee40, L_0xc46cdeee0;
LS_0xc470d03c0_0_4 .concat [ 8 8 8 8], L_0xc46cdf0c0, L_0xc46cdf160, L_0xc46cdf200, L_0xc46cdf2a0;
L_0xc470d03c0 .concat [ 32 32 0 0], LS_0xc470d03c0_0_0, LS_0xc470d03c0_0_4;
L_0xc470d0460 .concat [ 7 25 0 0], L_0xc46cdf3e0, L_0xc468796d8;
L_0xc470cada0 .arith/mult 32, L_0xc46d344d0, L_0xc46879768;
L_0xc470d0500 .concat [ 7 25 0 0], L_0xc46cdf340, L_0xc468797b0;
L_0xc46d58a00 .arith/sum 32, L_0xc470cada0, L_0xc470d0500;
L_0xc470cae40 .part L_0xc46d58a00, 0, 10;
L_0xc470d05a0 .concat [ 6 26 0 0], v0xc470c6d00_0, L_0xc468797f8;
L_0xc470caee0 .cmp/ge 32, L_0xc470d05a0, L_0xc46879840;
L_0xc470caf80 .reduce/nor L_0xc470caee0;
L_0xc470d0640 .concat [ 3 29 0 0], v0xc470c6b20_0, L_0xc46879888;
L_0xc470cb020 .arith/mult 32, L_0xc470d0640, L_0xc468798d0;
L_0xc470d06e0 .concat [ 4 28 0 0], v0xc470c66c0_0, L_0xc46879918;
L_0xc470cb0c0 .arith/mult 32, L_0xc470d06e0, L_0xc46879960;
L_0xc46d58aa0 .arith/sum 32, L_0xc470cb020, L_0xc470cb0c0;
L_0xc470d0780 .concat [ 3 29 0 0], v0xc470c6a80_0, L_0xc468799a8;
L_0xc46d58b40 .arith/sum 32, L_0xc46d58aa0, L_0xc470d0780;
L_0xc470cb160 .part L_0xc46d58b40, 0, 10;
L_0xc46cdf660 .functor MUXZ 1, v0xc470c4a00_0, L_0xc468799f0, L_0xc46d345b0, C4<>;
L_0xc470cb200 .part/v v0xc470c50e0_0, L_0xc46cdf660, 1;
L_0xc470cb2a0 .part/v v0xc470c48c0_0, L_0xc46cdf660, 1;
L_0xc470cb340 .reduce/nor L_0xc46d34620;
L_0xc470d0820 .concat [ 10 22 0 0], L_0xc470cae40, L_0xc46879ac8;
L_0xc470d0960 .concat [ 10 22 0 0], L_0xc470cb160, L_0xc46879b58;
L_0xc470d0a00 .concat [ 10 22 0 0], L_0xc470cae40, L_0xc46879c30;
L_0xc470d08c0 .concat [ 10 22 0 0], L_0xc470cb160, L_0xc46879cc0;
L_0xc470cb3e0 .cmp/eq 6, v0xc470c6d00_0, L_0xc46879d08;
L_0xc470cb480 .part v0xc470c7d40_0, 13, 2;
L_0xc470cb520 .part v0xc470c7d40_0, 10, 3;
L_0xc470cb5c0 .part v0xc470c7d40_0, 4, 6;
L_0xc470cb660 .part v0xc470c7d40_0, 0, 4;
L_0xc470d0aa0 .concat [ 3 23 0 0], L_0xc470cb520, L_0xc46879d98;
L_0xc470d0b40 .concat [ 26 38 0 0], L_0xc470d0aa0, L_0xc46879de0;
L_0xc470cb700 .arith/mult 64, L_0xc470d0b40, L_0xc46879e28;
L_0xc470d0be0 .concat [ 6 58 0 0], L_0xc470cb5c0, L_0xc46879e70;
L_0xc46d58be0 .arith/sum 64, L_0xc470cb700, L_0xc470d0be0;
L_0xc470cb7a0 .arith/mult 64, L_0xc46d58be0, L_0xc46879eb8;
L_0xc46d58c80 .arith/sum 64, L_0xc46879d50, L_0xc470cb7a0;
L_0xc470d0c80 .concat [ 4 60 0 0], L_0xc470cb660, L_0xc46879f00;
L_0xc470cb840 .arith/mult 64, L_0xc470d0c80, L_0xc46879f48;
L_0xc46d58d20 .arith/sum 64, L_0xc46d58c80, L_0xc470cb840;
L_0xc470cb8e0 .part L_0xc46d58d20, 0, 32;
L_0xc470cb980 .cmp/eq 3, v0xc470c8320_0, L_0xc46879f90;
L_0xc470cba20 .cmp/eq 3, v0xc470c8320_0, L_0xc4687a0b0;
L_0xc470cbac0 .cmp/eq 3, v0xc470c8320_0, L_0xc4687a0f8;
L_0xc470d0d20 .concat [ 8 25 0 0], v0xc470c81e0_0, L_0xc4687a140;
L_0xc470cbb60 .cmp/eq 33, L_0xc470d0d20, L_0xc4687a188;
S_0x101234ef0 .scope generate, "GEN_RESP[0]" "GEN_RESP[0]" 4 193, 4 193 0, S_0x1012311b0;
 .timescale -9 -12;
P_0xc4708aa00 .param/l "gi" 1 4 193, +C4<00>;
v0xc47071680_0 .net *"_ivl_1", 7 0, L_0xc46cbac60;  1 drivers
v0xc47071860_0 .net *"_ivl_11", 7 0, L_0xc46cbaee0;  1 drivers
L_0xc46878208 .functor BUFT 1, C4<00000000000000000000000000010000>, C4<0>, C4<0>, C4<0>;
v0xc47071220_0 .net/2u *"_ivl_13", 31 0, L_0xc46878208;  1 drivers
v0xc470712c0_0 .net *"_ivl_15", 31 0, L_0xc4701ae40;  1 drivers
L_0xc46878250 .functor BUFT 1, C4<0000000000000000000000000000>, C4<0>, C4<0>, C4<0>;
v0xc47071360_0 .net *"_ivl_18", 27 0, L_0xc46878250;  1 drivers
v0xc47071400_0 .net *"_ivl_19", 31 0, L_0xc46cbad00;  1 drivers
v0xc470714a0_0 .net *"_ivl_21", 0 0, L_0xc470ca1c0;  1 drivers
v0xc47071540_0 .net *"_ivl_23", 7 0, L_0xc46cbada0;  1 drivers
L_0xc46878298 .functor BUFT 1, C4<00000000000000000000000000000000>, C4<0>, C4<0>, C4<0>;
v0xc470715e0_0 .net/2u *"_ivl_25", 31 0, L_0xc46878298;  1 drivers
v0xc47071720_0 .net *"_ivl_27", 31 0, L_0xc4701aee0;  1 drivers
L_0xc46878178 .functor BUFT 1, C4<00000000000000000000000000000000>, C4<0>, C4<0>, C4<0>;
v0xc47071900_0 .net/2u *"_ivl_3", 31 0, L_0xc46878178;  1 drivers
L_0xc468782e0 .functor BUFT 1, C4<0000000000000000000000000000>, C4<0>, C4<0>, C4<0>;
v0xc470719a0_0 .net *"_ivl_30", 27 0, L_0xc468782e0;  1 drivers
v0xc47071a40_0 .net *"_ivl_31", 31 0, L_0xc46cb81e0;  1 drivers
v0xc47071ae0_0 .net *"_ivl_33", 7 0, L_0xc46cb8280;  1 drivers
L_0xc46878328 .functor BUFT 1, C4<00000000000000000000000000010000>, C4<0>, C4<0>, C4<0>;
v0xc47071b80_0 .net/2u *"_ivl_35", 31 0, L_0xc46878328;  1 drivers
v0xc47071c20_0 .net *"_ivl_37", 31 0, L_0xc4701af80;  1 drivers
L_0xc46878370 .functor BUFT 1, C4<0000000000000000000000000000>, C4<0>, C4<0>, C4<0>;
v0xc47071cc0_0 .net *"_ivl_40", 27 0, L_0xc46878370;  1 drivers
v0xc47071d60_0 .net *"_ivl_41", 31 0, L_0xc46cb8320;  1 drivers
v0xc47071e00_0 .net *"_ivl_5", 31 0, L_0xc4701ada0;  1 drivers
L_0xc468781c0 .functor BUFT 1, C4<0000000000000000000000000000>, C4<0>, C4<0>, C4<0>;
v0xc47071ea0_0 .net *"_ivl_8", 27 0, L_0xc468781c0;  1 drivers
v0xc47071f40_0 .net *"_ivl_9", 31 0, L_0xc46cbae40;  1 drivers
L_0xc46cbac60 .array/port v0xc470c0c80, L_0xc46cbae40;
L_0xc4701ada0 .concat [ 4 28 0 0], L_0xc470cac60, L_0xc468781c0;
L_0xc46cbae40 .arith/sum 32, L_0xc46878178, L_0xc4701ada0;
L_0xc46cbaee0 .array/port v0xc470c0c80, L_0xc46cbad00;
L_0xc4701ae40 .concat [ 4 28 0 0], L_0xc470cad00, L_0xc46878250;
L_0xc46cbad00 .arith/sum 32, L_0xc46878208, L_0xc4701ae40;
L_0xc470ca1c0 .cmp/gt 8, L_0xc46cbac60, L_0xc46cbaee0;
L_0xc46cbada0 .array/port v0xc470c0c80, L_0xc46cb81e0;
L_0xc4701aee0 .concat [ 4 28 0 0], L_0xc470cac60, L_0xc468782e0;
L_0xc46cb81e0 .arith/sum 32, L_0xc46878298, L_0xc4701aee0;
L_0xc46cb8280 .array/port v0xc470c0c80, L_0xc46cb8320;
L_0xc4701af80 .concat [ 4 28 0 0], L_0xc470cad00, L_0xc46878370;
L_0xc46cb8320 .arith/sum 32, L_0xc46878328, L_0xc4701af80;
L_0xc46cdec60 .functor MUXZ 8, L_0xc46cb8280, L_0xc46cbada0, L_0xc470ca1c0, C4<>;
S_0x10122b360 .scope generate, "GEN_RESP[1]" "GEN_RESP[1]" 4 193, 4 193 0, S_0x1012311b0;
 .timescale -9 -12;
P_0xc4708aa40 .param/l "gi" 1 4 193, +C4<01>;
v0xc47071fe0_0 .net *"_ivl_1", 7 0, L_0xc46cb8000;  1 drivers
v0xc47072080_0 .net *"_ivl_11", 7 0, L_0xc46cb8140;  1 drivers
L_0xc46878448 .functor BUFT 1, C4<00000000000000000000000000110000>, C4<0>, C4<0>, C4<0>;
v0xc47072120_0 .net/2u *"_ivl_13", 31 0, L_0xc46878448;  1 drivers
v0xc470721c0_0 .net *"_ivl_15", 31 0, L_0xc4701b0c0;  1 drivers
L_0xc46878490 .functor BUFT 1, C4<0000000000000000000000000000>, C4<0>, C4<0>, C4<0>;
v0xc47072260_0 .net *"_ivl_18", 27 0, L_0xc46878490;  1 drivers
v0xc47072300_0 .net *"_ivl_19", 31 0, L_0xc46cba580;  1 drivers
v0xc470723a0_0 .net *"_ivl_21", 0 0, L_0xc470ca260;  1 drivers
v0xc47072440_0 .net *"_ivl_23", 7 0, L_0xc46cba620;  1 drivers
L_0xc468784d8 .functor BUFT 1, C4<00000000000000000000000000100000>, C4<0>, C4<0>, C4<0>;
v0xc470724e0_0 .net/2u *"_ivl_25", 31 0, L_0xc468784d8;  1 drivers
v0xc47072580_0 .net *"_ivl_27", 31 0, L_0xc4701b160;  1 drivers
L_0xc468783b8 .functor BUFT 1, C4<00000000000000000000000000100000>, C4<0>, C4<0>, C4<0>;
v0xc47072620_0 .net/2u *"_ivl_3", 31 0, L_0xc468783b8;  1 drivers
L_0xc46878520 .functor BUFT 1, C4<0000000000000000000000000000>, C4<0>, C4<0>, C4<0>;
v0xc470726c0_0 .net *"_ivl_30", 27 0, L_0xc46878520;  1 drivers
v0xc47072760_0 .net *"_ivl_31", 31 0, L_0xc46cba6c0;  1 drivers
v0xc47072800_0 .net *"_ivl_33", 7 0, L_0xc46cba760;  1 drivers
L_0xc46878568 .functor BUFT 1, C4<00000000000000000000000000110000>, C4<0>, C4<0>, C4<0>;
v0xc470728a0_0 .net/2u *"_ivl_35", 31 0, L_0xc46878568;  1 drivers
v0xc47072940_0 .net *"_ivl_37", 31 0, L_0xc4701b200;  1 drivers
L_0xc468785b0 .functor BUFT 1, C4<0000000000000000000000000000>, C4<0>, C4<0>, C4<0>;
v0xc470729e0_0 .net *"_ivl_40", 27 0, L_0xc468785b0;  1 drivers
v0xc47072a80_0 .net *"_ivl_41", 31 0, L_0xc46cba800;  1 drivers
v0xc47072b20_0 .net *"_ivl_5", 31 0, L_0xc4701b020;  1 drivers
L_0xc46878400 .functor BUFT 1, C4<0000000000000000000000000000>, C4<0>, C4<0>, C4<0>;
v0xc47072bc0_0 .net *"_ivl_8", 27 0, L_0xc46878400;  1 drivers
v0xc47072c60_0 .net *"_ivl_9", 31 0, L_0xc46cb80a0;  1 drivers
L_0xc46cb8000 .array/port v0xc470c0c80, L_0xc46cb80a0;
L_0xc4701b020 .concat [ 4 28 0 0], L_0xc470cac60, L_0xc46878400;
L_0xc46cb80a0 .arith/sum 32, L_0xc468783b8, L_0xc4701b020;
L_0xc46cb8140 .array/port v0xc470c0c80, L_0xc46cba580;
L_0xc4701b0c0 .concat [ 4 28 0 0], L_0xc470cad00, L_0xc46878490;
L_0xc46cba580 .arith/sum 32, L_0xc46878448, L_0xc4701b0c0;
L_0xc470ca260 .cmp/gt 8, L_0xc46cb8000, L_0xc46cb8140;
L_0xc46cba620 .array/port v0xc470c0c80, L_0xc46cba6c0;
L_0xc4701b160 .concat [ 4 28 0 0], L_0xc470cac60, L_0xc46878520;
L_0xc46cba6c0 .arith/sum 32, L_0xc468784d8, L_0xc4701b160;
L_0xc46cba760 .array/port v0xc470c0c80, L_0xc46cba800;
L_0xc4701b200 .concat [ 4 28 0 0], L_0xc470cad00, L_0xc468785b0;
L_0xc46cba800 .arith/sum 32, L_0xc46878568, L_0xc4701b200;
L_0xc46cdeda0 .functor MUXZ 8, L_0xc46cba760, L_0xc46cba620, L_0xc470ca260, C4<>;
S_0x10122b4e0 .scope generate, "GEN_RESP[2]" "GEN_RESP[2]" 4 193, 4 193 0, S_0x1012311b0;
 .timescale -9 -12;
P_0xc4708aa80 .param/l "gi" 1 4 193, +C4<010>;
v0xc47072d00_0 .net *"_ivl_1", 7 0, L_0xc46cba8a0;  1 drivers
v0xc47072da0_0 .net *"_ivl_11", 7 0, L_0xc46cba9e0;  1 drivers
L_0xc46878688 .functor BUFT 1, C4<00000000000000000000000001010000>, C4<0>, C4<0>, C4<0>;
v0xc47072e40_0 .net/2u *"_ivl_13", 31 0, L_0xc46878688;  1 drivers
v0xc47072ee0_0 .net *"_ivl_15", 31 0, L_0xc4701b340;  1 drivers
L_0xc468786d0 .functor BUFT 1, C4<0000000000000000000000000000>, C4<0>, C4<0>, C4<0>;
v0xc47072f80_0 .net *"_ivl_18", 27 0, L_0xc468786d0;  1 drivers
v0xc47073020_0 .net *"_ivl_19", 31 0, L_0xc46cb9f40;  1 drivers
v0xc470730c0_0 .net *"_ivl_21", 0 0, L_0xc470ca300;  1 drivers
v0xc47073160_0 .net *"_ivl_23", 7 0, L_0xc46cb9fe0;  1 drivers
L_0xc46878718 .functor BUFT 1, C4<00000000000000000000000001000000>, C4<0>, C4<0>, C4<0>;
v0xc47073200_0 .net/2u *"_ivl_25", 31 0, L_0xc46878718;  1 drivers
v0xc470732a0_0 .net *"_ivl_27", 31 0, L_0xc4701b3e0;  1 drivers
L_0xc468785f8 .functor BUFT 1, C4<00000000000000000000000001000000>, C4<0>, C4<0>, C4<0>;
v0xc47073340_0 .net/2u *"_ivl_3", 31 0, L_0xc468785f8;  1 drivers
L_0xc46878760 .functor BUFT 1, C4<0000000000000000000000000000>, C4<0>, C4<0>, C4<0>;
v0xc470733e0_0 .net *"_ivl_30", 27 0, L_0xc46878760;  1 drivers
v0xc47073480_0 .net *"_ivl_31", 31 0, L_0xc46cb9cc0;  1 drivers
v0xc47073520_0 .net *"_ivl_33", 7 0, L_0xc46cbaf80;  1 drivers
L_0xc468787a8 .functor BUFT 1, C4<00000000000000000000000001010000>, C4<0>, C4<0>, C4<0>;
v0xc470735c0_0 .net/2u *"_ivl_35", 31 0, L_0xc468787a8;  1 drivers
v0xc47073660_0 .net *"_ivl_37", 31 0, L_0xc4701b480;  1 drivers
L_0xc468787f0 .functor BUFT 1, C4<0000000000000000000000000000>, C4<0>, C4<0>, C4<0>;
v0xc47073700_0 .net *"_ivl_40", 27 0, L_0xc468787f0;  1 drivers
v0xc470737a0_0 .net *"_ivl_41", 31 0, L_0xc46cbb020;  1 drivers
v0xc47073840_0 .net *"_ivl_5", 31 0, L_0xc4701b2a0;  1 drivers
L_0xc46878640 .functor BUFT 1, C4<0000000000000000000000000000>, C4<0>, C4<0>, C4<0>;
v0xc470738e0_0 .net *"_ivl_8", 27 0, L_0xc46878640;  1 drivers
v0xc47073980_0 .net *"_ivl_9", 31 0, L_0xc46cba940;  1 drivers
L_0xc46cba8a0 .array/port v0xc470c0c80, L_0xc46cba940;
L_0xc4701b2a0 .concat [ 4 28 0 0], L_0xc470cac60, L_0xc46878640;
L_0xc46cba940 .arith/sum 32, L_0xc468785f8, L_0xc4701b2a0;
L_0xc46cba9e0 .array/port v0xc470c0c80, L_0xc46cb9f40;
L_0xc4701b340 .concat [ 4 28 0 0], L_0xc470cad00, L_0xc468786d0;
L_0xc46cb9f40 .arith/sum 32, L_0xc46878688, L_0xc4701b340;
L_0xc470ca300 .cmp/gt 8, L_0xc46cba8a0, L_0xc46cba9e0;
L_0xc46cb9fe0 .array/port v0xc470c0c80, L_0xc46cb9cc0;
L_0xc4701b3e0 .concat [ 4 28 0 0], L_0xc470cac60, L_0xc46878760;
L_0xc46cb9cc0 .arith/sum 32, L_0xc46878718, L_0xc4701b3e0;
L_0xc46cbaf80 .array/port v0xc470c0c80, L_0xc46cbb020;
L_0xc4701b480 .concat [ 4 28 0 0], L_0xc470cad00, L_0xc468787f0;
L_0xc46cbb020 .arith/sum 32, L_0xc468787a8, L_0xc4701b480;
L_0xc46cdee40 .functor MUXZ 8, L_0xc46cbaf80, L_0xc46cb9fe0, L_0xc470ca300, C4<>;
S_0x10121c5b0 .scope generate, "GEN_RESP[3]" "GEN_RESP[3]" 4 193, 4 193 0, S_0x1012311b0;
 .timescale -9 -12;
P_0xc4708aac0 .param/l "gi" 1 4 193, +C4<011>;
v0xc47073a20_0 .net *"_ivl_1", 7 0, L_0xc46cbb0c0;  1 drivers
v0xc47073ac0_0 .net *"_ivl_11", 7 0, L_0xc46cbb200;  1 drivers
L_0xc468788c8 .functor BUFT 1, C4<00000000000000000000000001110000>, C4<0>, C4<0>, C4<0>;
v0xc47073b60_0 .net/2u *"_ivl_13", 31 0, L_0xc468788c8;  1 drivers
v0xc47073c00_0 .net *"_ivl_15", 31 0, L_0xc4701b5c0;  1 drivers
L_0xc46878910 .functor BUFT 1, C4<0000000000000000000000000000>, C4<0>, C4<0>, C4<0>;
v0xc47073ca0_0 .net *"_ivl_18", 27 0, L_0xc46878910;  1 drivers
v0xc47073d40_0 .net *"_ivl_19", 31 0, L_0xc46cbb2a0;  1 drivers
v0xc47073de0_0 .net *"_ivl_21", 0 0, L_0xc470ca3a0;  1 drivers
v0xc47073e80_0 .net *"_ivl_23", 7 0, L_0xc46cbb340;  1 drivers
L_0xc46878958 .functor BUFT 1, C4<00000000000000000000000001100000>, C4<0>, C4<0>, C4<0>;
v0xc47073f20_0 .net/2u *"_ivl_25", 31 0, L_0xc46878958;  1 drivers
v0xc470b8000_0 .net *"_ivl_27", 31 0, L_0xc4701b660;  1 drivers
L_0xc46878838 .functor BUFT 1, C4<00000000000000000000000001100000>, C4<0>, C4<0>, C4<0>;
v0xc470b80a0_0 .net/2u *"_ivl_3", 31 0, L_0xc46878838;  1 drivers
L_0xc468789a0 .functor BUFT 1, C4<0000000000000000000000000000>, C4<0>, C4<0>, C4<0>;
v0xc470b8140_0 .net *"_ivl_30", 27 0, L_0xc468789a0;  1 drivers
v0xc470b81e0_0 .net *"_ivl_31", 31 0, L_0xc46cbb3e0;  1 drivers
v0xc470b8280_0 .net *"_ivl_33", 7 0, L_0xc46cbb480;  1 drivers
L_0xc468789e8 .functor BUFT 1, C4<00000000000000000000000001110000>, C4<0>, C4<0>, C4<0>;
v0xc470b8320_0 .net/2u *"_ivl_35", 31 0, L_0xc468789e8;  1 drivers
v0xc470b83c0_0 .net *"_ivl_37", 31 0, L_0xc4701b700;  1 drivers
L_0xc46878a30 .functor BUFT 1, C4<0000000000000000000000000000>, C4<0>, C4<0>, C4<0>;
v0xc470b8460_0 .net *"_ivl_40", 27 0, L_0xc46878a30;  1 drivers
v0xc470b8500_0 .net *"_ivl_41", 31 0, L_0xc46cbb520;  1 drivers
v0xc470b85a0_0 .net *"_ivl_5", 31 0, L_0xc4701b520;  1 drivers
L_0xc46878880 .functor BUFT 1, C4<0000000000000000000000000000>, C4<0>, C4<0>, C4<0>;
v0xc470b8640_0 .net *"_ivl_8", 27 0, L_0xc46878880;  1 drivers
v0xc470b86e0_0 .net *"_ivl_9", 31 0, L_0xc46cbb160;  1 drivers
L_0xc46cbb0c0 .array/port v0xc470c0c80, L_0xc46cbb160;
L_0xc4701b520 .concat [ 4 28 0 0], L_0xc470cac60, L_0xc46878880;
L_0xc46cbb160 .arith/sum 32, L_0xc46878838, L_0xc4701b520;
L_0xc46cbb200 .array/port v0xc470c0c80, L_0xc46cbb2a0;
L_0xc4701b5c0 .concat [ 4 28 0 0], L_0xc470cad00, L_0xc46878910;
L_0xc46cbb2a0 .arith/sum 32, L_0xc468788c8, L_0xc4701b5c0;
L_0xc470ca3a0 .cmp/gt 8, L_0xc46cbb0c0, L_0xc46cbb200;
L_0xc46cbb340 .array/port v0xc470c0c80, L_0xc46cbb3e0;
L_0xc4701b660 .concat [ 4 28 0 0], L_0xc470cac60, L_0xc468789a0;
L_0xc46cbb3e0 .arith/sum 32, L_0xc46878958, L_0xc4701b660;
L_0xc46cbb480 .array/port v0xc470c0c80, L_0xc46cbb520;
L_0xc4701b700 .concat [ 4 28 0 0], L_0xc470cad00, L_0xc46878a30;
L_0xc46cbb520 .arith/sum 32, L_0xc468789e8, L_0xc4701b700;
L_0xc46cdeee0 .functor MUXZ 8, L_0xc46cbb480, L_0xc46cbb340, L_0xc470ca3a0, C4<>;
S_0x10121c730 .scope generate, "GEN_RESP[4]" "GEN_RESP[4]" 4 193, 4 193 0, S_0x1012311b0;
 .timescale -9 -12;
P_0xc4708ab00 .param/l "gi" 1 4 193, +C4<0100>;
v0xc470b8780_0 .net *"_ivl_1", 7 0, L_0xc46cbb5c0;  1 drivers
v0xc470b8820_0 .net *"_ivl_11", 7 0, L_0xc46cbb700;  1 drivers
L_0xc46878b08 .functor BUFT 1, C4<00000000000000000000000010010000>, C4<0>, C4<0>, C4<0>;
v0xc470b88c0_0 .net/2u *"_ivl_13", 31 0, L_0xc46878b08;  1 drivers
v0xc470b8960_0 .net *"_ivl_15", 31 0, L_0xc4701b840;  1 drivers
L_0xc46878b50 .functor BUFT 1, C4<0000000000000000000000000000>, C4<0>, C4<0>, C4<0>;
v0xc470b8a00_0 .net *"_ivl_18", 27 0, L_0xc46878b50;  1 drivers
v0xc470b8aa0_0 .net *"_ivl_19", 31 0, L_0xc46cbb7a0;  1 drivers
v0xc470b8b40_0 .net *"_ivl_21", 0 0, L_0xc470ca440;  1 drivers
v0xc470b8be0_0 .net *"_ivl_23", 7 0, L_0xc46cbb840;  1 drivers
L_0xc46878b98 .functor BUFT 1, C4<00000000000000000000000010000000>, C4<0>, C4<0>, C4<0>;
v0xc470b8c80_0 .net/2u *"_ivl_25", 31 0, L_0xc46878b98;  1 drivers
v0xc470b8d20_0 .net *"_ivl_27", 31 0, L_0xc4701b8e0;  1 drivers
L_0xc46878a78 .functor BUFT 1, C4<00000000000000000000000010000000>, C4<0>, C4<0>, C4<0>;
v0xc470b8dc0_0 .net/2u *"_ivl_3", 31 0, L_0xc46878a78;  1 drivers
L_0xc46878be0 .functor BUFT 1, C4<0000000000000000000000000000>, C4<0>, C4<0>, C4<0>;
v0xc470b8e60_0 .net *"_ivl_30", 27 0, L_0xc46878be0;  1 drivers
v0xc470b8f00_0 .net *"_ivl_31", 31 0, L_0xc46cbb8e0;  1 drivers
v0xc470b8fa0_0 .net *"_ivl_33", 7 0, L_0xc46cbb980;  1 drivers
L_0xc46878c28 .functor BUFT 1, C4<00000000000000000000000010010000>, C4<0>, C4<0>, C4<0>;
v0xc470b9040_0 .net/2u *"_ivl_35", 31 0, L_0xc46878c28;  1 drivers
v0xc470b90e0_0 .net *"_ivl_37", 31 0, L_0xc4701b980;  1 drivers
L_0xc46878c70 .functor BUFT 1, C4<0000000000000000000000000000>, C4<0>, C4<0>, C4<0>;
v0xc470b9180_0 .net *"_ivl_40", 27 0, L_0xc46878c70;  1 drivers
v0xc470b9220_0 .net *"_ivl_41", 31 0, L_0xc46cbba20;  1 drivers
v0xc470b92c0_0 .net *"_ivl_5", 31 0, L_0xc4701b7a0;  1 drivers
L_0xc46878ac0 .functor BUFT 1, C4<0000000000000000000000000000>, C4<0>, C4<0>, C4<0>;
v0xc470b9360_0 .net *"_ivl_8", 27 0, L_0xc46878ac0;  1 drivers
v0xc470b9400_0 .net *"_ivl_9", 31 0, L_0xc46cbb660;  1 drivers
L_0xc46cbb5c0 .array/port v0xc470c0c80, L_0xc46cbb660;
L_0xc4701b7a0 .concat [ 4 28 0 0], L_0xc470cac60, L_0xc46878ac0;
L_0xc46cbb660 .arith/sum 32, L_0xc46878a78, L_0xc4701b7a0;
L_0xc46cbb700 .array/port v0xc470c0c80, L_0xc46cbb7a0;
L_0xc4701b840 .concat [ 4 28 0 0], L_0xc470cad00, L_0xc46878b50;
L_0xc46cbb7a0 .arith/sum 32, L_0xc46878b08, L_0xc4701b840;
L_0xc470ca440 .cmp/gt 8, L_0xc46cbb5c0, L_0xc46cbb700;
L_0xc46cbb840 .array/port v0xc470c0c80, L_0xc46cbb8e0;
L_0xc4701b8e0 .concat [ 4 28 0 0], L_0xc470cac60, L_0xc46878be0;
L_0xc46cbb8e0 .arith/sum 32, L_0xc46878b98, L_0xc4701b8e0;
L_0xc46cbb980 .array/port v0xc470c0c80, L_0xc46cbba20;
L_0xc4701b980 .concat [ 4 28 0 0], L_0xc470cad00, L_0xc46878c70;
L_0xc46cbba20 .arith/sum 32, L_0xc46878c28, L_0xc4701b980;
L_0xc46cdf0c0 .functor MUXZ 8, L_0xc46cbb980, L_0xc46cbb840, L_0xc470ca440, C4<>;
S_0x101226de0 .scope generate, "GEN_RESP[5]" "GEN_RESP[5]" 4 193, 4 193 0, S_0x1012311b0;
 .timescale -9 -12;
P_0xc4708ab40 .param/l "gi" 1 4 193, +C4<0101>;
v0xc470b94a0_0 .net *"_ivl_1", 7 0, L_0xc46cbbac0;  1 drivers
v0xc470b9540_0 .net *"_ivl_11", 7 0, L_0xc46cbbc00;  1 drivers
L_0xc46878d48 .functor BUFT 1, C4<00000000000000000000000010110000>, C4<0>, C4<0>, C4<0>;
v0xc470b95e0_0 .net/2u *"_ivl_13", 31 0, L_0xc46878d48;  1 drivers
v0xc470b9680_0 .net *"_ivl_15", 31 0, L_0xc4701bac0;  1 drivers
L_0xc46878d90 .functor BUFT 1, C4<0000000000000000000000000000>, C4<0>, C4<0>, C4<0>;
v0xc470b9720_0 .net *"_ivl_18", 27 0, L_0xc46878d90;  1 drivers
v0xc470b97c0_0 .net *"_ivl_19", 31 0, L_0xc46cbbca0;  1 drivers
v0xc470b9860_0 .net *"_ivl_21", 0 0, L_0xc470ca4e0;  1 drivers
v0xc470b9900_0 .net *"_ivl_23", 7 0, L_0xc46cbbd40;  1 drivers
L_0xc46878dd8 .functor BUFT 1, C4<00000000000000000000000010100000>, C4<0>, C4<0>, C4<0>;
v0xc470b99a0_0 .net/2u *"_ivl_25", 31 0, L_0xc46878dd8;  1 drivers
v0xc470b9a40_0 .net *"_ivl_27", 31 0, L_0xc4701bb60;  1 drivers
L_0xc46878cb8 .functor BUFT 1, C4<00000000000000000000000010100000>, C4<0>, C4<0>, C4<0>;
v0xc470b9ae0_0 .net/2u *"_ivl_3", 31 0, L_0xc46878cb8;  1 drivers
L_0xc46878e20 .functor BUFT 1, C4<0000000000000000000000000000>, C4<0>, C4<0>, C4<0>;
v0xc470b9b80_0 .net *"_ivl_30", 27 0, L_0xc46878e20;  1 drivers
v0xc470b9c20_0 .net *"_ivl_31", 31 0, L_0xc46cbbde0;  1 drivers
v0xc470b9cc0_0 .net *"_ivl_33", 7 0, L_0xc46cbbe80;  1 drivers
L_0xc46878e68 .functor BUFT 1, C4<00000000000000000000000010110000>, C4<0>, C4<0>, C4<0>;
v0xc470b9d60_0 .net/2u *"_ivl_35", 31 0, L_0xc46878e68;  1 drivers
v0xc470b9e00_0 .net *"_ivl_37", 31 0, L_0xc4701bc00;  1 drivers
L_0xc46878eb0 .functor BUFT 1, C4<0000000000000000000000000000>, C4<0>, C4<0>, C4<0>;
v0xc470b9ea0_0 .net *"_ivl_40", 27 0, L_0xc46878eb0;  1 drivers
v0xc470b9f40_0 .net *"_ivl_41", 31 0, L_0xc46cbbf20;  1 drivers
v0xc470b9fe0_0 .net *"_ivl_5", 31 0, L_0xc4701ba20;  1 drivers
L_0xc46878d00 .functor BUFT 1, C4<0000000000000000000000000000>, C4<0>, C4<0>, C4<0>;
v0xc470ba080_0 .net *"_ivl_8", 27 0, L_0xc46878d00;  1 drivers
v0xc470ba120_0 .net *"_ivl_9", 31 0, L_0xc46cbbb60;  1 drivers
L_0xc46cbbac0 .array/port v0xc470c0c80, L_0xc46cbbb60;
L_0xc4701ba20 .concat [ 4 28 0 0], L_0xc470cac60, L_0xc46878d00;
L_0xc46cbbb60 .arith/sum 32, L_0xc46878cb8, L_0xc4701ba20;
L_0xc46cbbc00 .array/port v0xc470c0c80, L_0xc46cbbca0;
L_0xc4701bac0 .concat [ 4 28 0 0], L_0xc470cad00, L_0xc46878d90;
L_0xc46cbbca0 .arith/sum 32, L_0xc46878d48, L_0xc4701bac0;
L_0xc470ca4e0 .cmp/gt 8, L_0xc46cbbac0, L_0xc46cbbc00;
L_0xc46cbbd40 .array/port v0xc470c0c80, L_0xc46cbbde0;
L_0xc4701bb60 .concat [ 4 28 0 0], L_0xc470cac60, L_0xc46878e20;
L_0xc46cbbde0 .arith/sum 32, L_0xc46878dd8, L_0xc4701bb60;
L_0xc46cbbe80 .array/port v0xc470c0c80, L_0xc46cbbf20;
L_0xc4701bc00 .concat [ 4 28 0 0], L_0xc470cad00, L_0xc46878eb0;
L_0xc46cbbf20 .arith/sum 32, L_0xc46878e68, L_0xc4701bc00;
L_0xc46cdf160 .functor MUXZ 8, L_0xc46cbbe80, L_0xc46cbbd40, L_0xc470ca4e0, C4<>;
S_0x101226f60 .scope generate, "GEN_RESP[6]" "GEN_RESP[6]" 4 193, 4 193 0, S_0x1012311b0;
 .timescale -9 -12;
P_0xc4708ab80 .param/l "gi" 1 4 193, +C4<0110>;
v0xc470ba1c0_0 .net *"_ivl_1", 7 0, L_0xc46d58000;  1 drivers
v0xc470ba260_0 .net *"_ivl_11", 7 0, L_0xc46d58140;  1 drivers
L_0xc46878f88 .functor BUFT 1, C4<00000000000000000000000011010000>, C4<0>, C4<0>, C4<0>;
v0xc470ba300_0 .net/2u *"_ivl_13", 31 0, L_0xc46878f88;  1 drivers
v0xc470ba3a0_0 .net *"_ivl_15", 31 0, L_0xc4701bd40;  1 drivers
L_0xc46878fd0 .functor BUFT 1, C4<0000000000000000000000000000>, C4<0>, C4<0>, C4<0>;
v0xc470ba440_0 .net *"_ivl_18", 27 0, L_0xc46878fd0;  1 drivers
v0xc470ba4e0_0 .net *"_ivl_19", 31 0, L_0xc46d581e0;  1 drivers
v0xc470ba580_0 .net *"_ivl_21", 0 0, L_0xc470ca580;  1 drivers
v0xc470ba620_0 .net *"_ivl_23", 7 0, L_0xc46d58280;  1 drivers
L_0xc46879018 .functor BUFT 1, C4<00000000000000000000000011000000>, C4<0>, C4<0>, C4<0>;
v0xc470ba6c0_0 .net/2u *"_ivl_25", 31 0, L_0xc46879018;  1 drivers
v0xc470ba760_0 .net *"_ivl_27", 31 0, L_0xc4701bde0;  1 drivers
L_0xc46878ef8 .functor BUFT 1, C4<00000000000000000000000011000000>, C4<0>, C4<0>, C4<0>;
v0xc470ba800_0 .net/2u *"_ivl_3", 31 0, L_0xc46878ef8;  1 drivers
L_0xc46879060 .functor BUFT 1, C4<0000000000000000000000000000>, C4<0>, C4<0>, C4<0>;
v0xc470ba8a0_0 .net *"_ivl_30", 27 0, L_0xc46879060;  1 drivers
v0xc470ba940_0 .net *"_ivl_31", 31 0, L_0xc46d58320;  1 drivers
v0xc470ba9e0_0 .net *"_ivl_33", 7 0, L_0xc46d583c0;  1 drivers
L_0xc468790a8 .functor BUFT 1, C4<00000000000000000000000011010000>, C4<0>, C4<0>, C4<0>;
v0xc470baa80_0 .net/2u *"_ivl_35", 31 0, L_0xc468790a8;  1 drivers
v0xc470bab20_0 .net *"_ivl_37", 31 0, L_0xc4701be80;  1 drivers
L_0xc468790f0 .functor BUFT 1, C4<0000000000000000000000000000>, C4<0>, C4<0>, C4<0>;
v0xc470babc0_0 .net *"_ivl_40", 27 0, L_0xc468790f0;  1 drivers
v0xc470bac60_0 .net *"_ivl_41", 31 0, L_0xc46d58460;  1 drivers
v0xc470bad00_0 .net *"_ivl_5", 31 0, L_0xc4701bca0;  1 drivers
L_0xc46878f40 .functor BUFT 1, C4<0000000000000000000000000000>, C4<0>, C4<0>, C4<0>;
v0xc470bada0_0 .net *"_ivl_8", 27 0, L_0xc46878f40;  1 drivers
v0xc470bae40_0 .net *"_ivl_9", 31 0, L_0xc46d580a0;  1 drivers
L_0xc46d58000 .array/port v0xc470c0c80, L_0xc46d580a0;
L_0xc4701bca0 .concat [ 4 28 0 0], L_0xc470cac60, L_0xc46878f40;
L_0xc46d580a0 .arith/sum 32, L_0xc46878ef8, L_0xc4701bca0;
L_0xc46d58140 .array/port v0xc470c0c80, L_0xc46d581e0;
L_0xc4701bd40 .concat [ 4 28 0 0], L_0xc470cad00, L_0xc46878fd0;
L_0xc46d581e0 .arith/sum 32, L_0xc46878f88, L_0xc4701bd40;
L_0xc470ca580 .cmp/gt 8, L_0xc46d58000, L_0xc46d58140;
L_0xc46d58280 .array/port v0xc470c0c80, L_0xc46d58320;
L_0xc4701bde0 .concat [ 4 28 0 0], L_0xc470cac60, L_0xc46879060;
L_0xc46d58320 .arith/sum 32, L_0xc46879018, L_0xc4701bde0;
L_0xc46d583c0 .array/port v0xc470c0c80, L_0xc46d58460;
L_0xc4701be80 .concat [ 4 28 0 0], L_0xc470cad00, L_0xc468790f0;
L_0xc46d58460 .arith/sum 32, L_0xc468790a8, L_0xc4701be80;
L_0xc46cdf200 .functor MUXZ 8, L_0xc46d583c0, L_0xc46d58280, L_0xc470ca580, C4<>;
S_0x101233df0 .scope generate, "GEN_RESP[7]" "GEN_RESP[7]" 4 193, 4 193 0, S_0x1012311b0;
 .timescale -9 -12;
P_0xc4708abc0 .param/l "gi" 1 4 193, +C4<0111>;
v0xc470baee0_0 .net *"_ivl_1", 7 0, L_0xc46d58500;  1 drivers
v0xc470baf80_0 .net *"_ivl_11", 7 0, L_0xc46d58640;  1 drivers
L_0xc468791c8 .functor BUFT 1, C4<00000000000000000000000011110000>, C4<0>, C4<0>, C4<0>;
v0xc470bb020_0 .net/2u *"_ivl_13", 31 0, L_0xc468791c8;  1 drivers
v0xc470bb0c0_0 .net *"_ivl_15", 31 0, L_0xc470d0000;  1 drivers
L_0xc46879210 .functor BUFT 1, C4<0000000000000000000000000000>, C4<0>, C4<0>, C4<0>;
v0xc470bb160_0 .net *"_ivl_18", 27 0, L_0xc46879210;  1 drivers
v0xc470bb200_0 .net *"_ivl_19", 31 0, L_0xc46d586e0;  1 drivers
v0xc470bb2a0_0 .net *"_ivl_21", 0 0, L_0xc470ca620;  1 drivers
v0xc470bb340_0 .net *"_ivl_23", 7 0, L_0xc46d58780;  1 drivers
L_0xc46879258 .functor BUFT 1, C4<00000000000000000000000011100000>, C4<0>, C4<0>, C4<0>;
v0xc470bb3e0_0 .net/2u *"_ivl_25", 31 0, L_0xc46879258;  1 drivers
v0xc470bb480_0 .net *"_ivl_27", 31 0, L_0xc470d00a0;  1 drivers
L_0xc46879138 .functor BUFT 1, C4<00000000000000000000000011100000>, C4<0>, C4<0>, C4<0>;
v0xc470bb520_0 .net/2u *"_ivl_3", 31 0, L_0xc46879138;  1 drivers
L_0xc468792a0 .functor BUFT 1, C4<0000000000000000000000000000>, C4<0>, C4<0>, C4<0>;
v0xc470bb5c0_0 .net *"_ivl_30", 27 0, L_0xc468792a0;  1 drivers
v0xc470bb660_0 .net *"_ivl_31", 31 0, L_0xc46d58820;  1 drivers
v0xc470bb700_0 .net *"_ivl_33", 7 0, L_0xc46d588c0;  1 drivers
L_0xc468792e8 .functor BUFT 1, C4<00000000000000000000000011110000>, C4<0>, C4<0>, C4<0>;
v0xc470bb7a0_0 .net/2u *"_ivl_35", 31 0, L_0xc468792e8;  1 drivers
v0xc470bb840_0 .net *"_ivl_37", 31 0, L_0xc470d0140;  1 drivers
L_0xc46879330 .functor BUFT 1, C4<0000000000000000000000000000>, C4<0>, C4<0>, C4<0>;
v0xc470bb8e0_0 .net *"_ivl_40", 27 0, L_0xc46879330;  1 drivers
v0xc470bb980_0 .net *"_ivl_41", 31 0, L_0xc46d58960;  1 drivers
v0xc470bba20_0 .net *"_ivl_5", 31 0, L_0xc4701bf20;  1 drivers
L_0xc46879180 .functor BUFT 1, C4<0000000000000000000000000000>, C4<0>, C4<0>, C4<0>;
v0xc470bbac0_0 .net *"_ivl_8", 27 0, L_0xc46879180;  1 drivers
v0xc470bbb60_0 .net *"_ivl_9", 31 0, L_0xc46d585a0;  1 drivers
L_0xc46d58500 .array/port v0xc470c0c80, L_0xc46d585a0;
L_0xc4701bf20 .concat [ 4 28 0 0], L_0xc470cac60, L_0xc46879180;
L_0xc46d585a0 .arith/sum 32, L_0xc46879138, L_0xc4701bf20;
L_0xc46d58640 .array/port v0xc470c0c80, L_0xc46d586e0;
L_0xc470d0000 .concat [ 4 28 0 0], L_0xc470cad00, L_0xc46879210;
L_0xc46d586e0 .arith/sum 32, L_0xc468791c8, L_0xc470d0000;
L_0xc470ca620 .cmp/gt 8, L_0xc46d58500, L_0xc46d58640;
L_0xc46d58780 .array/port v0xc470c0c80, L_0xc46d58820;
L_0xc470d00a0 .concat [ 4 28 0 0], L_0xc470cac60, L_0xc468792a0;
L_0xc46d58820 .arith/sum 32, L_0xc46879258, L_0xc470d00a0;
L_0xc46d588c0 .array/port v0xc470c0c80, L_0xc46d58960;
L_0xc470d0140 .concat [ 4 28 0 0], L_0xc470cad00, L_0xc46879330;
L_0xc46d58960 .arith/sum 32, L_0xc468792e8, L_0xc470d0140;
L_0xc46cdf2a0 .functor MUXZ 8, L_0xc46d588c0, L_0xc46d58780, L_0xc470ca620, C4<>;
S_0xc46d50000 .scope module, "u_bank0" "xpm_memory_sdpram" 4 267, 5 16 0, S_0x1012311b0;
 .timescale -9 -12;
    .port_info 0 /INPUT 1 "clka";
    .port_info 1 /INPUT 1 "ena";
    .port_info 2 /INPUT 1 "wea";
    .port_info 3 /INPUT 32 "addra";
    .port_info 4 /INPUT 64 "dina";
    .port_info 5 /INPUT 1 "clkb";
    .port_info 6 /INPUT 1 "enb";
    .port_info 7 /INPUT 32 "addrb";
    .port_info 8 /OUTPUT 64 "doutb";
P_0x101233f70 .param/l "DEPTH" 1 5 35, +C4<000000000000000000000000000000000000000000000000000000000000000000000000000000000000001000000000>;
P_0x101233fb0 .param/str "MEMORY_PRIMITIVE" 0 5 18, "block";
P_0x101233ff0 .param/l "MEMORY_SIZE" 0 5 17, +C4<000000000000000000000000000000000000000000000000000000000000000000000000000000001000000000000000>;
P_0x101234030 .param/l "READ_DATA_WIDTH_B" 0 5 20, +C4<00000000000000000000000001000000>;
P_0x101234070 .param/l "READ_LATENCY_B" 0 5 21, +C4<00000000000000000000000000000001>;
P_0x1012340b0 .param/l "SIM_ASSERT_CHK" 0 5 23, +C4<00000000000000000000000000000000>;
P_0x1012340f0 .param/l "WRITE_DATA_WIDTH_A" 0 5 19, +C4<00000000000000000000000001000000>;
P_0x101234130 .param/str "WRITE_MODE_A" 0 5 22, "read_first";
v0xc470c0320_0 .array/port v0xc470c0320, 0;
L_0xc4707c460 .functor BUFZ 64, v0xc470c0320_0, C4<0000000000000000000000000000000000000000000000000000000000000000>, C4<0000000000000000000000000000000000000000000000000000000000000000>, C4<0000000000000000000000000000000000000000000000000000000000000000>;
v0xc470bbc00_0 .net "addra", 31 0, L_0xc470d0820;  1 drivers
v0xc470bbca0_0 .net "addrb", 31 0, L_0xc470d0960;  1 drivers
v0xc470bbd40_0 .net "clka", 0 0, v0xc470c8aa0_0;  alias, 1 drivers
v0xc470bbde0_0 .net "clkb", 0 0, v0xc470c8aa0_0;  alias, 1 drivers
v0xc470bbe80_0 .net "dina", 63 0, L_0xc470d03c0;  alias, 1 drivers
v0xc470bbf20_0 .net "doutb", 63 0, L_0xc4707c460;  alias, 1 drivers
L_0xc46879a38 .functor BUFT 1, C4<1>, C4<0>, C4<0>, C4<0>;
v0xc470c0000_0 .net "ena", 0 0, L_0xc46879a38;  1 drivers
v0xc470c00a0_0 .net "enb", 0 0, L_0xc46d347e0;  1 drivers
v0xc470c0140_0 .var/i "i", 31 0;
v0xc470c01e0_0 .var/i "k", 31 0;
v0xc470c0280 .array "mem", 511 0, 63 0;
v0xc470c0320 .array "pipe", 3 0, 63 0;
v0xc470c03c0_0 .net "wea", 0 0, L_0xc46d34700;  1 drivers
E_0xc46cf6700 .event posedge, v0xc470bbd40_0;
S_0xc46d50180 .scope module, "u_bank1" "xpm_memory_sdpram" 4 276, 5 16 0, S_0x1012311b0;
 .timescale -9 -12;
    .port_info 0 /INPUT 1 "clka";
    .port_info 1 /INPUT 1 "ena";
    .port_info 2 /INPUT 1 "wea";
    .port_info 3 /INPUT 32 "addra";
    .port_info 4 /INPUT 64 "dina";
    .port_info 5 /INPUT 1 "clkb";
    .port_info 6 /INPUT 1 "enb";
    .port_info 7 /INPUT 32 "addrb";
    .port_info 8 /OUTPUT 64 "doutb";
P_0x101234170 .param/l "DEPTH" 1 5 35, +C4<000000000000000000000000000000000000000000000000000000000000000000000000000000000000001000000000>;
P_0x1012341b0 .param/str "MEMORY_PRIMITIVE" 0 5 18, "block";
P_0x1012341f0 .param/l "MEMORY_SIZE" 0 5 17, +C4<000000000000000000000000000000000000000000000000000000000000000000000000000000001000000000000000>;
P_0x101234230 .param/l "READ_DATA_WIDTH_B" 0 5 20, +C4<00000000000000000000000001000000>;
P_0x101234270 .param/l "READ_LATENCY_B" 0 5 21, +C4<00000000000000000000000000000001>;
P_0x1012342b0 .param/l "SIM_ASSERT_CHK" 0 5 23, +C4<00000000000000000000000000000000>;
P_0x1012342f0 .param/l "WRITE_DATA_WIDTH_A" 0 5 19, +C4<00000000000000000000000001000000>;
P_0x101234330 .param/str "WRITE_MODE_A" 0 5 22, "read_first";
v0xc470c0b40_0 .array/port v0xc470c0b40, 0;
L_0xc4707c4d0 .functor BUFZ 64, v0xc470c0b40_0, C4<0000000000000000000000000000000000000000000000000000000000000000>, C4<0000000000000000000000000000000000000000000000000000000000000000>, C4<0000000000000000000000000000000000000000000000000000000000000000>;
v0xc470c0460_0 .net "addra", 31 0, L_0xc470d0a00;  1 drivers
v0xc470c0500_0 .net "addrb", 31 0, L_0xc470d08c0;  1 drivers
v0xc470c05a0_0 .net "clka", 0 0, v0xc470c8aa0_0;  alias, 1 drivers
v0xc470c0640_0 .net "clkb", 0 0, v0xc470c8aa0_0;  alias, 1 drivers
v0xc470c06e0_0 .net "dina", 63 0, L_0xc470d03c0;  alias, 1 drivers
v0xc470c0780_0 .net "doutb", 63 0, L_0xc4707c4d0;  alias, 1 drivers
L_0xc46879ba0 .functor BUFT 1, C4<1>, C4<0>, C4<0>, C4<0>;
v0xc470c0820_0 .net "ena", 0 0, L_0xc46879ba0;  1 drivers
v0xc470c08c0_0 .net "enb", 0 0, L_0xc46d349a0;  1 drivers
v0xc470c0960_0 .var/i "i", 31 0;
v0xc470c0a00_0 .var/i "k", 31 0;
v0xc470c0aa0 .array "mem", 511 0, 63 0;
v0xc470c0b40 .array "pipe", 3 0, 63 0;
v0xc470c0be0_0 .net "wea", 0 0, L_0xc46d348c0;  1 drivers
S_0xc46d50300 .scope task, "fill_img" "fill_img" 3 70, 3 70 0, S_0xc46cac000;
 .timescale -9 -12;
v0xc470c8460_0 .var/i "i", 31 0;
TD_tb_sbm_alg9_cosim.fill_img ;
    %pushi/vec4 44257, 0, 16;
    %store/vec4 v0xc470c8fa0_0, 0, 16;
    %pushi/vec4 0, 0, 32;
    %store/vec4 v0xc470c8460_0, 0, 32;
T_0.0 ; Top of for-loop
    %load/vec4 v0xc470c8460_0;
    %cmpi/s 4096, 0, 32;
	  %jmp/0xz T_0.1, 5;
    %load/vec4 v0xc470c8fa0_0;
    %parti/s 15, 0, 2;
    %load/vec4 v0xc470c8fa0_0;
    %parti/s 1, 15, 5;
    %load/vec4 v0xc470c8fa0_0;
    %parti/s 1, 13, 5;
    %xor;
    %load/vec4 v0xc470c8fa0_0;
    %parti/s 1, 12, 5;
    %xor;
    %load/vec4 v0xc470c8fa0_0;
    %parti/s 1, 10, 5;
    %xor;
    %concat/vec4; draw_concat_vec4
    %store/vec4 v0xc470c8fa0_0, 0, 16;
    %load/vec4 v0xc470c8fa0_0;
    %parti/s 8, 0, 2;
    %load/vec4 v0xc470c8460_0;
    %pushi/vec4 64, 0, 32;
    %div/s;
    %pad/s 45;
    %pad/s 57;
    %muli 4096, 0, 57;
    %pad/s 58;
    %load/vec4 v0xc470c8460_0;
    %pushi/vec4 64, 0, 32;
    %mod/s;
    %pad/s 58;
    %add;
    %ix/vec4/s 4;
    %store/vec4a v0xc470c8dc0, 4, 0;
T_0.2 ; for-loop step statement
    %load/vec4 v0xc470c8460_0;
    %addi 1, 0, 32;
    %store/vec4 v0xc470c8460_0, 0, 32;
    %jmp T_0.0;
T_0.1 ; for-loop exit label
    %end;
S_0xc46d50480 .scope task, "send_frame" "send_frame" 3 92, 3 92 0, S_0xc46cac000;
 .timescale -9 -12;
v0xc470c8500_0 .var/i "i", 31 0;
TD_tb_sbm_alg9_cosim.send_frame ;
    %pushi/vec4 0, 0, 32;
    %store/vec4 v0xc470c8500_0, 0, 32;
T_1.3 ; Top of for-loop
    %load/vec4 v0xc470c8500_0;
    %cmpi/s 4096, 0, 32;
	  %jmp/0xz T_1.4, 5;
    %pushi/vec4 1, 0, 1;
    %store/vec4 v0xc470c9f40_0, 0, 1;
    %load/vec4 v0xc470c8500_0;
    %pushi/vec4 64, 0, 32;
    %div/s;
    %pad/s 45;
    %pad/s 57;
    %muli 4096, 0, 57;
    %pad/s 58;
    %load/vec4 v0xc470c8500_0;
    %pushi/vec4 64, 0, 32;
    %mod/s;
    %pad/s 58;
    %add;
    %ix/vec4/s 4;
    %load/vec4a v0xc470c8dc0, 4;
    %store/vec4 v0xc470c9cc0_0, 0, 8;
    %load/vec4 v0xc470c8500_0;
    %pushi/vec4 0, 0, 32;
    %cmp/e;
    %flag_get/vec4 4;
    %store/vec4 v0xc470c9ea0_0, 0, 1;
    %load/vec4 v0xc470c8500_0;
    %pushi/vec4 4095, 0, 32;
    %cmp/e;
    %flag_get/vec4 4;
    %store/vec4 v0xc470c9d60_0, 0, 1;
    %wait E_0xc46cf6700;
T_1.6 ;
    %load/vec4 v0xc470c9e00_0;
    %cmpi/ne 1, 0, 1;
    %jmp/0xz T_1.7, 6;
    %wait E_0xc46cf6700;
    %jmp T_1.6;
T_1.7 ;
T_1.5 ; for-loop step statement
    %load/vec4 v0xc470c8500_0;
    %addi 1, 0, 32;
    %store/vec4 v0xc470c8500_0, 0, 32;
    %jmp T_1.3;
T_1.4 ; for-loop exit label
    %pushi/vec4 0, 0, 1;
    %store/vec4 v0xc470c9f40_0, 0, 1;
    %wait E_0xc46cf6700;
    %end;
S_0xc46d50600 .scope task, "send_two_frames" "send_two_frames" 3 109, 3 109 0, S_0xc46cac000;
 .timescale -9 -12;
v0xc470c85a0_0 .var/i "i", 31 0;
TD_tb_sbm_alg9_cosim.send_two_frames ;
    %pushi/vec4 2, 0, 32;
T_2.8 %dup/vec4;
    %cmpi/s 0, 0, 32;
    %jmp/1xz T_2.9, 5;
    %jmp/1 T_2.9, 4;
    %subi 1, 0, 32;
    %pushi/vec4 0, 0, 32;
    %store/vec4 v0xc470c85a0_0, 0, 32;
T_2.10 ; Top of for-loop
    %load/vec4 v0xc470c85a0_0;
    %cmpi/s 4096, 0, 32;
	  %jmp/0xz T_2.11, 5;
    %pushi/vec4 1, 0, 1;
    %store/vec4 v0xc470c9f40_0, 0, 1;
    %load/vec4 v0xc470c85a0_0;
    %pushi/vec4 64, 0, 32;
    %div/s;
    %pad/s 45;
    %pad/s 57;
    %muli 4096, 0, 57;
    %pad/s 58;
    %load/vec4 v0xc470c85a0_0;
    %pushi/vec4 64, 0, 32;
    %mod/s;
    %pad/s 58;
    %add;
    %ix/vec4/s 4;
    %load/vec4a v0xc470c8dc0, 4;
    %store/vec4 v0xc470c9cc0_0, 0, 8;
    %load/vec4 v0xc470c85a0_0;
    %pushi/vec4 0, 0, 32;
    %cmp/e;
    %flag_get/vec4 4;
    %store/vec4 v0xc470c9ea0_0, 0, 1;
    %load/vec4 v0xc470c85a0_0;
    %pushi/vec4 4095, 0, 32;
    %cmp/e;
    %flag_get/vec4 4;
    %store/vec4 v0xc470c9d60_0, 0, 1;
    %wait E_0xc46cf6700;
T_2.13 ;
    %load/vec4 v0xc470c9e00_0;
    %cmpi/ne 1, 0, 1;
    %jmp/0xz T_2.14, 6;
    %wait E_0xc46cf6700;
    %jmp T_2.13;
T_2.14 ;
T_2.12 ; for-loop step statement
    %load/vec4 v0xc470c85a0_0;
    %addi 1, 0, 32;
    %store/vec4 v0xc470c85a0_0, 0, 32;
    %jmp T_2.10;
T_2.11 ; for-loop exit label
    %jmp T_2.8;
T_2.9 ;
    %pop/vec4 1;
    %pushi/vec4 0, 0, 1;
    %store/vec4 v0xc470c9f40_0, 0, 1;
    %wait E_0xc46cf6700;
    %end;
S_0xc46d50780 .scope begin, "wait_done" "wait_done" 3 138, 3 138 0, S_0xc46cac000;
 .timescale -9 -12;
v0xc470c8640_0 .var/i "wcnt", 31 0;
    .scope S_0xc46d50000;
T_3 ;
    %pushi/vec4 0, 0, 32;
    %store/vec4 v0xc470c0140_0, 0, 32;
T_3.0 ; Top of for-loop
    %load/vec4 v0xc470c0140_0;
    %pad/s 96;
    %cmpi/s 512, 0, 96;
	  %jmp/0xz T_3.1, 5;
    %pushi/vec4 0, 0, 64;
    %ix/getv/s 4, v0xc470c0140_0;
    %store/vec4a v0xc470c0280, 4, 0;
T_3.2 ; for-loop step statement
    %load/vec4 v0xc470c0140_0;
    %addi 1, 0, 32;
    %store/vec4 v0xc470c0140_0, 0, 32;
    %jmp T_3.0;
T_3.1 ; for-loop exit label
    %end;
    .thread T_3;
    .scope S_0xc46d50000;
T_4 ;
    %wait E_0xc46cf6700;
    %load/vec4 v0xc470c0000_0;
    %flag_set/vec4 9;
    %flag_get/vec4 9;
    %jmp/0 T_4.2, 9;
    %load/vec4 v0xc470c03c0_0;
    %and;
T_4.2;
    %flag_set/vec4 8;
    %jmp/0xz  T_4.0, 8;
    %load/vec4 v0xc470bbe80_0;
    %ix/getv 3, v0xc470bbc00_0;
    %ix/load 4, 0, 0; Constant delay
    %assign/vec4/a/d v0xc470c0280, 0, 4;
T_4.0 ;
    %jmp T_4;
    .thread T_4;
    .scope S_0xc46d50000;
T_5 ;
    %wait E_0xc46cf6700;
    %load/vec4 v0xc470c00a0_0;
    %flag_set/vec4 8;
    %jmp/0xz  T_5.0, 8;
    %ix/getv 4, v0xc470bbca0_0;
    %load/vec4a v0xc470c0280, 4;
    %ix/load 3, 0, 0;
    %flag_set/imm 4, 0;
    %ix/load 4, 0, 0; Constant delay
    %assign/vec4/a/d v0xc470c0320, 0, 4;
    %pushi/vec4 1, 0, 32;
    %store/vec4 v0xc470c01e0_0, 0, 32;
T_5.2 ; Top of for-loop
    %load/vec4 v0xc470c01e0_0;
    %cmpi/s 1, 0, 32;
    %flag_get/vec4 5;
    %jmp/0 T_5.5, 5;
    %load/vec4 v0xc470c01e0_0;
    %cmpi/s 4, 0, 32;
    %flag_get/vec4 5;
    %and;
T_5.5;
    %flag_set/vec4 8;
	  %jmp/0xz T_5.3, 8;
    %load/vec4 v0xc470c01e0_0;
    %subi 1, 0, 32;
    %ix/vec4/s 4;
    %load/vec4a v0xc470c0320, 4;
    %ix/getv/s 3, v0xc470c01e0_0;
    %ix/load 4, 0, 0; Constant delay
    %assign/vec4/a/d v0xc470c0320, 0, 4;
T_5.4 ; for-loop step statement
    %load/vec4 v0xc470c01e0_0;
    %addi 1, 0, 32;
    %store/vec4 v0xc470c01e0_0, 0, 32;
    %jmp T_5.2;
T_5.3 ; for-loop exit label
T_5.0 ;
    %jmp T_5;
    .thread T_5;
    .scope S_0xc46d50180;
T_6 ;
    %pushi/vec4 0, 0, 32;
    %store/vec4 v0xc470c0960_0, 0, 32;
T_6.0 ; Top of for-loop
    %load/vec4 v0xc470c0960_0;
    %pad/s 96;
    %cmpi/s 512, 0, 96;
	  %jmp/0xz T_6.1, 5;
    %pushi/vec4 0, 0, 64;
    %ix/getv/s 4, v0xc470c0960_0;
    %store/vec4a v0xc470c0aa0, 4, 0;
T_6.2 ; for-loop step statement
    %load/vec4 v0xc470c0960_0;
    %addi 1, 0, 32;
    %store/vec4 v0xc470c0960_0, 0, 32;
    %jmp T_6.0;
T_6.1 ; for-loop exit label
    %end;
    .thread T_6;
    .scope S_0xc46d50180;
T_7 ;
    %wait E_0xc46cf6700;
    %load/vec4 v0xc470c0820_0;
    %flag_set/vec4 9;
    %flag_get/vec4 9;
    %jmp/0 T_7.2, 9;
    %load/vec4 v0xc470c0be0_0;
    %and;
T_7.2;
    %flag_set/vec4 8;
    %jmp/0xz  T_7.0, 8;
    %load/vec4 v0xc470c06e0_0;
    %ix/getv 3, v0xc470c0460_0;
    %ix/load 4, 0, 0; Constant delay
    %assign/vec4/a/d v0xc470c0aa0, 0, 4;
T_7.0 ;
    %jmp T_7;
    .thread T_7;
    .scope S_0xc46d50180;
T_8 ;
    %wait E_0xc46cf6700;
    %load/vec4 v0xc470c08c0_0;
    %flag_set/vec4 8;
    %jmp/0xz  T_8.0, 8;
    %ix/getv 4, v0xc470c0500_0;
    %load/vec4a v0xc470c0aa0, 4;
    %ix/load 3, 0, 0;
    %flag_set/imm 4, 0;
    %ix/load 4, 0, 0; Constant delay
    %assign/vec4/a/d v0xc470c0b40, 0, 4;
    %pushi/vec4 1, 0, 32;
    %store/vec4 v0xc470c0a00_0, 0, 32;
T_8.2 ; Top of for-loop
    %load/vec4 v0xc470c0a00_0;
    %cmpi/s 1, 0, 32;
    %flag_get/vec4 5;
    %jmp/0 T_8.5, 5;
    %load/vec4 v0xc470c0a00_0;
    %cmpi/s 4, 0, 32;
    %flag_get/vec4 5;
    %and;
T_8.5;
    %flag_set/vec4 8;
	  %jmp/0xz T_8.3, 8;
    %load/vec4 v0xc470c0a00_0;
    %subi 1, 0, 32;
    %ix/vec4/s 4;
    %load/vec4a v0xc470c0b40, 4;
    %ix/getv/s 3, v0xc470c0a00_0;
    %ix/load 4, 0, 0; Constant delay
    %assign/vec4/a/d v0xc470c0b40, 0, 4;
T_8.4 ; for-loop step statement
    %load/vec4 v0xc470c0a00_0;
    %addi 1, 0, 32;
    %store/vec4 v0xc470c0a00_0, 0, 32;
    %jmp T_8.2;
T_8.3 ; for-loop exit label
T_8.0 ;
    %jmp T_8;
    .thread T_8;
    .scope S_0x1012311b0;
T_9 ;
    %wait E_0xc46cf6240;
    %load/vec4 v0xc470c7160_0;
    %nor/r;
    %flag_set/vec4 8;
    %jmp/0xz  T_9.0, 8;
    %pushi/vec4 0, 0, 12;
    %assign/vec4 v0xc470c6300_0, 0;
    %pushi/vec4 0, 0, 7;
    %assign/vec4 v0xc470c4be0_0, 0;
    %pushi/vec4 0, 0, 7;
    %assign/vec4 v0xc470c4c80_0, 0;
    %pushi/vec4 0, 0, 10;
    %assign/vec4 v0xc470c4780_0, 0;
    %pushi/vec4 0, 0, 1;
    %assign/vec4 v0xc470c4a00_0, 0;
    %pushi/vec4 0, 0, 4;
    %assign/vec4 v0xc470c4820_0, 0;
    %pushi/vec4 0, 0, 1;
    %assign/vec4 v0xc470c54a0_0, 0;
    %pushi/vec4 0, 0, 2;
    %assign/vec4 v0xc470c48c0_0, 0;
    %pushi/vec4 0, 0, 4;
    %ix/load 3, 0, 0;
    %flag_set/imm 4, 0;
    %ix/load 4, 0, 0; Constant delay
    %assign/vec4/a/d v0xc470c4aa0, 0, 4;
    %pushi/vec4 0, 0, 4;
    %ix/load 3, 1, 0;
    %flag_set/imm 4, 0;
    %ix/load 4, 0, 0; Constant delay
    %assign/vec4/a/d v0xc470c4aa0, 0, 4;
    %jmp T_9.1;
T_9.0 ;
    %load/vec4 v0xc470c5720_0;
    %flag_set/vec4 8;
    %jmp/0xz  T_9.2, 8;
    %pushi/vec4 1, 0, 12;
    %assign/vec4 v0xc470c6300_0, 0;
    %pushi/vec4 1, 0, 7;
    %assign/vec4 v0xc470c4be0_0, 0;
    %pushi/vec4 0, 0, 7;
    %assign/vec4 v0xc470c4c80_0, 0;
    %pushi/vec4 1, 0, 10;
    %assign/vec4 v0xc470c4780_0, 0;
    %pushi/vec4 0, 0, 1;
    %assign/vec4 v0xc470c4a00_0, 0;
    %pushi/vec4 0, 0, 4;
    %assign/vec4 v0xc470c4820_0, 0;
    %pushi/vec4 1, 0, 1;
    %assign/vec4 v0xc470c54a0_0, 0;
    %pushi/vec4 0, 0, 2;
    %assign/vec4 v0xc470c48c0_0, 0;
    %jmp T_9.3;
T_9.2 ;
    %load/vec4 v0xc470c54a0_0;
    %flag_set/vec4 9;
    %flag_get/vec4 9;
    %jmp/0 T_9.6, 9;
    %load/vec4 v0xc470c6260_0;
    %and;
T_9.6;
    %flag_set/vec4 8;
    %jmp/0xz  T_9.4, 8;
    %load/vec4 v0xc470c63a0_0;
    %flag_set/vec4 8;
    %jmp/0xz  T_9.7, 8;
    %pushi/vec4 1, 0, 1;
    %ix/load 5, 0, 0;
    %ix/getv 4, v0xc470c4a00_0;
    %assign/vec4/off/d v0xc470c48c0_0, 4, 5;
    %load/vec4 v0xc470c4820_0;
    %load/vec4 v0xc470c4a00_0;
    %pad/u 3;
    %ix/vec4 3;
    %ix/load 4, 0, 0; Constant delay
    %assign/vec4/a/d v0xc470c4aa0, 0, 4;
    %pushi/vec4 0, 0, 10;
    %assign/vec4 v0xc470c4780_0, 0;
    %load/vec4 v0xc470c4a00_0;
    %inv;
    %assign/vec4 v0xc470c4a00_0, 0;
    %load/vec4 v0xc470c4820_0;
    %pad/u 32;
    %cmpi/e 7, 0, 32;
    %flag_mov 8, 4;
    %jmp/0 T_9.9, 8;
    %pushi/vec4 0, 0, 4;
    %jmp/1 T_9.10, 8;
T_9.9 ; End of true expr.
    %load/vec4 v0xc470c4820_0;
    %addi 1, 0, 4;
    %jmp/0 T_9.10, 8;
 ; End of false expr.
    %blend;
T_9.10;
    %assign/vec4 v0xc470c4820_0, 0;
    %jmp T_9.8;
T_9.7 ;
    %load/vec4 v0xc470c4780_0;
    %addi 1, 0, 10;
    %assign/vec4 v0xc470c4780_0, 0;
T_9.8 ;
    %load/vec4 v0xc470c55e0_0;
    %flag_set/vec4 8;
    %jmp/0xz  T_9.11, 8;
    %pushi/vec4 0, 0, 1;
    %assign/vec4 v0xc470c54a0_0, 0;
    %jmp T_9.12;
T_9.11 ;
    %load/vec4 v0xc470c6300_0;
    %addi 1, 0, 12;
    %assign/vec4 v0xc470c6300_0, 0;
    %load/vec4 v0xc470c4be0_0;
    %pad/u 32;
    %cmpi/e 63, 0, 32;
    %jmp/0xz  T_9.13, 4;
    %pushi/vec4 0, 0, 7;
    %assign/vec4 v0xc470c4be0_0, 0;
    %load/vec4 v0xc470c4c80_0;
    %addi 1, 0, 7;
    %assign/vec4 v0xc470c4c80_0, 0;
    %jmp T_9.14;
T_9.13 ;
    %load/vec4 v0xc470c4be0_0;
    %addi 1, 0, 7;
    %assign/vec4 v0xc470c4be0_0, 0;
T_9.14 ;
T_9.12 ;
T_9.4 ;
T_9.3 ;
T_9.1 ;
    %load/vec4 v0xc470c7700_0;
    %flag_set/vec4 8;
    %jmp/0xz  T_9.15, 8;
    %pushi/vec4 0, 0, 1;
    %ix/load 5, 0, 0;
    %ix/load 4, 0, 0;
    %flag_set/imm 4, 0;
    %assign/vec4/off/d v0xc470c48c0_0, 4, 5;
T_9.15 ;
    %load/vec4 v0xc470c77a0_0;
    %flag_set/vec4 8;
    %jmp/0xz  T_9.17, 8;
    %pushi/vec4 0, 0, 1;
    %ix/load 5, 0, 0;
    %ix/load 4, 1, 0;
    %flag_set/imm 4, 0;
    %assign/vec4/off/d v0xc470c48c0_0, 4, 5;
T_9.17 ;
    %jmp T_9;
    .thread T_9;
    .scope S_0x1012311b0;
T_10 ;
    %wait E_0xc46cf6240;
    %load/vec4 v0xc470c7160_0;
    %nor/r;
    %flag_set/vec4 8;
    %jmp/0xz  T_10.0, 8;
    %pushi/vec4 0, 0, 1;
    %assign/vec4 v0xc470c5680_0, 0;
    %jmp T_10.1;
T_10.0 ;
    %load/vec4 v0xc470c5720_0;
    %flag_set/vec4 8;
    %jmp/0xz  T_10.2, 8;
    %pushi/vec4 1, 0, 1;
    %assign/vec4 v0xc470c5680_0, 0;
T_10.2 ;
T_10.1 ;
    %jmp T_10;
    .thread T_10;
    .scope S_0x1012311b0;
T_11 ;
    %vpi_call/w 4 185 "$readmemh", "similarity_lut.mem", v0xc470c0c80 {0 0 0};
    %end;
    .thread T_11;
    .scope S_0x1012311b0;
T_12 ;
    %wait E_0xc46cf6240;
    %load/vec4 v0xc470c7160_0;
    %nor/r;
    %flag_set/vec4 8;
    %jmp/0xz  T_12.0, 8;
    %pushi/vec4 0, 0, 1;
    %assign/vec4 v0xc470c5040_0, 0;
    %pushi/vec4 0, 0, 1;
    %assign/vec4 v0xc470c4e60_0, 0;
    %pushi/vec4 0, 0, 4;
    %assign/vec4 v0xc470c4dc0_0, 0;
    %pushi/vec4 0, 0, 3;
    %assign/vec4 v0xc470c6b20_0, 0;
    %pushi/vec4 0, 0, 3;
    %assign/vec4 v0xc470c6a80_0, 0;
    %pushi/vec4 0, 0, 4;
    %assign/vec4 v0xc470c66c0_0, 0;
    %pushi/vec4 0, 0, 10;
    %assign/vec4 v0xc470c4f00_0, 0;
    %pushi/vec4 0, 0, 2;
    %assign/vec4 v0xc470c50e0_0, 0;
    %jmp T_12.1;
T_12.0 ;
    %load/vec4 v0xc470c5040_0;
    %nor/r;
    %flag_set/vec4 8;
    %jmp/0xz  T_12.2, 8;
    %load/vec4 v0xc470c48c0_0;
    %parti/s 1, 0, 2;
    %flag_set/vec4 8;
    %jmp/0xz  T_12.4, 8;
    %pushi/vec4 1, 0, 1;
    %assign/vec4 v0xc470c5040_0, 0;
    %pushi/vec4 0, 0, 1;
    %assign/vec4 v0xc470c4e60_0, 0;
    %ix/load 4, 0, 0;
    %flag_set/imm 4, 0;
    %load/vec4a v0xc470c4aa0, 4;
    %assign/vec4 v0xc470c4dc0_0, 0;
    %pushi/vec4 1, 0, 1;
    %ix/load 5, 0, 0;
    %ix/load 4, 0, 0;
    %flag_set/imm 4, 0;
    %assign/vec4/off/d v0xc470c50e0_0, 4, 5;
    %pushi/vec4 0, 0, 3;
    %assign/vec4 v0xc470c6b20_0, 0;
    %pushi/vec4 0, 0, 3;
    %assign/vec4 v0xc470c6a80_0, 0;
    %pushi/vec4 0, 0, 4;
    %assign/vec4 v0xc470c66c0_0, 0;
    %pushi/vec4 0, 0, 10;
    %assign/vec4 v0xc470c4f00_0, 0;
    %jmp T_12.5;
T_12.4 ;
    %load/vec4 v0xc470c48c0_0;
    %parti/s 1, 1, 2;
    %flag_set/vec4 8;
    %jmp/0xz  T_12.6, 8;
    %pushi/vec4 1, 0, 1;
    %assign/vec4 v0xc470c5040_0, 0;
    %pushi/vec4 1, 0, 1;
    %assign/vec4 v0xc470c4e60_0, 0;
    %ix/load 4, 1, 0;
    %flag_set/imm 4, 0;
    %load/vec4a v0xc470c4aa0, 4;
    %assign/vec4 v0xc470c4dc0_0, 0;
    %pushi/vec4 1, 0, 1;
    %ix/load 5, 0, 0;
    %ix/load 4, 1, 0;
    %flag_set/imm 4, 0;
    %assign/vec4/off/d v0xc470c50e0_0, 4, 5;
    %pushi/vec4 0, 0, 3;
    %assign/vec4 v0xc470c6b20_0, 0;
    %pushi/vec4 0, 0, 3;
    %assign/vec4 v0xc470c6a80_0, 0;
    %pushi/vec4 0, 0, 4;
    %assign/vec4 v0xc470c66c0_0, 0;
    %pushi/vec4 0, 0, 10;
    %assign/vec4 v0xc470c4f00_0, 0;
T_12.6 ;
T_12.5 ;
    %jmp T_12.3;
T_12.2 ;
    %load/vec4 v0xc470c4fa0_0;
    %flag_set/vec4 8;
    %jmp/0xz  T_12.8, 8;
    %load/vec4 v0xc470c4f00_0;
    %pad/u 96;
    %cmpi/e 511, 0, 96;
    %jmp/0xz  T_12.10, 4;
    %pushi/vec4 0, 0, 1;
    %assign/vec4 v0xc470c5040_0, 0;
    %pushi/vec4 0, 0, 1;
    %ix/load 5, 0, 0;
    %ix/getv 4, v0xc470c4e60_0;
    %assign/vec4/off/d v0xc470c50e0_0, 4, 5;
    %pushi/vec4 0, 0, 10;
    %assign/vec4 v0xc470c4f00_0, 0;
    %jmp T_12.11;
T_12.10 ;
    %load/vec4 v0xc470c4f00_0;
    %addi 1, 0, 10;
    %assign/vec4 v0xc470c4f00_0, 0;
    %load/vec4 v0xc470c66c0_0;
    %pad/u 32;
    %cmpi/e 7, 0, 32;
    %jmp/0xz  T_12.12, 4;
    %pushi/vec4 0, 0, 4;
    %assign/vec4 v0xc470c66c0_0, 0;
    %load/vec4 v0xc470c6a80_0;
    %pad/u 32;
    %cmpi/e 7, 0, 32;
    %jmp/0xz  T_12.14, 4;
    %pushi/vec4 0, 0, 3;
    %assign/vec4 v0xc470c6a80_0, 0;
    %load/vec4 v0xc470c6b20_0;
    %pad/u 32;
    %cmpi/e 7, 0, 32;
    %flag_mov 8, 4;
    %jmp/0 T_12.16, 8;
    %pushi/vec4 0, 0, 3;
    %jmp/1 T_12.17, 8;
T_12.16 ; End of true expr.
    %load/vec4 v0xc470c6b20_0;
    %addi 1, 0, 3;
    %jmp/0 T_12.17, 8;
 ; End of false expr.
    %blend;
T_12.17;
    %assign/vec4 v0xc470c6b20_0, 0;
    %jmp T_12.15;
T_12.14 ;
    %load/vec4 v0xc470c6a80_0;
    %addi 1, 0, 3;
    %assign/vec4 v0xc470c6a80_0, 0;
T_12.15 ;
    %jmp T_12.13;
T_12.12 ;
    %load/vec4 v0xc470c66c0_0;
    %addi 1, 0, 4;
    %assign/vec4 v0xc470c66c0_0, 0;
T_12.13 ;
T_12.11 ;
T_12.8 ;
T_12.3 ;
T_12.1 ;
    %jmp T_12;
    .thread T_12;
    .scope S_0x1012311b0;
T_13 ;
    %wait E_0xc46cf6240;
    %load/vec4 v0xc470c7160_0;
    %nor/r;
    %flag_set/vec4 8;
    %jmp/0xz  T_13.0, 8;
    %pushi/vec4 0, 0, 6;
    %assign/vec4 v0xc470c6620_0, 0;
    %pushi/vec4 0, 0, 4;
    %assign/vec4 v0xc470c64e0_0, 0;
    %pushi/vec4 0, 0, 4;
    %assign/vec4 v0xc470c6800_0, 0;
    %pushi/vec4 0, 0, 1;
    %assign/vec4 v0xc470c6c60_0, 0;
    %jmp T_13.1;
T_13.0 ;
    %load/vec4 v0xc470c6b20_0;
    %pad/u 32;
    %muli 8, 0, 32;
    %load/vec4 v0xc470c6a80_0;
    %pad/u 32;
    %add;
    %pad/u 6;
    %assign/vec4 v0xc470c6620_0, 0;
    %load/vec4 v0xc470c4dc0_0;
    %assign/vec4 v0xc470c64e0_0, 0;
    %load/vec4 v0xc470c66c0_0;
    %assign/vec4 v0xc470c6800_0, 0;
    %load/vec4 v0xc470c4fa0_0;
    %assign/vec4 v0xc470c6c60_0, 0;
T_13.1 ;
    %jmp T_13;
    .thread T_13;
    .scope S_0x1012311b0;
T_14 ;
    %wait E_0xc46cf6240;
    %load/vec4 v0xc470c7160_0;
    %nor/r;
    %flag_set/vec4 8;
    %jmp/0xz  T_14.0, 8;
    %pushi/vec4 0, 0, 64;
    %assign/vec4 v0xc470c69e0_0, 0;
    %pushi/vec4 0, 0, 6;
    %assign/vec4 v0xc470c6580_0, 0;
    %pushi/vec4 0, 0, 4;
    %assign/vec4 v0xc470c6440_0, 0;
    %pushi/vec4 0, 0, 4;
    %assign/vec4 v0xc470c6760_0, 0;
    %pushi/vec4 0, 0, 1;
    %assign/vec4 v0xc470c6bc0_0, 0;
    %jmp T_14.1;
T_14.0 ;
    %load/vec4 v0xc470c4e60_0;
    %flag_set/vec4 8;
    %jmp/0 T_14.2, 8;
    %load/vec4 v0xc470c6940_0;
    %jmp/1 T_14.3, 8;
T_14.2 ; End of true expr.
    %load/vec4 v0xc470c68a0_0;
    %jmp/0 T_14.3, 8;
 ; End of false expr.
    %blend;
T_14.3;
    %assign/vec4 v0xc470c69e0_0, 0;
    %load/vec4 v0xc470c6620_0;
    %assign/vec4 v0xc470c6580_0, 0;
    %load/vec4 v0xc470c64e0_0;
    %assign/vec4 v0xc470c6440_0, 0;
    %load/vec4 v0xc470c6800_0;
    %assign/vec4 v0xc470c6760_0, 0;
    %load/vec4 v0xc470c6c60_0;
    %assign/vec4 v0xc470c6bc0_0, 0;
T_14.1 ;
    %jmp T_14;
    .thread T_14;
    .scope S_0x1012311b0;
T_15 ;
    %wait E_0xc46cf6240;
    %load/vec4 v0xc470c7160_0;
    %nor/r;
    %flag_set/vec4 8;
    %jmp/0xz  T_15.0, 8;
    %pushi/vec4 0, 0, 2;
    %assign/vec4 v0xc470c75c0_0, 0;
    %jmp T_15.1;
T_15.0 ;
    %load/vec4 v0xc470c6bc0_0;
    %flag_set/vec4 8;
    %jmp/0xz  T_15.2, 8;
    %pushi/vec4 0, 0, 32;
    %store/vec4 v0xc470c6080_0, 0, 32;
T_15.4 ; Top of for-loop
    %load/vec4 v0xc470c6080_0;
    %cmpi/s 8, 0, 32;
	  %jmp/0xz T_15.5, 5;
    %load/vec4 v0xc470c69e0_0;
    %load/vec4 v0xc470c6080_0;
    %muli 8, 0, 32;
    %part/s 8;
    %load/vec4 v0xc470c6080_0;
    %pad/s 38;
    %pad/s 43;
    %muli 32, 0, 43;
    %pad/s 44;
    %load/vec4 v0xc470c75c0_0;
    %pad/u 8;
    %pad/u 11;
    %muli 8, 0, 11;
    %pad/u 44;
    %add;
    %pad/u 45;
    %load/vec4 v0xc470c6760_0;
    %pad/u 5;
    %pad/u 45;
    %add;
    %ix/vec4 3;
    %ix/load 4, 0, 0; Constant delay
    %assign/vec4/a/d v0xc470c7520, 0, 4;
T_15.6 ; for-loop step statement
    %load/vec4 v0xc470c6080_0;
    %addi 1, 0, 32;
    %store/vec4 v0xc470c6080_0, 0, 32;
    %jmp T_15.4;
T_15.5 ; for-loop exit label
    %load/vec4 v0xc470c6760_0;
    %pad/u 32;
    %cmpi/e 7, 0, 32;
    %jmp/0xz  T_15.7, 4;
    %load/vec4 v0xc470c75c0_0;
    %pad/u 32;
    %cmpi/e 3, 0, 32;
    %flag_mov 8, 4;
    %jmp/0 T_15.9, 8;
    %pushi/vec4 0, 0, 2;
    %jmp/1 T_15.10, 8;
T_15.9 ; End of true expr.
    %load/vec4 v0xc470c75c0_0;
    %addi 1, 0, 2;
    %jmp/0 T_15.10, 8;
 ; End of false expr.
    %blend;
T_15.10;
    %assign/vec4 v0xc470c75c0_0, 0;
T_15.7 ;
T_15.2 ;
T_15.1 ;
    %jmp T_15;
    .thread T_15;
    .scope S_0x1012311b0;
T_16 ;
    %wait E_0xc46cf6240;
    %load/vec4 v0xc470c7160_0;
    %nor/r;
    %flag_set/vec4 8;
    %jmp/0xz  T_16.0, 8;
    %pushi/vec4 0, 0, 6;
    %assign/vec4 v0xc470c7020_0, 0;
    %pushi/vec4 0, 0, 6;
    %assign/vec4 v0xc470c6f80_0, 0;
    %pushi/vec4 0, 0, 6;
    %assign/vec4 v0xc470c6d00_0, 0;
    %pushi/vec4 0, 0, 15;
    %assign/vec4 v0xc470c7d40_0, 0;
    %jmp T_16.1;
T_16.0 ;
    %load/vec4 v0xc470c6bc0_0;
    %flag_set/vec4 9;
    %flag_get/vec4 9;
    %jmp/0 T_16.3, 9;
    %load/vec4 v0xc470c6760_0;
    %pad/u 32;
    %pushi/vec4 7, 0, 32;
    %cmp/e;
    %flag_get/vec4 4;
    %and;
T_16.3;
    %flag_set/vec4 8;
    %flag_get/vec4 8;
    %jmp/0 T_16.2, 8;
    %load/vec4 v0xc470c6d00_0;
    %pad/u 32;
    %cmpi/u 24, 0, 32;
    %flag_get/vec4 4;
    %flag_get/vec4 5;
    %or;
    %and;
T_16.2;
    %store/vec4 v0xc470c61c0_0, 0, 1;
    %load/vec4 v0xc470c6bc0_0;
    %flag_set/vec4 10;
    %flag_get/vec4 10;
    %jmp/0 T_16.7, 10;
    %load/vec4 v0xc470c6760_0;
    %pad/u 32;
    %pushi/vec4 7, 0, 32;
    %cmp/e;
    %flag_get/vec4 4;
    %and;
T_16.7;
    %flag_set/vec4 9;
    %flag_get/vec4 9;
    %jmp/0 T_16.6, 9;
    %pushi/vec4 24, 0, 32;
    %load/vec4 v0xc470c6d00_0;
    %pad/u 32;
    %cmp/u;
    %flag_get/vec4 5;
    %and;
T_16.6;
    %flag_set/vec4 8;
    %jmp/0xz  T_16.4, 8;
    %vpi_call/w 4 335 "$error", "alg9: push \345\256\271\351\207\217\351\227\250\346\216\247\350\247\246\345\217\221(drain \350\212\202\346\265\201\345\244\261\346\225\210?), req_cnt=%0d", v0xc470c6d00_0 {0 0 0};
T_16.4 ;
    %load/vec4 v0xc470c8280_0;
    %flag_set/vec4 8;
    %flag_get/vec4 8;
    %jmp/0 T_16.8, 8;
    %load/vec4 v0xc470c6da0_0;
    %nor/r;
    %and;
T_16.8;
    %store/vec4 v0xc470c6120_0, 0, 1;
    %load/vec4 v0xc470c61c0_0;
    %flag_set/vec4 8;
    %jmp/0xz  T_16.9, 8;
    %pushi/vec4 0, 0, 32;
    %store/vec4 v0xc470c6080_0, 0, 32;
T_16.11 ; Top of for-loop
    %load/vec4 v0xc470c6080_0;
    %cmpi/s 8, 0, 32;
	  %jmp/0xz T_16.12, 5;
    %load/vec4 v0xc470c75c0_0;
    %load/vec4 v0xc470c6080_0;
    %parti/s 3, 0, 2;
    %concat/vec4; draw_concat_vec4
    %load/vec4 v0xc470c6580_0;
    %concat/vec4; draw_concat_vec4
    %load/vec4 v0xc470c6440_0;
    %concat/vec4; draw_concat_vec4
    %load/vec4 v0xc470c7020_0;
    %pad/u 32;
    %load/vec4 v0xc470c6080_0;
    %add;
    %pushi/vec4 32, 0, 32;
    %mod;
    %ix/vec4 3;
    %ix/load 4, 0, 0; Constant delay
    %assign/vec4/a/d v0xc470c6e40, 0, 4;
T_16.13 ; for-loop step statement
    %load/vec4 v0xc470c6080_0;
    %addi 1, 0, 32;
    %store/vec4 v0xc470c6080_0, 0, 32;
    %jmp T_16.11;
T_16.12 ; for-loop exit label
    %load/vec4 v0xc470c7020_0;
    %addi 8, 0, 6;
    %assign/vec4 v0xc470c7020_0, 0;
T_16.9 ;
    %load/vec4 v0xc470c6120_0;
    %flag_set/vec4 8;
    %jmp/0xz  T_16.14, 8;
    %load/vec4 v0xc470c6f80_0;
    %addi 1, 0, 6;
    %assign/vec4 v0xc470c6f80_0, 0;
    %load/vec4 v0xc470c6f80_0;
    %pad/u 32;
    %pushi/vec4 32, 0, 32;
    %mod;
    %ix/vec4 4;
    %load/vec4a v0xc470c6e40, 4;
    %assign/vec4 v0xc470c7d40_0, 0;
T_16.14 ;
    %load/vec4 v0xc470c6d00_0;
    %load/vec4 v0xc470c61c0_0;
    %flag_set/vec4 8;
    %jmp/0 T_16.16, 8;
    %pushi/vec4 8, 0, 6;
    %jmp/1 T_16.17, 8;
T_16.16 ; End of true expr.
    %pushi/vec4 0, 0, 6;
    %jmp/0 T_16.17, 8;
 ; End of false expr.
    %blend;
T_16.17;
    %add;
    %load/vec4 v0xc470c6120_0;
    %flag_set/vec4 8;
    %jmp/0 T_16.18, 8;
    %pushi/vec4 1, 0, 6;
    %jmp/1 T_16.19, 8;
T_16.18 ; End of true expr.
    %pushi/vec4 0, 0, 6;
    %jmp/0 T_16.19, 8;
 ; End of false expr.
    %blend;
T_16.19;
    %sub;
    %assign/vec4 v0xc470c6d00_0, 0;
T_16.1 ;
    %jmp T_16;
    .thread T_16;
    .scope S_0x1012311b0;
T_17 ;
    %wait E_0xc46cf6240;
    %load/vec4 v0xc470c7160_0;
    %nor/r;
    %flag_set/vec4 8;
    %jmp/0xz  T_17.0, 8;
    %pushi/vec4 0, 0, 3;
    %assign/vec4 v0xc470c8320_0, 0;
    %pushi/vec4 0, 0, 8;
    %assign/vec4 v0xc470c81e0_0, 0;
    %pushi/vec4 0, 0, 1;
    %assign/vec4 v0xc470c8280_0, 0;
    %jmp T_17.1;
T_17.0 ;
    %load/vec4 v0xc470c8320_0;
    %dup/vec4;
    %pushi/vec4 0, 0, 3;
    %cmp/u;
    %jmp/1 T_17.2, 6;
    %dup/vec4;
    %pushi/vec4 1, 0, 3;
    %cmp/u;
    %jmp/1 T_17.3, 6;
    %dup/vec4;
    %pushi/vec4 2, 0, 3;
    %cmp/u;
    %jmp/1 T_17.4, 6;
    %dup/vec4;
    %pushi/vec4 3, 0, 3;
    %cmp/u;
    %jmp/1 T_17.5, 6;
    %pushi/vec4 0, 0, 3;
    %assign/vec4 v0xc470c8320_0, 0;
    %jmp T_17.7;
T_17.2 ;
    %pushi/vec4 0, 0, 1;
    %assign/vec4 v0xc470c8280_0, 0;
    %load/vec4 v0xc470c6da0_0;
    %nor/r;
    %flag_set/vec4 8;
    %jmp/0xz  T_17.8, 8;
    %pushi/vec4 1, 0, 1;
    %assign/vec4 v0xc470c8280_0, 0;
    %pushi/vec4 0, 0, 8;
    %assign/vec4 v0xc470c81e0_0, 0;
    %pushi/vec4 1, 0, 3;
    %assign/vec4 v0xc470c8320_0, 0;
T_17.8 ;
    %jmp T_17.7;
T_17.3 ;
    %pushi/vec4 0, 0, 1;
    %assign/vec4 v0xc470c8280_0, 0;
    %load/vec4 v0xc470c5a40_0;
    %flag_set/vec4 8;
    %jmp/0xz  T_17.10, 8;
    %pushi/vec4 2, 0, 3;
    %assign/vec4 v0xc470c8320_0, 0;
T_17.10 ;
    %jmp T_17.7;
T_17.4 ;
    %load/vec4 v0xc470c5ea0_0;
    %flag_set/vec4 8;
    %jmp/0xz  T_17.12, 8;
    %load/vec4 v0xc470c81e0_0;
    %pad/u 33;
    %cmpi/e 0, 0, 33;
    %jmp/0xz  T_17.14, 4;
    %pushi/vec4 3, 0, 3;
    %assign/vec4 v0xc470c8320_0, 0;
    %jmp T_17.15;
T_17.14 ;
    %load/vec4 v0xc470c81e0_0;
    %addi 1, 0, 8;
    %assign/vec4 v0xc470c81e0_0, 0;
T_17.15 ;
T_17.12 ;
    %jmp T_17.7;
T_17.5 ;
    %load/vec4 v0xc470c5cc0_0;
    %flag_set/vec4 8;
    %jmp/0xz  T_17.16, 8;
    %pushi/vec4 0, 0, 3;
    %assign/vec4 v0xc470c8320_0, 0;
T_17.16 ;
    %jmp T_17.7;
T_17.7 ;
    %pop/vec4 1;
T_17.1 ;
    %jmp T_17;
    .thread T_17;
    .scope S_0x1012311b0;
T_18 ;
    %wait E_0xc46cf62c0;
    %pushi/vec4 0, 0, 32;
    %store/vec4 v0xc470c8000_0, 0, 32;
T_18.0 ; Top of for-loop
    %load/vec4 v0xc470c8000_0;
    %cmpi/s 8, 0, 32;
	  %jmp/0xz T_18.1, 5;
    %load/vec4 v0xc470c81e0_0;
    %pad/u 32;
    %muli 8, 0, 32;
    %load/vec4 v0xc470c8000_0;
    %add;
    %cmpi/u 8, 0, 32;
    %jmp/0xz  T_18.3, 5;
    %load/vec4 v0xc470c7ca0_0;
    %pad/u 11;
    %pad/u 16;
    %muli 32, 0, 16;
    %pad/u 17;
    %load/vec4 v0xc470c7de0_0;
    %pad/u 8;
    %pad/u 11;
    %muli 8, 0, 11;
    %pad/u 17;
    %add;
    %pad/u 18;
    %load/vec4 v0xc470c81e0_0;
    %pad/u 32;
    %muli 8, 0, 32;
    %load/vec4 v0xc470c8000_0;
    %add;
    %pad/u 18;
    %add;
    %ix/vec4 4;
    %load/vec4a v0xc470c7520, 4;
    %load/vec4 v0xc470c8000_0;
    %muli 8, 0, 32;
    %ix/vec4/s 4;
    %store/vec4 v0xc470c80a0_0, 4, 8;
    %jmp T_18.4;
T_18.3 ;
    %pushi/vec4 0, 0, 8;
    %load/vec4 v0xc470c8000_0;
    %muli 8, 0, 32;
    %ix/vec4/s 4;
    %store/vec4 v0xc470c80a0_0, 4, 8;
T_18.4 ;
T_18.2 ; for-loop step statement
    %load/vec4 v0xc470c8000_0;
    %addi 1, 0, 32;
    %store/vec4 v0xc470c8000_0, 0, 32;
    %jmp T_18.0;
T_18.1 ; for-loop exit label
    %jmp T_18;
    .thread T_18, $push;
    .scope S_0x1012311b0;
T_19 ;
    %wait E_0xc46cf6280;
    %pushi/vec4 255, 0, 8;
    %store/vec4 v0xc470c83c0_0, 0, 8;
    %load/vec4 v0xc470c81e0_0;
    %pad/u 33;
    %cmpi/e 0, 0, 33;
    %jmp/0xz  T_19.0, 4;
    %pushi/vec4 0, 0, 32;
    %store/vec4 v0xc470c8000_0, 0, 32;
T_19.2 ; Top of for-loop
    %load/vec4 v0xc470c8000_0;
    %cmpi/s 8, 0, 32;
	  %jmp/0xz T_19.3, 5;
    %load/vec4 v0xc470c81e0_0;
    %pad/u 32;
    %muli 8, 0, 32;
    %load/vec4 v0xc470c8000_0;
    %add;
    %cmpi/u 8, 0, 32;
    %flag_inv 5; GE is !LT
    %jmp/0xz  T_19.5, 5;
    %pushi/vec4 0, 0, 1;
    %ix/getv/s 4, v0xc470c8000_0;
    %store/vec4 v0xc470c83c0_0, 4, 1;
T_19.5 ;
T_19.4 ; for-loop step statement
    %load/vec4 v0xc470c8000_0;
    %addi 1, 0, 32;
    %store/vec4 v0xc470c8000_0, 0, 32;
    %jmp T_19.2;
T_19.3 ; for-loop exit label
T_19.0 ;
    %jmp T_19;
    .thread T_19, $push;
    .scope S_0x1012311b0;
T_20 ;
    %wait E_0xc46cf6240;
    %load/vec4 v0xc470c7160_0;
    %nor/r;
    %flag_set/vec4 8;
    %jmp/0xz  T_20.0, 8;
    %pushi/vec4 0, 0, 1;
    %assign/vec4 v0xc470c4d20_0, 0;
    %jmp T_20.1;
T_20.0 ;
    %load/vec4 v0xc470c5720_0;
    %flag_set/vec4 8;
    %jmp/0xz  T_20.2, 8;
    %pushi/vec4 0, 0, 1;
    %assign/vec4 v0xc470c4d20_0, 0;
    %jmp T_20.3;
T_20.2 ;
    %load/vec4 v0xc470c54a0_0;
    %nor/r;
    %flag_set/vec4 13;
    %flag_get/vec4 13;
    %jmp/0 T_20.10, 13;
    %load/vec4 v0xc470c5040_0;
    %nor/r;
    %and;
T_20.10;
    %flag_set/vec4 12;
    %flag_get/vec4 12;
    %jmp/0 T_20.9, 12;
    %load/vec4 v0xc470c48c0_0;
    %pushi/vec4 0, 0, 2;
    %cmp/e;
    %flag_get/vec4 4;
    %and;
T_20.9;
    %flag_set/vec4 11;
    %flag_get/vec4 11;
    %jmp/0 T_20.8, 11;
    %load/vec4 v0xc470c6da0_0;
    %and;
T_20.8;
    %flag_set/vec4 10;
    %flag_get/vec4 10;
    %jmp/0 T_20.7, 10;
    %load/vec4 v0xc470c8320_0;
    %pushi/vec4 0, 0, 3;
    %cmp/e;
    %flag_get/vec4 4;
    %and;
T_20.7;
    %flag_set/vec4 9;
    %flag_get/vec4 9;
    %jmp/0 T_20.6, 9;
    %load/vec4 v0xc470c5680_0;
    %and;
T_20.6;
    %flag_set/vec4 8;
    %jmp/0xz  T_20.4, 8;
    %pushi/vec4 1, 0, 1;
    %assign/vec4 v0xc470c4d20_0, 0;
T_20.4 ;
T_20.3 ;
T_20.1 ;
    %jmp T_20;
    .thread T_20;
    .scope S_0xc46cac000;
T_21 ;
    %vpi_call/w 3 64 "$readmemh", "similarity_lut.mem", v0xc470c86e0 {0 0 0};
    %end;
    .thread T_21;
    .scope S_0xc46cac000;
T_22 ;
    %delay 5000, 0;
    %load/vec4 v0xc470c8aa0_0;
    %inv;
    %store/vec4 v0xc470c8aa0_0, 0, 1;
    %jmp T_22;
    .thread T_22;
    .scope S_0xc46cac000;
T_23 ;
    %wait E_0xc46cf6240;
    %load/vec4 v0xc470c9c20_0;
    %nor/r;
    %flag_set/vec4 8;
    %jmp/0xz  T_23.0, 8;
    %pushi/vec4 0, 0, 1;
    %assign/vec4 v0xc470c8820_0, 0;
    %jmp T_23.1;
T_23.0 ;
    %load/vec4 v0xc470c9860_0;
    %flag_set/vec4 10;
    %flag_get/vec4 10;
    %jmp/0 T_23.5, 10;
    %load/vec4 v0xc470c9720_0;
    %and;
T_23.5;
    %flag_set/vec4 9;
    %flag_get/vec4 9;
    %jmp/0 T_23.4, 9;
    %load/vec4 v0xc470c9680_0;
    %and;
T_23.4;
    %flag_set/vec4 8;
    %jmp/0xz  T_23.2, 8;
    %pushi/vec4 1, 0, 1;
    %assign/vec4 v0xc470c8820_0, 0;
    %jmp T_23.3;
T_23.2 ;
    %load/vec4 v0xc470c9540_0;
    %flag_set/vec4 8;
    %jmp/0xz  T_23.6, 8;
    %pushi/vec4 0, 0, 1;
    %assign/vec4 v0xc470c8820_0, 0;
T_23.6 ;
T_23.3 ;
T_23.1 ;
    %jmp T_23;
    .thread T_23;
    .scope S_0xc46cac000;
T_24 ;
    %pushi/vec4 0, 0, 1;
    %store/vec4 v0xc470c8aa0_0, 0, 1;
    %pushi/vec4 0, 0, 1;
    %store/vec4 v0xc470c9c20_0, 0, 1;
    %pushi/vec4 0, 0, 1;
    %store/vec4 v0xc470c9f40_0, 0, 1;
    %pushi/vec4 0, 0, 8;
    %store/vec4 v0xc470c9cc0_0, 0, 8;
    %pushi/vec4 0, 0, 1;
    %store/vec4 v0xc470c9ea0_0, 0, 1;
    %pushi/vec4 0, 0, 1;
    %store/vec4 v0xc470c9d60_0, 0, 1;
    %pushi/vec4 0, 0, 6;
    %store/vec4 v0xc470c88c0_0, 0, 6;
    %pushi/vec4 0, 0, 1;
    %store/vec4 v0xc470c8820_0, 0, 1;
    %pushi/vec4 0, 0, 32;
    %store/vec4 v0xc470c8c80_0, 0, 32;
    %pushi/vec4 0, 0, 32;
    %store/vec4 v0xc470c9fe0_0, 0, 32;
    %pushi/vec4 0, 0, 32;
    %store/vec4 v0xc470c99a0_0, 0, 32;
    %fork TD_tb_sbm_alg9_cosim.fill_img, S_0xc46d50300;
    %join;
    %delay 100000, 0;
    %pushi/vec4 1, 0, 1;
    %store/vec4 v0xc470c9c20_0, 0, 1;
    %fork TD_tb_sbm_alg9_cosim.send_frame, S_0xc46d50480;
    %join;
    %fork t_1, S_0xc46d50780;
    %jmp t_0;
    .scope S_0xc46d50780;
t_1 ;
    %pushi/vec4 0, 0, 32;
    %store/vec4 v0xc470c8640_0, 0, 32;
T_24.0 ;
    %load/vec4 v0xc470c57c0_0;
    %nor/r;
    %flag_set/vec4 9;
    %flag_get/vec4 9;
    %jmp/0 T_24.2, 9;
    %load/vec4 v0xc470c8640_0;
    %cmpi/s 2000000, 0, 32;
    %flag_get/vec4 5;
    %and;
T_24.2;
    %flag_set/vec4 8;
    %jmp/0xz T_24.1, 8;
    %wait E_0xc46cf6700;
    %load/vec4 v0xc470c8640_0;
    %addi 1, 0, 32;
    %store/vec4 v0xc470c8640_0, 0, 32;
    %jmp T_24.0;
T_24.1 ;
    %load/vec4 v0xc470c57c0_0;
    %nor/r;
    %flag_set/vec4 8;
    %jmp/0xz  T_24.3, 8;
    %vpi_call/w 3 142 "$display", "WARNING: irq_done \346\234\252\347\275\256\344\275\215, wcnt=%0d", v0xc470c8640_0 {0 0 0};
T_24.3 ;
    %pushi/vec4 200, 0, 32;
T_24.5 %dup/vec4;
    %cmpi/s 0, 0, 32;
    %jmp/1xz T_24.6, 5;
    %jmp/1 T_24.6, 4;
    %subi 1, 0, 32;
    %wait E_0xc46cf6700;
    %jmp T_24.5;
T_24.6 ;
    %pop/vec4 1;
    %end;
    .scope S_0xc46cac000;
t_0 %join;
    %vpi_call/w 3 145 "$display", "AXI writes: tot=%0d err=%0d oob=%0d  expected=%0d", v0xc470c9fe0_0, v0xc470c8c80_0, v0xc470c99a0_0, 160'sb0000000000000000000000000000000000000000000000000000000000000000000000000000000000000000000000000000000000000000000000000000000000000000000000001000000000000000 {0 0 0};
    %load/vec4 v0xc470c8c80_0;
    %cmpi/e 0, 0, 32;
    %flag_get/vec4 4;
    %jmp/0 T_24.10, 4;
    %load/vec4 v0xc470c99a0_0;
    %pushi/vec4 0, 0, 32;
    %cmp/e;
    %flag_get/vec4 4;
    %and;
T_24.10;
    %flag_set/vec4 9;
    %flag_get/vec4 9;
    %jmp/0 T_24.9, 9;
    %load/vec4 v0xc470c9fe0_0;
    %pad/s 160;
    %pushi/vec4 32768, 0, 160;
    %cmp/e;
    %flag_get/vec4 4;
    %and;
T_24.9;
    %flag_set/vec4 8;
    %jmp/0xz  T_24.7, 8;
    %vpi_call/w 3 147 "$display", "RESULT: PASS (alg9 F4 response-map layout matches alg11 readback)" {0 0 0};
    %jmp T_24.8;
T_24.7 ;
    %vpi_call/w 3 149 "$display", "RESULT: FAIL (alg9 F4, err=%0d oob=%0d tot=%0d exp=%0d)", v0xc470c8c80_0, v0xc470c99a0_0, v0xc470c9fe0_0, 160'sb0000000000000000000000000000000000000000000000000000000000000000000000000000000000000000000000000000000000000000000000000000000000000000000000001000000000000000 {0 0 0};
T_24.8 ;
    %vpi_call/w 3 150 "$finish" {0 0 0};
    %end;
    .thread T_24;
    .scope S_0xc46cac000;
T_25 ;
    %wait E_0xc46cf6240;
    %load/vec4 v0xc470c9c20_0;
    %nor/r;
    %flag_set/vec4 8;
    %jmp/0xz  T_25.0, 8;
    %pushi/vec4 0, 0, 6;
    %assign/vec4 v0xc470c88c0_0, 0;
    %jmp T_25.1;
T_25.0 ;
    %load/vec4 v0xc470c9860_0;
    %flag_set/vec4 9;
    %flag_get/vec4 9;
    %jmp/0 T_25.4, 9;
    %load/vec4 v0xc470c9720_0;
    %and;
T_25.4;
    %flag_set/vec4 8;
    %jmp/0xz  T_25.2, 8;
    %load/vec4 v0xc470c9680_0;
    %flag_set/vec4 8;
    %jmp/0xz  T_25.5, 8;
    %pushi/vec4 0, 0, 6;
    %assign/vec4 v0xc470c88c0_0, 0;
    %jmp T_25.6;
T_25.5 ;
    %load/vec4 v0xc470c88c0_0;
    %addi 1, 0, 6;
    %assign/vec4 v0xc470c88c0_0, 0;
T_25.6 ;
T_25.2 ;
T_25.1 ;
    %jmp T_25;
    .thread T_25;
    .scope S_0xc46cac000;
T_26 ;
    %wait E_0xc46cf6700;
    %load/vec4 v0xc470c9860_0;
    %flag_set/vec4 9;
    %flag_get/vec4 9;
    %jmp/0 T_26.2, 9;
    %load/vec4 v0xc470c9720_0;
    %and;
T_26.2;
    %flag_set/vec4 8;
    %jmp/0xz  T_26.0, 8;
    %load/vec4 v0xc470c88c0_0;
    %cmpi/e 0, 0, 6;
    %flag_get/vec4 4;
    %jmp/0 T_26.5, 4;
    %load/vec4 v0xc470c90e0_0;
    %parti/s 3, 0, 2;
    %cmpi/ne 0, 0, 3;
    %flag_get/vec4 6;
    %jmp/1 T_26.6, 6;
    %load/vec4 v0xc470c9360_0;
    %pushi/vec4 3, 0, 3;
    %cmp/ne;
    %flag_get/vec4 6;
    %or;
T_26.6;
    %and;
T_26.5;
    %flag_set/vec4 8;
    %jmp/0xz  T_26.3, 8;
    %vpi_call/w 3 166 "$display", "  AXI ALIGN ERR: awaddr=%08X awsize=%0d", v0xc470c90e0_0, v0xc470c9360_0 {0 0 0};
    %load/vec4 v0xc470c8c80_0;
    %addi 1, 0, 32;
    %store/vec4 v0xc470c8c80_0, 0, 32;
T_26.3 ;
    %load/vec4 v0xc470c90e0_0;
    %xor/r;
    %cmpi/e 1, 1, 1;
    %jmp/1 T_26.9, 6;
    %flag_mov 8, 6;
    %load/vec4 v0xc470c95e0_0;
    %xor/r;
    %cmpi/e 1, 1, 1;
    %flag_or 6, 8;
T_26.9;
    %jmp/0xz  T_26.7, 6;
    %load/vec4 v0xc470c8c80_0;
    %addi 8, 0, 32;
    %store/vec4 v0xc470c8c80_0, 0, 32;
    %jmp T_26.8;
T_26.7 ;
    %pushi/vec4 0, 0, 32;
    %store/vec4 v0xc470c8f00_0, 0, 32;
T_26.10 ; Top of for-loop
    %load/vec4 v0xc470c8f00_0;
    %cmpi/s 8, 0, 32;
	  %jmp/0xz T_26.11, 5;
    %load/vec4 v0xc470c97c0_0;
    %load/vec4 v0xc470c8f00_0;
    %part/s 1;
    %nor/r;
    %flag_set/vec4 8;
    %jmp/0xz  T_26.13, 8;
    %jmp T_26.14;
T_26.13 ;
    %load/vec4 v0xc470c90e0_0;
    %subi 134217728, 0, 32;
    %load/vec4 v0xc470c88c0_0;
    %pad/u 32;
    %muli 8, 0, 32;
    %add;
    %load/vec4 v0xc470c8f00_0;
    %add;
    %store/vec4 v0xc470c8b40_0, 0, 32;
    %load/vec4 v0xc470c8b40_0;
    %pad/s 64;
    %pushi/vec4 4096, 0, 64;
    %div/s;
    %pad/s 32;
    %store/vec4 v0xc470c9a40_0, 0, 32;
    %load/vec4 v0xc470c8b40_0;
    %pad/s 64;
    %pushi/vec4 4096, 0, 64;
    %mod/s;
    %pad/s 32;
    %store/vec4 v0xc470c9b80_0, 0, 32;
    %load/vec4 v0xc470c9b80_0;
    %pad/s 64;
    %pushi/vec4 64, 0, 64;
    %div/s;
    %pad/s 32;
    %store/vec4 v0xc470c8960_0, 0, 32;
    %load/vec4 v0xc470c9b80_0;
    %pad/s 64;
    %pushi/vec4 64, 0, 64;
    %mod/s;
    %pad/s 32;
    %store/vec4 v0xc470c9ae0_0, 0, 32;
    %load/vec4 v0xc470c9ae0_0;
    %pushi/vec4 8, 0, 32;
    %div/s;
    %store/vec4 v0xc470c8a00_0, 0, 32;
    %load/vec4 v0xc470c88c0_0;
    %pad/u 32;
    %muli 8, 0, 32;
    %load/vec4 v0xc470c8f00_0;
    %add;
    %store/vec4 v0xc470c8be0_0, 0, 32;
    %load/vec4 v0xc470c8a00_0;
    %muli 8, 0, 32;
    %load/vec4 v0xc470c8960_0;
    %pushi/vec4 8, 0, 32;
    %div/s;
    %add;
    %store/vec4 v0xc470ca120_0, 0, 32;
    %load/vec4 v0xc470c8be0_0;
    %muli 8, 0, 32;
    %load/vec4 v0xc470c8960_0;
    %pushi/vec4 8, 0, 32;
    %mod/s;
    %add;
    %store/vec4 v0xc470ca080_0, 0, 32;
    %load/vec4 v0xc470ca120_0;
    %pad/s 45;
    %pad/s 57;
    %muli 4096, 0, 57;
    %pad/s 58;
    %load/vec4 v0xc470ca080_0;
    %pad/s 58;
    %add;
    %ix/vec4/s 4;
    %load/vec4a v0xc470c8dc0, 4;
    %parti/s 4, 0, 2;
    %pad/u 32;
    %store/vec4 v0xc470c9040_0, 0, 32;
    %load/vec4 v0xc470ca120_0;
    %pad/s 45;
    %pad/s 57;
    %muli 4096, 0, 57;
    %pad/s 58;
    %load/vec4 v0xc470ca080_0;
    %pad/s 58;
    %add;
    %ix/vec4/s 4;
    %load/vec4a v0xc470c8dc0, 4;
    %parti/s 4, 4, 4;
    %pad/u 32;
    %store/vec4 v0xc470c9900_0, 0, 32;
    %load/vec4 v0xc470c9a40_0;
    %muli 32, 0, 32;
    %addi 16, 0, 32;
    %load/vec4 v0xc470c9900_0;
    %add;
    %ix/vec4/s 4;
    %load/vec4a v0xc470c86e0, 4;
    %load/vec4 v0xc470c9a40_0;
    %muli 32, 0, 32;
    %load/vec4 v0xc470c9040_0;
    %add;
    %ix/vec4/s 4;
    %load/vec4a v0xc470c86e0, 4;
    %cmp/u;
    %flag_mov 8, 5;
    %jmp/0 T_26.15, 8;
    %load/vec4 v0xc470c9a40_0;
    %muli 32, 0, 32;
    %load/vec4 v0xc470c9040_0;
    %add;
    %ix/vec4/s 4;
    %load/vec4a v0xc470c86e0, 4;
    %pad/u 32;
    %jmp/1 T_26.16, 8;
T_26.15 ; End of true expr.
    %load/vec4 v0xc470c9a40_0;
    %muli 32, 0, 32;
    %addi 16, 0, 32;
    %load/vec4 v0xc470c9900_0;
    %add;
    %ix/vec4/s 4;
    %load/vec4a v0xc470c86e0, 4;
    %pad/u 32;
    %jmp/0 T_26.16, 8;
 ; End of false expr.
    %blend;
T_26.16;
    %store/vec4 v0xc470c8d20_0, 0, 32;
    %load/vec4 v0xc470c95e0_0;
    %load/vec4 v0xc470c8f00_0;
    %muli 8, 0, 32;
    %part/s 8;
    %pad/u 32;
    %store/vec4 v0xc470c8780_0, 0, 32;
    %load/vec4 v0xc470c9fe0_0;
    %addi 1, 0, 32;
    %store/vec4 v0xc470c9fe0_0, 0, 32;
    %load/vec4 v0xc470c9a40_0;
    %cmpi/s 7, 0, 32;
    %flag_or 5, 4; GT is !LE
    %flag_inv 5;
    %jmp/1 T_26.22, 5;
    %flag_mov 8, 5;
    %load/vec4 v0xc470c8960_0;
    %cmpi/s 63, 0, 32;
    %flag_or 5, 4; GT is !LE
    %flag_inv 5;
    %flag_or 5, 8;
T_26.22;
    %jmp/1 T_26.21, 5;
    %flag_mov 8, 5;
    %load/vec4 v0xc470c8a00_0;
    %cmpi/s 7, 0, 32;
    %flag_or 5, 4; GT is !LE
    %flag_inv 5;
    %flag_or 5, 8;
T_26.21;
    %jmp/1 T_26.20, 5;
    %flag_mov 8, 5;
    %load/vec4 v0xc470c8be0_0;
    %cmpi/s 7, 0, 32;
    %flag_or 5, 4; GT is !LE
    %flag_inv 5;
    %flag_or 5, 8;
T_26.20;
    %jmp/1 T_26.19, 5;
    %flag_mov 8, 5;
    %load/vec4 v0xc470c90e0_0;
    %cmpi/u 134217728, 0, 32;
    %flag_or 5, 8;
T_26.19;
    %jmp/0xz  T_26.17, 5;
    %load/vec4 v0xc470c99a0_0;
    %addi 1, 0, 32;
    %store/vec4 v0xc470c99a0_0, 0, 32;
    %jmp T_26.18;
T_26.17 ;
    %load/vec4 v0xc470c8d20_0;
    %load/vec4 v0xc470c8780_0;
    %cmp/ne;
    %jmp/0xz  T_26.23, 4;
    %load/vec4 v0xc470c8c80_0;
    %cmpi/s 12, 0, 32;
    %jmp/0xz  T_26.25, 5;
    %vpi_call/w 3 193 "$display", "  ERR cell=%0d ori=%0d blk=%0d bnd=%0d cx=%0d (y=%0d,x=%0d) exp=%02X act=%02X", v0xc470c8b40_0, v0xc470c9a40_0, v0xc470c8960_0, v0xc470c8a00_0, v0xc470c8be0_0, v0xc470ca120_0, v0xc470ca080_0, v0xc470c8d20_0, v0xc470c8780_0 {0 0 0};
T_26.25 ;
    %load/vec4 v0xc470c8c80_0;
    %addi 1, 0, 32;
    %store/vec4 v0xc470c8c80_0, 0, 32;
T_26.23 ;
T_26.18 ;
T_26.14 ;
T_26.12 ; for-loop step statement
    %load/vec4 v0xc470c8f00_0;
    %addi 1, 0, 32;
    %store/vec4 v0xc470c8f00_0, 0, 32;
    %jmp T_26.10;
T_26.11 ; for-loop exit label
T_26.8 ;
T_26.0 ;
    %jmp T_26;
    .thread T_26;
# The file index is used to find the file name in the following table.
:file_names 6;
    "N/A";
    "<interactive>";
    "-";
    "tb_sbm_alg9_cosim.v";
    "sbm_alg9_lut.v";
    "xpm_memory_sdpram_beh.v";
