#! /opt/homebrew/Cellar/icarus-verilog/13.0/bin/vvp
:ivl_version "13.0 (stable)" "(v13_0)";
:ivl_delay_selection "TYPICAL";
:vpi_time_precision - 12;
:vpi_module "/opt/homebrew/Cellar/icarus-verilog/13.0/lib/ivl/system.vpi";
:vpi_module "/opt/homebrew/Cellar/icarus-verilog/13.0/lib/ivl/vhdl_sys.vpi";
:vpi_module "/opt/homebrew/Cellar/icarus-verilog/13.0/lib/ivl/vhdl_textio.vpi";
:vpi_module "/opt/homebrew/Cellar/icarus-verilog/13.0/lib/ivl/v2005_math.vpi";
:vpi_module "/opt/homebrew/Cellar/icarus-verilog/13.0/lib/ivl/va_math.vpi";
:vpi_module "/opt/homebrew/Cellar/icarus-verilog/13.0/lib/ivl/v2009.vpi";
S_0xca6c8c300 .scope package, "$unit" "$unit" 2 1;
 .timescale 0 0;
S_0xca6c8c900 .scope module, "tb_sbm_alg9_cosim" "tb_sbm_alg9_cosim" 3 24;
 .timescale -9 -12;
P_0xca6ca4000 .param/l "CELLS" 1 3 32, +C4<0000000000000000000000000000000000000000000000000000000000101000>;
P_0xca6ca4040 .param/l "FRAMES" 1 3 38, +C4<00000000000000000000000000000001>;
P_0xca6ca4080 .param/l "HC" 1 3 31, +C4<00000000000000000000000000000101>;
P_0xca6ca40c0 .param/l "IMG_H" 0 3 26, +C4<00000000000000000000000000101000>;
P_0xca6ca4100 .param/l "IMG_W" 0 3 25, +C4<00000000000000000000000001000000>;
P_0xca6ca4140 .param/l "RESP_BASE" 0 3 28, C4<00001000000000000000000000000000>;
P_0xca6ca4180 .param/l "SEG_BEATS" 1 3 33, +C4<000000000000000000000000000000001>;
P_0xca6ca41c0 .param/l "T" 0 3 27, +C4<00000000000000000000000000001000>;
P_0xca6ca4200 .param/l "TOT_BYTES" 1 3 34, +C4<0000000000000000000000000000000000000000000000000000000000000000000000000000000000000000000000000000000000000000000000000000000000000000000000000101000000000000>;
P_0xca6ca4240 .param/l "WC" 1 3 30, +C4<00000000000000000000000000001000>;
L_0xca6c38f50 .functor BUFZ 1, v0xca6d36b20_0, C4<0>, C4<0>, C4<0>;
v0xca6d369e0 .array "SIM", 255 0, 7 0;
v0xca6d36a80_0 .var/i "actv", 31 0;
v0xca6d36b20_0 .var "b_pend", 0 0;
v0xca6d36bc0_0 .var "beat_cnt", 5 0;
v0xca6d36c60_0 .var/i "blk", 31 0;
v0xca6d36d00_0 .var/i "bnd", 31 0;
v0xca6d36da0_0 .var "clk", 0 0;
v0xca6d36e40_0 .var/i "cll", 31 0;
v0xca6d36ee0_0 .var/i "cx", 31 0;
v0xca6d36f80_0 .var/i "err", 31 0;
v0xca6d37020_0 .var/i "exv", 31 0;
v0xca6d370c0 .array "in_mag", 16777215 0, 7 0;
v0xca6d37160_0 .net "irq_done", 0 0, L_0xca6c395e0;  1 drivers
v0xca6d37200_0 .var/i "j", 31 0;
v0xca6d372a0_0 .var "lfsr", 15 0;
v0xca6d37340_0 .var/i "lsb", 31 0;
v0xca6d373e0_0 .net "m_axi_awaddr", 31 0, L_0xca6c39490;  1 drivers
L_0xca687a068 .functor BUFT 1, C4<01>, C4<0>, C4<0>, C4<0>;
v0xca6d37480_0 .net "m_axi_awburst", 1 0, L_0xca687a068;  1 drivers
L_0xca6879fd8 .functor BUFT 1, C4<00000000>, C4<0>, C4<0>, C4<0>;
v0xca6d37520_0 .net "m_axi_awlen", 7 0, L_0xca6879fd8;  1 drivers
L_0xca6878010 .functor BUFT 1, C4<1>, C4<0>, C4<0>, C4<0>;
L_0xca68780a0 .functor BUFT 1, C4<1>, C4<0>, C4<0>, C4<0>;
RS_0xca6847e80 .resolv tri, L_0xca6878010, L_0xca68780a0;
v0xca6d375c0_0 .net8 "m_axi_awready", 0 0, RS_0xca6847e80;  2 drivers
L_0xca687a020 .functor BUFT 1, C4<011>, C4<0>, C4<0>, C4<0>;
v0xca6d37660_0 .net "m_axi_awsize", 2 0, L_0xca687a020;  1 drivers
v0xca6d37700_0 .net "m_axi_awvalid", 0 0, L_0xca70d6620;  1 drivers
L_0xca6878130 .functor BUFT 1, C4<1>, C4<0>, C4<0>, C4<0>;
L_0xca687a1d0 .functor BUFT 1, C4<1>, C4<0>, C4<0>, C4<0>;
RS_0xca6847f10 .resolv tri, L_0xca6878130, L_0xca687a1d0;
v0xca6d377a0_0 .net8 "m_axi_bready", 0 0, RS_0xca6847f10;  2 drivers
v0xca6d37840_0 .net "m_axi_bvalid", 0 0, L_0xca6c38f50;  1 drivers
v0xca6d378e0_0 .net "m_axi_wdata", 63 0, L_0xca6c39500;  1 drivers
v0xca6d37980_0 .net "m_axi_wlast", 0 0, L_0xca70e0150;  1 drivers
L_0xca6878058 .functor BUFT 1, C4<1>, C4<0>, C4<0>, C4<0>;
L_0xca68780e8 .functor BUFT 1, C4<1>, C4<0>, C4<0>, C4<0>;
RS_0xca6847fd0 .resolv tri, L_0xca6878058, L_0xca68780e8;
v0xca6d37a20_0 .net8 "m_axi_wready", 0 0, RS_0xca6847fd0;  2 drivers
v0xca6d37ac0_0 .net "m_axi_wstrb", 7 0, L_0xca6c39570;  1 drivers
v0xca6d37b60_0 .net "m_axi_wvalid", 0 0, L_0xca70d66c0;  1 drivers
v0xca6d37c00_0 .var/i "msb", 31 0;
v0xca6d37ca0_0 .var/i "oob", 31 0;
v0xca6d37d40_0 .var/i "ori", 31 0;
v0xca6d37de0_0 .var/i "rem2", 31 0;
v0xca6d37e80_0 .var/i "rm", 31 0;
v0xca6d37f20_0 .var "rst_n", 0 0;
v0xca6d38000_0 .var "s_axis_tdata", 7 0;
v0xca6d380a0_0 .var "s_axis_tlast", 0 0;
v0xca6d38140_0 .net "s_axis_tready", 0 0, L_0xca70d5e00;  1 drivers
v0xca6d381e0_0 .var "s_axis_tuser", 0 0;
v0xca6d38280_0 .var "s_axis_tvalid", 0 0;
v0xca6d38320_0 .var/i "tot", 31 0;
v0xca6d383c0_0 .var/i "xx", 31 0;
v0xca6d38460_0 .var/i "yy", 31 0;
S_0x104b60950 .scope module, "dut" "sbm_alg9_lut" 3 203, 4 42 0, S_0xca6c8c900;
 .timescale -9 -12;
    .port_info 0 /INPUT 1 "clk";
    .port_info 1 /INPUT 1 "rst_n";
    .port_info 2 /INPUT 1 "s_axis_tvalid";
    .port_info 3 /OUTPUT 1 "s_axis_tready";
    .port_info 4 /INPUT 8 "s_axis_tdata";
    .port_info 5 /INPUT 1 "s_axis_tuser";
    .port_info 6 /INPUT 1 "s_axis_tlast";
    .port_info 7 /OUTPUT 1 "m_axi_awvalid";
    .port_info 8 /INPUT 1 "m_axi_awready";
    .port_info 9 /OUTPUT 32 "m_axi_awaddr";
    .port_info 10 /OUTPUT 8 "m_axi_awlen";
    .port_info 11 /OUTPUT 3 "m_axi_awsize";
    .port_info 12 /OUTPUT 2 "m_axi_awburst";
    .port_info 13 /OUTPUT 1 "m_axi_wvalid";
    .port_info 14 /INPUT 1 "m_axi_wready";
    .port_info 15 /OUTPUT 64 "m_axi_wdata";
    .port_info 16 /OUTPUT 8 "m_axi_wstrb";
    .port_info 17 /OUTPUT 1 "m_axi_wlast";
    .port_info 18 /INPUT 1 "m_axi_bvalid";
    .port_info 19 /OUTPUT 1 "m_axi_bready";
    .port_info 20 /OUTPUT 1 "irq_done";
P_0xca6d20000 .param/l "BAND_DEPTH" 1 4 74, +C4<0000000000000000000000000000000000000000000000000000001000000000>;
P_0xca6d20040 .param/l "BAW" 1 4 82, +C4<00000000000000000000000000001010>;
P_0xca6d20080 .param/l "BCW" 1 4 83, +C4<00000000000000000000000000001010>;
P_0xca6d200c0 .param/l "CELLS" 1 4 73, +C4<0000000000000000000000000000000000000000000000000000000000101000>;
P_0xca6d20100 .param/l "CW" 1 4 80, +C4<00000000000000000000000000000111>;
P_0xca6d20140 .param/l "CXW" 1 4 86, +C4<00000000000000000000000000000100>;
P_0xca6d20180 .param/l "DCW" 1 4 85, +C4<00000000000000000000000000001010>;
P_0xca6d201c0 .param/l "DRAIN_CYCLES" 1 4 75, +C4<000000000000000000000000000000000000000000000000000000000000000000000000000000000000001000000000>;
P_0xca6d20200 .param/l "HC" 1 4 72, +C4<00000000000000000000000000000101>;
P_0xca6d20240 .param/l "HCW" 1 4 84, +C4<00000000000000000000000000000011>;
P_0xca6d20280 .param/l "IMG_H" 0 4 44, +C4<00000000000000000000000000101000>;
P_0xca6d202c0 .param/l "IMG_W" 0 4 43, +C4<00000000000000000000000001000000>;
P_0xca6d20300 .param/l "PFW" 1 4 89, +C4<00000000000000000000000000000001110>;
P_0xca6d20340 .param/l "PW" 1 4 79, +C4<00000000000000000000000000001100>;
P_0xca6d20380 .param/l "QW" 1 4 87, +C4<00000000000000000000000000000110>;
P_0xca6d203c0 .param/l "REQ_FIFO_DEPTH" 0 4 47, +C4<00000000000000000000000000100000>;
P_0xca6d20400 .param/l "RESP_BASE" 0 4 46, C4<00001000000000000000000000000000>;
P_0xca6d20440 .param/l "RIDXW" 1 4 88, +C4<00000000000000000000000000000010>;
P_0xca6d20480 .param/l "RW" 1 4 81, +C4<00000000000000000000000000000110>;
P_0xca6d204c0 .param/l "SEG_BEATS" 1 4 77, +C4<000000000000000000000000000000001>;
P_0xca6d20500 .param/l "SEG_BUFS" 0 4 48, +C4<00000000000000000000000000000100>;
P_0xca6d20540 .param/l "SEG_LEN" 1 4 76, +C4<00000000000000000000000000001000>;
P_0xca6d20580 .param/l "T" 0 4 45, +C4<00000000000000000000000000001000>;
P_0xca6d205c0 .param/l "WC" 1 4 71, +C4<00000000000000000000000000001000>;
P_0xca6d20600 .param/l "WR_AW" 1 4 359, C4<001>;
P_0xca6d20640 .param/l "WR_B" 1 4 359, C4<011>;
P_0xca6d20680 .param/l "WR_IDLE" 1 4 359, C4<000>;
P_0xca6d206c0 .param/l "WR_W" 1 4 359, C4<010>;
L_0xca702b870 .functor AND 1, v0xca6d38280_0, L_0xca70d5e00, C4<1>, C4<1>;
L_0xca702b8e0 .functor AND 1, L_0xca702b870, v0xca6d381e0_0, C4<1>, C4<1>;
L_0xca702b950 .functor AND 1, L_0xca70d5040, L_0xca70d50e0, C4<1>, C4<1>;
L_0xca702b9c0 .functor OR 1, L_0xca70d4fa0, L_0xca702b950, C4<0>, C4<0>;
L_0xca702ba30 .functor OR 1, v0xca6d337a0_0, L_0xca702b8e0, C4<0>, C4<0>;
L_0xca702baa0 .functor AND 1, L_0xca702ba30, L_0xca702b870, C4<1>, C4<1>;
L_0xca702bb10 .functor AND 1, L_0xca70d5180, L_0xca70d5220, C4<1>, C4<1>;
L_0xca702bb80 .functor AND 1, L_0xca70d52c0, L_0xca70d5400, C4<1>, C4<1>;
L_0xca702bbf0 .functor AND 1, L_0xca702bb80, L_0xca70d54a0, C4<1>, C4<1>;
L_0xca6879720 .functor BUFT 1, C4<00000000000000000000000000000111>, C4<0>, C4<0>, C4<0>;
L_0xca702bc60 .functor AND 32, L_0xca6cae580, L_0xca6879720, C4<11111111111111111111111111111111>, C4<11111111111111111111111111111111>;
L_0xca702bcd0 .functor AND 1, v0xca6d33340_0, L_0xca70d5900, C4<1>, C4<1>;
L_0xca702bd40 .functor AND 1, v0xca6d38280_0, v0xca6d381e0_0, C4<1>, C4<1>;
L_0xca702bdb0 .functor OR 1, L_0xca70d5cc0, L_0xca70d5d60, C4<0>, C4<0>;
L_0xca6879a80 .functor BUFT 1, C4<0>, C4<0>, C4<0>, C4<0>;
L_0xca702be20 .functor XNOR 1, L_0xca707aee0, L_0xca6879a80, C4<0>, C4<0>;
L_0xca702be90 .functor AND 1, L_0xca702baa0, L_0xca702be20, C4<1>, C4<1>;
L_0xca6879b10 .functor BUFT 1, C4<0>, C4<0>, C4<0>, C4<0>;
L_0xca702bf00 .functor XNOR 1, v0xca6d33160_0, L_0xca6879b10, C4<0>, C4<0>;
L_0xca702bf70 .functor AND 1, L_0xca702bcd0, L_0xca702bf00, C4<1>, C4<1>;
L_0xca6879be8 .functor BUFT 1, C4<1>, C4<0>, C4<0>, C4<0>;
L_0xca70dc000 .functor XNOR 1, L_0xca707aee0, L_0xca6879be8, C4<0>, C4<0>;
L_0xca70e0000 .functor AND 1, L_0xca702baa0, L_0xca70dc000, C4<1>, C4<1>;
L_0xca6879c78 .functor BUFT 1, C4<1>, C4<0>, C4<0>, C4<0>;
L_0xca70e0070 .functor XNOR 1, v0xca6d33160_0, L_0xca6879c78, C4<0>, C4<0>;
L_0xca70e00e0 .functor AND 1, L_0xca702bcd0, L_0xca70e0070, C4<1>, C4<1>;
L_0xca6c39490 .functor BUFZ 32, L_0xca70d6580, C4<00000000000000000000000000000000>, C4<00000000000000000000000000000000>, C4<00000000000000000000000000000000>;
L_0xca6c39500 .functor BUFZ 64, v0xca6d363a0_0, C4<0000000000000000000000000000000000000000000000000000000000000000>, C4<0000000000000000000000000000000000000000000000000000000000000000>, C4<0000000000000000000000000000000000000000000000000000000000000000>;
L_0xca6c39570 .functor BUFZ 8, v0xca6d366c0_0, C4<00000000>, C4<00000000>, C4<00000000>;
L_0xca70e0150 .functor AND 1, L_0xca70d6760, L_0xca70d6800, C4<1>, C4<1>;
L_0xca6c395e0 .functor BUFZ 1, v0xca6d33020_0, C4<0>, C4<0>, C4<0>;
v0xca6d2af80 .array "SIM", 255 0, 7 0;
v0xca6d2b020_0 .net *"_ivl_101", 31 0, L_0xca70d5680;  1 drivers
v0xca6d2b0c0_0 .net *"_ivl_102", 31 0, L_0xca6cae620;  1 drivers
L_0xca68797b0 .functor BUFT 1, C4<0000000000000000000000000>, C4<0>, C4<0>, C4<0>;
v0xca6d2b160_0 .net *"_ivl_105", 24 0, L_0xca68797b0;  1 drivers
v0xca6d2b200_0 .net *"_ivl_106", 31 0, L_0xca70d5720;  1 drivers
v0xca6d2b2a0_0 .net *"_ivl_110", 31 0, L_0xca6cae6c0;  1 drivers
L_0xca68797f8 .functor BUFT 1, C4<00000000000000000000000000>, C4<0>, C4<0>, C4<0>;
v0xca6d2b340_0 .net *"_ivl_113", 25 0, L_0xca68797f8;  1 drivers
L_0xca6879840 .functor BUFT 1, C4<00000000000000000000000000001000>, C4<0>, C4<0>, C4<0>;
v0xca6d2b3e0_0 .net/2u *"_ivl_114", 31 0, L_0xca6879840;  1 drivers
v0xca6d2b480_0 .net *"_ivl_119", 0 0, L_0xca70d5900;  1 drivers
L_0xca6879408 .functor BUFT 1, C4<0>, C4<0>, C4<0>, C4<0>;
v0xca6d2b520_0 .net/2u *"_ivl_12", 0 0, L_0xca6879408;  1 drivers
v0xca6d2b5c0_0 .net *"_ivl_122", 31 0, L_0xca6cae760;  1 drivers
L_0xca6879888 .functor BUFT 1, C4<00000000000000000000000000000>, C4<0>, C4<0>, C4<0>;
v0xca6d2b660_0 .net *"_ivl_125", 28 0, L_0xca6879888;  1 drivers
L_0xca68798d0 .functor BUFT 1, C4<00000000000000000000000001000000>, C4<0>, C4<0>, C4<0>;
v0xca6d2b700_0 .net/2u *"_ivl_126", 31 0, L_0xca68798d0;  1 drivers
v0xca6d2b7a0_0 .net *"_ivl_129", 31 0, L_0xca70d59a0;  1 drivers
v0xca6d2b840_0 .net *"_ivl_130", 31 0, L_0xca6cae800;  1 drivers
L_0xca6879918 .functor BUFT 1, C4<0000000000000000000000000000>, C4<0>, C4<0>, C4<0>;
v0xca6d2b8e0_0 .net *"_ivl_133", 27 0, L_0xca6879918;  1 drivers
L_0xca6879960 .functor BUFT 1, C4<00000000000000000000000000001000>, C4<0>, C4<0>, C4<0>;
v0xca6d2b980_0 .net/2u *"_ivl_134", 31 0, L_0xca6879960;  1 drivers
v0xca6d2ba20_0 .net *"_ivl_137", 31 0, L_0xca70d5a40;  1 drivers
v0xca6d2bac0_0 .net *"_ivl_138", 31 0, L_0xca70d5ae0;  1 drivers
v0xca6d2bb60_0 .net *"_ivl_140", 31 0, L_0xca6cae8a0;  1 drivers
L_0xca68799a8 .functor BUFT 1, C4<00000000000000000000000000000>, C4<0>, C4<0>, C4<0>;
v0xca6d2bc00_0 .net *"_ivl_143", 28 0, L_0xca68799a8;  1 drivers
v0xca6d2bca0_0 .net *"_ivl_144", 31 0, L_0xca70d5b80;  1 drivers
L_0xca68799f0 .functor BUFT 1, C4<0>, C4<0>, C4<0>, C4<0>;
v0xca6d2bd40_0 .net/2u *"_ivl_150", 0 0, L_0xca68799f0;  1 drivers
v0xca6d2bde0_0 .net *"_ivl_155", 0 0, L_0xca70d5cc0;  1 drivers
v0xca6d2be80_0 .net *"_ivl_157", 0 0, L_0xca70d5d60;  1 drivers
v0xca6d2bf20_0 .net *"_ivl_159", 0 0, L_0xca702bdb0;  1 drivers
L_0xca6879450 .functor BUFT 1, C4<0>, C4<0>, C4<0>, C4<0>;
v0xca6d30000_0 .net/2u *"_ivl_16", 0 0, L_0xca6879450;  1 drivers
v0xca6d300a0_0 .net/2u *"_ivl_164", 0 0, L_0xca6879a80;  1 drivers
v0xca6d30140_0 .net *"_ivl_166", 0 0, L_0xca702be20;  1 drivers
L_0xca6879ac8 .functor BUFT 1, C4<0000000000000000000000>, C4<0>, C4<0>, C4<0>;
v0xca6d301e0_0 .net *"_ivl_173", 21 0, L_0xca6879ac8;  1 drivers
v0xca6d30280_0 .net/2u *"_ivl_175", 0 0, L_0xca6879b10;  1 drivers
v0xca6d30320_0 .net *"_ivl_177", 0 0, L_0xca702bf00;  1 drivers
L_0xca6879498 .functor BUFT 1, C4<1>, C4<0>, C4<0>, C4<0>;
v0xca6d303c0_0 .net/2u *"_ivl_18", 0 0, L_0xca6879498;  1 drivers
L_0xca6879b58 .functor BUFT 1, C4<0000000000000000000000>, C4<0>, C4<0>, C4<0>;
v0xca6d30460_0 .net *"_ivl_184", 21 0, L_0xca6879b58;  1 drivers
v0xca6d30500_0 .net/2u *"_ivl_188", 0 0, L_0xca6879be8;  1 drivers
v0xca6d305a0_0 .net *"_ivl_190", 0 0, L_0xca70dc000;  1 drivers
L_0xca6879c30 .functor BUFT 1, C4<0000000000000000000000>, C4<0>, C4<0>, C4<0>;
v0xca6d30640_0 .net *"_ivl_197", 21 0, L_0xca6879c30;  1 drivers
v0xca6d306e0_0 .net/2u *"_ivl_199", 0 0, L_0xca6879c78;  1 drivers
v0xca6d30780_0 .net *"_ivl_201", 0 0, L_0xca70e0070;  1 drivers
L_0xca6879cc0 .functor BUFT 1, C4<0000000000000000000000>, C4<0>, C4<0>, C4<0>;
v0xca6d30820_0 .net *"_ivl_208", 21 0, L_0xca6879cc0;  1 drivers
L_0xca6879d08 .functor BUFT 1, C4<000000>, C4<0>, C4<0>, C4<0>;
v0xca6d308c0_0 .net/2u *"_ivl_210", 5 0, L_0xca6879d08;  1 drivers
L_0xca68794e0 .functor BUFT 1, C4<000>, C4<0>, C4<0>, C4<0>;
v0xca6d30960_0 .net/2u *"_ivl_22", 2 0, L_0xca68794e0;  1 drivers
L_0xca6879d50 .functor BUFT 1, C4<0000000000000000000000000000000000001000000000000000000000000000>, C4<0>, C4<0>, C4<0>;
v0xca6d30a00_0 .net/2u *"_ivl_224", 63 0, L_0xca6879d50;  1 drivers
L_0xca6879d98 .functor BUFT 1, C4<00000000000000000000000>, C4<0>, C4<0>, C4<0>;
v0xca6d30aa0_0 .net/2u *"_ivl_226", 22 0, L_0xca6879d98;  1 drivers
v0xca6d30b40_0 .net *"_ivl_228", 25 0, L_0xca6caebc0;  1 drivers
v0xca6d30be0_0 .net *"_ivl_230", 63 0, L_0xca6caec60;  1 drivers
L_0xca6879de0 .functor BUFT 1, C4<00000000000000000000000000000000000000>, C4<0>, C4<0>, C4<0>;
v0xca6d30c80_0 .net *"_ivl_233", 37 0, L_0xca6879de0;  1 drivers
L_0xca6879e28 .functor BUFT 1, C4<0000000000000000000000000000000000000000000000000000000001000000>, C4<0>, C4<0>, C4<0>;
v0xca6d30d20_0 .net/2u *"_ivl_234", 63 0, L_0xca6879e28;  1 drivers
v0xca6d30dc0_0 .net *"_ivl_237", 63 0, L_0xca70d61c0;  1 drivers
v0xca6d30e60_0 .net *"_ivl_238", 63 0, L_0xca6caed00;  1 drivers
L_0xca6879e70 .functor BUFT 1, C4<0000000000000000000000000000000000000000000000000000000000>, C4<0>, C4<0>, C4<0>;
v0xca6d30f00_0 .net *"_ivl_241", 57 0, L_0xca6879e70;  1 drivers
v0xca6d30fa0_0 .net *"_ivl_242", 63 0, L_0xca70d6260;  1 drivers
L_0xca6879eb8 .functor BUFT 1, C4<0000000000000000000000000000000000000000000000000000000000101000>, C4<0>, C4<0>, C4<0>;
v0xca6d31040_0 .net/2u *"_ivl_244", 63 0, L_0xca6879eb8;  1 drivers
v0xca6d310e0_0 .net *"_ivl_247", 63 0, L_0xca70d6300;  1 drivers
v0xca6d31180_0 .net *"_ivl_248", 63 0, L_0xca70d63a0;  1 drivers
v0xca6d31220_0 .net *"_ivl_250", 63 0, L_0xca6caeda0;  1 drivers
L_0xca6879f00 .functor BUFT 1, C4<0000000000000000000000000000000000000000000000000000000000000>, C4<0>, C4<0>, C4<0>;
v0xca6d312c0_0 .net *"_ivl_253", 60 0, L_0xca6879f00;  1 drivers
L_0xca6879f48 .functor BUFT 1, C4<0000000000000000000000000000000000000000000000000000000000001000>, C4<0>, C4<0>, C4<0>;
v0xca6d31360_0 .net/2u *"_ivl_254", 63 0, L_0xca6879f48;  1 drivers
v0xca6d31400_0 .net *"_ivl_257", 63 0, L_0xca70d6440;  1 drivers
v0xca6d314a0_0 .net *"_ivl_258", 63 0, L_0xca70d64e0;  1 drivers
v0xca6d31540_0 .net *"_ivl_26", 63 0, L_0xca6cae300;  1 drivers
L_0xca6879f90 .functor BUFT 1, C4<001>, C4<0>, C4<0>, C4<0>;
v0xca6d315e0_0 .net/2u *"_ivl_262", 2 0, L_0xca6879f90;  1 drivers
L_0xca687a0b0 .functor BUFT 1, C4<010>, C4<0>, C4<0>, C4<0>;
v0xca6d31680_0 .net/2u *"_ivl_274", 2 0, L_0xca687a0b0;  1 drivers
L_0xca687a0f8 .functor BUFT 1, C4<010>, C4<0>, C4<0>, C4<0>;
v0xca6d31720_0 .net/2u *"_ivl_282", 2 0, L_0xca687a0f8;  1 drivers
v0xca6d317c0_0 .net *"_ivl_284", 0 0, L_0xca70d6760;  1 drivers
v0xca6d31860_0 .net *"_ivl_286", 32 0, L_0xca6caee40;  1 drivers
L_0xca687a140 .functor BUFT 1, C4<0000000000000000000000000>, C4<0>, C4<0>, C4<0>;
v0xca6d31900_0 .net *"_ivl_289", 24 0, L_0xca687a140;  1 drivers
L_0xca6879528 .functor BUFT 1, C4<000000000000000000000000000000000000000000000000000000>, C4<0>, C4<0>, C4<0>;
v0xca6d319a0_0 .net *"_ivl_29", 53 0, L_0xca6879528;  1 drivers
L_0xca687a188 .functor BUFT 1, C4<000000000000000000000000000000000>, C4<0>, C4<0>, C4<0>;
v0xca6d31a40_0 .net/2u *"_ivl_290", 32 0, L_0xca687a188;  1 drivers
v0xca6d31ae0_0 .net *"_ivl_292", 0 0, L_0xca70d6800;  1 drivers
L_0xca6879570 .functor BUFT 1, C4<0000000000000000000000000000000000000000000000000000000111111111>, C4<0>, C4<0>, C4<0>;
v0xca6d31b80_0 .net/2u *"_ivl_30", 63 0, L_0xca6879570;  1 drivers
v0xca6d31c20_0 .net *"_ivl_34", 31 0, L_0xca6cae3a0;  1 drivers
L_0xca68795b8 .functor BUFT 1, C4<00000000000000000000000000>, C4<0>, C4<0>, C4<0>;
v0xca6d31cc0_0 .net *"_ivl_37", 25 0, L_0xca68795b8;  1 drivers
L_0xca6879600 .functor BUFT 1, C4<00000000000000000000000000100111>, C4<0>, C4<0>, C4<0>;
v0xca6d31d60_0 .net/2u *"_ivl_38", 31 0, L_0xca6879600;  1 drivers
L_0xca6879378 .functor BUFT 1, C4<0000000>, C4<0>, C4<0>, C4<0>;
v0xca6d31e00_0 .net/2u *"_ivl_4", 6 0, L_0xca6879378;  1 drivers
v0xca6d31ea0_0 .net *"_ivl_40", 0 0, L_0xca70d5040;  1 drivers
v0xca6d31f40_0 .net *"_ivl_42", 31 0, L_0xca6cae440;  1 drivers
L_0xca6879648 .functor BUFT 1, C4<0000000000000000000000000>, C4<0>, C4<0>, C4<0>;
v0xca6d31fe0_0 .net *"_ivl_45", 24 0, L_0xca6879648;  1 drivers
L_0xca6879690 .functor BUFT 1, C4<00000000000000000000000000111111>, C4<0>, C4<0>, C4<0>;
v0xca6d32080_0 .net/2u *"_ivl_46", 31 0, L_0xca6879690;  1 drivers
v0xca6d32120_0 .net *"_ivl_48", 0 0, L_0xca70d50e0;  1 drivers
v0xca6d321c0_0 .net *"_ivl_55", 0 0, L_0xca702ba30;  1 drivers
v0xca6d32260_0 .net *"_ivl_59", 0 0, L_0xca70d5180;  1 drivers
v0xca6d32300_0 .net *"_ivl_61", 0 0, L_0xca70d5220;  1 drivers
v0xca6d323a0_0 .net *"_ivl_65", 0 0, L_0xca70d52c0;  1 drivers
v0xca6d32440_0 .net *"_ivl_67", 0 0, L_0xca70d5360;  1 drivers
v0xca6d324e0_0 .net *"_ivl_69", 0 0, L_0xca70d5400;  1 drivers
v0xca6d32580_0 .net *"_ivl_71", 0 0, L_0xca702bb80;  1 drivers
v0xca6d32620_0 .net *"_ivl_73", 0 0, L_0xca70d54a0;  1 drivers
L_0xca68793c0 .functor BUFT 1, C4<000000>, C4<0>, C4<0>, C4<0>;
v0xca6d326c0_0 .net/2u *"_ivl_8", 5 0, L_0xca68793c0;  1 drivers
v0xca6d32760_0 .net *"_ivl_90", 31 0, L_0xca6cae580;  1 drivers
L_0xca68796d8 .functor BUFT 1, C4<00000000000000000000000000>, C4<0>, C4<0>, C4<0>;
v0xca6d32800_0 .net *"_ivl_93", 25 0, L_0xca68796d8;  1 drivers
v0xca6d328a0_0 .net/2u *"_ivl_94", 31 0, L_0xca6879720;  1 drivers
v0xca6d32940_0 .net *"_ivl_96", 31 0, L_0xca702bc60;  1 drivers
L_0xca6879768 .functor BUFT 1, C4<00000000000000000000000001000000>, C4<0>, C4<0>, C4<0>;
v0xca6d329e0_0 .net/2u *"_ivl_98", 31 0, L_0xca6879768;  1 drivers
v0xca6d32a80_0 .var "band_cnt", 9 0;
v0xca6d32b20_0 .var "band_cur", 2 0;
v0xca6d32bc0_0 .var "band_filled", 1 0;
v0xca6d32c60_0 .net "band_last", 0 0, L_0xca70d4fa0;  1 drivers
v0xca6d32d00_0 .var "band_par", 0 0;
v0xca6d32da0 .array "bank_band", 1 0, 2 0;
v0xca6d32e40_0 .net "clk", 0 0, v0xca6d36da0_0;  1 drivers
v0xca6d32ee0_0 .var "cur_col", 6 0;
v0xca6d32f80_0 .var "cur_row", 5 0;
v0xca6d33020_0 .var "done_r", 0 0;
v0xca6d330c0_0 .var "drain_band", 2 0;
v0xca6d33160_0 .var "drain_bank", 0 0;
v0xca6d33200_0 .var "drain_cnt", 9 0;
v0xca6d332a0_0 .net "drain_go", 0 0, L_0xca702bcd0;  1 drivers
v0xca6d33340_0 .var "drain_on", 0 0;
v0xca6d333e0_0 .var "draining", 1 0;
v0xca6d33480_0 .net "eff_bcur", 2 0, L_0xca707b020;  1 drivers
v0xca6d33520_0 .net "eff_bcur_", 0 0, L_0xca707af80;  1 drivers
v0xca6d335c0_0 .net "eff_bpar", 0 0, L_0xca707aee0;  1 drivers
v0xca6d33660_0 .net "eff_col", 6 0, L_0xca707ada0;  1 drivers
v0xca6d33700_0 .net "eff_row", 5 0, L_0xca707ae40;  1 drivers
v0xca6d337a0_0 .var "fill_active", 0 0;
v0xca6d33840_0 .net "frame_head", 0 0, L_0xca702bd40;  1 drivers
v0xca6d338e0_0 .net "frame_last", 0 0, L_0xca702b950;  1 drivers
v0xca6d33980_0 .var "frame_seen", 0 0;
v0xca6d33a20_0 .net "frame_start", 0 0, L_0xca702b8e0;  1 drivers
v0xca6d33ac0_0 .net "irq_done", 0 0, L_0xca6c395e0;  alias, 1 drivers
v0xca6d33b60_0 .net "m_axi_awaddr", 31 0, L_0xca6c39490;  alias, 1 drivers
v0xca6d33c00_0 .net "m_axi_awburst", 1 0, L_0xca687a068;  alias, 1 drivers
v0xca6d33ca0_0 .net "m_axi_awlen", 7 0, L_0xca6879fd8;  alias, 1 drivers
v0xca6d33d40_0 .net8 "m_axi_awready", 0 0, RS_0xca6847e80;  alias, 2 drivers
v0xca6d33de0_0 .net "m_axi_awsize", 2 0, L_0xca687a020;  alias, 1 drivers
v0xca6d33e80_0 .net "m_axi_awvalid", 0 0, L_0xca70d6620;  alias, 1 drivers
v0xca6d33f20_0 .net8 "m_axi_bready", 0 0, RS_0xca6847f10;  alias, 2 drivers
v0xca6d34000_0 .net "m_axi_bvalid", 0 0, L_0xca6c38f50;  alias, 1 drivers
v0xca6d340a0_0 .net "m_axi_wdata", 63 0, L_0xca6c39500;  alias, 1 drivers
v0xca6d34140_0 .net "m_axi_wlast", 0 0, L_0xca70e0150;  alias, 1 drivers
v0xca6d341e0_0 .net8 "m_axi_wready", 0 0, RS_0xca6847fd0;  alias, 2 drivers
v0xca6d34280_0 .net "m_axi_wstrb", 7 0, L_0xca6c39570;  alias, 1 drivers
v0xca6d34320_0 .net "m_axi_wvalid", 0 0, L_0xca70d66c0;  alias, 1 drivers
v0xca6d343c0_0 .var/i "oi", 31 0;
v0xca6d34460_0 .var "pop_en", 0 0;
v0xca6d34500_0 .var "push_en", 0 0;
v0xca6d345a0_0 .net "px_accept", 0 0, L_0xca702b870;  1 drivers
v0xca6d34640_0 .var "px_cnt", 11 0;
v0xca6d346e0_0 .net "px_tail", 0 0, L_0xca702b9c0;  1 drivers
v0xca6d34780_0 .var "rd_band_d", 2 0;
v0xca6d34820_0 .var "rd_band_r", 2 0;
v0xca6d348c0_0 .var "rd_block_d", 5 0;
v0xca6d34960_0 .var "rd_block_r", 5 0;
v0xca6d34a00_0 .var "rd_cx", 3 0;
v0xca6d34aa0_0 .var "rd_cx_d", 3 0;
v0xca6d34b40_0 .var "rd_cx_r", 3 0;
v0xca6d34be0_0 .net "rd_data0", 63 0, L_0xca6c39340;  1 drivers
v0xca6d34c80_0 .net "rd_data1", 63 0, L_0xca6c393b0;  1 drivers
v0xca6d34d20_0 .var "rd_data_d", 63 0;
v0xca6d34dc0_0 .var "rd_gx", 2 0;
v0xca6d34e60_0 .var "rd_gy", 2 0;
v0xca6d34f00_0 .var "rd_vld_d", 0 0;
v0xca6d34fa0_0 .var "rd_vld_r", 0 0;
v0xca6d35040_0 .var "req_cnt", 5 0;
v0xca6d350e0_0 .net "req_empty", 0 0, L_0xca70d5ea0;  1 drivers
v0xca6d35180 .array "req_fifo", 31 0, 13 0;
v0xca6d35220_0 .net "req_full", 0 0, L_0xca70d5860;  1 drivers
v0xca6d352c0_0 .var "req_rd", 5 0;
v0xca6d35360_0 .var "req_wr", 5 0;
v0xca6d35400 .array "resp", 7 0;
v0xca6d35400_0 .net v0xca6d35400 0, 7 0, L_0xca707a8a0; 1 drivers
v0xca6d35400_1 .net v0xca6d35400 1, 7 0, L_0xca707a940; 1 drivers
v0xca6d35400_2 .net v0xca6d35400 2, 7 0, L_0xca707a9e0; 1 drivers
v0xca6d35400_3 .net v0xca6d35400 3, 7 0, L_0xca707aa80; 1 drivers
v0xca6d35400_4 .net v0xca6d35400 4, 7 0, L_0xca707ab20; 1 drivers
v0xca6d35400_5 .net v0xca6d35400 5, 7 0, L_0xca707abc0; 1 drivers
v0xca6d35400_6 .net v0xca6d35400 6, 7 0, L_0xca707ac60; 1 drivers
v0xca6d35400_7 .net v0xca6d35400 7, 7 0, L_0xca707ad00; 1 drivers
v0xca6d354a0_0 .net "rst_n", 0 0, v0xca6d37f20_0;  1 drivers
v0xca6d35540_0 .net "s_axis_tdata", 7 0, v0xca6d38000_0;  1 drivers
v0xca6d355e0_0 .net "s_axis_tlast", 0 0, v0xca6d380a0_0;  1 drivers
v0xca6d35680_0 .net "s_axis_tready", 0 0, L_0xca70d5e00;  alias, 1 drivers
v0xca6d35720_0 .net "s_axis_tuser", 0 0, v0xca6d381e0_0;  1 drivers
v0xca6d357c0_0 .net "s_axis_tvalid", 0 0, v0xca6d38280_0;  1 drivers
v0xca6d35860 .array "seg_buf", 255 0, 7 0;
v0xca6d35900_0 .var "seg_slot", 1 0;
v0xca6d359a0_0 .net "tready_bpar", 0 0, L_0xca707b0c0;  1 drivers
v0xca6d35a40_0 .net "w_drain_req0", 0 0, L_0xca702bb10;  1 drivers
v0xca6d35ae0_0 .net "w_drain_req1", 0 0, L_0xca702bbf0;  1 drivers
v0xca6d35b80_0 .net "w_lsb", 3 0, L_0xca70d5540;  1 drivers
v0xca6d35c20_0 .net "w_msb", 3 0, L_0xca70d55e0;  1 drivers
v0xca6d35cc0_0 .net "w_rdaddr", 9 0, L_0xca70d5c20;  1 drivers
v0xca6d35d60_0 .net "w_req", 13 0, v0xca6d36080_0;  1 drivers
v0xca6d35e00_0 .net "w_req_addr", 31 0, L_0xca70d6580;  1 drivers
v0xca6d35ea0_0 .net "w_req_band", 2 0, L_0xca70d6120;  1 drivers
v0xca6d35f40_0 .net "w_req_blk", 5 0, L_0xca70d6080;  1 drivers
v0xca6d35fe0_0 .net "w_req_ori", 2 0, L_0xca70d5fe0;  1 drivers
v0xca6d36080_0 .var "w_req_r", 13 0;
v0xca6d36120_0 .net "w_req_slot", 1 0, L_0xca70d5f40;  1 drivers
v0xca6d361c0_0 .net "w_wraddr", 9 0, L_0xca70d57c0;  1 drivers
v0xca6d36260_0 .net "w_wrdata", 63 0, L_0xca6cae4e0;  1 drivers
v0xca6d36300_0 .var/i "wb", 31 0;
v0xca6d363a0_0 .var "wdata_r", 63 0;
v0xca6d36440_0 .net "wen", 0 0, L_0xca702baa0;  1 drivers
v0xca6d364e0_0 .var "wr_beat", 7 0;
v0xca6d36580_0 .var "wr_pop", 0 0;
v0xca6d36620_0 .var "wr_state", 2 0;
v0xca6d366c0_0 .var "wstrb_r", 7 0;
E_0xca6cf3440/0 .event negedge, v0xca6d354a0_0;
E_0xca6cf3440/1 .event posedge, v0xca6d2a080_0;
E_0xca6cf3440 .event/or E_0xca6cf3440/0, E_0xca6cf3440/1;
E_0xca6cf3480 .event anyedge, v0xca6d364e0_0;
v0xca6d35860_0 .array/port v0xca6d35860, 0;
E_0xca6cf34c0/0 .event anyedge, v0xca6d364e0_0, v0xca6d35fe0_0, v0xca6d36120_0, v0xca6d35860_0;
v0xca6d35860_1 .array/port v0xca6d35860, 1;
v0xca6d35860_2 .array/port v0xca6d35860, 2;
v0xca6d35860_3 .array/port v0xca6d35860, 3;
v0xca6d35860_4 .array/port v0xca6d35860, 4;
E_0xca6cf34c0/1 .event anyedge, v0xca6d35860_1, v0xca6d35860_2, v0xca6d35860_3, v0xca6d35860_4;
v0xca6d35860_5 .array/port v0xca6d35860, 5;
v0xca6d35860_6 .array/port v0xca6d35860, 6;
v0xca6d35860_7 .array/port v0xca6d35860, 7;
v0xca6d35860_8 .array/port v0xca6d35860, 8;
E_0xca6cf34c0/2 .event anyedge, v0xca6d35860_5, v0xca6d35860_6, v0xca6d35860_7, v0xca6d35860_8;
v0xca6d35860_9 .array/port v0xca6d35860, 9;
v0xca6d35860_10 .array/port v0xca6d35860, 10;
v0xca6d35860_11 .array/port v0xca6d35860, 11;
v0xca6d35860_12 .array/port v0xca6d35860, 12;
E_0xca6cf34c0/3 .event anyedge, v0xca6d35860_9, v0xca6d35860_10, v0xca6d35860_11, v0xca6d35860_12;
v0xca6d35860_13 .array/port v0xca6d35860, 13;
v0xca6d35860_14 .array/port v0xca6d35860, 14;
v0xca6d35860_15 .array/port v0xca6d35860, 15;
v0xca6d35860_16 .array/port v0xca6d35860, 16;
E_0xca6cf34c0/4 .event anyedge, v0xca6d35860_13, v0xca6d35860_14, v0xca6d35860_15, v0xca6d35860_16;
v0xca6d35860_17 .array/port v0xca6d35860, 17;
v0xca6d35860_18 .array/port v0xca6d35860, 18;
v0xca6d35860_19 .array/port v0xca6d35860, 19;
v0xca6d35860_20 .array/port v0xca6d35860, 20;
E_0xca6cf34c0/5 .event anyedge, v0xca6d35860_17, v0xca6d35860_18, v0xca6d35860_19, v0xca6d35860_20;
v0xca6d35860_21 .array/port v0xca6d35860, 21;
v0xca6d35860_22 .array/port v0xca6d35860, 22;
v0xca6d35860_23 .array/port v0xca6d35860, 23;
v0xca6d35860_24 .array/port v0xca6d35860, 24;
E_0xca6cf34c0/6 .event anyedge, v0xca6d35860_21, v0xca6d35860_22, v0xca6d35860_23, v0xca6d35860_24;
v0xca6d35860_25 .array/port v0xca6d35860, 25;
v0xca6d35860_26 .array/port v0xca6d35860, 26;
v0xca6d35860_27 .array/port v0xca6d35860, 27;
v0xca6d35860_28 .array/port v0xca6d35860, 28;
E_0xca6cf34c0/7 .event anyedge, v0xca6d35860_25, v0xca6d35860_26, v0xca6d35860_27, v0xca6d35860_28;
v0xca6d35860_29 .array/port v0xca6d35860, 29;
v0xca6d35860_30 .array/port v0xca6d35860, 30;
v0xca6d35860_31 .array/port v0xca6d35860, 31;
v0xca6d35860_32 .array/port v0xca6d35860, 32;
E_0xca6cf34c0/8 .event anyedge, v0xca6d35860_29, v0xca6d35860_30, v0xca6d35860_31, v0xca6d35860_32;
v0xca6d35860_33 .array/port v0xca6d35860, 33;
v0xca6d35860_34 .array/port v0xca6d35860, 34;
v0xca6d35860_35 .array/port v0xca6d35860, 35;
v0xca6d35860_36 .array/port v0xca6d35860, 36;
E_0xca6cf34c0/9 .event anyedge, v0xca6d35860_33, v0xca6d35860_34, v0xca6d35860_35, v0xca6d35860_36;
v0xca6d35860_37 .array/port v0xca6d35860, 37;
v0xca6d35860_38 .array/port v0xca6d35860, 38;
v0xca6d35860_39 .array/port v0xca6d35860, 39;
v0xca6d35860_40 .array/port v0xca6d35860, 40;
E_0xca6cf34c0/10 .event anyedge, v0xca6d35860_37, v0xca6d35860_38, v0xca6d35860_39, v0xca6d35860_40;
v0xca6d35860_41 .array/port v0xca6d35860, 41;
v0xca6d35860_42 .array/port v0xca6d35860, 42;
v0xca6d35860_43 .array/port v0xca6d35860, 43;
v0xca6d35860_44 .array/port v0xca6d35860, 44;
E_0xca6cf34c0/11 .event anyedge, v0xca6d35860_41, v0xca6d35860_42, v0xca6d35860_43, v0xca6d35860_44;
v0xca6d35860_45 .array/port v0xca6d35860, 45;
v0xca6d35860_46 .array/port v0xca6d35860, 46;
v0xca6d35860_47 .array/port v0xca6d35860, 47;
v0xca6d35860_48 .array/port v0xca6d35860, 48;
E_0xca6cf34c0/12 .event anyedge, v0xca6d35860_45, v0xca6d35860_46, v0xca6d35860_47, v0xca6d35860_48;
v0xca6d35860_49 .array/port v0xca6d35860, 49;
v0xca6d35860_50 .array/port v0xca6d35860, 50;
v0xca6d35860_51 .array/port v0xca6d35860, 51;
v0xca6d35860_52 .array/port v0xca6d35860, 52;
E_0xca6cf34c0/13 .event anyedge, v0xca6d35860_49, v0xca6d35860_50, v0xca6d35860_51, v0xca6d35860_52;
v0xca6d35860_53 .array/port v0xca6d35860, 53;
v0xca6d35860_54 .array/port v0xca6d35860, 54;
v0xca6d35860_55 .array/port v0xca6d35860, 55;
v0xca6d35860_56 .array/port v0xca6d35860, 56;
E_0xca6cf34c0/14 .event anyedge, v0xca6d35860_53, v0xca6d35860_54, v0xca6d35860_55, v0xca6d35860_56;
v0xca6d35860_57 .array/port v0xca6d35860, 57;
v0xca6d35860_58 .array/port v0xca6d35860, 58;
v0xca6d35860_59 .array/port v0xca6d35860, 59;
v0xca6d35860_60 .array/port v0xca6d35860, 60;
E_0xca6cf34c0/15 .event anyedge, v0xca6d35860_57, v0xca6d35860_58, v0xca6d35860_59, v0xca6d35860_60;
v0xca6d35860_61 .array/port v0xca6d35860, 61;
v0xca6d35860_62 .array/port v0xca6d35860, 62;
v0xca6d35860_63 .array/port v0xca6d35860, 63;
v0xca6d35860_64 .array/port v0xca6d35860, 64;
E_0xca6cf34c0/16 .event anyedge, v0xca6d35860_61, v0xca6d35860_62, v0xca6d35860_63, v0xca6d35860_64;
v0xca6d35860_65 .array/port v0xca6d35860, 65;
v0xca6d35860_66 .array/port v0xca6d35860, 66;
v0xca6d35860_67 .array/port v0xca6d35860, 67;
v0xca6d35860_68 .array/port v0xca6d35860, 68;
E_0xca6cf34c0/17 .event anyedge, v0xca6d35860_65, v0xca6d35860_66, v0xca6d35860_67, v0xca6d35860_68;
v0xca6d35860_69 .array/port v0xca6d35860, 69;
v0xca6d35860_70 .array/port v0xca6d35860, 70;
v0xca6d35860_71 .array/port v0xca6d35860, 71;
v0xca6d35860_72 .array/port v0xca6d35860, 72;
E_0xca6cf34c0/18 .event anyedge, v0xca6d35860_69, v0xca6d35860_70, v0xca6d35860_71, v0xca6d35860_72;
v0xca6d35860_73 .array/port v0xca6d35860, 73;
v0xca6d35860_74 .array/port v0xca6d35860, 74;
v0xca6d35860_75 .array/port v0xca6d35860, 75;
v0xca6d35860_76 .array/port v0xca6d35860, 76;
E_0xca6cf34c0/19 .event anyedge, v0xca6d35860_73, v0xca6d35860_74, v0xca6d35860_75, v0xca6d35860_76;
v0xca6d35860_77 .array/port v0xca6d35860, 77;
v0xca6d35860_78 .array/port v0xca6d35860, 78;
v0xca6d35860_79 .array/port v0xca6d35860, 79;
v0xca6d35860_80 .array/port v0xca6d35860, 80;
E_0xca6cf34c0/20 .event anyedge, v0xca6d35860_77, v0xca6d35860_78, v0xca6d35860_79, v0xca6d35860_80;
v0xca6d35860_81 .array/port v0xca6d35860, 81;
v0xca6d35860_82 .array/port v0xca6d35860, 82;
v0xca6d35860_83 .array/port v0xca6d35860, 83;
v0xca6d35860_84 .array/port v0xca6d35860, 84;
E_0xca6cf34c0/21 .event anyedge, v0xca6d35860_81, v0xca6d35860_82, v0xca6d35860_83, v0xca6d35860_84;
v0xca6d35860_85 .array/port v0xca6d35860, 85;
v0xca6d35860_86 .array/port v0xca6d35860, 86;
v0xca6d35860_87 .array/port v0xca6d35860, 87;
v0xca6d35860_88 .array/port v0xca6d35860, 88;
E_0xca6cf34c0/22 .event anyedge, v0xca6d35860_85, v0xca6d35860_86, v0xca6d35860_87, v0xca6d35860_88;
v0xca6d35860_89 .array/port v0xca6d35860, 89;
v0xca6d35860_90 .array/port v0xca6d35860, 90;
v0xca6d35860_91 .array/port v0xca6d35860, 91;
v0xca6d35860_92 .array/port v0xca6d35860, 92;
E_0xca6cf34c0/23 .event anyedge, v0xca6d35860_89, v0xca6d35860_90, v0xca6d35860_91, v0xca6d35860_92;
v0xca6d35860_93 .array/port v0xca6d35860, 93;
v0xca6d35860_94 .array/port v0xca6d35860, 94;
v0xca6d35860_95 .array/port v0xca6d35860, 95;
v0xca6d35860_96 .array/port v0xca6d35860, 96;
E_0xca6cf34c0/24 .event anyedge, v0xca6d35860_93, v0xca6d35860_94, v0xca6d35860_95, v0xca6d35860_96;
v0xca6d35860_97 .array/port v0xca6d35860, 97;
v0xca6d35860_98 .array/port v0xca6d35860, 98;
v0xca6d35860_99 .array/port v0xca6d35860, 99;
v0xca6d35860_100 .array/port v0xca6d35860, 100;
E_0xca6cf34c0/25 .event anyedge, v0xca6d35860_97, v0xca6d35860_98, v0xca6d35860_99, v0xca6d35860_100;
v0xca6d35860_101 .array/port v0xca6d35860, 101;
v0xca6d35860_102 .array/port v0xca6d35860, 102;
v0xca6d35860_103 .array/port v0xca6d35860, 103;
v0xca6d35860_104 .array/port v0xca6d35860, 104;
E_0xca6cf34c0/26 .event anyedge, v0xca6d35860_101, v0xca6d35860_102, v0xca6d35860_103, v0xca6d35860_104;
v0xca6d35860_105 .array/port v0xca6d35860, 105;
v0xca6d35860_106 .array/port v0xca6d35860, 106;
v0xca6d35860_107 .array/port v0xca6d35860, 107;
v0xca6d35860_108 .array/port v0xca6d35860, 108;
E_0xca6cf34c0/27 .event anyedge, v0xca6d35860_105, v0xca6d35860_106, v0xca6d35860_107, v0xca6d35860_108;
v0xca6d35860_109 .array/port v0xca6d35860, 109;
v0xca6d35860_110 .array/port v0xca6d35860, 110;
v0xca6d35860_111 .array/port v0xca6d35860, 111;
v0xca6d35860_112 .array/port v0xca6d35860, 112;
E_0xca6cf34c0/28 .event anyedge, v0xca6d35860_109, v0xca6d35860_110, v0xca6d35860_111, v0xca6d35860_112;
v0xca6d35860_113 .array/port v0xca6d35860, 113;
v0xca6d35860_114 .array/port v0xca6d35860, 114;
v0xca6d35860_115 .array/port v0xca6d35860, 115;
v0xca6d35860_116 .array/port v0xca6d35860, 116;
E_0xca6cf34c0/29 .event anyedge, v0xca6d35860_113, v0xca6d35860_114, v0xca6d35860_115, v0xca6d35860_116;
v0xca6d35860_117 .array/port v0xca6d35860, 117;
v0xca6d35860_118 .array/port v0xca6d35860, 118;
v0xca6d35860_119 .array/port v0xca6d35860, 119;
v0xca6d35860_120 .array/port v0xca6d35860, 120;
E_0xca6cf34c0/30 .event anyedge, v0xca6d35860_117, v0xca6d35860_118, v0xca6d35860_119, v0xca6d35860_120;
v0xca6d35860_121 .array/port v0xca6d35860, 121;
v0xca6d35860_122 .array/port v0xca6d35860, 122;
v0xca6d35860_123 .array/port v0xca6d35860, 123;
v0xca6d35860_124 .array/port v0xca6d35860, 124;
E_0xca6cf34c0/31 .event anyedge, v0xca6d35860_121, v0xca6d35860_122, v0xca6d35860_123, v0xca6d35860_124;
v0xca6d35860_125 .array/port v0xca6d35860, 125;
v0xca6d35860_126 .array/port v0xca6d35860, 126;
v0xca6d35860_127 .array/port v0xca6d35860, 127;
v0xca6d35860_128 .array/port v0xca6d35860, 128;
E_0xca6cf34c0/32 .event anyedge, v0xca6d35860_125, v0xca6d35860_126, v0xca6d35860_127, v0xca6d35860_128;
v0xca6d35860_129 .array/port v0xca6d35860, 129;
v0xca6d35860_130 .array/port v0xca6d35860, 130;
v0xca6d35860_131 .array/port v0xca6d35860, 131;
v0xca6d35860_132 .array/port v0xca6d35860, 132;
E_0xca6cf34c0/33 .event anyedge, v0xca6d35860_129, v0xca6d35860_130, v0xca6d35860_131, v0xca6d35860_132;
v0xca6d35860_133 .array/port v0xca6d35860, 133;
v0xca6d35860_134 .array/port v0xca6d35860, 134;
v0xca6d35860_135 .array/port v0xca6d35860, 135;
v0xca6d35860_136 .array/port v0xca6d35860, 136;
E_0xca6cf34c0/34 .event anyedge, v0xca6d35860_133, v0xca6d35860_134, v0xca6d35860_135, v0xca6d35860_136;
v0xca6d35860_137 .array/port v0xca6d35860, 137;
v0xca6d35860_138 .array/port v0xca6d35860, 138;
v0xca6d35860_139 .array/port v0xca6d35860, 139;
v0xca6d35860_140 .array/port v0xca6d35860, 140;
E_0xca6cf34c0/35 .event anyedge, v0xca6d35860_137, v0xca6d35860_138, v0xca6d35860_139, v0xca6d35860_140;
v0xca6d35860_141 .array/port v0xca6d35860, 141;
v0xca6d35860_142 .array/port v0xca6d35860, 142;
v0xca6d35860_143 .array/port v0xca6d35860, 143;
v0xca6d35860_144 .array/port v0xca6d35860, 144;
E_0xca6cf34c0/36 .event anyedge, v0xca6d35860_141, v0xca6d35860_142, v0xca6d35860_143, v0xca6d35860_144;
v0xca6d35860_145 .array/port v0xca6d35860, 145;
v0xca6d35860_146 .array/port v0xca6d35860, 146;
v0xca6d35860_147 .array/port v0xca6d35860, 147;
v0xca6d35860_148 .array/port v0xca6d35860, 148;
E_0xca6cf34c0/37 .event anyedge, v0xca6d35860_145, v0xca6d35860_146, v0xca6d35860_147, v0xca6d35860_148;
v0xca6d35860_149 .array/port v0xca6d35860, 149;
v0xca6d35860_150 .array/port v0xca6d35860, 150;
v0xca6d35860_151 .array/port v0xca6d35860, 151;
v0xca6d35860_152 .array/port v0xca6d35860, 152;
E_0xca6cf34c0/38 .event anyedge, v0xca6d35860_149, v0xca6d35860_150, v0xca6d35860_151, v0xca6d35860_152;
v0xca6d35860_153 .array/port v0xca6d35860, 153;
v0xca6d35860_154 .array/port v0xca6d35860, 154;
v0xca6d35860_155 .array/port v0xca6d35860, 155;
v0xca6d35860_156 .array/port v0xca6d35860, 156;
E_0xca6cf34c0/39 .event anyedge, v0xca6d35860_153, v0xca6d35860_154, v0xca6d35860_155, v0xca6d35860_156;
v0xca6d35860_157 .array/port v0xca6d35860, 157;
v0xca6d35860_158 .array/port v0xca6d35860, 158;
v0xca6d35860_159 .array/port v0xca6d35860, 159;
v0xca6d35860_160 .array/port v0xca6d35860, 160;
E_0xca6cf34c0/40 .event anyedge, v0xca6d35860_157, v0xca6d35860_158, v0xca6d35860_159, v0xca6d35860_160;
v0xca6d35860_161 .array/port v0xca6d35860, 161;
v0xca6d35860_162 .array/port v0xca6d35860, 162;
v0xca6d35860_163 .array/port v0xca6d35860, 163;
v0xca6d35860_164 .array/port v0xca6d35860, 164;
E_0xca6cf34c0/41 .event anyedge, v0xca6d35860_161, v0xca6d35860_162, v0xca6d35860_163, v0xca6d35860_164;
v0xca6d35860_165 .array/port v0xca6d35860, 165;
v0xca6d35860_166 .array/port v0xca6d35860, 166;
v0xca6d35860_167 .array/port v0xca6d35860, 167;
v0xca6d35860_168 .array/port v0xca6d35860, 168;
E_0xca6cf34c0/42 .event anyedge, v0xca6d35860_165, v0xca6d35860_166, v0xca6d35860_167, v0xca6d35860_168;
v0xca6d35860_169 .array/port v0xca6d35860, 169;
v0xca6d35860_170 .array/port v0xca6d35860, 170;
v0xca6d35860_171 .array/port v0xca6d35860, 171;
v0xca6d35860_172 .array/port v0xca6d35860, 172;
E_0xca6cf34c0/43 .event anyedge, v0xca6d35860_169, v0xca6d35860_170, v0xca6d35860_171, v0xca6d35860_172;
v0xca6d35860_173 .array/port v0xca6d35860, 173;
v0xca6d35860_174 .array/port v0xca6d35860, 174;
v0xca6d35860_175 .array/port v0xca6d35860, 175;
v0xca6d35860_176 .array/port v0xca6d35860, 176;
E_0xca6cf34c0/44 .event anyedge, v0xca6d35860_173, v0xca6d35860_174, v0xca6d35860_175, v0xca6d35860_176;
v0xca6d35860_177 .array/port v0xca6d35860, 177;
v0xca6d35860_178 .array/port v0xca6d35860, 178;
v0xca6d35860_179 .array/port v0xca6d35860, 179;
v0xca6d35860_180 .array/port v0xca6d35860, 180;
E_0xca6cf34c0/45 .event anyedge, v0xca6d35860_177, v0xca6d35860_178, v0xca6d35860_179, v0xca6d35860_180;
v0xca6d35860_181 .array/port v0xca6d35860, 181;
v0xca6d35860_182 .array/port v0xca6d35860, 182;
v0xca6d35860_183 .array/port v0xca6d35860, 183;
v0xca6d35860_184 .array/port v0xca6d35860, 184;
E_0xca6cf34c0/46 .event anyedge, v0xca6d35860_181, v0xca6d35860_182, v0xca6d35860_183, v0xca6d35860_184;
v0xca6d35860_185 .array/port v0xca6d35860, 185;
v0xca6d35860_186 .array/port v0xca6d35860, 186;
v0xca6d35860_187 .array/port v0xca6d35860, 187;
v0xca6d35860_188 .array/port v0xca6d35860, 188;
E_0xca6cf34c0/47 .event anyedge, v0xca6d35860_185, v0xca6d35860_186, v0xca6d35860_187, v0xca6d35860_188;
v0xca6d35860_189 .array/port v0xca6d35860, 189;
v0xca6d35860_190 .array/port v0xca6d35860, 190;
v0xca6d35860_191 .array/port v0xca6d35860, 191;
v0xca6d35860_192 .array/port v0xca6d35860, 192;
E_0xca6cf34c0/48 .event anyedge, v0xca6d35860_189, v0xca6d35860_190, v0xca6d35860_191, v0xca6d35860_192;
v0xca6d35860_193 .array/port v0xca6d35860, 193;
v0xca6d35860_194 .array/port v0xca6d35860, 194;
v0xca6d35860_195 .array/port v0xca6d35860, 195;
v0xca6d35860_196 .array/port v0xca6d35860, 196;
E_0xca6cf34c0/49 .event anyedge, v0xca6d35860_193, v0xca6d35860_194, v0xca6d35860_195, v0xca6d35860_196;
v0xca6d35860_197 .array/port v0xca6d35860, 197;
v0xca6d35860_198 .array/port v0xca6d35860, 198;
v0xca6d35860_199 .array/port v0xca6d35860, 199;
v0xca6d35860_200 .array/port v0xca6d35860, 200;
E_0xca6cf34c0/50 .event anyedge, v0xca6d35860_197, v0xca6d35860_198, v0xca6d35860_199, v0xca6d35860_200;
v0xca6d35860_201 .array/port v0xca6d35860, 201;
v0xca6d35860_202 .array/port v0xca6d35860, 202;
v0xca6d35860_203 .array/port v0xca6d35860, 203;
v0xca6d35860_204 .array/port v0xca6d35860, 204;
E_0xca6cf34c0/51 .event anyedge, v0xca6d35860_201, v0xca6d35860_202, v0xca6d35860_203, v0xca6d35860_204;
v0xca6d35860_205 .array/port v0xca6d35860, 205;
v0xca6d35860_206 .array/port v0xca6d35860, 206;
v0xca6d35860_207 .array/port v0xca6d35860, 207;
v0xca6d35860_208 .array/port v0xca6d35860, 208;
E_0xca6cf34c0/52 .event anyedge, v0xca6d35860_205, v0xca6d35860_206, v0xca6d35860_207, v0xca6d35860_208;
v0xca6d35860_209 .array/port v0xca6d35860, 209;
v0xca6d35860_210 .array/port v0xca6d35860, 210;
v0xca6d35860_211 .array/port v0xca6d35860, 211;
v0xca6d35860_212 .array/port v0xca6d35860, 212;
E_0xca6cf34c0/53 .event anyedge, v0xca6d35860_209, v0xca6d35860_210, v0xca6d35860_211, v0xca6d35860_212;
v0xca6d35860_213 .array/port v0xca6d35860, 213;
v0xca6d35860_214 .array/port v0xca6d35860, 214;
v0xca6d35860_215 .array/port v0xca6d35860, 215;
v0xca6d35860_216 .array/port v0xca6d35860, 216;
E_0xca6cf34c0/54 .event anyedge, v0xca6d35860_213, v0xca6d35860_214, v0xca6d35860_215, v0xca6d35860_216;
v0xca6d35860_217 .array/port v0xca6d35860, 217;
v0xca6d35860_218 .array/port v0xca6d35860, 218;
v0xca6d35860_219 .array/port v0xca6d35860, 219;
v0xca6d35860_220 .array/port v0xca6d35860, 220;
E_0xca6cf34c0/55 .event anyedge, v0xca6d35860_217, v0xca6d35860_218, v0xca6d35860_219, v0xca6d35860_220;
v0xca6d35860_221 .array/port v0xca6d35860, 221;
v0xca6d35860_222 .array/port v0xca6d35860, 222;
v0xca6d35860_223 .array/port v0xca6d35860, 223;
v0xca6d35860_224 .array/port v0xca6d35860, 224;
E_0xca6cf34c0/56 .event anyedge, v0xca6d35860_221, v0xca6d35860_222, v0xca6d35860_223, v0xca6d35860_224;
v0xca6d35860_225 .array/port v0xca6d35860, 225;
v0xca6d35860_226 .array/port v0xca6d35860, 226;
v0xca6d35860_227 .array/port v0xca6d35860, 227;
v0xca6d35860_228 .array/port v0xca6d35860, 228;
E_0xca6cf34c0/57 .event anyedge, v0xca6d35860_225, v0xca6d35860_226, v0xca6d35860_227, v0xca6d35860_228;
v0xca6d35860_229 .array/port v0xca6d35860, 229;
v0xca6d35860_230 .array/port v0xca6d35860, 230;
v0xca6d35860_231 .array/port v0xca6d35860, 231;
v0xca6d35860_232 .array/port v0xca6d35860, 232;
E_0xca6cf34c0/58 .event anyedge, v0xca6d35860_229, v0xca6d35860_230, v0xca6d35860_231, v0xca6d35860_232;
v0xca6d35860_233 .array/port v0xca6d35860, 233;
v0xca6d35860_234 .array/port v0xca6d35860, 234;
v0xca6d35860_235 .array/port v0xca6d35860, 235;
v0xca6d35860_236 .array/port v0xca6d35860, 236;
E_0xca6cf34c0/59 .event anyedge, v0xca6d35860_233, v0xca6d35860_234, v0xca6d35860_235, v0xca6d35860_236;
v0xca6d35860_237 .array/port v0xca6d35860, 237;
v0xca6d35860_238 .array/port v0xca6d35860, 238;
v0xca6d35860_239 .array/port v0xca6d35860, 239;
v0xca6d35860_240 .array/port v0xca6d35860, 240;
E_0xca6cf34c0/60 .event anyedge, v0xca6d35860_237, v0xca6d35860_238, v0xca6d35860_239, v0xca6d35860_240;
v0xca6d35860_241 .array/port v0xca6d35860, 241;
v0xca6d35860_242 .array/port v0xca6d35860, 242;
v0xca6d35860_243 .array/port v0xca6d35860, 243;
v0xca6d35860_244 .array/port v0xca6d35860, 244;
E_0xca6cf34c0/61 .event anyedge, v0xca6d35860_241, v0xca6d35860_242, v0xca6d35860_243, v0xca6d35860_244;
v0xca6d35860_245 .array/port v0xca6d35860, 245;
v0xca6d35860_246 .array/port v0xca6d35860, 246;
v0xca6d35860_247 .array/port v0xca6d35860, 247;
v0xca6d35860_248 .array/port v0xca6d35860, 248;
E_0xca6cf34c0/62 .event anyedge, v0xca6d35860_245, v0xca6d35860_246, v0xca6d35860_247, v0xca6d35860_248;
v0xca6d35860_249 .array/port v0xca6d35860, 249;
v0xca6d35860_250 .array/port v0xca6d35860, 250;
v0xca6d35860_251 .array/port v0xca6d35860, 251;
v0xca6d35860_252 .array/port v0xca6d35860, 252;
E_0xca6cf34c0/63 .event anyedge, v0xca6d35860_249, v0xca6d35860_250, v0xca6d35860_251, v0xca6d35860_252;
v0xca6d35860_253 .array/port v0xca6d35860, 253;
v0xca6d35860_254 .array/port v0xca6d35860, 254;
v0xca6d35860_255 .array/port v0xca6d35860, 255;
E_0xca6cf34c0/64 .event anyedge, v0xca6d35860_253, v0xca6d35860_254, v0xca6d35860_255;
E_0xca6cf34c0 .event/or E_0xca6cf34c0/0, E_0xca6cf34c0/1, E_0xca6cf34c0/2, E_0xca6cf34c0/3, E_0xca6cf34c0/4, E_0xca6cf34c0/5, E_0xca6cf34c0/6, E_0xca6cf34c0/7, E_0xca6cf34c0/8, E_0xca6cf34c0/9, E_0xca6cf34c0/10, E_0xca6cf34c0/11, E_0xca6cf34c0/12, E_0xca6cf34c0/13, E_0xca6cf34c0/14, E_0xca6cf34c0/15, E_0xca6cf34c0/16, E_0xca6cf34c0/17, E_0xca6cf34c0/18, E_0xca6cf34c0/19, E_0xca6cf34c0/20, E_0xca6cf34c0/21, E_0xca6cf34c0/22, E_0xca6cf34c0/23, E_0xca6cf34c0/24, E_0xca6cf34c0/25, E_0xca6cf34c0/26, E_0xca6cf34c0/27, E_0xca6cf34c0/28, E_0xca6cf34c0/29, E_0xca6cf34c0/30, E_0xca6cf34c0/31, E_0xca6cf34c0/32, E_0xca6cf34c0/33, E_0xca6cf34c0/34, E_0xca6cf34c0/35, E_0xca6cf34c0/36, E_0xca6cf34c0/37, E_0xca6cf34c0/38, E_0xca6cf34c0/39, E_0xca6cf34c0/40, E_0xca6cf34c0/41, E_0xca6cf34c0/42, E_0xca6cf34c0/43, E_0xca6cf34c0/44, E_0xca6cf34c0/45, E_0xca6cf34c0/46, E_0xca6cf34c0/47, E_0xca6cf34c0/48, E_0xca6cf34c0/49, E_0xca6cf34c0/50, E_0xca6cf34c0/51, E_0xca6cf34c0/52, E_0xca6cf34c0/53, E_0xca6cf34c0/54, E_0xca6cf34c0/55, E_0xca6cf34c0/56, E_0xca6cf34c0/57, E_0xca6cf34c0/58, E_0xca6cf34c0/59, E_0xca6cf34c0/60, E_0xca6cf34c0/61, E_0xca6cf34c0/62, E_0xca6cf34c0/63, E_0xca6cf34c0/64;
L_0xca707ada0 .functor MUXZ 7, v0xca6d32ee0_0, L_0xca6879378, L_0xca702b8e0, C4<>;
L_0xca707ae40 .functor MUXZ 6, v0xca6d32f80_0, L_0xca68793c0, L_0xca702b8e0, C4<>;
L_0xca707aee0 .functor MUXZ 1, v0xca6d32d00_0, L_0xca6879408, L_0xca702b8e0, C4<>;
L_0xca707af80 .functor MUXZ 1, L_0xca6879498, L_0xca6879450, L_0xca702b8e0, C4<>;
L_0xca707b020 .functor MUXZ 3, v0xca6d32b20_0, L_0xca68794e0, L_0xca702b8e0, C4<>;
L_0xca6cae300 .concat [ 10 54 0 0], v0xca6d32a80_0, L_0xca6879528;
L_0xca70d4fa0 .cmp/eq 64, L_0xca6cae300, L_0xca6879570;
L_0xca6cae3a0 .concat [ 6 26 0 0], L_0xca707ae40, L_0xca68795b8;
L_0xca70d5040 .cmp/eq 32, L_0xca6cae3a0, L_0xca6879600;
L_0xca6cae440 .concat [ 7 25 0 0], L_0xca707ada0, L_0xca6879648;
L_0xca70d50e0 .cmp/eq 32, L_0xca6cae440, L_0xca6879690;
L_0xca70d5180 .reduce/nor v0xca6d33340_0;
L_0xca70d5220 .part v0xca6d32bc0_0, 0, 1;
L_0xca70d52c0 .reduce/nor v0xca6d33340_0;
L_0xca70d5360 .part v0xca6d32bc0_0, 0, 1;
L_0xca70d5400 .reduce/nor L_0xca70d5360;
L_0xca70d54a0 .part v0xca6d32bc0_0, 1, 1;
L_0xca70d5540 .part v0xca6d38000_0, 0, 4;
L_0xca70d55e0 .part v0xca6d38000_0, 4, 4;
LS_0xca6cae4e0_0_0 .concat [ 8 8 8 8], L_0xca707a8a0, L_0xca707a940, L_0xca707a9e0, L_0xca707aa80;
LS_0xca6cae4e0_0_4 .concat [ 8 8 8 8], L_0xca707ab20, L_0xca707abc0, L_0xca707ac60, L_0xca707ad00;
L_0xca6cae4e0 .concat [ 32 32 0 0], LS_0xca6cae4e0_0_0, LS_0xca6cae4e0_0_4;
L_0xca6cae580 .concat [ 6 26 0 0], L_0xca707ae40, L_0xca68796d8;
L_0xca70d5680 .arith/mult 32, L_0xca702bc60, L_0xca6879768;
L_0xca6cae620 .concat [ 7 25 0 0], L_0xca707ada0, L_0xca68797b0;
L_0xca70d5720 .arith/sum 32, L_0xca70d5680, L_0xca6cae620;
L_0xca70d57c0 .part L_0xca70d5720, 0, 10;
L_0xca6cae6c0 .concat [ 6 26 0 0], v0xca6d35040_0, L_0xca68797f8;
L_0xca70d5860 .cmp/ge 32, L_0xca6cae6c0, L_0xca6879840;
L_0xca70d5900 .reduce/nor L_0xca70d5860;
L_0xca6cae760 .concat [ 3 29 0 0], v0xca6d34e60_0, L_0xca6879888;
L_0xca70d59a0 .arith/mult 32, L_0xca6cae760, L_0xca68798d0;
L_0xca6cae800 .concat [ 4 28 0 0], v0xca6d34a00_0, L_0xca6879918;
L_0xca70d5a40 .arith/mult 32, L_0xca6cae800, L_0xca6879960;
L_0xca70d5ae0 .arith/sum 32, L_0xca70d59a0, L_0xca70d5a40;
L_0xca6cae8a0 .concat [ 3 29 0 0], v0xca6d34dc0_0, L_0xca68799a8;
L_0xca70d5b80 .arith/sum 32, L_0xca70d5ae0, L_0xca6cae8a0;
L_0xca70d5c20 .part L_0xca70d5b80, 0, 10;
L_0xca707b0c0 .functor MUXZ 1, v0xca6d32d00_0, L_0xca68799f0, L_0xca702bd40, C4<>;
L_0xca70d5cc0 .part/v v0xca6d333e0_0, L_0xca707b0c0, 1;
L_0xca70d5d60 .part/v v0xca6d32bc0_0, L_0xca707b0c0, 1;
L_0xca70d5e00 .reduce/nor L_0xca702bdb0;
L_0xca6cae940 .concat [ 10 22 0 0], L_0xca70d57c0, L_0xca6879ac8;
L_0xca6caea80 .concat [ 10 22 0 0], L_0xca70d5c20, L_0xca6879b58;
L_0xca6caeb20 .concat [ 10 22 0 0], L_0xca70d57c0, L_0xca6879c30;
L_0xca6cae9e0 .concat [ 10 22 0 0], L_0xca70d5c20, L_0xca6879cc0;
L_0xca70d5ea0 .cmp/eq 6, v0xca6d35040_0, L_0xca6879d08;
L_0xca70d5f40 .part v0xca6d36080_0, 12, 2;
L_0xca70d5fe0 .part v0xca6d36080_0, 9, 3;
L_0xca70d6080 .part v0xca6d36080_0, 3, 6;
L_0xca70d6120 .part v0xca6d36080_0, 0, 3;
L_0xca6caebc0 .concat [ 3 23 0 0], L_0xca70d5fe0, L_0xca6879d98;
L_0xca6caec60 .concat [ 26 38 0 0], L_0xca6caebc0, L_0xca6879de0;
L_0xca70d61c0 .arith/mult 64, L_0xca6caec60, L_0xca6879e28;
L_0xca6caed00 .concat [ 6 58 0 0], L_0xca70d6080, L_0xca6879e70;
L_0xca70d6260 .arith/sum 64, L_0xca70d61c0, L_0xca6caed00;
L_0xca70d6300 .arith/mult 64, L_0xca70d6260, L_0xca6879eb8;
L_0xca70d63a0 .arith/sum 64, L_0xca6879d50, L_0xca70d6300;
L_0xca6caeda0 .concat [ 3 61 0 0], L_0xca70d6120, L_0xca6879f00;
L_0xca70d6440 .arith/mult 64, L_0xca6caeda0, L_0xca6879f48;
L_0xca70d64e0 .arith/sum 64, L_0xca70d63a0, L_0xca70d6440;
L_0xca70d6580 .part L_0xca70d64e0, 0, 32;
L_0xca70d6620 .cmp/eq 3, v0xca6d36620_0, L_0xca6879f90;
L_0xca70d66c0 .cmp/eq 3, v0xca6d36620_0, L_0xca687a0b0;
L_0xca70d6760 .cmp/eq 3, v0xca6d36620_0, L_0xca687a0f8;
L_0xca6caee40 .concat [ 8 25 0 0], v0xca6d364e0_0, L_0xca687a140;
L_0xca70d6800 .cmp/eq 33, L_0xca6caee40, L_0xca687a188;
S_0x104b60ad0 .scope generate, "GEN_RESP[0]" "GEN_RESP[0]" 4 193, 4 193 0, S_0x104b60950;
 .timescale -9 -12;
P_0xca7068d00 .param/l "gi" 1 4 193, +C4<00>;
v0xca6ca3980_0 .net *"_ivl_1", 7 0, L_0xca7082260;  1 drivers
v0xca6ca3a20_0 .net *"_ivl_11", 7 0, L_0xca70823a0;  1 drivers
L_0xca6878208 .functor BUFT 1, C4<00000000000000000000000000010000>, C4<0>, C4<0>, C4<0>;
v0xca6ca3200_0 .net/2u *"_ivl_13", 31 0, L_0xca6878208;  1 drivers
v0xca6ca3340_0 .net *"_ivl_15", 31 0, L_0xca6cadb80;  1 drivers
L_0xca6878250 .functor BUFT 1, C4<0000000000000000000000000000>, C4<0>, C4<0>, C4<0>;
v0xca6ca3480_0 .net *"_ivl_18", 27 0, L_0xca6878250;  1 drivers
v0xca6ca3520_0 .net *"_ivl_19", 31 0, L_0xca7082440;  1 drivers
v0xca6ca35c0_0 .net *"_ivl_21", 0 0, L_0xca70824e0;  1 drivers
v0xca6ca3660_0 .net *"_ivl_23", 7 0, L_0xca7082580;  1 drivers
L_0xca6878298 .functor BUFT 1, C4<00000000000000000000000000000000>, C4<0>, C4<0>, C4<0>;
v0xca6ca3700_0 .net/2u *"_ivl_25", 31 0, L_0xca6878298;  1 drivers
v0xca6ca3840_0 .net *"_ivl_27", 31 0, L_0xca6cad9a0;  1 drivers
L_0xca6878178 .functor BUFT 1, C4<00000000000000000000000000000000>, C4<0>, C4<0>, C4<0>;
v0xca6ca3b60_0 .net/2u *"_ivl_3", 31 0, L_0xca6878178;  1 drivers
L_0xca68782e0 .functor BUFT 1, C4<0000000000000000000000000000>, C4<0>, C4<0>, C4<0>;
v0xca6ca3ca0_0 .net *"_ivl_30", 27 0, L_0xca68782e0;  1 drivers
v0xca6ca3d40_0 .net *"_ivl_31", 31 0, L_0xca7082620;  1 drivers
v0xca6ca3de0_0 .net *"_ivl_33", 7 0, L_0xca70826c0;  1 drivers
L_0xca6878328 .functor BUFT 1, C4<00000000000000000000000000010000>, C4<0>, C4<0>, C4<0>;
v0xca6ca3e80_0 .net/2u *"_ivl_35", 31 0, L_0xca6878328;  1 drivers
v0xca6ca3f20_0 .net *"_ivl_37", 31 0, L_0xca6cada40;  1 drivers
L_0xca6878370 .functor BUFT 1, C4<0000000000000000000000000000>, C4<0>, C4<0>, C4<0>;
v0xca6d24000_0 .net *"_ivl_40", 27 0, L_0xca6878370;  1 drivers
v0xca6d240a0_0 .net *"_ivl_41", 31 0, L_0xca7082760;  1 drivers
v0xca6d24140_0 .net *"_ivl_5", 31 0, L_0xca6cadae0;  1 drivers
L_0xca68781c0 .functor BUFT 1, C4<0000000000000000000000000000>, C4<0>, C4<0>, C4<0>;
v0xca6d241e0_0 .net *"_ivl_8", 27 0, L_0xca68781c0;  1 drivers
v0xca6d24280_0 .net *"_ivl_9", 31 0, L_0xca7082300;  1 drivers
L_0xca7082260 .array/port v0xca6d2af80, L_0xca7082300;
L_0xca6cadae0 .concat [ 4 28 0 0], L_0xca70d5540, L_0xca68781c0;
L_0xca7082300 .arith/sum 32, L_0xca6878178, L_0xca6cadae0;
L_0xca70823a0 .array/port v0xca6d2af80, L_0xca7082440;
L_0xca6cadb80 .concat [ 4 28 0 0], L_0xca70d55e0, L_0xca6878250;
L_0xca7082440 .arith/sum 32, L_0xca6878208, L_0xca6cadb80;
L_0xca70824e0 .cmp/gt 8, L_0xca7082260, L_0xca70823a0;
L_0xca7082580 .array/port v0xca6d2af80, L_0xca7082620;
L_0xca6cad9a0 .concat [ 4 28 0 0], L_0xca70d5540, L_0xca68782e0;
L_0xca7082620 .arith/sum 32, L_0xca6878298, L_0xca6cad9a0;
L_0xca70826c0 .array/port v0xca6d2af80, L_0xca7082760;
L_0xca6cada40 .concat [ 4 28 0 0], L_0xca70d55e0, L_0xca6878370;
L_0xca7082760 .arith/sum 32, L_0xca6878328, L_0xca6cada40;
L_0xca707a8a0 .functor MUXZ 8, L_0xca70826c0, L_0xca7082580, L_0xca70824e0, C4<>;
S_0x104b50f10 .scope generate, "GEN_RESP[1]" "GEN_RESP[1]" 4 193, 4 193 0, S_0x104b60950;
 .timescale -9 -12;
P_0xca7068d40 .param/l "gi" 1 4 193, +C4<01>;
v0xca6d24320_0 .net *"_ivl_1", 7 0, L_0xca7082800;  1 drivers
v0xca6d243c0_0 .net *"_ivl_11", 7 0, L_0xca7082940;  1 drivers
L_0xca6878448 .functor BUFT 1, C4<00000000000000000000000000110000>, C4<0>, C4<0>, C4<0>;
v0xca6d24460_0 .net/2u *"_ivl_13", 31 0, L_0xca6878448;  1 drivers
v0xca6d24500_0 .net *"_ivl_15", 31 0, L_0xca6cac280;  1 drivers
L_0xca6878490 .functor BUFT 1, C4<0000000000000000000000000000>, C4<0>, C4<0>, C4<0>;
v0xca6d245a0_0 .net *"_ivl_18", 27 0, L_0xca6878490;  1 drivers
v0xca6d24640_0 .net *"_ivl_19", 31 0, L_0xca70829e0;  1 drivers
v0xca6d246e0_0 .net *"_ivl_21", 0 0, L_0xca7082a80;  1 drivers
v0xca6d24780_0 .net *"_ivl_23", 7 0, L_0xca7082b20;  1 drivers
L_0xca68784d8 .functor BUFT 1, C4<00000000000000000000000000100000>, C4<0>, C4<0>, C4<0>;
v0xca6d24820_0 .net/2u *"_ivl_25", 31 0, L_0xca68784d8;  1 drivers
v0xca6d248c0_0 .net *"_ivl_27", 31 0, L_0xca6cac320;  1 drivers
L_0xca68783b8 .functor BUFT 1, C4<00000000000000000000000000100000>, C4<0>, C4<0>, C4<0>;
v0xca6d24960_0 .net/2u *"_ivl_3", 31 0, L_0xca68783b8;  1 drivers
L_0xca6878520 .functor BUFT 1, C4<0000000000000000000000000000>, C4<0>, C4<0>, C4<0>;
v0xca6d24a00_0 .net *"_ivl_30", 27 0, L_0xca6878520;  1 drivers
v0xca6d24aa0_0 .net *"_ivl_31", 31 0, L_0xca7082bc0;  1 drivers
v0xca6d24b40_0 .net *"_ivl_33", 7 0, L_0xca7082c60;  1 drivers
L_0xca6878568 .functor BUFT 1, C4<00000000000000000000000000110000>, C4<0>, C4<0>, C4<0>;
v0xca6d24be0_0 .net/2u *"_ivl_35", 31 0, L_0xca6878568;  1 drivers
v0xca6d24c80_0 .net *"_ivl_37", 31 0, L_0xca6cac000;  1 drivers
L_0xca68785b0 .functor BUFT 1, C4<0000000000000000000000000000>, C4<0>, C4<0>, C4<0>;
v0xca6d24d20_0 .net *"_ivl_40", 27 0, L_0xca68785b0;  1 drivers
v0xca6d24dc0_0 .net *"_ivl_41", 31 0, L_0xca7082d00;  1 drivers
v0xca6d24e60_0 .net *"_ivl_5", 31 0, L_0xca6cac1e0;  1 drivers
L_0xca6878400 .functor BUFT 1, C4<0000000000000000000000000000>, C4<0>, C4<0>, C4<0>;
v0xca6d24f00_0 .net *"_ivl_8", 27 0, L_0xca6878400;  1 drivers
v0xca6d24fa0_0 .net *"_ivl_9", 31 0, L_0xca70828a0;  1 drivers
L_0xca7082800 .array/port v0xca6d2af80, L_0xca70828a0;
L_0xca6cac1e0 .concat [ 4 28 0 0], L_0xca70d5540, L_0xca6878400;
L_0xca70828a0 .arith/sum 32, L_0xca68783b8, L_0xca6cac1e0;
L_0xca7082940 .array/port v0xca6d2af80, L_0xca70829e0;
L_0xca6cac280 .concat [ 4 28 0 0], L_0xca70d55e0, L_0xca6878490;
L_0xca70829e0 .arith/sum 32, L_0xca6878448, L_0xca6cac280;
L_0xca7082a80 .cmp/gt 8, L_0xca7082800, L_0xca7082940;
L_0xca7082b20 .array/port v0xca6d2af80, L_0xca7082bc0;
L_0xca6cac320 .concat [ 4 28 0 0], L_0xca70d5540, L_0xca6878520;
L_0xca7082bc0 .arith/sum 32, L_0xca68784d8, L_0xca6cac320;
L_0xca7082c60 .array/port v0xca6d2af80, L_0xca7082d00;
L_0xca6cac000 .concat [ 4 28 0 0], L_0xca70d55e0, L_0xca68785b0;
L_0xca7082d00 .arith/sum 32, L_0xca6878568, L_0xca6cac000;
L_0xca707a940 .functor MUXZ 8, L_0xca7082c60, L_0xca7082b20, L_0xca7082a80, C4<>;
S_0x104b51090 .scope generate, "GEN_RESP[2]" "GEN_RESP[2]" 4 193, 4 193 0, S_0x104b60950;
 .timescale -9 -12;
P_0xca7068d80 .param/l "gi" 1 4 193, +C4<010>;
v0xca6d25040_0 .net *"_ivl_1", 7 0, L_0xca7082da0;  1 drivers
v0xca6d250e0_0 .net *"_ivl_11", 7 0, L_0xca7082ee0;  1 drivers
L_0xca6878688 .functor BUFT 1, C4<00000000000000000000000001010000>, C4<0>, C4<0>, C4<0>;
v0xca6d25180_0 .net/2u *"_ivl_13", 31 0, L_0xca6878688;  1 drivers
v0xca6d25220_0 .net *"_ivl_15", 31 0, L_0xca6cac140;  1 drivers
L_0xca68786d0 .functor BUFT 1, C4<0000000000000000000000000000>, C4<0>, C4<0>, C4<0>;
v0xca6d252c0_0 .net *"_ivl_18", 27 0, L_0xca68786d0;  1 drivers
v0xca6d25360_0 .net *"_ivl_19", 31 0, L_0xca7082f80;  1 drivers
v0xca6d25400_0 .net *"_ivl_21", 0 0, L_0xca7083020;  1 drivers
v0xca6d254a0_0 .net *"_ivl_23", 7 0, L_0xca70830c0;  1 drivers
L_0xca6878718 .functor BUFT 1, C4<00000000000000000000000001000000>, C4<0>, C4<0>, C4<0>;
v0xca6d25540_0 .net/2u *"_ivl_25", 31 0, L_0xca6878718;  1 drivers
v0xca6d255e0_0 .net *"_ivl_27", 31 0, L_0xca6cad220;  1 drivers
L_0xca68785f8 .functor BUFT 1, C4<00000000000000000000000001000000>, C4<0>, C4<0>, C4<0>;
v0xca6d25680_0 .net/2u *"_ivl_3", 31 0, L_0xca68785f8;  1 drivers
L_0xca6878760 .functor BUFT 1, C4<0000000000000000000000000000>, C4<0>, C4<0>, C4<0>;
v0xca6d25720_0 .net *"_ivl_30", 27 0, L_0xca6878760;  1 drivers
v0xca6d257c0_0 .net *"_ivl_31", 31 0, L_0xca7083160;  1 drivers
v0xca6d25860_0 .net *"_ivl_33", 7 0, L_0xca7083200;  1 drivers
L_0xca68787a8 .functor BUFT 1, C4<00000000000000000000000001010000>, C4<0>, C4<0>, C4<0>;
v0xca6d25900_0 .net/2u *"_ivl_35", 31 0, L_0xca68787a8;  1 drivers
v0xca6d259a0_0 .net *"_ivl_37", 31 0, L_0xca6cad2c0;  1 drivers
L_0xca68787f0 .functor BUFT 1, C4<0000000000000000000000000000>, C4<0>, C4<0>, C4<0>;
v0xca6d25a40_0 .net *"_ivl_40", 27 0, L_0xca68787f0;  1 drivers
v0xca6d25ae0_0 .net *"_ivl_41", 31 0, L_0xca70832a0;  1 drivers
v0xca6d25b80_0 .net *"_ivl_5", 31 0, L_0xca6cac0a0;  1 drivers
L_0xca6878640 .functor BUFT 1, C4<0000000000000000000000000000>, C4<0>, C4<0>, C4<0>;
v0xca6d25c20_0 .net *"_ivl_8", 27 0, L_0xca6878640;  1 drivers
v0xca6d25cc0_0 .net *"_ivl_9", 31 0, L_0xca7082e40;  1 drivers
L_0xca7082da0 .array/port v0xca6d2af80, L_0xca7082e40;
L_0xca6cac0a0 .concat [ 4 28 0 0], L_0xca70d5540, L_0xca6878640;
L_0xca7082e40 .arith/sum 32, L_0xca68785f8, L_0xca6cac0a0;
L_0xca7082ee0 .array/port v0xca6d2af80, L_0xca7082f80;
L_0xca6cac140 .concat [ 4 28 0 0], L_0xca70d55e0, L_0xca68786d0;
L_0xca7082f80 .arith/sum 32, L_0xca6878688, L_0xca6cac140;
L_0xca7083020 .cmp/gt 8, L_0xca7082da0, L_0xca7082ee0;
L_0xca70830c0 .array/port v0xca6d2af80, L_0xca7083160;
L_0xca6cad220 .concat [ 4 28 0 0], L_0xca70d5540, L_0xca6878760;
L_0xca7083160 .arith/sum 32, L_0xca6878718, L_0xca6cad220;
L_0xca7083200 .array/port v0xca6d2af80, L_0xca70832a0;
L_0xca6cad2c0 .concat [ 4 28 0 0], L_0xca70d55e0, L_0xca68787f0;
L_0xca70832a0 .arith/sum 32, L_0xca68787a8, L_0xca6cad2c0;
L_0xca707a9e0 .functor MUXZ 8, L_0xca7083200, L_0xca70830c0, L_0xca7083020, C4<>;
S_0x104b5b6e0 .scope generate, "GEN_RESP[3]" "GEN_RESP[3]" 4 193, 4 193 0, S_0x104b60950;
 .timescale -9 -12;
P_0xca7068dc0 .param/l "gi" 1 4 193, +C4<011>;
v0xca6d25d60_0 .net *"_ivl_1", 7 0, L_0xca7083340;  1 drivers
v0xca6d25e00_0 .net *"_ivl_11", 7 0, L_0xca7083480;  1 drivers
L_0xca68788c8 .functor BUFT 1, C4<00000000000000000000000001110000>, C4<0>, C4<0>, C4<0>;
v0xca6d25ea0_0 .net/2u *"_ivl_13", 31 0, L_0xca68788c8;  1 drivers
v0xca6d25f40_0 .net *"_ivl_15", 31 0, L_0xca6cad400;  1 drivers
L_0xca6878910 .functor BUFT 1, C4<0000000000000000000000000000>, C4<0>, C4<0>, C4<0>;
v0xca6d25fe0_0 .net *"_ivl_18", 27 0, L_0xca6878910;  1 drivers
v0xca6d26080_0 .net *"_ivl_19", 31 0, L_0xca7083520;  1 drivers
v0xca6d26120_0 .net *"_ivl_21", 0 0, L_0xca70835c0;  1 drivers
v0xca6d261c0_0 .net *"_ivl_23", 7 0, L_0xca7083660;  1 drivers
L_0xca6878958 .functor BUFT 1, C4<00000000000000000000000001100000>, C4<0>, C4<0>, C4<0>;
v0xca6d26260_0 .net/2u *"_ivl_25", 31 0, L_0xca6878958;  1 drivers
v0xca6d26300_0 .net *"_ivl_27", 31 0, L_0xca6cad4a0;  1 drivers
L_0xca6878838 .functor BUFT 1, C4<00000000000000000000000001100000>, C4<0>, C4<0>, C4<0>;
v0xca6d263a0_0 .net/2u *"_ivl_3", 31 0, L_0xca6878838;  1 drivers
L_0xca68789a0 .functor BUFT 1, C4<0000000000000000000000000000>, C4<0>, C4<0>, C4<0>;
v0xca6d26440_0 .net *"_ivl_30", 27 0, L_0xca68789a0;  1 drivers
v0xca6d264e0_0 .net *"_ivl_31", 31 0, L_0xca7083700;  1 drivers
v0xca6d26580_0 .net *"_ivl_33", 7 0, L_0xca70837a0;  1 drivers
L_0xca68789e8 .functor BUFT 1, C4<00000000000000000000000001110000>, C4<0>, C4<0>, C4<0>;
v0xca6d26620_0 .net/2u *"_ivl_35", 31 0, L_0xca68789e8;  1 drivers
v0xca6d266c0_0 .net *"_ivl_37", 31 0, L_0xca6cad540;  1 drivers
L_0xca6878a30 .functor BUFT 1, C4<0000000000000000000000000000>, C4<0>, C4<0>, C4<0>;
v0xca6d26760_0 .net *"_ivl_40", 27 0, L_0xca6878a30;  1 drivers
v0xca6d26800_0 .net *"_ivl_41", 31 0, L_0xca7083840;  1 drivers
v0xca6d268a0_0 .net *"_ivl_5", 31 0, L_0xca6cad360;  1 drivers
L_0xca6878880 .functor BUFT 1, C4<0000000000000000000000000000>, C4<0>, C4<0>, C4<0>;
v0xca6d26940_0 .net *"_ivl_8", 27 0, L_0xca6878880;  1 drivers
v0xca6d269e0_0 .net *"_ivl_9", 31 0, L_0xca70833e0;  1 drivers
L_0xca7083340 .array/port v0xca6d2af80, L_0xca70833e0;
L_0xca6cad360 .concat [ 4 28 0 0], L_0xca70d5540, L_0xca6878880;
L_0xca70833e0 .arith/sum 32, L_0xca6878838, L_0xca6cad360;
L_0xca7083480 .array/port v0xca6d2af80, L_0xca7083520;
L_0xca6cad400 .concat [ 4 28 0 0], L_0xca70d55e0, L_0xca6878910;
L_0xca7083520 .arith/sum 32, L_0xca68788c8, L_0xca6cad400;
L_0xca70835c0 .cmp/gt 8, L_0xca7083340, L_0xca7083480;
L_0xca7083660 .array/port v0xca6d2af80, L_0xca7083700;
L_0xca6cad4a0 .concat [ 4 28 0 0], L_0xca70d5540, L_0xca68789a0;
L_0xca7083700 .arith/sum 32, L_0xca6878958, L_0xca6cad4a0;
L_0xca70837a0 .array/port v0xca6d2af80, L_0xca7083840;
L_0xca6cad540 .concat [ 4 28 0 0], L_0xca70d55e0, L_0xca6878a30;
L_0xca7083840 .arith/sum 32, L_0xca68789e8, L_0xca6cad540;
L_0xca707aa80 .functor MUXZ 8, L_0xca70837a0, L_0xca7083660, L_0xca70835c0, C4<>;
S_0x104b5b860 .scope generate, "GEN_RESP[4]" "GEN_RESP[4]" 4 193, 4 193 0, S_0x104b60950;
 .timescale -9 -12;
P_0xca7068e00 .param/l "gi" 1 4 193, +C4<0100>;
v0xca6d26a80_0 .net *"_ivl_1", 7 0, L_0xca70838e0;  1 drivers
v0xca6d26b20_0 .net *"_ivl_11", 7 0, L_0xca7083a20;  1 drivers
L_0xca6878b08 .functor BUFT 1, C4<00000000000000000000000010010000>, C4<0>, C4<0>, C4<0>;
v0xca6d26bc0_0 .net/2u *"_ivl_13", 31 0, L_0xca6878b08;  1 drivers
v0xca6d26c60_0 .net *"_ivl_15", 31 0, L_0xca6cad680;  1 drivers
L_0xca6878b50 .functor BUFT 1, C4<0000000000000000000000000000>, C4<0>, C4<0>, C4<0>;
v0xca6d26d00_0 .net *"_ivl_18", 27 0, L_0xca6878b50;  1 drivers
v0xca6d26da0_0 .net *"_ivl_19", 31 0, L_0xca7083ac0;  1 drivers
v0xca6d26e40_0 .net *"_ivl_21", 0 0, L_0xca7083b60;  1 drivers
v0xca6d26ee0_0 .net *"_ivl_23", 7 0, L_0xca7083c00;  1 drivers
L_0xca6878b98 .functor BUFT 1, C4<00000000000000000000000010000000>, C4<0>, C4<0>, C4<0>;
v0xca6d26f80_0 .net/2u *"_ivl_25", 31 0, L_0xca6878b98;  1 drivers
v0xca6d27020_0 .net *"_ivl_27", 31 0, L_0xca6cacf00;  1 drivers
L_0xca6878a78 .functor BUFT 1, C4<00000000000000000000000010000000>, C4<0>, C4<0>, C4<0>;
v0xca6d270c0_0 .net/2u *"_ivl_3", 31 0, L_0xca6878a78;  1 drivers
L_0xca6878be0 .functor BUFT 1, C4<0000000000000000000000000000>, C4<0>, C4<0>, C4<0>;
v0xca6d27160_0 .net *"_ivl_30", 27 0, L_0xca6878be0;  1 drivers
v0xca6d27200_0 .net *"_ivl_31", 31 0, L_0xca7083ca0;  1 drivers
v0xca6d272a0_0 .net *"_ivl_33", 7 0, L_0xca7083d40;  1 drivers
L_0xca6878c28 .functor BUFT 1, C4<00000000000000000000000010010000>, C4<0>, C4<0>, C4<0>;
v0xca6d27340_0 .net/2u *"_ivl_35", 31 0, L_0xca6878c28;  1 drivers
v0xca6d273e0_0 .net *"_ivl_37", 31 0, L_0xca6cacfa0;  1 drivers
L_0xca6878c70 .functor BUFT 1, C4<0000000000000000000000000000>, C4<0>, C4<0>, C4<0>;
v0xca6d27480_0 .net *"_ivl_40", 27 0, L_0xca6878c70;  1 drivers
v0xca6d27520_0 .net *"_ivl_41", 31 0, L_0xca7083de0;  1 drivers
v0xca6d275c0_0 .net *"_ivl_5", 31 0, L_0xca6cad5e0;  1 drivers
L_0xca6878ac0 .functor BUFT 1, C4<0000000000000000000000000000>, C4<0>, C4<0>, C4<0>;
v0xca6d27660_0 .net *"_ivl_8", 27 0, L_0xca6878ac0;  1 drivers
v0xca6d27700_0 .net *"_ivl_9", 31 0, L_0xca7083980;  1 drivers
L_0xca70838e0 .array/port v0xca6d2af80, L_0xca7083980;
L_0xca6cad5e0 .concat [ 4 28 0 0], L_0xca70d5540, L_0xca6878ac0;
L_0xca7083980 .arith/sum 32, L_0xca6878a78, L_0xca6cad5e0;
L_0xca7083a20 .array/port v0xca6d2af80, L_0xca7083ac0;
L_0xca6cad680 .concat [ 4 28 0 0], L_0xca70d55e0, L_0xca6878b50;
L_0xca7083ac0 .arith/sum 32, L_0xca6878b08, L_0xca6cad680;
L_0xca7083b60 .cmp/gt 8, L_0xca70838e0, L_0xca7083a20;
L_0xca7083c00 .array/port v0xca6d2af80, L_0xca7083ca0;
L_0xca6cacf00 .concat [ 4 28 0 0], L_0xca70d5540, L_0xca6878be0;
L_0xca7083ca0 .arith/sum 32, L_0xca6878b98, L_0xca6cacf00;
L_0xca7083d40 .array/port v0xca6d2af80, L_0xca7083de0;
L_0xca6cacfa0 .concat [ 4 28 0 0], L_0xca70d55e0, L_0xca6878c70;
L_0xca7083de0 .arith/sum 32, L_0xca6878c28, L_0xca6cacfa0;
L_0xca707ab20 .functor MUXZ 8, L_0xca7083d40, L_0xca7083c00, L_0xca7083b60, C4<>;
S_0x104b64a90 .scope generate, "GEN_RESP[5]" "GEN_RESP[5]" 4 193, 4 193 0, S_0x104b60950;
 .timescale -9 -12;
P_0xca7068e40 .param/l "gi" 1 4 193, +C4<0101>;
v0xca6d277a0_0 .net *"_ivl_1", 7 0, L_0xca7083e80;  1 drivers
v0xca6d27840_0 .net *"_ivl_11", 7 0, L_0xca70d4000;  1 drivers
L_0xca6878d48 .functor BUFT 1, C4<00000000000000000000000010110000>, C4<0>, C4<0>, C4<0>;
v0xca6d278e0_0 .net/2u *"_ivl_13", 31 0, L_0xca6878d48;  1 drivers
v0xca6d27980_0 .net *"_ivl_15", 31 0, L_0xca6cadc20;  1 drivers
L_0xca6878d90 .functor BUFT 1, C4<0000000000000000000000000000>, C4<0>, C4<0>, C4<0>;
v0xca6d27a20_0 .net *"_ivl_18", 27 0, L_0xca6878d90;  1 drivers
v0xca6d27ac0_0 .net *"_ivl_19", 31 0, L_0xca70d40a0;  1 drivers
v0xca6d27b60_0 .net *"_ivl_21", 0 0, L_0xca70d4140;  1 drivers
v0xca6d27c00_0 .net *"_ivl_23", 7 0, L_0xca70d41e0;  1 drivers
L_0xca6878dd8 .functor BUFT 1, C4<00000000000000000000000010100000>, C4<0>, C4<0>, C4<0>;
v0xca6d27ca0_0 .net/2u *"_ivl_25", 31 0, L_0xca6878dd8;  1 drivers
v0xca6d27d40_0 .net *"_ivl_27", 31 0, L_0xca6cadcc0;  1 drivers
L_0xca6878cb8 .functor BUFT 1, C4<00000000000000000000000010100000>, C4<0>, C4<0>, C4<0>;
v0xca6d27de0_0 .net/2u *"_ivl_3", 31 0, L_0xca6878cb8;  1 drivers
L_0xca6878e20 .functor BUFT 1, C4<0000000000000000000000000000>, C4<0>, C4<0>, C4<0>;
v0xca6d27e80_0 .net *"_ivl_30", 27 0, L_0xca6878e20;  1 drivers
v0xca6d27f20_0 .net *"_ivl_31", 31 0, L_0xca70d4280;  1 drivers
v0xca6d28000_0 .net *"_ivl_33", 7 0, L_0xca70d4320;  1 drivers
L_0xca6878e68 .functor BUFT 1, C4<00000000000000000000000010110000>, C4<0>, C4<0>, C4<0>;
v0xca6d280a0_0 .net/2u *"_ivl_35", 31 0, L_0xca6878e68;  1 drivers
v0xca6d28140_0 .net *"_ivl_37", 31 0, L_0xca6cadd60;  1 drivers
L_0xca6878eb0 .functor BUFT 1, C4<0000000000000000000000000000>, C4<0>, C4<0>, C4<0>;
v0xca6d281e0_0 .net *"_ivl_40", 27 0, L_0xca6878eb0;  1 drivers
v0xca6d28280_0 .net *"_ivl_41", 31 0, L_0xca70d43c0;  1 drivers
v0xca6d28320_0 .net *"_ivl_5", 31 0, L_0xca6cacc80;  1 drivers
L_0xca6878d00 .functor BUFT 1, C4<0000000000000000000000000000>, C4<0>, C4<0>, C4<0>;
v0xca6d283c0_0 .net *"_ivl_8", 27 0, L_0xca6878d00;  1 drivers
v0xca6d28460_0 .net *"_ivl_9", 31 0, L_0xca7083f20;  1 drivers
L_0xca7083e80 .array/port v0xca6d2af80, L_0xca7083f20;
L_0xca6cacc80 .concat [ 4 28 0 0], L_0xca70d5540, L_0xca6878d00;
L_0xca7083f20 .arith/sum 32, L_0xca6878cb8, L_0xca6cacc80;
L_0xca70d4000 .array/port v0xca6d2af80, L_0xca70d40a0;
L_0xca6cadc20 .concat [ 4 28 0 0], L_0xca70d55e0, L_0xca6878d90;
L_0xca70d40a0 .arith/sum 32, L_0xca6878d48, L_0xca6cadc20;
L_0xca70d4140 .cmp/gt 8, L_0xca7083e80, L_0xca70d4000;
L_0xca70d41e0 .array/port v0xca6d2af80, L_0xca70d4280;
L_0xca6cadcc0 .concat [ 4 28 0 0], L_0xca70d5540, L_0xca6878e20;
L_0xca70d4280 .arith/sum 32, L_0xca6878dd8, L_0xca6cadcc0;
L_0xca70d4320 .array/port v0xca6d2af80, L_0xca70d43c0;
L_0xca6cadd60 .concat [ 4 28 0 0], L_0xca70d55e0, L_0xca6878eb0;
L_0xca70d43c0 .arith/sum 32, L_0xca6878e68, L_0xca6cadd60;
L_0xca707abc0 .functor MUXZ 8, L_0xca70d4320, L_0xca70d41e0, L_0xca70d4140, C4<>;
S_0x104b64c10 .scope generate, "GEN_RESP[6]" "GEN_RESP[6]" 4 193, 4 193 0, S_0x104b60950;
 .timescale -9 -12;
P_0xca7068e80 .param/l "gi" 1 4 193, +C4<0110>;
v0xca6d28500_0 .net *"_ivl_1", 7 0, L_0xca70d4460;  1 drivers
v0xca6d285a0_0 .net *"_ivl_11", 7 0, L_0xca70d45a0;  1 drivers
L_0xca6878f88 .functor BUFT 1, C4<00000000000000000000000011010000>, C4<0>, C4<0>, C4<0>;
v0xca6d28640_0 .net/2u *"_ivl_13", 31 0, L_0xca6878f88;  1 drivers
v0xca6d286e0_0 .net *"_ivl_15", 31 0, L_0xca6cadea0;  1 drivers
L_0xca6878fd0 .functor BUFT 1, C4<0000000000000000000000000000>, C4<0>, C4<0>, C4<0>;
v0xca6d28780_0 .net *"_ivl_18", 27 0, L_0xca6878fd0;  1 drivers
v0xca6d28820_0 .net *"_ivl_19", 31 0, L_0xca70d4640;  1 drivers
v0xca6d288c0_0 .net *"_ivl_21", 0 0, L_0xca70d46e0;  1 drivers
v0xca6d28960_0 .net *"_ivl_23", 7 0, L_0xca70d4780;  1 drivers
L_0xca6879018 .functor BUFT 1, C4<00000000000000000000000011000000>, C4<0>, C4<0>, C4<0>;
v0xca6d28a00_0 .net/2u *"_ivl_25", 31 0, L_0xca6879018;  1 drivers
v0xca6d28aa0_0 .net *"_ivl_27", 31 0, L_0xca6cadf40;  1 drivers
L_0xca6878ef8 .functor BUFT 1, C4<00000000000000000000000011000000>, C4<0>, C4<0>, C4<0>;
v0xca6d28b40_0 .net/2u *"_ivl_3", 31 0, L_0xca6878ef8;  1 drivers
L_0xca6879060 .functor BUFT 1, C4<0000000000000000000000000000>, C4<0>, C4<0>, C4<0>;
v0xca6d28be0_0 .net *"_ivl_30", 27 0, L_0xca6879060;  1 drivers
v0xca6d28c80_0 .net *"_ivl_31", 31 0, L_0xca70d4820;  1 drivers
v0xca6d28d20_0 .net *"_ivl_33", 7 0, L_0xca70d48c0;  1 drivers
L_0xca68790a8 .functor BUFT 1, C4<00000000000000000000000011010000>, C4<0>, C4<0>, C4<0>;
v0xca6d28dc0_0 .net/2u *"_ivl_35", 31 0, L_0xca68790a8;  1 drivers
v0xca6d28e60_0 .net *"_ivl_37", 31 0, L_0xca6cadfe0;  1 drivers
L_0xca68790f0 .functor BUFT 1, C4<0000000000000000000000000000>, C4<0>, C4<0>, C4<0>;
v0xca6d28f00_0 .net *"_ivl_40", 27 0, L_0xca68790f0;  1 drivers
v0xca6d28fa0_0 .net *"_ivl_41", 31 0, L_0xca70d4960;  1 drivers
v0xca6d29040_0 .net *"_ivl_5", 31 0, L_0xca6cade00;  1 drivers
L_0xca6878f40 .functor BUFT 1, C4<0000000000000000000000000000>, C4<0>, C4<0>, C4<0>;
v0xca6d290e0_0 .net *"_ivl_8", 27 0, L_0xca6878f40;  1 drivers
v0xca6d29180_0 .net *"_ivl_9", 31 0, L_0xca70d4500;  1 drivers
L_0xca70d4460 .array/port v0xca6d2af80, L_0xca70d4500;
L_0xca6cade00 .concat [ 4 28 0 0], L_0xca70d5540, L_0xca6878f40;
L_0xca70d4500 .arith/sum 32, L_0xca6878ef8, L_0xca6cade00;
L_0xca70d45a0 .array/port v0xca6d2af80, L_0xca70d4640;
L_0xca6cadea0 .concat [ 4 28 0 0], L_0xca70d55e0, L_0xca6878fd0;
L_0xca70d4640 .arith/sum 32, L_0xca6878f88, L_0xca6cadea0;
L_0xca70d46e0 .cmp/gt 8, L_0xca70d4460, L_0xca70d45a0;
L_0xca70d4780 .array/port v0xca6d2af80, L_0xca70d4820;
L_0xca6cadf40 .concat [ 4 28 0 0], L_0xca70d5540, L_0xca6879060;
L_0xca70d4820 .arith/sum 32, L_0xca6879018, L_0xca6cadf40;
L_0xca70d48c0 .array/port v0xca6d2af80, L_0xca70d4960;
L_0xca6cadfe0 .concat [ 4 28 0 0], L_0xca70d55e0, L_0xca68790f0;
L_0xca70d4960 .arith/sum 32, L_0xca68790a8, L_0xca6cadfe0;
L_0xca707ac60 .functor MUXZ 8, L_0xca70d48c0, L_0xca70d4780, L_0xca70d46e0, C4<>;
S_0x104b69dd0 .scope generate, "GEN_RESP[7]" "GEN_RESP[7]" 4 193, 4 193 0, S_0x104b60950;
 .timescale -9 -12;
P_0xca7068ec0 .param/l "gi" 1 4 193, +C4<0111>;
v0xca6d29220_0 .net *"_ivl_1", 7 0, L_0xca70d4a00;  1 drivers
v0xca6d292c0_0 .net *"_ivl_11", 7 0, L_0xca70d4b40;  1 drivers
L_0xca68791c8 .functor BUFT 1, C4<00000000000000000000000011110000>, C4<0>, C4<0>, C4<0>;
v0xca6d29360_0 .net/2u *"_ivl_13", 31 0, L_0xca68791c8;  1 drivers
v0xca6d29400_0 .net *"_ivl_15", 31 0, L_0xca6cae120;  1 drivers
L_0xca6879210 .functor BUFT 1, C4<0000000000000000000000000000>, C4<0>, C4<0>, C4<0>;
v0xca6d294a0_0 .net *"_ivl_18", 27 0, L_0xca6879210;  1 drivers
v0xca6d29540_0 .net *"_ivl_19", 31 0, L_0xca70d4be0;  1 drivers
v0xca6d295e0_0 .net *"_ivl_21", 0 0, L_0xca70d4c80;  1 drivers
v0xca6d29680_0 .net *"_ivl_23", 7 0, L_0xca70d4d20;  1 drivers
L_0xca6879258 .functor BUFT 1, C4<00000000000000000000000011100000>, C4<0>, C4<0>, C4<0>;
v0xca6d29720_0 .net/2u *"_ivl_25", 31 0, L_0xca6879258;  1 drivers
v0xca6d297c0_0 .net *"_ivl_27", 31 0, L_0xca6cae1c0;  1 drivers
L_0xca6879138 .functor BUFT 1, C4<00000000000000000000000011100000>, C4<0>, C4<0>, C4<0>;
v0xca6d29860_0 .net/2u *"_ivl_3", 31 0, L_0xca6879138;  1 drivers
L_0xca68792a0 .functor BUFT 1, C4<0000000000000000000000000000>, C4<0>, C4<0>, C4<0>;
v0xca6d29900_0 .net *"_ivl_30", 27 0, L_0xca68792a0;  1 drivers
v0xca6d299a0_0 .net *"_ivl_31", 31 0, L_0xca70d4dc0;  1 drivers
v0xca6d29a40_0 .net *"_ivl_33", 7 0, L_0xca70d4e60;  1 drivers
L_0xca68792e8 .functor BUFT 1, C4<00000000000000000000000011110000>, C4<0>, C4<0>, C4<0>;
v0xca6d29ae0_0 .net/2u *"_ivl_35", 31 0, L_0xca68792e8;  1 drivers
v0xca6d29b80_0 .net *"_ivl_37", 31 0, L_0xca6cae260;  1 drivers
L_0xca6879330 .functor BUFT 1, C4<0000000000000000000000000000>, C4<0>, C4<0>, C4<0>;
v0xca6d29c20_0 .net *"_ivl_40", 27 0, L_0xca6879330;  1 drivers
v0xca6d29cc0_0 .net *"_ivl_41", 31 0, L_0xca70d4f00;  1 drivers
v0xca6d29d60_0 .net *"_ivl_5", 31 0, L_0xca6cae080;  1 drivers
L_0xca6879180 .functor BUFT 1, C4<0000000000000000000000000000>, C4<0>, C4<0>, C4<0>;
v0xca6d29e00_0 .net *"_ivl_8", 27 0, L_0xca6879180;  1 drivers
v0xca6d29ea0_0 .net *"_ivl_9", 31 0, L_0xca70d4aa0;  1 drivers
L_0xca70d4a00 .array/port v0xca6d2af80, L_0xca70d4aa0;
L_0xca6cae080 .concat [ 4 28 0 0], L_0xca70d5540, L_0xca6879180;
L_0xca70d4aa0 .arith/sum 32, L_0xca6879138, L_0xca6cae080;
L_0xca70d4b40 .array/port v0xca6d2af80, L_0xca70d4be0;
L_0xca6cae120 .concat [ 4 28 0 0], L_0xca70d55e0, L_0xca6879210;
L_0xca70d4be0 .arith/sum 32, L_0xca68791c8, L_0xca6cae120;
L_0xca70d4c80 .cmp/gt 8, L_0xca70d4a00, L_0xca70d4b40;
L_0xca70d4d20 .array/port v0xca6d2af80, L_0xca70d4dc0;
L_0xca6cae1c0 .concat [ 4 28 0 0], L_0xca70d5540, L_0xca68792a0;
L_0xca70d4dc0 .arith/sum 32, L_0xca6879258, L_0xca6cae1c0;
L_0xca70d4e60 .array/port v0xca6d2af80, L_0xca70d4f00;
L_0xca6cae260 .concat [ 4 28 0 0], L_0xca70d55e0, L_0xca6879330;
L_0xca70d4f00 .arith/sum 32, L_0xca68792e8, L_0xca6cae260;
L_0xca707ad00 .functor MUXZ 8, L_0xca70d4e60, L_0xca70d4d20, L_0xca70d4c80, C4<>;
S_0xca70cc000 .scope module, "u_bank0" "xpm_memory_sdpram" 4 267, 5 16 0, S_0x104b60950;
 .timescale -9 -12;
    .port_info 0 /INPUT 1 "clka";
    .port_info 1 /INPUT 1 "ena";
    .port_info 2 /INPUT 1 "wea";
    .port_info 3 /INPUT 32 "addra";
    .port_info 4 /INPUT 64 "dina";
    .port_info 5 /INPUT 1 "clkb";
    .port_info 6 /INPUT 1 "enb";
    .port_info 7 /INPUT 32 "addrb";
    .port_info 8 /OUTPUT 64 "doutb";
P_0x104b69f50 .param/l "DEPTH" 1 5 35, +C4<000000000000000000000000000000000000000000000000000000000000000000000000000000000000001000000000>;
P_0x104b69f90 .param/str "MEMORY_PRIMITIVE" 0 5 18, "block";
P_0x104b69fd0 .param/l "MEMORY_SIZE" 0 5 17, +C4<000000000000000000000000000000000000000000000000000000000000000000000000000000001000000000000000>;
P_0x104b6a010 .param/l "READ_DATA_WIDTH_B" 0 5 20, +C4<00000000000000000000000001000000>;
P_0x104b6a050 .param/l "READ_LATENCY_B" 0 5 21, +C4<00000000000000000000000000000001>;
P_0x104b6a090 .param/l "SIM_ASSERT_CHK" 0 5 23, +C4<00000000000000000000000000000000>;
P_0x104b6a0d0 .param/l "WRITE_DATA_WIDTH_A" 0 5 19, +C4<00000000000000000000000001000000>;
P_0x104b6a110 .param/str "WRITE_MODE_A" 0 5 22, "read_first";
v0xca6d2a620_0 .array/port v0xca6d2a620, 0;
L_0xca6c39340 .functor BUFZ 64, v0xca6d2a620_0, C4<0000000000000000000000000000000000000000000000000000000000000000>, C4<0000000000000000000000000000000000000000000000000000000000000000>, C4<0000000000000000000000000000000000000000000000000000000000000000>;
v0xca6d29f40_0 .net "addra", 31 0, L_0xca6cae940;  1 drivers
v0xca6d29fe0_0 .net "addrb", 31 0, L_0xca6caea80;  1 drivers
v0xca6d2a080_0 .net "clka", 0 0, v0xca6d36da0_0;  alias, 1 drivers
v0xca6d2a120_0 .net "clkb", 0 0, v0xca6d36da0_0;  alias, 1 drivers
v0xca6d2a1c0_0 .net "dina", 63 0, L_0xca6cae4e0;  alias, 1 drivers
v0xca6d2a260_0 .net "doutb", 63 0, L_0xca6c39340;  alias, 1 drivers
L_0xca6879a38 .functor BUFT 1, C4<1>, C4<0>, C4<0>, C4<0>;
v0xca6d2a300_0 .net "ena", 0 0, L_0xca6879a38;  1 drivers
v0xca6d2a3a0_0 .net "enb", 0 0, L_0xca702bf70;  1 drivers
v0xca6d2a440_0 .var/i "i", 31 0;
v0xca6d2a4e0_0 .var/i "k", 31 0;
v0xca6d2a580 .array "mem", 511 0, 63 0;
v0xca6d2a620 .array "pipe", 3 0, 63 0;
v0xca6d2a6c0_0 .net "wea", 0 0, L_0xca702be90;  1 drivers
E_0xca6cf3500 .event posedge, v0xca6d2a080_0;
S_0xca70cc180 .scope module, "u_bank1" "xpm_memory_sdpram" 4 276, 5 16 0, S_0x104b60950;
 .timescale -9 -12;
    .port_info 0 /INPUT 1 "clka";
    .port_info 1 /INPUT 1 "ena";
    .port_info 2 /INPUT 1 "wea";
    .port_info 3 /INPUT 32 "addra";
    .port_info 4 /INPUT 64 "dina";
    .port_info 5 /INPUT 1 "clkb";
    .port_info 6 /INPUT 1 "enb";
    .port_info 7 /INPUT 32 "addrb";
    .port_info 8 /OUTPUT 64 "doutb";
P_0x104b68fd0 .param/l "DEPTH" 1 5 35, +C4<000000000000000000000000000000000000000000000000000000000000000000000000000000000000001000000000>;
P_0x104b69010 .param/str "MEMORY_PRIMITIVE" 0 5 18, "block";
P_0x104b69050 .param/l "MEMORY_SIZE" 0 5 17, +C4<000000000000000000000000000000000000000000000000000000000000000000000000000000001000000000000000>;
P_0x104b69090 .param/l "READ_DATA_WIDTH_B" 0 5 20, +C4<00000000000000000000000001000000>;
P_0x104b690d0 .param/l "READ_LATENCY_B" 0 5 21, +C4<00000000000000000000000000000001>;
P_0x104b69110 .param/l "SIM_ASSERT_CHK" 0 5 23, +C4<00000000000000000000000000000000>;
P_0x104b69150 .param/l "WRITE_DATA_WIDTH_A" 0 5 19, +C4<00000000000000000000000001000000>;
P_0x104b69190 .param/str "WRITE_MODE_A" 0 5 22, "read_first";
v0xca6d2ae40_0 .array/port v0xca6d2ae40, 0;
L_0xca6c393b0 .functor BUFZ 64, v0xca6d2ae40_0, C4<0000000000000000000000000000000000000000000000000000000000000000>, C4<0000000000000000000000000000000000000000000000000000000000000000>, C4<0000000000000000000000000000000000000000000000000000000000000000>;
v0xca6d2a760_0 .net "addra", 31 0, L_0xca6caeb20;  1 drivers
v0xca6d2a800_0 .net "addrb", 31 0, L_0xca6cae9e0;  1 drivers
v0xca6d2a8a0_0 .net "clka", 0 0, v0xca6d36da0_0;  alias, 1 drivers
v0xca6d2a940_0 .net "clkb", 0 0, v0xca6d36da0_0;  alias, 1 drivers
v0xca6d2a9e0_0 .net "dina", 63 0, L_0xca6cae4e0;  alias, 1 drivers
v0xca6d2aa80_0 .net "doutb", 63 0, L_0xca6c393b0;  alias, 1 drivers
L_0xca6879ba0 .functor BUFT 1, C4<1>, C4<0>, C4<0>, C4<0>;
v0xca6d2ab20_0 .net "ena", 0 0, L_0xca6879ba0;  1 drivers
v0xca6d2abc0_0 .net "enb", 0 0, L_0xca70e00e0;  1 drivers
v0xca6d2ac60_0 .var/i "i", 31 0;
v0xca6d2ad00_0 .var/i "k", 31 0;
v0xca6d2ada0 .array "mem", 511 0, 63 0;
v0xca6d2ae40 .array "pipe", 3 0, 63 0;
v0xca6d2aee0_0 .net "wea", 0 0, L_0xca70e0000;  1 drivers
S_0xca70cc300 .scope task, "fill_img" "fill_img" 3 70, 3 70 0, S_0xca6c8c900;
 .timescale -9 -12;
v0xca6d36760_0 .var/i "i", 31 0;
TD_tb_sbm_alg9_cosim.fill_img ;
    %pushi/vec4 44257, 0, 16;
    %store/vec4 v0xca6d372a0_0, 0, 16;
    %pushi/vec4 0, 0, 32;
    %store/vec4 v0xca6d36760_0, 0, 32;
T_0.0 ; Top of for-loop
    %load/vec4 v0xca6d36760_0;
    %cmpi/s 2560, 0, 32;
	  %jmp/0xz T_0.1, 5;
    %load/vec4 v0xca6d372a0_0;
    %parti/s 15, 0, 2;
    %load/vec4 v0xca6d372a0_0;
    %parti/s 1, 15, 5;
    %load/vec4 v0xca6d372a0_0;
    %parti/s 1, 13, 5;
    %xor;
    %load/vec4 v0xca6d372a0_0;
    %parti/s 1, 12, 5;
    %xor;
    %load/vec4 v0xca6d372a0_0;
    %parti/s 1, 10, 5;
    %xor;
    %concat/vec4; draw_concat_vec4
    %store/vec4 v0xca6d372a0_0, 0, 16;
    %load/vec4 v0xca6d372a0_0;
    %parti/s 8, 0, 2;
    %load/vec4 v0xca6d36760_0;
    %pushi/vec4 64, 0, 32;
    %div/s;
    %pad/s 45;
    %pad/s 57;
    %muli 4096, 0, 57;
    %pad/s 58;
    %load/vec4 v0xca6d36760_0;
    %pushi/vec4 64, 0, 32;
    %mod/s;
    %pad/s 58;
    %add;
    %ix/vec4/s 4;
    %store/vec4a v0xca6d370c0, 4, 0;
T_0.2 ; for-loop step statement
    %load/vec4 v0xca6d36760_0;
    %addi 1, 0, 32;
    %store/vec4 v0xca6d36760_0, 0, 32;
    %jmp T_0.0;
T_0.1 ; for-loop exit label
    %end;
S_0xca70cc480 .scope task, "send_frame" "send_frame" 3 92, 3 92 0, S_0xca6c8c900;
 .timescale -9 -12;
v0xca6d36800_0 .var/i "i", 31 0;
TD_tb_sbm_alg9_cosim.send_frame ;
    %pushi/vec4 0, 0, 32;
    %store/vec4 v0xca6d36800_0, 0, 32;
T_1.3 ; Top of for-loop
    %load/vec4 v0xca6d36800_0;
    %cmpi/s 2560, 0, 32;
	  %jmp/0xz T_1.4, 5;
    %pushi/vec4 1, 0, 1;
    %store/vec4 v0xca6d38280_0, 0, 1;
    %load/vec4 v0xca6d36800_0;
    %pushi/vec4 64, 0, 32;
    %div/s;
    %pad/s 45;
    %pad/s 57;
    %muli 4096, 0, 57;
    %pad/s 58;
    %load/vec4 v0xca6d36800_0;
    %pushi/vec4 64, 0, 32;
    %mod/s;
    %pad/s 58;
    %add;
    %ix/vec4/s 4;
    %load/vec4a v0xca6d370c0, 4;
    %store/vec4 v0xca6d38000_0, 0, 8;
    %load/vec4 v0xca6d36800_0;
    %pushi/vec4 0, 0, 32;
    %cmp/e;
    %flag_get/vec4 4;
    %store/vec4 v0xca6d381e0_0, 0, 1;
    %load/vec4 v0xca6d36800_0;
    %pushi/vec4 2559, 0, 32;
    %cmp/e;
    %flag_get/vec4 4;
    %store/vec4 v0xca6d380a0_0, 0, 1;
    %wait E_0xca6cf3500;
T_1.6 ;
    %load/vec4 v0xca6d38140_0;
    %cmpi/ne 1, 0, 1;
    %jmp/0xz T_1.7, 6;
    %wait E_0xca6cf3500;
    %jmp T_1.6;
T_1.7 ;
T_1.5 ; for-loop step statement
    %load/vec4 v0xca6d36800_0;
    %addi 1, 0, 32;
    %store/vec4 v0xca6d36800_0, 0, 32;
    %jmp T_1.3;
T_1.4 ; for-loop exit label
    %pushi/vec4 0, 0, 1;
    %store/vec4 v0xca6d38280_0, 0, 1;
    %wait E_0xca6cf3500;
    %end;
S_0xca70cc600 .scope task, "send_two_frames" "send_two_frames" 3 109, 3 109 0, S_0xca6c8c900;
 .timescale -9 -12;
v0xca6d368a0_0 .var/i "i", 31 0;
TD_tb_sbm_alg9_cosim.send_two_frames ;
    %pushi/vec4 2, 0, 32;
T_2.8 %dup/vec4;
    %cmpi/s 0, 0, 32;
    %jmp/1xz T_2.9, 5;
    %jmp/1 T_2.9, 4;
    %subi 1, 0, 32;
    %pushi/vec4 0, 0, 32;
    %store/vec4 v0xca6d368a0_0, 0, 32;
T_2.10 ; Top of for-loop
    %load/vec4 v0xca6d368a0_0;
    %cmpi/s 2560, 0, 32;
	  %jmp/0xz T_2.11, 5;
    %pushi/vec4 1, 0, 1;
    %store/vec4 v0xca6d38280_0, 0, 1;
    %load/vec4 v0xca6d368a0_0;
    %pushi/vec4 64, 0, 32;
    %div/s;
    %pad/s 45;
    %pad/s 57;
    %muli 4096, 0, 57;
    %pad/s 58;
    %load/vec4 v0xca6d368a0_0;
    %pushi/vec4 64, 0, 32;
    %mod/s;
    %pad/s 58;
    %add;
    %ix/vec4/s 4;
    %load/vec4a v0xca6d370c0, 4;
    %store/vec4 v0xca6d38000_0, 0, 8;
    %load/vec4 v0xca6d368a0_0;
    %pushi/vec4 0, 0, 32;
    %cmp/e;
    %flag_get/vec4 4;
    %store/vec4 v0xca6d381e0_0, 0, 1;
    %load/vec4 v0xca6d368a0_0;
    %pushi/vec4 2559, 0, 32;
    %cmp/e;
    %flag_get/vec4 4;
    %store/vec4 v0xca6d380a0_0, 0, 1;
    %wait E_0xca6cf3500;
T_2.13 ;
    %load/vec4 v0xca6d38140_0;
    %cmpi/ne 1, 0, 1;
    %jmp/0xz T_2.14, 6;
    %wait E_0xca6cf3500;
    %jmp T_2.13;
T_2.14 ;
T_2.12 ; for-loop step statement
    %load/vec4 v0xca6d368a0_0;
    %addi 1, 0, 32;
    %store/vec4 v0xca6d368a0_0, 0, 32;
    %jmp T_2.10;
T_2.11 ; for-loop exit label
    %jmp T_2.8;
T_2.9 ;
    %pop/vec4 1;
    %pushi/vec4 0, 0, 1;
    %store/vec4 v0xca6d38280_0, 0, 1;
    %wait E_0xca6cf3500;
    %end;
S_0xca70cc780 .scope begin, "wait_done" "wait_done" 3 138, 3 138 0, S_0xca6c8c900;
 .timescale -9 -12;
v0xca6d36940_0 .var/i "wcnt", 31 0;
    .scope S_0xca70cc000;
T_3 ;
    %pushi/vec4 0, 0, 32;
    %store/vec4 v0xca6d2a440_0, 0, 32;
T_3.0 ; Top of for-loop
    %load/vec4 v0xca6d2a440_0;
    %pad/s 96;
    %cmpi/s 512, 0, 96;
	  %jmp/0xz T_3.1, 5;
    %pushi/vec4 0, 0, 64;
    %ix/getv/s 4, v0xca6d2a440_0;
    %store/vec4a v0xca6d2a580, 4, 0;
T_3.2 ; for-loop step statement
    %load/vec4 v0xca6d2a440_0;
    %addi 1, 0, 32;
    %store/vec4 v0xca6d2a440_0, 0, 32;
    %jmp T_3.0;
T_3.1 ; for-loop exit label
    %end;
    .thread T_3;
    .scope S_0xca70cc000;
T_4 ;
    %wait E_0xca6cf3500;
    %load/vec4 v0xca6d2a300_0;
    %flag_set/vec4 9;
    %flag_get/vec4 9;
    %jmp/0 T_4.2, 9;
    %load/vec4 v0xca6d2a6c0_0;
    %and;
T_4.2;
    %flag_set/vec4 8;
    %jmp/0xz  T_4.0, 8;
    %load/vec4 v0xca6d2a1c0_0;
    %ix/getv 3, v0xca6d29f40_0;
    %ix/load 4, 0, 0; Constant delay
    %assign/vec4/a/d v0xca6d2a580, 0, 4;
T_4.0 ;
    %jmp T_4;
    .thread T_4;
    .scope S_0xca70cc000;
T_5 ;
    %wait E_0xca6cf3500;
    %load/vec4 v0xca6d2a3a0_0;
    %flag_set/vec4 8;
    %jmp/0xz  T_5.0, 8;
    %ix/getv 4, v0xca6d29fe0_0;
    %load/vec4a v0xca6d2a580, 4;
    %ix/load 3, 0, 0;
    %flag_set/imm 4, 0;
    %ix/load 4, 0, 0; Constant delay
    %assign/vec4/a/d v0xca6d2a620, 0, 4;
    %pushi/vec4 1, 0, 32;
    %store/vec4 v0xca6d2a4e0_0, 0, 32;
T_5.2 ; Top of for-loop
    %load/vec4 v0xca6d2a4e0_0;
    %cmpi/s 1, 0, 32;
    %flag_get/vec4 5;
    %jmp/0 T_5.5, 5;
    %load/vec4 v0xca6d2a4e0_0;
    %cmpi/s 4, 0, 32;
    %flag_get/vec4 5;
    %and;
T_5.5;
    %flag_set/vec4 8;
	  %jmp/0xz T_5.3, 8;
    %load/vec4 v0xca6d2a4e0_0;
    %subi 1, 0, 32;
    %ix/vec4/s 4;
    %load/vec4a v0xca6d2a620, 4;
    %ix/getv/s 3, v0xca6d2a4e0_0;
    %ix/load 4, 0, 0; Constant delay
    %assign/vec4/a/d v0xca6d2a620, 0, 4;
T_5.4 ; for-loop step statement
    %load/vec4 v0xca6d2a4e0_0;
    %addi 1, 0, 32;
    %store/vec4 v0xca6d2a4e0_0, 0, 32;
    %jmp T_5.2;
T_5.3 ; for-loop exit label
T_5.0 ;
    %jmp T_5;
    .thread T_5;
    .scope S_0xca70cc180;
T_6 ;
    %pushi/vec4 0, 0, 32;
    %store/vec4 v0xca6d2ac60_0, 0, 32;
T_6.0 ; Top of for-loop
    %load/vec4 v0xca6d2ac60_0;
    %pad/s 96;
    %cmpi/s 512, 0, 96;
	  %jmp/0xz T_6.1, 5;
    %pushi/vec4 0, 0, 64;
    %ix/getv/s 4, v0xca6d2ac60_0;
    %store/vec4a v0xca6d2ada0, 4, 0;
T_6.2 ; for-loop step statement
    %load/vec4 v0xca6d2ac60_0;
    %addi 1, 0, 32;
    %store/vec4 v0xca6d2ac60_0, 0, 32;
    %jmp T_6.0;
T_6.1 ; for-loop exit label
    %end;
    .thread T_6;
    .scope S_0xca70cc180;
T_7 ;
    %wait E_0xca6cf3500;
    %load/vec4 v0xca6d2ab20_0;
    %flag_set/vec4 9;
    %flag_get/vec4 9;
    %jmp/0 T_7.2, 9;
    %load/vec4 v0xca6d2aee0_0;
    %and;
T_7.2;
    %flag_set/vec4 8;
    %jmp/0xz  T_7.0, 8;
    %load/vec4 v0xca6d2a9e0_0;
    %ix/getv 3, v0xca6d2a760_0;
    %ix/load 4, 0, 0; Constant delay
    %assign/vec4/a/d v0xca6d2ada0, 0, 4;
T_7.0 ;
    %jmp T_7;
    .thread T_7;
    .scope S_0xca70cc180;
T_8 ;
    %wait E_0xca6cf3500;
    %load/vec4 v0xca6d2abc0_0;
    %flag_set/vec4 8;
    %jmp/0xz  T_8.0, 8;
    %ix/getv 4, v0xca6d2a800_0;
    %load/vec4a v0xca6d2ada0, 4;
    %ix/load 3, 0, 0;
    %flag_set/imm 4, 0;
    %ix/load 4, 0, 0; Constant delay
    %assign/vec4/a/d v0xca6d2ae40, 0, 4;
    %pushi/vec4 1, 0, 32;
    %store/vec4 v0xca6d2ad00_0, 0, 32;
T_8.2 ; Top of for-loop
    %load/vec4 v0xca6d2ad00_0;
    %cmpi/s 1, 0, 32;
    %flag_get/vec4 5;
    %jmp/0 T_8.5, 5;
    %load/vec4 v0xca6d2ad00_0;
    %cmpi/s 4, 0, 32;
    %flag_get/vec4 5;
    %and;
T_8.5;
    %flag_set/vec4 8;
	  %jmp/0xz T_8.3, 8;
    %load/vec4 v0xca6d2ad00_0;
    %subi 1, 0, 32;
    %ix/vec4/s 4;
    %load/vec4a v0xca6d2ae40, 4;
    %ix/getv/s 3, v0xca6d2ad00_0;
    %ix/load 4, 0, 0; Constant delay
    %assign/vec4/a/d v0xca6d2ae40, 0, 4;
T_8.4 ; for-loop step statement
    %load/vec4 v0xca6d2ad00_0;
    %addi 1, 0, 32;
    %store/vec4 v0xca6d2ad00_0, 0, 32;
    %jmp T_8.2;
T_8.3 ; for-loop exit label
T_8.0 ;
    %jmp T_8;
    .thread T_8;
    .scope S_0x104b60950;
T_9 ;
    %wait E_0xca6cf3440;
    %load/vec4 v0xca6d354a0_0;
    %nor/r;
    %flag_set/vec4 8;
    %jmp/0xz  T_9.0, 8;
    %pushi/vec4 0, 0, 12;
    %assign/vec4 v0xca6d34640_0, 0;
    %pushi/vec4 0, 0, 7;
    %assign/vec4 v0xca6d32ee0_0, 0;
    %pushi/vec4 0, 0, 6;
    %assign/vec4 v0xca6d32f80_0, 0;
    %pushi/vec4 0, 0, 10;
    %assign/vec4 v0xca6d32a80_0, 0;
    %pushi/vec4 0, 0, 1;
    %assign/vec4 v0xca6d32d00_0, 0;
    %pushi/vec4 0, 0, 3;
    %assign/vec4 v0xca6d32b20_0, 0;
    %pushi/vec4 0, 0, 1;
    %assign/vec4 v0xca6d337a0_0, 0;
    %pushi/vec4 0, 0, 2;
    %assign/vec4 v0xca6d32bc0_0, 0;
    %pushi/vec4 0, 0, 3;
    %ix/load 3, 0, 0;
    %flag_set/imm 4, 0;
    %ix/load 4, 0, 0; Constant delay
    %assign/vec4/a/d v0xca6d32da0, 0, 4;
    %pushi/vec4 0, 0, 3;
    %ix/load 3, 1, 0;
    %flag_set/imm 4, 0;
    %ix/load 4, 0, 0; Constant delay
    %assign/vec4/a/d v0xca6d32da0, 0, 4;
    %jmp T_9.1;
T_9.0 ;
    %load/vec4 v0xca6d33a20_0;
    %flag_set/vec4 8;
    %jmp/0xz  T_9.2, 8;
    %pushi/vec4 1, 0, 12;
    %assign/vec4 v0xca6d34640_0, 0;
    %pushi/vec4 1, 0, 7;
    %assign/vec4 v0xca6d32ee0_0, 0;
    %pushi/vec4 0, 0, 6;
    %assign/vec4 v0xca6d32f80_0, 0;
    %pushi/vec4 1, 0, 10;
    %assign/vec4 v0xca6d32a80_0, 0;
    %pushi/vec4 0, 0, 1;
    %assign/vec4 v0xca6d32d00_0, 0;
    %pushi/vec4 0, 0, 3;
    %assign/vec4 v0xca6d32b20_0, 0;
    %pushi/vec4 1, 0, 1;
    %assign/vec4 v0xca6d337a0_0, 0;
    %pushi/vec4 0, 0, 2;
    %assign/vec4 v0xca6d32bc0_0, 0;
    %jmp T_9.3;
T_9.2 ;
    %load/vec4 v0xca6d337a0_0;
    %flag_set/vec4 9;
    %flag_get/vec4 9;
    %jmp/0 T_9.6, 9;
    %load/vec4 v0xca6d345a0_0;
    %and;
T_9.6;
    %flag_set/vec4 8;
    %jmp/0xz  T_9.4, 8;
    %load/vec4 v0xca6d346e0_0;
    %flag_set/vec4 8;
    %jmp/0xz  T_9.7, 8;
    %pushi/vec4 1, 0, 1;
    %ix/load 5, 0, 0;
    %ix/getv 4, v0xca6d32d00_0;
    %assign/vec4/off/d v0xca6d32bc0_0, 4, 5;
    %load/vec4 v0xca6d32b20_0;
    %load/vec4 v0xca6d32d00_0;
    %pad/u 3;
    %ix/vec4 3;
    %ix/load 4, 0, 0; Constant delay
    %assign/vec4/a/d v0xca6d32da0, 0, 4;
    %pushi/vec4 0, 0, 10;
    %assign/vec4 v0xca6d32a80_0, 0;
    %load/vec4 v0xca6d32d00_0;
    %inv;
    %assign/vec4 v0xca6d32d00_0, 0;
    %load/vec4 v0xca6d32b20_0;
    %pad/u 32;
    %cmpi/e 4, 0, 32;
    %flag_mov 8, 4;
    %jmp/0 T_9.9, 8;
    %pushi/vec4 0, 0, 3;
    %jmp/1 T_9.10, 8;
T_9.9 ; End of true expr.
    %load/vec4 v0xca6d32b20_0;
    %addi 1, 0, 3;
    %jmp/0 T_9.10, 8;
 ; End of false expr.
    %blend;
T_9.10;
    %assign/vec4 v0xca6d32b20_0, 0;
    %jmp T_9.8;
T_9.7 ;
    %load/vec4 v0xca6d32a80_0;
    %addi 1, 0, 10;
    %assign/vec4 v0xca6d32a80_0, 0;
T_9.8 ;
    %load/vec4 v0xca6d338e0_0;
    %flag_set/vec4 8;
    %jmp/0xz  T_9.11, 8;
    %pushi/vec4 0, 0, 1;
    %assign/vec4 v0xca6d337a0_0, 0;
    %jmp T_9.12;
T_9.11 ;
    %load/vec4 v0xca6d34640_0;
    %addi 1, 0, 12;
    %assign/vec4 v0xca6d34640_0, 0;
    %load/vec4 v0xca6d32ee0_0;
    %pad/u 32;
    %cmpi/e 63, 0, 32;
    %jmp/0xz  T_9.13, 4;
    %pushi/vec4 0, 0, 7;
    %assign/vec4 v0xca6d32ee0_0, 0;
    %load/vec4 v0xca6d32f80_0;
    %addi 1, 0, 6;
    %assign/vec4 v0xca6d32f80_0, 0;
    %jmp T_9.14;
T_9.13 ;
    %load/vec4 v0xca6d32ee0_0;
    %addi 1, 0, 7;
    %assign/vec4 v0xca6d32ee0_0, 0;
T_9.14 ;
T_9.12 ;
T_9.4 ;
T_9.3 ;
T_9.1 ;
    %load/vec4 v0xca6d35a40_0;
    %flag_set/vec4 8;
    %jmp/0xz  T_9.15, 8;
    %pushi/vec4 0, 0, 1;
    %ix/load 5, 0, 0;
    %ix/load 4, 0, 0;
    %flag_set/imm 4, 0;
    %assign/vec4/off/d v0xca6d32bc0_0, 4, 5;
T_9.15 ;
    %load/vec4 v0xca6d35ae0_0;
    %flag_set/vec4 8;
    %jmp/0xz  T_9.17, 8;
    %pushi/vec4 0, 0, 1;
    %ix/load 5, 0, 0;
    %ix/load 4, 1, 0;
    %flag_set/imm 4, 0;
    %assign/vec4/off/d v0xca6d32bc0_0, 4, 5;
T_9.17 ;
    %jmp T_9;
    .thread T_9;
    .scope S_0x104b60950;
T_10 ;
    %wait E_0xca6cf3440;
    %load/vec4 v0xca6d354a0_0;
    %nor/r;
    %flag_set/vec4 8;
    %jmp/0xz  T_10.0, 8;
    %pushi/vec4 0, 0, 1;
    %assign/vec4 v0xca6d33980_0, 0;
    %jmp T_10.1;
T_10.0 ;
    %load/vec4 v0xca6d33a20_0;
    %flag_set/vec4 8;
    %jmp/0xz  T_10.2, 8;
    %pushi/vec4 1, 0, 1;
    %assign/vec4 v0xca6d33980_0, 0;
T_10.2 ;
T_10.1 ;
    %jmp T_10;
    .thread T_10;
    .scope S_0x104b60950;
T_11 ;
    %vpi_call/w 4 185 "$readmemh", "similarity_lut.mem", v0xca6d2af80 {0 0 0};
    %end;
    .thread T_11;
    .scope S_0x104b60950;
T_12 ;
    %wait E_0xca6cf3440;
    %load/vec4 v0xca6d354a0_0;
    %nor/r;
    %flag_set/vec4 8;
    %jmp/0xz  T_12.0, 8;
    %pushi/vec4 0, 0, 1;
    %assign/vec4 v0xca6d33340_0, 0;
    %pushi/vec4 0, 0, 1;
    %assign/vec4 v0xca6d33160_0, 0;
    %pushi/vec4 0, 0, 3;
    %assign/vec4 v0xca6d330c0_0, 0;
    %pushi/vec4 0, 0, 3;
    %assign/vec4 v0xca6d34e60_0, 0;
    %pushi/vec4 0, 0, 3;
    %assign/vec4 v0xca6d34dc0_0, 0;
    %pushi/vec4 0, 0, 4;
    %assign/vec4 v0xca6d34a00_0, 0;
    %pushi/vec4 0, 0, 10;
    %assign/vec4 v0xca6d33200_0, 0;
    %pushi/vec4 0, 0, 2;
    %assign/vec4 v0xca6d333e0_0, 0;
    %jmp T_12.1;
T_12.0 ;
    %load/vec4 v0xca6d33340_0;
    %nor/r;
    %flag_set/vec4 8;
    %jmp/0xz  T_12.2, 8;
    %load/vec4 v0xca6d32bc0_0;
    %parti/s 1, 0, 2;
    %flag_set/vec4 8;
    %jmp/0xz  T_12.4, 8;
    %pushi/vec4 1, 0, 1;
    %assign/vec4 v0xca6d33340_0, 0;
    %pushi/vec4 0, 0, 1;
    %assign/vec4 v0xca6d33160_0, 0;
    %ix/load 4, 0, 0;
    %flag_set/imm 4, 0;
    %load/vec4a v0xca6d32da0, 4;
    %assign/vec4 v0xca6d330c0_0, 0;
    %pushi/vec4 1, 0, 1;
    %ix/load 5, 0, 0;
    %ix/load 4, 0, 0;
    %flag_set/imm 4, 0;
    %assign/vec4/off/d v0xca6d333e0_0, 4, 5;
    %pushi/vec4 0, 0, 3;
    %assign/vec4 v0xca6d34e60_0, 0;
    %pushi/vec4 0, 0, 3;
    %assign/vec4 v0xca6d34dc0_0, 0;
    %pushi/vec4 0, 0, 4;
    %assign/vec4 v0xca6d34a00_0, 0;
    %pushi/vec4 0, 0, 10;
    %assign/vec4 v0xca6d33200_0, 0;
    %jmp T_12.5;
T_12.4 ;
    %load/vec4 v0xca6d32bc0_0;
    %parti/s 1, 1, 2;
    %flag_set/vec4 8;
    %jmp/0xz  T_12.6, 8;
    %pushi/vec4 1, 0, 1;
    %assign/vec4 v0xca6d33340_0, 0;
    %pushi/vec4 1, 0, 1;
    %assign/vec4 v0xca6d33160_0, 0;
    %ix/load 4, 1, 0;
    %flag_set/imm 4, 0;
    %load/vec4a v0xca6d32da0, 4;
    %assign/vec4 v0xca6d330c0_0, 0;
    %pushi/vec4 1, 0, 1;
    %ix/load 5, 0, 0;
    %ix/load 4, 1, 0;
    %flag_set/imm 4, 0;
    %assign/vec4/off/d v0xca6d333e0_0, 4, 5;
    %pushi/vec4 0, 0, 3;
    %assign/vec4 v0xca6d34e60_0, 0;
    %pushi/vec4 0, 0, 3;
    %assign/vec4 v0xca6d34dc0_0, 0;
    %pushi/vec4 0, 0, 4;
    %assign/vec4 v0xca6d34a00_0, 0;
    %pushi/vec4 0, 0, 10;
    %assign/vec4 v0xca6d33200_0, 0;
T_12.6 ;
T_12.5 ;
    %jmp T_12.3;
T_12.2 ;
    %load/vec4 v0xca6d332a0_0;
    %flag_set/vec4 8;
    %jmp/0xz  T_12.8, 8;
    %load/vec4 v0xca6d33200_0;
    %pad/u 96;
    %cmpi/e 511, 0, 96;
    %jmp/0xz  T_12.10, 4;
    %pushi/vec4 0, 0, 1;
    %assign/vec4 v0xca6d33340_0, 0;
    %pushi/vec4 0, 0, 1;
    %ix/load 5, 0, 0;
    %ix/getv 4, v0xca6d33160_0;
    %assign/vec4/off/d v0xca6d333e0_0, 4, 5;
    %pushi/vec4 0, 0, 10;
    %assign/vec4 v0xca6d33200_0, 0;
    %jmp T_12.11;
T_12.10 ;
    %load/vec4 v0xca6d33200_0;
    %addi 1, 0, 10;
    %assign/vec4 v0xca6d33200_0, 0;
    %load/vec4 v0xca6d34a00_0;
    %pad/u 32;
    %cmpi/e 7, 0, 32;
    %jmp/0xz  T_12.12, 4;
    %pushi/vec4 0, 0, 4;
    %assign/vec4 v0xca6d34a00_0, 0;
    %load/vec4 v0xca6d34dc0_0;
    %pad/u 32;
    %cmpi/e 7, 0, 32;
    %jmp/0xz  T_12.14, 4;
    %pushi/vec4 0, 0, 3;
    %assign/vec4 v0xca6d34dc0_0, 0;
    %load/vec4 v0xca6d34e60_0;
    %pad/u 32;
    %cmpi/e 7, 0, 32;
    %flag_mov 8, 4;
    %jmp/0 T_12.16, 8;
    %pushi/vec4 0, 0, 3;
    %jmp/1 T_12.17, 8;
T_12.16 ; End of true expr.
    %load/vec4 v0xca6d34e60_0;
    %addi 1, 0, 3;
    %jmp/0 T_12.17, 8;
 ; End of false expr.
    %blend;
T_12.17;
    %assign/vec4 v0xca6d34e60_0, 0;
    %jmp T_12.15;
T_12.14 ;
    %load/vec4 v0xca6d34dc0_0;
    %addi 1, 0, 3;
    %assign/vec4 v0xca6d34dc0_0, 0;
T_12.15 ;
    %jmp T_12.13;
T_12.12 ;
    %load/vec4 v0xca6d34a00_0;
    %addi 1, 0, 4;
    %assign/vec4 v0xca6d34a00_0, 0;
T_12.13 ;
T_12.11 ;
T_12.8 ;
T_12.3 ;
T_12.1 ;
    %jmp T_12;
    .thread T_12;
    .scope S_0x104b60950;
T_13 ;
    %wait E_0xca6cf3440;
    %load/vec4 v0xca6d354a0_0;
    %nor/r;
    %flag_set/vec4 8;
    %jmp/0xz  T_13.0, 8;
    %pushi/vec4 0, 0, 6;
    %assign/vec4 v0xca6d34960_0, 0;
    %pushi/vec4 0, 0, 3;
    %assign/vec4 v0xca6d34820_0, 0;
    %pushi/vec4 0, 0, 4;
    %assign/vec4 v0xca6d34b40_0, 0;
    %pushi/vec4 0, 0, 1;
    %assign/vec4 v0xca6d34fa0_0, 0;
    %jmp T_13.1;
T_13.0 ;
    %load/vec4 v0xca6d34e60_0;
    %pad/u 32;
    %muli 8, 0, 32;
    %load/vec4 v0xca6d34dc0_0;
    %pad/u 32;
    %add;
    %pad/u 6;
    %assign/vec4 v0xca6d34960_0, 0;
    %load/vec4 v0xca6d330c0_0;
    %assign/vec4 v0xca6d34820_0, 0;
    %load/vec4 v0xca6d34a00_0;
    %assign/vec4 v0xca6d34b40_0, 0;
    %load/vec4 v0xca6d332a0_0;
    %assign/vec4 v0xca6d34fa0_0, 0;
T_13.1 ;
    %jmp T_13;
    .thread T_13;
    .scope S_0x104b60950;
T_14 ;
    %wait E_0xca6cf3440;
    %load/vec4 v0xca6d354a0_0;
    %nor/r;
    %flag_set/vec4 8;
    %jmp/0xz  T_14.0, 8;
    %pushi/vec4 0, 0, 64;
    %assign/vec4 v0xca6d34d20_0, 0;
    %pushi/vec4 0, 0, 6;
    %assign/vec4 v0xca6d348c0_0, 0;
    %pushi/vec4 0, 0, 3;
    %assign/vec4 v0xca6d34780_0, 0;
    %pushi/vec4 0, 0, 4;
    %assign/vec4 v0xca6d34aa0_0, 0;
    %pushi/vec4 0, 0, 1;
    %assign/vec4 v0xca6d34f00_0, 0;
    %jmp T_14.1;
T_14.0 ;
    %load/vec4 v0xca6d33160_0;
    %flag_set/vec4 8;
    %jmp/0 T_14.2, 8;
    %load/vec4 v0xca6d34c80_0;
    %jmp/1 T_14.3, 8;
T_14.2 ; End of true expr.
    %load/vec4 v0xca6d34be0_0;
    %jmp/0 T_14.3, 8;
 ; End of false expr.
    %blend;
T_14.3;
    %assign/vec4 v0xca6d34d20_0, 0;
    %load/vec4 v0xca6d34960_0;
    %assign/vec4 v0xca6d348c0_0, 0;
    %load/vec4 v0xca6d34820_0;
    %assign/vec4 v0xca6d34780_0, 0;
    %load/vec4 v0xca6d34b40_0;
    %assign/vec4 v0xca6d34aa0_0, 0;
    %load/vec4 v0xca6d34fa0_0;
    %assign/vec4 v0xca6d34f00_0, 0;
T_14.1 ;
    %jmp T_14;
    .thread T_14;
    .scope S_0x104b60950;
T_15 ;
    %wait E_0xca6cf3440;
    %load/vec4 v0xca6d354a0_0;
    %nor/r;
    %flag_set/vec4 8;
    %jmp/0xz  T_15.0, 8;
    %pushi/vec4 0, 0, 2;
    %assign/vec4 v0xca6d35900_0, 0;
    %jmp T_15.1;
T_15.0 ;
    %load/vec4 v0xca6d34f00_0;
    %flag_set/vec4 8;
    %jmp/0xz  T_15.2, 8;
    %pushi/vec4 0, 0, 32;
    %store/vec4 v0xca6d343c0_0, 0, 32;
T_15.4 ; Top of for-loop
    %load/vec4 v0xca6d343c0_0;
    %cmpi/s 8, 0, 32;
	  %jmp/0xz T_15.5, 5;
    %load/vec4 v0xca6d34d20_0;
    %load/vec4 v0xca6d343c0_0;
    %muli 8, 0, 32;
    %part/s 8;
    %load/vec4 v0xca6d343c0_0;
    %pad/s 38;
    %pad/s 43;
    %muli 32, 0, 43;
    %pad/s 44;
    %load/vec4 v0xca6d35900_0;
    %pad/u 8;
    %pad/u 11;
    %muli 8, 0, 11;
    %pad/u 44;
    %add;
    %pad/u 45;
    %load/vec4 v0xca6d34aa0_0;
    %pad/u 5;
    %pad/u 45;
    %add;
    %ix/vec4 3;
    %ix/load 4, 0, 0; Constant delay
    %assign/vec4/a/d v0xca6d35860, 0, 4;
T_15.6 ; for-loop step statement
    %load/vec4 v0xca6d343c0_0;
    %addi 1, 0, 32;
    %store/vec4 v0xca6d343c0_0, 0, 32;
    %jmp T_15.4;
T_15.5 ; for-loop exit label
    %load/vec4 v0xca6d34aa0_0;
    %pad/u 32;
    %cmpi/e 7, 0, 32;
    %jmp/0xz  T_15.7, 4;
    %load/vec4 v0xca6d35900_0;
    %pad/u 32;
    %cmpi/e 3, 0, 32;
    %flag_mov 8, 4;
    %jmp/0 T_15.9, 8;
    %pushi/vec4 0, 0, 2;
    %jmp/1 T_15.10, 8;
T_15.9 ; End of true expr.
    %load/vec4 v0xca6d35900_0;
    %addi 1, 0, 2;
    %jmp/0 T_15.10, 8;
 ; End of false expr.
    %blend;
T_15.10;
    %assign/vec4 v0xca6d35900_0, 0;
T_15.7 ;
T_15.2 ;
T_15.1 ;
    %jmp T_15;
    .thread T_15;
    .scope S_0x104b60950;
T_16 ;
    %wait E_0xca6cf3440;
    %load/vec4 v0xca6d354a0_0;
    %nor/r;
    %flag_set/vec4 8;
    %jmp/0xz  T_16.0, 8;
    %pushi/vec4 0, 0, 6;
    %assign/vec4 v0xca6d35360_0, 0;
    %pushi/vec4 0, 0, 6;
    %assign/vec4 v0xca6d352c0_0, 0;
    %pushi/vec4 0, 0, 6;
    %assign/vec4 v0xca6d35040_0, 0;
    %pushi/vec4 0, 0, 14;
    %assign/vec4 v0xca6d36080_0, 0;
    %jmp T_16.1;
T_16.0 ;
    %load/vec4 v0xca6d34f00_0;
    %flag_set/vec4 9;
    %flag_get/vec4 9;
    %jmp/0 T_16.3, 9;
    %load/vec4 v0xca6d34aa0_0;
    %pad/u 32;
    %pushi/vec4 7, 0, 32;
    %cmp/e;
    %flag_get/vec4 4;
    %and;
T_16.3;
    %flag_set/vec4 8;
    %flag_get/vec4 8;
    %jmp/0 T_16.2, 8;
    %load/vec4 v0xca6d35040_0;
    %pad/u 32;
    %cmpi/u 24, 0, 32;
    %flag_get/vec4 4;
    %flag_get/vec4 5;
    %or;
    %and;
T_16.2;
    %store/vec4 v0xca6d34500_0, 0, 1;
    %load/vec4 v0xca6d34f00_0;
    %flag_set/vec4 10;
    %flag_get/vec4 10;
    %jmp/0 T_16.7, 10;
    %load/vec4 v0xca6d34aa0_0;
    %pad/u 32;
    %pushi/vec4 7, 0, 32;
    %cmp/e;
    %flag_get/vec4 4;
    %and;
T_16.7;
    %flag_set/vec4 9;
    %flag_get/vec4 9;
    %jmp/0 T_16.6, 9;
    %pushi/vec4 24, 0, 32;
    %load/vec4 v0xca6d35040_0;
    %pad/u 32;
    %cmp/u;
    %flag_get/vec4 5;
    %and;
T_16.6;
    %flag_set/vec4 8;
    %jmp/0xz  T_16.4, 8;
    %vpi_call/w 4 335 "$error", "alg9: push \345\256\271\351\207\217\351\227\250\346\216\247\350\247\246\345\217\221(drain \350\212\202\346\265\201\345\244\261\346\225\210?), req_cnt=%0d", v0xca6d35040_0 {0 0 0};
T_16.4 ;
    %load/vec4 v0xca6d36580_0;
    %flag_set/vec4 8;
    %flag_get/vec4 8;
    %jmp/0 T_16.8, 8;
    %load/vec4 v0xca6d350e0_0;
    %nor/r;
    %and;
T_16.8;
    %store/vec4 v0xca6d34460_0, 0, 1;
    %load/vec4 v0xca6d34500_0;
    %flag_set/vec4 8;
    %jmp/0xz  T_16.9, 8;
    %pushi/vec4 0, 0, 32;
    %store/vec4 v0xca6d343c0_0, 0, 32;
T_16.11 ; Top of for-loop
    %load/vec4 v0xca6d343c0_0;
    %cmpi/s 8, 0, 32;
	  %jmp/0xz T_16.12, 5;
    %load/vec4 v0xca6d35900_0;
    %load/vec4 v0xca6d343c0_0;
    %parti/s 3, 0, 2;
    %concat/vec4; draw_concat_vec4
    %load/vec4 v0xca6d348c0_0;
    %concat/vec4; draw_concat_vec4
    %load/vec4 v0xca6d34780_0;
    %concat/vec4; draw_concat_vec4
    %load/vec4 v0xca6d35360_0;
    %pad/u 32;
    %load/vec4 v0xca6d343c0_0;
    %add;
    %pushi/vec4 32, 0, 32;
    %mod;
    %ix/vec4 3;
    %ix/load 4, 0, 0; Constant delay
    %assign/vec4/a/d v0xca6d35180, 0, 4;
T_16.13 ; for-loop step statement
    %load/vec4 v0xca6d343c0_0;
    %addi 1, 0, 32;
    %store/vec4 v0xca6d343c0_0, 0, 32;
    %jmp T_16.11;
T_16.12 ; for-loop exit label
    %load/vec4 v0xca6d35360_0;
    %addi 8, 0, 6;
    %assign/vec4 v0xca6d35360_0, 0;
T_16.9 ;
    %load/vec4 v0xca6d34460_0;
    %flag_set/vec4 8;
    %jmp/0xz  T_16.14, 8;
    %load/vec4 v0xca6d352c0_0;
    %addi 1, 0, 6;
    %assign/vec4 v0xca6d352c0_0, 0;
    %load/vec4 v0xca6d352c0_0;
    %pad/u 32;
    %pushi/vec4 32, 0, 32;
    %mod;
    %ix/vec4 4;
    %load/vec4a v0xca6d35180, 4;
    %assign/vec4 v0xca6d36080_0, 0;
T_16.14 ;
    %load/vec4 v0xca6d35040_0;
    %load/vec4 v0xca6d34500_0;
    %flag_set/vec4 8;
    %jmp/0 T_16.16, 8;
    %pushi/vec4 8, 0, 6;
    %jmp/1 T_16.17, 8;
T_16.16 ; End of true expr.
    %pushi/vec4 0, 0, 6;
    %jmp/0 T_16.17, 8;
 ; End of false expr.
    %blend;
T_16.17;
    %add;
    %load/vec4 v0xca6d34460_0;
    %flag_set/vec4 8;
    %jmp/0 T_16.18, 8;
    %pushi/vec4 1, 0, 6;
    %jmp/1 T_16.19, 8;
T_16.18 ; End of true expr.
    %pushi/vec4 0, 0, 6;
    %jmp/0 T_16.19, 8;
 ; End of false expr.
    %blend;
T_16.19;
    %sub;
    %assign/vec4 v0xca6d35040_0, 0;
T_16.1 ;
    %jmp T_16;
    .thread T_16;
    .scope S_0x104b60950;
T_17 ;
    %wait E_0xca6cf3440;
    %load/vec4 v0xca6d354a0_0;
    %nor/r;
    %flag_set/vec4 8;
    %jmp/0xz  T_17.0, 8;
    %pushi/vec4 0, 0, 3;
    %assign/vec4 v0xca6d36620_0, 0;
    %pushi/vec4 0, 0, 8;
    %assign/vec4 v0xca6d364e0_0, 0;
    %pushi/vec4 0, 0, 1;
    %assign/vec4 v0xca6d36580_0, 0;
    %jmp T_17.1;
T_17.0 ;
    %load/vec4 v0xca6d36620_0;
    %dup/vec4;
    %pushi/vec4 0, 0, 3;
    %cmp/u;
    %jmp/1 T_17.2, 6;
    %dup/vec4;
    %pushi/vec4 1, 0, 3;
    %cmp/u;
    %jmp/1 T_17.3, 6;
    %dup/vec4;
    %pushi/vec4 2, 0, 3;
    %cmp/u;
    %jmp/1 T_17.4, 6;
    %dup/vec4;
    %pushi/vec4 3, 0, 3;
    %cmp/u;
    %jmp/1 T_17.5, 6;
    %pushi/vec4 0, 0, 3;
    %assign/vec4 v0xca6d36620_0, 0;
    %jmp T_17.7;
T_17.2 ;
    %pushi/vec4 0, 0, 1;
    %assign/vec4 v0xca6d36580_0, 0;
    %load/vec4 v0xca6d350e0_0;
    %nor/r;
    %flag_set/vec4 8;
    %jmp/0xz  T_17.8, 8;
    %pushi/vec4 1, 0, 1;
    %assign/vec4 v0xca6d36580_0, 0;
    %pushi/vec4 0, 0, 8;
    %assign/vec4 v0xca6d364e0_0, 0;
    %pushi/vec4 1, 0, 3;
    %assign/vec4 v0xca6d36620_0, 0;
T_17.8 ;
    %jmp T_17.7;
T_17.3 ;
    %pushi/vec4 0, 0, 1;
    %assign/vec4 v0xca6d36580_0, 0;
    %load/vec4 v0xca6d33d40_0;
    %flag_set/vec4 8;
    %jmp/0xz  T_17.10, 8;
    %pushi/vec4 2, 0, 3;
    %assign/vec4 v0xca6d36620_0, 0;
T_17.10 ;
    %jmp T_17.7;
T_17.4 ;
    %load/vec4 v0xca6d341e0_0;
    %flag_set/vec4 8;
    %jmp/0xz  T_17.12, 8;
    %load/vec4 v0xca6d364e0_0;
    %pad/u 33;
    %cmpi/e 0, 0, 33;
    %jmp/0xz  T_17.14, 4;
    %pushi/vec4 3, 0, 3;
    %assign/vec4 v0xca6d36620_0, 0;
    %jmp T_17.15;
T_17.14 ;
    %load/vec4 v0xca6d364e0_0;
    %addi 1, 0, 8;
    %assign/vec4 v0xca6d364e0_0, 0;
T_17.15 ;
T_17.12 ;
    %jmp T_17.7;
T_17.5 ;
    %load/vec4 v0xca6d34000_0;
    %flag_set/vec4 8;
    %jmp/0xz  T_17.16, 8;
    %pushi/vec4 0, 0, 3;
    %assign/vec4 v0xca6d36620_0, 0;
T_17.16 ;
    %jmp T_17.7;
T_17.7 ;
    %pop/vec4 1;
T_17.1 ;
    %jmp T_17;
    .thread T_17;
    .scope S_0x104b60950;
T_18 ;
    %wait E_0xca6cf34c0;
    %pushi/vec4 0, 0, 32;
    %store/vec4 v0xca6d36300_0, 0, 32;
T_18.0 ; Top of for-loop
    %load/vec4 v0xca6d36300_0;
    %cmpi/s 8, 0, 32;
	  %jmp/0xz T_18.1, 5;
    %load/vec4 v0xca6d364e0_0;
    %pad/u 32;
    %muli 8, 0, 32;
    %load/vec4 v0xca6d36300_0;
    %add;
    %cmpi/u 8, 0, 32;
    %jmp/0xz  T_18.3, 5;
    %load/vec4 v0xca6d35fe0_0;
    %pad/u 11;
    %pad/u 16;
    %muli 32, 0, 16;
    %pad/u 17;
    %load/vec4 v0xca6d36120_0;
    %pad/u 8;
    %pad/u 11;
    %muli 8, 0, 11;
    %pad/u 17;
    %add;
    %pad/u 18;
    %load/vec4 v0xca6d364e0_0;
    %pad/u 32;
    %muli 8, 0, 32;
    %load/vec4 v0xca6d36300_0;
    %add;
    %pad/u 18;
    %add;
    %ix/vec4 4;
    %load/vec4a v0xca6d35860, 4;
    %load/vec4 v0xca6d36300_0;
    %muli 8, 0, 32;
    %ix/vec4/s 4;
    %store/vec4 v0xca6d363a0_0, 4, 8;
    %jmp T_18.4;
T_18.3 ;
    %pushi/vec4 0, 0, 8;
    %load/vec4 v0xca6d36300_0;
    %muli 8, 0, 32;
    %ix/vec4/s 4;
    %store/vec4 v0xca6d363a0_0, 4, 8;
T_18.4 ;
T_18.2 ; for-loop step statement
    %load/vec4 v0xca6d36300_0;
    %addi 1, 0, 32;
    %store/vec4 v0xca6d36300_0, 0, 32;
    %jmp T_18.0;
T_18.1 ; for-loop exit label
    %jmp T_18;
    .thread T_18, $push;
    .scope S_0x104b60950;
T_19 ;
    %wait E_0xca6cf3480;
    %pushi/vec4 255, 0, 8;
    %store/vec4 v0xca6d366c0_0, 0, 8;
    %load/vec4 v0xca6d364e0_0;
    %pad/u 33;
    %cmpi/e 0, 0, 33;
    %jmp/0xz  T_19.0, 4;
    %pushi/vec4 0, 0, 32;
    %store/vec4 v0xca6d36300_0, 0, 32;
T_19.2 ; Top of for-loop
    %load/vec4 v0xca6d36300_0;
    %cmpi/s 8, 0, 32;
	  %jmp/0xz T_19.3, 5;
    %load/vec4 v0xca6d364e0_0;
    %pad/u 32;
    %muli 8, 0, 32;
    %load/vec4 v0xca6d36300_0;
    %add;
    %cmpi/u 8, 0, 32;
    %flag_inv 5; GE is !LT
    %jmp/0xz  T_19.5, 5;
    %pushi/vec4 0, 0, 1;
    %ix/getv/s 4, v0xca6d36300_0;
    %store/vec4 v0xca6d366c0_0, 4, 1;
T_19.5 ;
T_19.4 ; for-loop step statement
    %load/vec4 v0xca6d36300_0;
    %addi 1, 0, 32;
    %store/vec4 v0xca6d36300_0, 0, 32;
    %jmp T_19.2;
T_19.3 ; for-loop exit label
T_19.0 ;
    %jmp T_19;
    .thread T_19, $push;
    .scope S_0x104b60950;
T_20 ;
    %wait E_0xca6cf3440;
    %load/vec4 v0xca6d354a0_0;
    %nor/r;
    %flag_set/vec4 8;
    %jmp/0xz  T_20.0, 8;
    %pushi/vec4 0, 0, 1;
    %assign/vec4 v0xca6d33020_0, 0;
    %jmp T_20.1;
T_20.0 ;
    %load/vec4 v0xca6d33a20_0;
    %flag_set/vec4 8;
    %jmp/0xz  T_20.2, 8;
    %pushi/vec4 0, 0, 1;
    %assign/vec4 v0xca6d33020_0, 0;
    %jmp T_20.3;
T_20.2 ;
    %load/vec4 v0xca6d337a0_0;
    %nor/r;
    %flag_set/vec4 13;
    %flag_get/vec4 13;
    %jmp/0 T_20.10, 13;
    %load/vec4 v0xca6d33340_0;
    %nor/r;
    %and;
T_20.10;
    %flag_set/vec4 12;
    %flag_get/vec4 12;
    %jmp/0 T_20.9, 12;
    %load/vec4 v0xca6d32bc0_0;
    %pushi/vec4 0, 0, 2;
    %cmp/e;
    %flag_get/vec4 4;
    %and;
T_20.9;
    %flag_set/vec4 11;
    %flag_get/vec4 11;
    %jmp/0 T_20.8, 11;
    %load/vec4 v0xca6d350e0_0;
    %and;
T_20.8;
    %flag_set/vec4 10;
    %flag_get/vec4 10;
    %jmp/0 T_20.7, 10;
    %load/vec4 v0xca6d36620_0;
    %pushi/vec4 0, 0, 3;
    %cmp/e;
    %flag_get/vec4 4;
    %and;
T_20.7;
    %flag_set/vec4 9;
    %flag_get/vec4 9;
    %jmp/0 T_20.6, 9;
    %load/vec4 v0xca6d33980_0;
    %and;
T_20.6;
    %flag_set/vec4 8;
    %jmp/0xz  T_20.4, 8;
    %pushi/vec4 1, 0, 1;
    %assign/vec4 v0xca6d33020_0, 0;
T_20.4 ;
T_20.3 ;
T_20.1 ;
    %jmp T_20;
    .thread T_20;
    .scope S_0xca6c8c900;
T_21 ;
    %vpi_call/w 3 64 "$readmemh", "similarity_lut.mem", v0xca6d369e0 {0 0 0};
    %end;
    .thread T_21;
    .scope S_0xca6c8c900;
T_22 ;
    %delay 5000, 0;
    %load/vec4 v0xca6d36da0_0;
    %inv;
    %store/vec4 v0xca6d36da0_0, 0, 1;
    %jmp T_22;
    .thread T_22;
    .scope S_0xca6c8c900;
T_23 ;
    %wait E_0xca6cf3440;
    %load/vec4 v0xca6d37f20_0;
    %nor/r;
    %flag_set/vec4 8;
    %jmp/0xz  T_23.0, 8;
    %pushi/vec4 0, 0, 1;
    %assign/vec4 v0xca6d36b20_0, 0;
    %jmp T_23.1;
T_23.0 ;
    %load/vec4 v0xca6d37b60_0;
    %flag_set/vec4 10;
    %flag_get/vec4 10;
    %jmp/0 T_23.5, 10;
    %load/vec4 v0xca6d37a20_0;
    %and;
T_23.5;
    %flag_set/vec4 9;
    %flag_get/vec4 9;
    %jmp/0 T_23.4, 9;
    %load/vec4 v0xca6d37980_0;
    %and;
T_23.4;
    %flag_set/vec4 8;
    %jmp/0xz  T_23.2, 8;
    %pushi/vec4 1, 0, 1;
    %assign/vec4 v0xca6d36b20_0, 0;
    %jmp T_23.3;
T_23.2 ;
    %load/vec4 v0xca6d37840_0;
    %flag_set/vec4 8;
    %jmp/0xz  T_23.6, 8;
    %pushi/vec4 0, 0, 1;
    %assign/vec4 v0xca6d36b20_0, 0;
T_23.6 ;
T_23.3 ;
T_23.1 ;
    %jmp T_23;
    .thread T_23;
    .scope S_0xca6c8c900;
T_24 ;
    %pushi/vec4 0, 0, 1;
    %store/vec4 v0xca6d36da0_0, 0, 1;
    %pushi/vec4 0, 0, 1;
    %store/vec4 v0xca6d37f20_0, 0, 1;
    %pushi/vec4 0, 0, 1;
    %store/vec4 v0xca6d38280_0, 0, 1;
    %pushi/vec4 0, 0, 8;
    %store/vec4 v0xca6d38000_0, 0, 8;
    %pushi/vec4 0, 0, 1;
    %store/vec4 v0xca6d381e0_0, 0, 1;
    %pushi/vec4 0, 0, 1;
    %store/vec4 v0xca6d380a0_0, 0, 1;
    %pushi/vec4 0, 0, 6;
    %store/vec4 v0xca6d36bc0_0, 0, 6;
    %pushi/vec4 0, 0, 1;
    %store/vec4 v0xca6d36b20_0, 0, 1;
    %pushi/vec4 0, 0, 32;
    %store/vec4 v0xca6d36f80_0, 0, 32;
    %pushi/vec4 0, 0, 32;
    %store/vec4 v0xca6d38320_0, 0, 32;
    %pushi/vec4 0, 0, 32;
    %store/vec4 v0xca6d37ca0_0, 0, 32;
    %fork TD_tb_sbm_alg9_cosim.fill_img, S_0xca70cc300;
    %join;
    %delay 100000, 0;
    %pushi/vec4 1, 0, 1;
    %store/vec4 v0xca6d37f20_0, 0, 1;
    %fork TD_tb_sbm_alg9_cosim.send_frame, S_0xca70cc480;
    %join;
    %fork t_1, S_0xca70cc780;
    %jmp t_0;
    .scope S_0xca70cc780;
t_1 ;
    %pushi/vec4 0, 0, 32;
    %store/vec4 v0xca6d36940_0, 0, 32;
T_24.0 ;
    %load/vec4 v0xca6d33ac0_0;
    %nor/r;
    %flag_set/vec4 9;
    %flag_get/vec4 9;
    %jmp/0 T_24.2, 9;
    %load/vec4 v0xca6d36940_0;
    %cmpi/s 2000000, 0, 32;
    %flag_get/vec4 5;
    %and;
T_24.2;
    %flag_set/vec4 8;
    %jmp/0xz T_24.1, 8;
    %wait E_0xca6cf3500;
    %load/vec4 v0xca6d36940_0;
    %addi 1, 0, 32;
    %store/vec4 v0xca6d36940_0, 0, 32;
    %jmp T_24.0;
T_24.1 ;
    %load/vec4 v0xca6d33ac0_0;
    %nor/r;
    %flag_set/vec4 8;
    %jmp/0xz  T_24.3, 8;
    %vpi_call/w 3 142 "$display", "WARNING: irq_done \346\234\252\347\275\256\344\275\215, wcnt=%0d", v0xca6d36940_0 {0 0 0};
T_24.3 ;
    %pushi/vec4 200, 0, 32;
T_24.5 %dup/vec4;
    %cmpi/s 0, 0, 32;
    %jmp/1xz T_24.6, 5;
    %jmp/1 T_24.6, 4;
    %subi 1, 0, 32;
    %wait E_0xca6cf3500;
    %jmp T_24.5;
T_24.6 ;
    %pop/vec4 1;
    %end;
    .scope S_0xca6c8c900;
t_0 %join;
    %vpi_call/w 3 145 "$display", "AXI writes: tot=%0d err=%0d oob=%0d  expected=%0d", v0xca6d38320_0, v0xca6d36f80_0, v0xca6d37ca0_0, 160'sb0000000000000000000000000000000000000000000000000000000000000000000000000000000000000000000000000000000000000000000000000000000000000000000000000101000000000000 {0 0 0};
    %load/vec4 v0xca6d36f80_0;
    %cmpi/e 0, 0, 32;
    %flag_get/vec4 4;
    %jmp/0 T_24.10, 4;
    %load/vec4 v0xca6d37ca0_0;
    %pushi/vec4 0, 0, 32;
    %cmp/e;
    %flag_get/vec4 4;
    %and;
T_24.10;
    %flag_set/vec4 9;
    %flag_get/vec4 9;
    %jmp/0 T_24.9, 9;
    %load/vec4 v0xca6d38320_0;
    %pad/s 160;
    %pushi/vec4 20480, 0, 160;
    %cmp/e;
    %flag_get/vec4 4;
    %and;
T_24.9;
    %flag_set/vec4 8;
    %jmp/0xz  T_24.7, 8;
    %vpi_call/w 3 147 "$display", "RESULT: PASS (alg9 F4 response-map layout matches alg11 readback)" {0 0 0};
    %jmp T_24.8;
T_24.7 ;
    %vpi_call/w 3 149 "$display", "RESULT: FAIL (alg9 F4, err=%0d oob=%0d tot=%0d exp=%0d)", v0xca6d36f80_0, v0xca6d37ca0_0, v0xca6d38320_0, 160'sb0000000000000000000000000000000000000000000000000000000000000000000000000000000000000000000000000000000000000000000000000000000000000000000000000101000000000000 {0 0 0};
T_24.8 ;
    %vpi_call/w 3 150 "$finish" {0 0 0};
    %end;
    .thread T_24;
    .scope S_0xca6c8c900;
T_25 ;
    %wait E_0xca6cf3440;
    %load/vec4 v0xca6d37f20_0;
    %nor/r;
    %flag_set/vec4 8;
    %jmp/0xz  T_25.0, 8;
    %pushi/vec4 0, 0, 6;
    %assign/vec4 v0xca6d36bc0_0, 0;
    %jmp T_25.1;
T_25.0 ;
    %load/vec4 v0xca6d37b60_0;
    %flag_set/vec4 9;
    %flag_get/vec4 9;
    %jmp/0 T_25.4, 9;
    %load/vec4 v0xca6d37a20_0;
    %and;
T_25.4;
    %flag_set/vec4 8;
    %jmp/0xz  T_25.2, 8;
    %load/vec4 v0xca6d37980_0;
    %flag_set/vec4 8;
    %jmp/0xz  T_25.5, 8;
    %pushi/vec4 0, 0, 6;
    %assign/vec4 v0xca6d36bc0_0, 0;
    %jmp T_25.6;
T_25.5 ;
    %load/vec4 v0xca6d36bc0_0;
    %addi 1, 0, 6;
    %assign/vec4 v0xca6d36bc0_0, 0;
T_25.6 ;
T_25.2 ;
T_25.1 ;
    %jmp T_25;
    .thread T_25;
    .scope S_0xca6c8c900;
T_26 ;
    %wait E_0xca6cf3500;
    %load/vec4 v0xca6d37b60_0;
    %flag_set/vec4 9;
    %flag_get/vec4 9;
    %jmp/0 T_26.2, 9;
    %load/vec4 v0xca6d37a20_0;
    %and;
T_26.2;
    %flag_set/vec4 8;
    %jmp/0xz  T_26.0, 8;
    %load/vec4 v0xca6d36bc0_0;
    %cmpi/e 0, 0, 6;
    %flag_get/vec4 4;
    %jmp/0 T_26.5, 4;
    %load/vec4 v0xca6d373e0_0;
    %parti/s 3, 0, 2;
    %cmpi/ne 0, 0, 3;
    %flag_get/vec4 6;
    %jmp/1 T_26.6, 6;
    %load/vec4 v0xca6d37660_0;
    %pushi/vec4 3, 0, 3;
    %cmp/ne;
    %flag_get/vec4 6;
    %or;
T_26.6;
    %and;
T_26.5;
    %flag_set/vec4 8;
    %jmp/0xz  T_26.3, 8;
    %vpi_call/w 3 166 "$display", "  AXI ALIGN ERR: awaddr=%08X awsize=%0d", v0xca6d373e0_0, v0xca6d37660_0 {0 0 0};
    %load/vec4 v0xca6d36f80_0;
    %addi 1, 0, 32;
    %store/vec4 v0xca6d36f80_0, 0, 32;
T_26.3 ;
    %load/vec4 v0xca6d373e0_0;
    %xor/r;
    %cmpi/e 1, 1, 1;
    %jmp/1 T_26.9, 6;
    %flag_mov 8, 6;
    %load/vec4 v0xca6d378e0_0;
    %xor/r;
    %cmpi/e 1, 1, 1;
    %flag_or 6, 8;
T_26.9;
    %jmp/0xz  T_26.7, 6;
    %load/vec4 v0xca6d36f80_0;
    %addi 8, 0, 32;
    %store/vec4 v0xca6d36f80_0, 0, 32;
    %jmp T_26.8;
T_26.7 ;
    %pushi/vec4 0, 0, 32;
    %store/vec4 v0xca6d37200_0, 0, 32;
T_26.10 ; Top of for-loop
    %load/vec4 v0xca6d37200_0;
    %cmpi/s 8, 0, 32;
	  %jmp/0xz T_26.11, 5;
    %load/vec4 v0xca6d37ac0_0;
    %load/vec4 v0xca6d37200_0;
    %part/s 1;
    %nor/r;
    %flag_set/vec4 8;
    %jmp/0xz  T_26.13, 8;
    %jmp T_26.14;
T_26.13 ;
    %load/vec4 v0xca6d373e0_0;
    %subi 134217728, 0, 32;
    %load/vec4 v0xca6d36bc0_0;
    %pad/u 32;
    %muli 8, 0, 32;
    %add;
    %load/vec4 v0xca6d37200_0;
    %add;
    %store/vec4 v0xca6d36e40_0, 0, 32;
    %load/vec4 v0xca6d36e40_0;
    %pad/s 64;
    %pushi/vec4 2560, 0, 64;
    %div/s;
    %pad/s 32;
    %store/vec4 v0xca6d37d40_0, 0, 32;
    %load/vec4 v0xca6d36e40_0;
    %pad/s 64;
    %pushi/vec4 2560, 0, 64;
    %mod/s;
    %pad/s 32;
    %store/vec4 v0xca6d37e80_0, 0, 32;
    %load/vec4 v0xca6d37e80_0;
    %pad/s 64;
    %pushi/vec4 40, 0, 64;
    %div/s;
    %pad/s 32;
    %store/vec4 v0xca6d36c60_0, 0, 32;
    %load/vec4 v0xca6d37e80_0;
    %pad/s 64;
    %pushi/vec4 40, 0, 64;
    %mod/s;
    %pad/s 32;
    %store/vec4 v0xca6d37de0_0, 0, 32;
    %load/vec4 v0xca6d37de0_0;
    %pushi/vec4 8, 0, 32;
    %div/s;
    %store/vec4 v0xca6d36d00_0, 0, 32;
    %load/vec4 v0xca6d36bc0_0;
    %pad/u 32;
    %muli 8, 0, 32;
    %load/vec4 v0xca6d37200_0;
    %add;
    %store/vec4 v0xca6d36ee0_0, 0, 32;
    %load/vec4 v0xca6d36d00_0;
    %muli 8, 0, 32;
    %load/vec4 v0xca6d36c60_0;
    %pushi/vec4 8, 0, 32;
    %div/s;
    %add;
    %store/vec4 v0xca6d38460_0, 0, 32;
    %load/vec4 v0xca6d36ee0_0;
    %muli 8, 0, 32;
    %load/vec4 v0xca6d36c60_0;
    %pushi/vec4 8, 0, 32;
    %mod/s;
    %add;
    %store/vec4 v0xca6d383c0_0, 0, 32;
    %load/vec4 v0xca6d38460_0;
    %pad/s 45;
    %pad/s 57;
    %muli 4096, 0, 57;
    %pad/s 58;
    %load/vec4 v0xca6d383c0_0;
    %pad/s 58;
    %add;
    %ix/vec4/s 4;
    %load/vec4a v0xca6d370c0, 4;
    %parti/s 4, 0, 2;
    %pad/u 32;
    %store/vec4 v0xca6d37340_0, 0, 32;
    %load/vec4 v0xca6d38460_0;
    %pad/s 45;
    %pad/s 57;
    %muli 4096, 0, 57;
    %pad/s 58;
    %load/vec4 v0xca6d383c0_0;
    %pad/s 58;
    %add;
    %ix/vec4/s 4;
    %load/vec4a v0xca6d370c0, 4;
    %parti/s 4, 4, 4;
    %pad/u 32;
    %store/vec4 v0xca6d37c00_0, 0, 32;
    %load/vec4 v0xca6d37d40_0;
    %muli 32, 0, 32;
    %addi 16, 0, 32;
    %load/vec4 v0xca6d37c00_0;
    %add;
    %ix/vec4/s 4;
    %load/vec4a v0xca6d369e0, 4;
    %load/vec4 v0xca6d37d40_0;
    %muli 32, 0, 32;
    %load/vec4 v0xca6d37340_0;
    %add;
    %ix/vec4/s 4;
    %load/vec4a v0xca6d369e0, 4;
    %cmp/u;
    %flag_mov 8, 5;
    %jmp/0 T_26.15, 8;
    %load/vec4 v0xca6d37d40_0;
    %muli 32, 0, 32;
    %load/vec4 v0xca6d37340_0;
    %add;
    %ix/vec4/s 4;
    %load/vec4a v0xca6d369e0, 4;
    %pad/u 32;
    %jmp/1 T_26.16, 8;
T_26.15 ; End of true expr.
    %load/vec4 v0xca6d37d40_0;
    %muli 32, 0, 32;
    %addi 16, 0, 32;
    %load/vec4 v0xca6d37c00_0;
    %add;
    %ix/vec4/s 4;
    %load/vec4a v0xca6d369e0, 4;
    %pad/u 32;
    %jmp/0 T_26.16, 8;
 ; End of false expr.
    %blend;
T_26.16;
    %store/vec4 v0xca6d37020_0, 0, 32;
    %load/vec4 v0xca6d378e0_0;
    %load/vec4 v0xca6d37200_0;
    %muli 8, 0, 32;
    %part/s 8;
    %pad/u 32;
    %store/vec4 v0xca6d36a80_0, 0, 32;
    %load/vec4 v0xca6d38320_0;
    %addi 1, 0, 32;
    %store/vec4 v0xca6d38320_0, 0, 32;
    %load/vec4 v0xca6d37d40_0;
    %cmpi/s 7, 0, 32;
    %flag_or 5, 4; GT is !LE
    %flag_inv 5;
    %jmp/1 T_26.22, 5;
    %flag_mov 8, 5;
    %load/vec4 v0xca6d36c60_0;
    %cmpi/s 63, 0, 32;
    %flag_or 5, 4; GT is !LE
    %flag_inv 5;
    %flag_or 5, 8;
T_26.22;
    %jmp/1 T_26.21, 5;
    %flag_mov 8, 5;
    %load/vec4 v0xca6d36d00_0;
    %cmpi/s 4, 0, 32;
    %flag_or 5, 4; GT is !LE
    %flag_inv 5;
    %flag_or 5, 8;
T_26.21;
    %jmp/1 T_26.20, 5;
    %flag_mov 8, 5;
    %load/vec4 v0xca6d36ee0_0;
    %cmpi/s 7, 0, 32;
    %flag_or 5, 4; GT is !LE
    %flag_inv 5;
    %flag_or 5, 8;
T_26.20;
    %jmp/1 T_26.19, 5;
    %flag_mov 8, 5;
    %load/vec4 v0xca6d373e0_0;
    %cmpi/u 134217728, 0, 32;
    %flag_or 5, 8;
T_26.19;
    %jmp/0xz  T_26.17, 5;
    %load/vec4 v0xca6d37ca0_0;
    %addi 1, 0, 32;
    %store/vec4 v0xca6d37ca0_0, 0, 32;
    %jmp T_26.18;
T_26.17 ;
    %load/vec4 v0xca6d37020_0;
    %load/vec4 v0xca6d36a80_0;
    %cmp/ne;
    %jmp/0xz  T_26.23, 4;
    %load/vec4 v0xca6d36f80_0;
    %cmpi/s 12, 0, 32;
    %jmp/0xz  T_26.25, 5;
    %vpi_call/w 3 193 "$display", "  ERR cell=%0d ori=%0d blk=%0d bnd=%0d cx=%0d (y=%0d,x=%0d) exp=%02X act=%02X", v0xca6d36e40_0, v0xca6d37d40_0, v0xca6d36c60_0, v0xca6d36d00_0, v0xca6d36ee0_0, v0xca6d38460_0, v0xca6d383c0_0, v0xca6d37020_0, v0xca6d36a80_0 {0 0 0};
T_26.25 ;
    %load/vec4 v0xca6d36f80_0;
    %addi 1, 0, 32;
    %store/vec4 v0xca6d36f80_0, 0, 32;
T_26.23 ;
T_26.18 ;
T_26.14 ;
T_26.12 ; for-loop step statement
    %load/vec4 v0xca6d37200_0;
    %addi 1, 0, 32;
    %store/vec4 v0xca6d37200_0, 0, 32;
    %jmp T_26.10;
T_26.11 ; for-loop exit label
T_26.8 ;
T_26.0 ;
    %jmp T_26;
    .thread T_26;
# The file index is used to find the file name in the following table.
:file_names 6;
    "N/A";
    "<interactive>";
    "-";
    "tb_sbm_alg9_cosim.v";
    "sbm_alg9_lut.v";
    "xpm_memory_sdpram_beh.v";
