#! /opt/homebrew/Cellar/icarus-verilog/13.0/bin/vvp
:ivl_version "13.0 (stable)" "(v13_0)";
:ivl_delay_selection "TYPICAL";
:vpi_time_precision - 12;
:vpi_module "/opt/homebrew/Cellar/icarus-verilog/13.0/lib/ivl/system.vpi";
:vpi_module "/opt/homebrew/Cellar/icarus-verilog/13.0/lib/ivl/vhdl_sys.vpi";
:vpi_module "/opt/homebrew/Cellar/icarus-verilog/13.0/lib/ivl/vhdl_textio.vpi";
:vpi_module "/opt/homebrew/Cellar/icarus-verilog/13.0/lib/ivl/v2005_math.vpi";
:vpi_module "/opt/homebrew/Cellar/icarus-verilog/13.0/lib/ivl/va_math.vpi";
:vpi_module "/opt/homebrew/Cellar/icarus-verilog/13.0/lib/ivl/v2009.vpi";
S_0x960cb0180 .scope package, "$unit" "$unit" 2 1;
 .timescale 0 0;
S_0x960cb0000 .scope module, "tb_sbm_alg9_cosim" "tb_sbm_alg9_cosim" 3 24;
 .timescale -9 -12;
P_0x960cc0a00 .param/l "CELLS" 1 3 32, +C4<0000000000000000000000000000000000000000000000000000000010000000>;
P_0x960cc0a40 .param/l "FRAMES" 1 3 38, +C4<00000000000000000000000000000001>;
P_0x960cc0a80 .param/l "HC" 1 3 31, +C4<00000000000000000000000000001000>;
P_0x960cc0ac0 .param/l "IMG_H" 0 3 26, +C4<00000000000000000000000001000000>;
P_0x960cc0b00 .param/l "IMG_W" 0 3 25, +C4<00000000000000000000000010000000>;
P_0x960cc0b40 .param/l "RESP_BASE" 0 3 28, C4<00001000000000000000000000000000>;
P_0x960cc0b80 .param/l "SEG_BEATS" 1 3 33, +C4<000000000000000000000000000000010>;
P_0x960cc0bc0 .param/l "T" 0 3 27, +C4<00000000000000000000000000001000>;
P_0x960cc0c00 .param/l "TOT_BYTES" 1 3 34, +C4<0000000000000000000000000000000000000000000000000000000000000000000000000000000000000000000000000000000000000000000000000000000000000000000000010000000000000000>;
P_0x960cc0c40 .param/l "WC" 1 3 30, +C4<00000000000000000000000000010000>;
L_0x960c413b0 .functor BUFZ 1, v0x960d5e620_0, C4<0>, C4<0>, C4<0>;
v0x960d5e4e0 .array "SIM", 255 0, 7 0;
v0x960d5e580_0 .var/i "actv", 31 0;
v0x960d5e620_0 .var "b_pend", 0 0;
v0x960d5e6c0_0 .var "beat_cnt", 5 0;
v0x960d5e760_0 .var/i "blk", 31 0;
v0x960d5e800_0 .var/i "bnd", 31 0;
v0x960d5e8a0_0 .var "clk", 0 0;
v0x960d5e940_0 .var/i "cll", 31 0;
v0x960d5e9e0_0 .var/i "cx", 31 0;
v0x960d5ea80_0 .var/i "err", 31 0;
v0x960d5eb20_0 .var/i "exv", 31 0;
v0x960d5ebc0 .array "in_mag", 16777215 0, 7 0;
v0x960d5ec60_0 .net "irq_done", 0 0, L_0x960c416c0;  1 drivers
v0x960d5ed00_0 .var/i "j", 31 0;
v0x960d5eda0_0 .var "lfsr", 15 0;
v0x960d5ee40_0 .var/i "lsb", 31 0;
v0x960d5eee0_0 .net "m_axi_awaddr", 31 0, L_0x960c41570;  1 drivers
L_0x96087a068 .functor BUFT 1, C4<01>, C4<0>, C4<0>, C4<0>;
v0x960d5ef80_0 .net "m_axi_awburst", 1 0, L_0x96087a068;  1 drivers
L_0x960879fd8 .functor BUFT 1, C4<00000001>, C4<0>, C4<0>, C4<0>;
v0x960d5f020_0 .net "m_axi_awlen", 7 0, L_0x960879fd8;  1 drivers
L_0x960878010 .functor BUFT 1, C4<1>, C4<0>, C4<0>, C4<0>;
L_0x9608780a0 .functor BUFT 1, C4<1>, C4<0>, C4<0>, C4<0>;
RS_0x960847e80 .resolv tri, L_0x960878010, L_0x9608780a0;
v0x960d5f0c0_0 .net8 "m_axi_awready", 0 0, RS_0x960847e80;  2 drivers
L_0x96087a020 .functor BUFT 1, C4<011>, C4<0>, C4<0>, C4<0>;
v0x960d5f160_0 .net "m_axi_awsize", 2 0, L_0x96087a020;  1 drivers
v0x960d5f200_0 .net "m_axi_awvalid", 0 0, L_0x961073f20;  1 drivers
L_0x960878130 .functor BUFT 1, C4<1>, C4<0>, C4<0>, C4<0>;
L_0x96087a1d0 .functor BUFT 1, C4<1>, C4<0>, C4<0>, C4<0>;
RS_0x960847f10 .resolv tri, L_0x960878130, L_0x96087a1d0;
v0x960d5f2a0_0 .net8 "m_axi_bready", 0 0, RS_0x960847f10;  2 drivers
v0x960d5f340_0 .net "m_axi_bvalid", 0 0, L_0x960c413b0;  1 drivers
v0x960d5f3e0_0 .net "m_axi_wdata", 63 0, L_0x960c415e0;  1 drivers
v0x960d5f480_0 .net "m_axi_wlast", 0 0, L_0x960c845b0;  1 drivers
L_0x960878058 .functor BUFT 1, C4<1>, C4<0>, C4<0>, C4<0>;
L_0x9608780e8 .functor BUFT 1, C4<1>, C4<0>, C4<0>, C4<0>;
RS_0x960847fd0 .resolv tri, L_0x960878058, L_0x9608780e8;
v0x960d5f520_0 .net8 "m_axi_wready", 0 0, RS_0x960847fd0;  2 drivers
v0x960d5f5c0_0 .net "m_axi_wstrb", 7 0, L_0x960c41650;  1 drivers
v0x960d5f660_0 .net "m_axi_wvalid", 0 0, L_0x9610f0000;  1 drivers
v0x960d5f700_0 .var/i "msb", 31 0;
v0x960d5f7a0_0 .var/i "oob", 31 0;
v0x960d5f840_0 .var/i "ori", 31 0;
v0x960d5f8e0_0 .var/i "rem2", 31 0;
v0x960d5f980_0 .var/i "rm", 31 0;
v0x960d5fa20_0 .var "rst_n", 0 0;
v0x960d5fac0_0 .var "s_axis_tdata", 7 0;
v0x960d5fb60_0 .var "s_axis_tlast", 0 0;
v0x960d5fc00_0 .net "s_axis_tready", 0 0, L_0x9610738e0;  1 drivers
v0x960d5fca0_0 .var "s_axis_tuser", 0 0;
v0x960d5fd40_0 .var "s_axis_tvalid", 0 0;
v0x960d5fde0_0 .var/i "tot", 31 0;
v0x960d5fe80_0 .var/i "xx", 31 0;
v0x960d5ff20_0 .var/i "yy", 31 0;
S_0x101338220 .scope module, "dut" "sbm_alg9_lut" 3 203, 4 42 0, S_0x960cb0000;
 .timescale -9 -12;
    .port_info 0 /INPUT 1 "clk";
    .port_info 1 /INPUT 1 "rst_n";
    .port_info 2 /INPUT 1 "s_axis_tvalid";
    .port_info 3 /OUTPUT 1 "s_axis_tready";
    .port_info 4 /INPUT 8 "s_axis_tdata";
    .port_info 5 /INPUT 1 "s_axis_tuser";
    .port_info 6 /INPUT 1 "s_axis_tlast";
    .port_info 7 /OUTPUT 1 "m_axi_awvalid";
    .port_info 8 /INPUT 1 "m_axi_awready";
    .port_info 9 /OUTPUT 32 "m_axi_awaddr";
    .port_info 10 /OUTPUT 8 "m_axi_awlen";
    .port_info 11 /OUTPUT 3 "m_axi_awsize";
    .port_info 12 /OUTPUT 2 "m_axi_awburst";
    .port_info 13 /OUTPUT 1 "m_axi_wvalid";
    .port_info 14 /INPUT 1 "m_axi_wready";
    .port_info 15 /OUTPUT 64 "m_axi_wdata";
    .port_info 16 /OUTPUT 8 "m_axi_wstrb";
    .port_info 17 /OUTPUT 1 "m_axi_wlast";
    .port_info 18 /INPUT 1 "m_axi_bvalid";
    .port_info 19 /OUTPUT 1 "m_axi_bready";
    .port_info 20 /OUTPUT 1 "irq_done";
P_0x960d4c000 .param/l "BAND_DEPTH" 1 4 74, +C4<0000000000000000000000000000000000000000000000000000010000000000>;
P_0x960d4c040 .param/l "BAW" 1 4 82, +C4<00000000000000000000000000001011>;
P_0x960d4c080 .param/l "BCW" 1 4 83, +C4<00000000000000000000000000001011>;
P_0x960d4c0c0 .param/l "CELLS" 1 4 73, +C4<0000000000000000000000000000000000000000000000000000000010000000>;
P_0x960d4c100 .param/l "CW" 1 4 80, +C4<00000000000000000000000000001000>;
P_0x960d4c140 .param/l "CXW" 1 4 86, +C4<00000000000000000000000000000101>;
P_0x960d4c180 .param/l "DCW" 1 4 85, +C4<00000000000000000000000000001011>;
P_0x960d4c1c0 .param/l "DRAIN_CYCLES" 1 4 75, +C4<000000000000000000000000000000000000000000000000000000000000000000000000000000000000010000000000>;
P_0x960d4c200 .param/l "HC" 1 4 72, +C4<00000000000000000000000000001000>;
P_0x960d4c240 .param/l "HCW" 1 4 84, +C4<00000000000000000000000000000100>;
P_0x960d4c280 .param/l "IMG_H" 0 4 44, +C4<00000000000000000000000001000000>;
P_0x960d4c2c0 .param/l "IMG_W" 0 4 43, +C4<00000000000000000000000010000000>;
P_0x960d4c300 .param/l "PFW" 1 4 89, +C4<00000000000000000000000000000001111>;
P_0x960d4c340 .param/l "PW" 1 4 79, +C4<00000000000000000000000000001101>;
P_0x960d4c380 .param/l "QW" 1 4 87, +C4<00000000000000000000000000000110>;
P_0x960d4c3c0 .param/l "REQ_FIFO_DEPTH" 0 4 47, +C4<00000000000000000000000000100000>;
P_0x960d4c400 .param/l "RESP_BASE" 0 4 46, C4<00001000000000000000000000000000>;
P_0x960d4c440 .param/l "RIDXW" 1 4 88, +C4<00000000000000000000000000000010>;
P_0x960d4c480 .param/l "RW" 1 4 81, +C4<00000000000000000000000000000111>;
P_0x960d4c4c0 .param/l "SEG_BEATS" 1 4 77, +C4<000000000000000000000000000000010>;
P_0x960d4c500 .param/l "SEG_BUFS" 0 4 48, +C4<00000000000000000000000000000100>;
P_0x960d4c540 .param/l "SEG_LEN" 1 4 76, +C4<00000000000000000000000000010000>;
P_0x960d4c580 .param/l "T" 0 4 45, +C4<00000000000000000000000000001000>;
P_0x960d4c5c0 .param/l "WC" 1 4 71, +C4<00000000000000000000000000010000>;
P_0x960d4c600 .param/l "WR_AW" 1 4 359, C4<001>;
P_0x960d4c640 .param/l "WR_B" 1 4 359, C4<011>;
P_0x960d4c680 .param/l "WR_IDLE" 1 4 359, C4<000>;
P_0x960d4c6c0 .param/l "WR_W" 1 4 359, C4<010>;
L_0x960c84c40 .functor AND 1, v0x960d5fd40_0, L_0x9610738e0, C4<1>, C4<1>;
L_0x960c84d90 .functor AND 1, L_0x960c84c40, v0x960d5fca0_0, C4<1>, C4<1>;
L_0x960c84e00 .functor AND 1, L_0x961072d00, L_0x961072da0, C4<1>, C4<1>;
L_0x960c84cb0 .functor OR 1, L_0x961072c60, L_0x960c84e00, C4<0>, C4<0>;
L_0x960c84d20 .functor OR 1, v0x960d5b2a0_0, L_0x960c84d90, C4<0>, C4<0>;
L_0x960c84460 .functor AND 1, L_0x960c84d20, L_0x960c84c40, C4<1>, C4<1>;
L_0x960c844d0 .functor AND 1, L_0x961072e40, L_0x961072ee0, C4<1>, C4<1>;
L_0x960c84540 .functor AND 1, L_0x961072f80, L_0x9610730c0, C4<1>, C4<1>;
L_0x960c84310 .functor AND 1, L_0x960c84540, L_0x961073160, C4<1>, C4<1>;
L_0x960879720 .functor BUFT 1, C4<00000000000000000000000000000111>, C4<0>, C4<0>, C4<0>;
L_0x960c84380 .functor AND 32, L_0x9610e8820, L_0x960879720, C4<11111111111111111111111111111111>, C4<11111111111111111111111111111111>;
L_0x960c843f0 .functor AND 1, v0x960d5ae40_0, L_0x961073520, C4<1>, C4<1>;
L_0x960c84770 .functor AND 1, v0x960d5fd40_0, v0x960d5fca0_0, C4<1>, C4<1>;
L_0x960c847e0 .functor OR 1, L_0x9610737a0, L_0x961073840, C4<0>, C4<0>;
L_0x960879a80 .functor BUFT 1, C4<0>, C4<0>, C4<0>, C4<0>;
L_0x960c848c0 .functor XNOR 1, L_0x9610e83c0, L_0x960879a80, C4<0>, C4<0>;
L_0x960c84930 .functor AND 1, L_0x960c84460, L_0x960c848c0, C4<1>, C4<1>;
L_0x960879b10 .functor BUFT 1, C4<0>, C4<0>, C4<0>, C4<0>;
L_0x960c84850 .functor XNOR 1, v0x960d5ac60_0, L_0x960879b10, C4<0>, C4<0>;
L_0x960c849a0 .functor AND 1, L_0x960c843f0, L_0x960c84850, C4<1>, C4<1>;
L_0x960879be8 .functor BUFT 1, C4<1>, C4<0>, C4<0>, C4<0>;
L_0x960c84a10 .functor XNOR 1, L_0x9610e83c0, L_0x960879be8, C4<0>, C4<0>;
L_0x960c84a80 .functor AND 1, L_0x960c84460, L_0x960c84a10, C4<1>, C4<1>;
L_0x960879c78 .functor BUFT 1, C4<1>, C4<0>, C4<0>, C4<0>;
L_0x960c84690 .functor XNOR 1, v0x960d5ac60_0, L_0x960879c78, C4<0>, C4<0>;
L_0x960c84700 .functor AND 1, L_0x960c843f0, L_0x960c84690, C4<1>, C4<1>;
L_0x960c41570 .functor BUFZ 32, L_0x961073e80, C4<00000000000000000000000000000000>, C4<00000000000000000000000000000000>, C4<00000000000000000000000000000000>;
L_0x960c415e0 .functor BUFZ 64, v0x960d5dea0_0, C4<0000000000000000000000000000000000000000000000000000000000000000>, C4<0000000000000000000000000000000000000000000000000000000000000000>, C4<0000000000000000000000000000000000000000000000000000000000000000>;
L_0x960c41650 .functor BUFZ 8, v0x960d5e1c0_0, C4<00000000>, C4<00000000>, C4<00000000>;
L_0x960c845b0 .functor AND 1, L_0x9610f00a0, L_0x9610f0140, C4<1>, C4<1>;
L_0x960c416c0 .functor BUFZ 1, v0x960d5ab20_0, C4<0>, C4<0>, C4<0>;
v0x960d56a80 .array "SIM", 255 0, 7 0;
v0x960d56b20_0 .net *"_ivl_101", 31 0, L_0x961073340;  1 drivers
v0x960d56bc0_0 .net *"_ivl_102", 31 0, L_0x9610e88c0;  1 drivers
L_0x9608797b0 .functor BUFT 1, C4<000000000000000000000000>, C4<0>, C4<0>, C4<0>;
v0x960d56c60_0 .net *"_ivl_105", 23 0, L_0x9608797b0;  1 drivers
v0x960d56d00_0 .net *"_ivl_106", 31 0, L_0x960cc7660;  1 drivers
v0x960d56da0_0 .net *"_ivl_110", 31 0, L_0x9610e8960;  1 drivers
L_0x9608797f8 .functor BUFT 1, C4<00000000000000000000000000>, C4<0>, C4<0>, C4<0>;
v0x960d56e40_0 .net *"_ivl_113", 25 0, L_0x9608797f8;  1 drivers
L_0x960879840 .functor BUFT 1, C4<00000000000000000000000000001000>, C4<0>, C4<0>, C4<0>;
v0x960d56ee0_0 .net/2u *"_ivl_114", 31 0, L_0x960879840;  1 drivers
v0x960d56f80_0 .net *"_ivl_119", 0 0, L_0x961073520;  1 drivers
L_0x960879408 .functor BUFT 1, C4<0>, C4<0>, C4<0>, C4<0>;
v0x960d57020_0 .net/2u *"_ivl_12", 0 0, L_0x960879408;  1 drivers
v0x960d570c0_0 .net *"_ivl_122", 31 0, L_0x9610e8a00;  1 drivers
L_0x960879888 .functor BUFT 1, C4<00000000000000000000000000000>, C4<0>, C4<0>, C4<0>;
v0x960d57160_0 .net *"_ivl_125", 28 0, L_0x960879888;  1 drivers
L_0x9608798d0 .functor BUFT 1, C4<00000000000000000000000010000000>, C4<0>, C4<0>, C4<0>;
v0x960d57200_0 .net/2u *"_ivl_126", 31 0, L_0x9608798d0;  1 drivers
v0x960d572a0_0 .net *"_ivl_129", 31 0, L_0x9610735c0;  1 drivers
v0x960d57340_0 .net *"_ivl_130", 31 0, L_0x9610e8aa0;  1 drivers
L_0x960879918 .functor BUFT 1, C4<000000000000000000000000000>, C4<0>, C4<0>, C4<0>;
v0x960d573e0_0 .net *"_ivl_133", 26 0, L_0x960879918;  1 drivers
L_0x960879960 .functor BUFT 1, C4<00000000000000000000000000001000>, C4<0>, C4<0>, C4<0>;
v0x960d57480_0 .net/2u *"_ivl_134", 31 0, L_0x960879960;  1 drivers
v0x960d57520_0 .net *"_ivl_137", 31 0, L_0x961073660;  1 drivers
v0x960d575c0_0 .net *"_ivl_138", 31 0, L_0x960cc7700;  1 drivers
v0x960d57660_0 .net *"_ivl_140", 31 0, L_0x9610e8b40;  1 drivers
L_0x9608799a8 .functor BUFT 1, C4<00000000000000000000000000000>, C4<0>, C4<0>, C4<0>;
v0x960d57700_0 .net *"_ivl_143", 28 0, L_0x9608799a8;  1 drivers
v0x960d577a0_0 .net *"_ivl_144", 31 0, L_0x960cc77a0;  1 drivers
L_0x9608799f0 .functor BUFT 1, C4<0>, C4<0>, C4<0>, C4<0>;
v0x960d57840_0 .net/2u *"_ivl_150", 0 0, L_0x9608799f0;  1 drivers
v0x960d578e0_0 .net *"_ivl_155", 0 0, L_0x9610737a0;  1 drivers
v0x960d57980_0 .net *"_ivl_157", 0 0, L_0x961073840;  1 drivers
v0x960d57a20_0 .net *"_ivl_159", 0 0, L_0x960c847e0;  1 drivers
L_0x960879450 .functor BUFT 1, C4<0>, C4<0>, C4<0>, C4<0>;
v0x960d57ac0_0 .net/2u *"_ivl_16", 0 0, L_0x960879450;  1 drivers
v0x960d57b60_0 .net/2u *"_ivl_164", 0 0, L_0x960879a80;  1 drivers
v0x960d57c00_0 .net *"_ivl_166", 0 0, L_0x960c848c0;  1 drivers
L_0x960879ac8 .functor BUFT 1, C4<000000000000000000000>, C4<0>, C4<0>, C4<0>;
v0x960d57ca0_0 .net *"_ivl_173", 20 0, L_0x960879ac8;  1 drivers
v0x960d57d40_0 .net/2u *"_ivl_175", 0 0, L_0x960879b10;  1 drivers
v0x960d57de0_0 .net *"_ivl_177", 0 0, L_0x960c84850;  1 drivers
L_0x960879498 .functor BUFT 1, C4<1>, C4<0>, C4<0>, C4<0>;
v0x960d57e80_0 .net/2u *"_ivl_18", 0 0, L_0x960879498;  1 drivers
L_0x960879b58 .functor BUFT 1, C4<000000000000000000000>, C4<0>, C4<0>, C4<0>;
v0x960d57f20_0 .net *"_ivl_184", 20 0, L_0x960879b58;  1 drivers
v0x960d58000_0 .net/2u *"_ivl_188", 0 0, L_0x960879be8;  1 drivers
v0x960d580a0_0 .net *"_ivl_190", 0 0, L_0x960c84a10;  1 drivers
L_0x960879c30 .functor BUFT 1, C4<000000000000000000000>, C4<0>, C4<0>, C4<0>;
v0x960d58140_0 .net *"_ivl_197", 20 0, L_0x960879c30;  1 drivers
v0x960d581e0_0 .net/2u *"_ivl_199", 0 0, L_0x960879c78;  1 drivers
v0x960d58280_0 .net *"_ivl_201", 0 0, L_0x960c84690;  1 drivers
L_0x960879cc0 .functor BUFT 1, C4<000000000000000000000>, C4<0>, C4<0>, C4<0>;
v0x960d58320_0 .net *"_ivl_208", 20 0, L_0x960879cc0;  1 drivers
L_0x960879d08 .functor BUFT 1, C4<000000>, C4<0>, C4<0>, C4<0>;
v0x960d583c0_0 .net/2u *"_ivl_210", 5 0, L_0x960879d08;  1 drivers
L_0x9608794e0 .functor BUFT 1, C4<0000>, C4<0>, C4<0>, C4<0>;
v0x960d58460_0 .net/2u *"_ivl_22", 3 0, L_0x9608794e0;  1 drivers
L_0x960879d50 .functor BUFT 1, C4<0000000000000000000000000000000000001000000000000000000000000000>, C4<0>, C4<0>, C4<0>;
v0x960d58500_0 .net/2u *"_ivl_224", 63 0, L_0x960879d50;  1 drivers
L_0x960879d98 .functor BUFT 1, C4<00000000000000000000000>, C4<0>, C4<0>, C4<0>;
v0x960d585a0_0 .net/2u *"_ivl_226", 22 0, L_0x960879d98;  1 drivers
v0x960d58640_0 .net *"_ivl_228", 25 0, L_0x9610e8f00;  1 drivers
v0x960d586e0_0 .net *"_ivl_230", 63 0, L_0x9610e8fa0;  1 drivers
L_0x960879de0 .functor BUFT 1, C4<00000000000000000000000000000000000000>, C4<0>, C4<0>, C4<0>;
v0x960d58780_0 .net *"_ivl_233", 37 0, L_0x960879de0;  1 drivers
L_0x960879e28 .functor BUFT 1, C4<0000000000000000000000000000000000000000000000000000000001000000>, C4<0>, C4<0>, C4<0>;
v0x960d58820_0 .net/2u *"_ivl_234", 63 0, L_0x960879e28;  1 drivers
v0x960d588c0_0 .net *"_ivl_237", 63 0, L_0x961073ca0;  1 drivers
v0x960d58960_0 .net *"_ivl_238", 63 0, L_0x9610e9040;  1 drivers
L_0x960879e70 .functor BUFT 1, C4<0000000000000000000000000000000000000000000000000000000000>, C4<0>, C4<0>, C4<0>;
v0x960d58a00_0 .net *"_ivl_241", 57 0, L_0x960879e70;  1 drivers
v0x960d58aa0_0 .net *"_ivl_242", 63 0, L_0x960cc7840;  1 drivers
L_0x960879eb8 .functor BUFT 1, C4<0000000000000000000000000000000000000000000000000000000010000000>, C4<0>, C4<0>, C4<0>;
v0x960d58b40_0 .net/2u *"_ivl_244", 63 0, L_0x960879eb8;  1 drivers
v0x960d58be0_0 .net *"_ivl_247", 63 0, L_0x961073d40;  1 drivers
v0x960d58c80_0 .net *"_ivl_248", 63 0, L_0x960cc78e0;  1 drivers
v0x960d58d20_0 .net *"_ivl_250", 63 0, L_0x9610e90e0;  1 drivers
L_0x960879f00 .functor BUFT 1, C4<000000000000000000000000000000000000000000000000000000000000>, C4<0>, C4<0>, C4<0>;
v0x960d58dc0_0 .net *"_ivl_253", 59 0, L_0x960879f00;  1 drivers
L_0x960879f48 .functor BUFT 1, C4<0000000000000000000000000000000000000000000000000000000000010000>, C4<0>, C4<0>, C4<0>;
v0x960d58e60_0 .net/2u *"_ivl_254", 63 0, L_0x960879f48;  1 drivers
v0x960d58f00_0 .net *"_ivl_257", 63 0, L_0x961073de0;  1 drivers
v0x960d58fa0_0 .net *"_ivl_258", 63 0, L_0x960cc7980;  1 drivers
v0x960d59040_0 .net *"_ivl_26", 63 0, L_0x9610e85a0;  1 drivers
L_0x960879f90 .functor BUFT 1, C4<001>, C4<0>, C4<0>, C4<0>;
v0x960d590e0_0 .net/2u *"_ivl_262", 2 0, L_0x960879f90;  1 drivers
L_0x96087a0b0 .functor BUFT 1, C4<010>, C4<0>, C4<0>, C4<0>;
v0x960d59180_0 .net/2u *"_ivl_274", 2 0, L_0x96087a0b0;  1 drivers
L_0x96087a0f8 .functor BUFT 1, C4<010>, C4<0>, C4<0>, C4<0>;
v0x960d59220_0 .net/2u *"_ivl_282", 2 0, L_0x96087a0f8;  1 drivers
v0x960d592c0_0 .net *"_ivl_284", 0 0, L_0x9610f00a0;  1 drivers
v0x960d59360_0 .net *"_ivl_286", 32 0, L_0x9610e9180;  1 drivers
L_0x96087a140 .functor BUFT 1, C4<0000000000000000000000000>, C4<0>, C4<0>, C4<0>;
v0x960d59400_0 .net *"_ivl_289", 24 0, L_0x96087a140;  1 drivers
L_0x960879528 .functor BUFT 1, C4<00000000000000000000000000000000000000000000000000000>, C4<0>, C4<0>, C4<0>;
v0x960d594a0_0 .net *"_ivl_29", 52 0, L_0x960879528;  1 drivers
L_0x96087a188 .functor BUFT 1, C4<000000000000000000000000000000001>, C4<0>, C4<0>, C4<0>;
v0x960d59540_0 .net/2u *"_ivl_290", 32 0, L_0x96087a188;  1 drivers
v0x960d595e0_0 .net *"_ivl_292", 0 0, L_0x9610f0140;  1 drivers
L_0x960879570 .functor BUFT 1, C4<0000000000000000000000000000000000000000000000000000001111111111>, C4<0>, C4<0>, C4<0>;
v0x960d59680_0 .net/2u *"_ivl_30", 63 0, L_0x960879570;  1 drivers
v0x960d59720_0 .net *"_ivl_34", 31 0, L_0x9610e8640;  1 drivers
L_0x9608795b8 .functor BUFT 1, C4<0000000000000000000000000>, C4<0>, C4<0>, C4<0>;
v0x960d597c0_0 .net *"_ivl_37", 24 0, L_0x9608795b8;  1 drivers
L_0x960879600 .functor BUFT 1, C4<00000000000000000000000000111111>, C4<0>, C4<0>, C4<0>;
v0x960d59860_0 .net/2u *"_ivl_38", 31 0, L_0x960879600;  1 drivers
L_0x960879378 .functor BUFT 1, C4<00000000>, C4<0>, C4<0>, C4<0>;
v0x960d59900_0 .net/2u *"_ivl_4", 7 0, L_0x960879378;  1 drivers
v0x960d599a0_0 .net *"_ivl_40", 0 0, L_0x961072d00;  1 drivers
v0x960d59a40_0 .net *"_ivl_42", 31 0, L_0x9610e86e0;  1 drivers
L_0x960879648 .functor BUFT 1, C4<000000000000000000000000>, C4<0>, C4<0>, C4<0>;
v0x960d59ae0_0 .net *"_ivl_45", 23 0, L_0x960879648;  1 drivers
L_0x960879690 .functor BUFT 1, C4<00000000000000000000000001111111>, C4<0>, C4<0>, C4<0>;
v0x960d59b80_0 .net/2u *"_ivl_46", 31 0, L_0x960879690;  1 drivers
v0x960d59c20_0 .net *"_ivl_48", 0 0, L_0x961072da0;  1 drivers
v0x960d59cc0_0 .net *"_ivl_55", 0 0, L_0x960c84d20;  1 drivers
v0x960d59d60_0 .net *"_ivl_59", 0 0, L_0x961072e40;  1 drivers
v0x960d59e00_0 .net *"_ivl_61", 0 0, L_0x961072ee0;  1 drivers
v0x960d59ea0_0 .net *"_ivl_65", 0 0, L_0x961072f80;  1 drivers
v0x960d59f40_0 .net *"_ivl_67", 0 0, L_0x961073020;  1 drivers
v0x960d59fe0_0 .net *"_ivl_69", 0 0, L_0x9610730c0;  1 drivers
v0x960d5a080_0 .net *"_ivl_71", 0 0, L_0x960c84540;  1 drivers
v0x960d5a120_0 .net *"_ivl_73", 0 0, L_0x961073160;  1 drivers
L_0x9608793c0 .functor BUFT 1, C4<0000000>, C4<0>, C4<0>, C4<0>;
v0x960d5a1c0_0 .net/2u *"_ivl_8", 6 0, L_0x9608793c0;  1 drivers
v0x960d5a260_0 .net *"_ivl_90", 31 0, L_0x9610e8820;  1 drivers
L_0x9608796d8 .functor BUFT 1, C4<0000000000000000000000000>, C4<0>, C4<0>, C4<0>;
v0x960d5a300_0 .net *"_ivl_93", 24 0, L_0x9608796d8;  1 drivers
v0x960d5a3a0_0 .net/2u *"_ivl_94", 31 0, L_0x960879720;  1 drivers
v0x960d5a440_0 .net *"_ivl_96", 31 0, L_0x960c84380;  1 drivers
L_0x960879768 .functor BUFT 1, C4<00000000000000000000000010000000>, C4<0>, C4<0>, C4<0>;
v0x960d5a4e0_0 .net/2u *"_ivl_98", 31 0, L_0x960879768;  1 drivers
v0x960d5a580_0 .var "band_cnt", 10 0;
v0x960d5a620_0 .var "band_cur", 3 0;
v0x960d5a6c0_0 .var "band_filled", 1 0;
v0x960d5a760_0 .net "band_last", 0 0, L_0x961072c60;  1 drivers
v0x960d5a800_0 .var "band_par", 0 0;
v0x960d5a8a0 .array "bank_band", 1 0, 3 0;
v0x960d5a940_0 .net "clk", 0 0, v0x960d5e8a0_0;  1 drivers
v0x960d5a9e0_0 .var "cur_col", 7 0;
v0x960d5aa80_0 .var "cur_row", 6 0;
v0x960d5ab20_0 .var "done_r", 0 0;
v0x960d5abc0_0 .var "drain_band", 3 0;
v0x960d5ac60_0 .var "drain_bank", 0 0;
v0x960d5ad00_0 .var "drain_cnt", 10 0;
v0x960d5ada0_0 .net "drain_go", 0 0, L_0x960c843f0;  1 drivers
v0x960d5ae40_0 .var "drain_on", 0 0;
v0x960d5aee0_0 .var "draining", 1 0;
v0x960d5af80_0 .net "eff_bcur", 3 0, L_0x9610e8500;  1 drivers
v0x960d5b020_0 .net "eff_bcur_", 0 0, L_0x9610e8460;  1 drivers
v0x960d5b0c0_0 .net "eff_bpar", 0 0, L_0x9610e83c0;  1 drivers
v0x960d5b160_0 .net "eff_col", 7 0, L_0x9610e8280;  1 drivers
v0x960d5b200_0 .net "eff_row", 6 0, L_0x9610e8320;  1 drivers
v0x960d5b2a0_0 .var "fill_active", 0 0;
v0x960d5b340_0 .net "frame_head", 0 0, L_0x960c84770;  1 drivers
v0x960d5b3e0_0 .net "frame_last", 0 0, L_0x960c84e00;  1 drivers
v0x960d5b480_0 .var "frame_seen", 0 0;
v0x960d5b520_0 .net "frame_start", 0 0, L_0x960c84d90;  1 drivers
v0x960d5b5c0_0 .net "irq_done", 0 0, L_0x960c416c0;  alias, 1 drivers
v0x960d5b660_0 .net "m_axi_awaddr", 31 0, L_0x960c41570;  alias, 1 drivers
v0x960d5b700_0 .net "m_axi_awburst", 1 0, L_0x96087a068;  alias, 1 drivers
v0x960d5b7a0_0 .net "m_axi_awlen", 7 0, L_0x960879fd8;  alias, 1 drivers
v0x960d5b840_0 .net8 "m_axi_awready", 0 0, RS_0x960847e80;  alias, 2 drivers
v0x960d5b8e0_0 .net "m_axi_awsize", 2 0, L_0x96087a020;  alias, 1 drivers
v0x960d5b980_0 .net "m_axi_awvalid", 0 0, L_0x961073f20;  alias, 1 drivers
v0x960d5ba20_0 .net8 "m_axi_bready", 0 0, RS_0x960847f10;  alias, 2 drivers
v0x960d5bac0_0 .net "m_axi_bvalid", 0 0, L_0x960c413b0;  alias, 1 drivers
v0x960d5bb60_0 .net "m_axi_wdata", 63 0, L_0x960c415e0;  alias, 1 drivers
v0x960d5bc00_0 .net "m_axi_wlast", 0 0, L_0x960c845b0;  alias, 1 drivers
v0x960d5bca0_0 .net8 "m_axi_wready", 0 0, RS_0x960847fd0;  alias, 2 drivers
v0x960d5bd40_0 .net "m_axi_wstrb", 7 0, L_0x960c41650;  alias, 1 drivers
v0x960d5bde0_0 .net "m_axi_wvalid", 0 0, L_0x9610f0000;  alias, 1 drivers
v0x960d5be80_0 .var/i "oi", 31 0;
v0x960d5bf20_0 .var "pop_en", 0 0;
v0x960d5c000_0 .var "push_en", 0 0;
v0x960d5c0a0_0 .net "px_accept", 0 0, L_0x960c84c40;  1 drivers
v0x960d5c140_0 .var "px_cnt", 12 0;
v0x960d5c1e0_0 .net "px_tail", 0 0, L_0x960c84cb0;  1 drivers
v0x960d5c280_0 .var "rd_band_d", 3 0;
v0x960d5c320_0 .var "rd_band_r", 3 0;
v0x960d5c3c0_0 .var "rd_block_d", 5 0;
v0x960d5c460_0 .var "rd_block_r", 5 0;
v0x960d5c500_0 .var "rd_cx", 4 0;
v0x960d5c5a0_0 .var "rd_cx_d", 4 0;
v0x960d5c640_0 .var "rd_cx_r", 4 0;
v0x960d5c6e0_0 .net "rd_data0", 63 0, L_0x960c41420;  1 drivers
v0x960d5c780_0 .net "rd_data1", 63 0, L_0x960c41490;  1 drivers
v0x960d5c820_0 .var "rd_data_d", 63 0;
v0x960d5c8c0_0 .var "rd_gx", 2 0;
v0x960d5c960_0 .var "rd_gy", 2 0;
v0x960d5ca00_0 .var "rd_vld_d", 0 0;
v0x960d5caa0_0 .var "rd_vld_r", 0 0;
v0x960d5cb40_0 .var "req_cnt", 5 0;
v0x960d5cbe0_0 .net "req_empty", 0 0, L_0x961073980;  1 drivers
v0x960d5cc80 .array "req_fifo", 31 0, 14 0;
v0x960d5cd20_0 .net "req_full", 0 0, L_0x961073480;  1 drivers
v0x960d5cdc0_0 .var "req_rd", 5 0;
v0x960d5ce60_0 .var "req_wr", 5 0;
v0x960d5cf00 .array "resp", 7 0;
v0x960d5cf00_0 .net v0x960d5cf00 0, 7 0, L_0x96106abc0; 1 drivers
v0x960d5cf00_1 .net v0x960d5cf00 1, 7 0, L_0x96106aee0; 1 drivers
v0x960d5cf00_2 .net v0x960d5cf00 2, 7 0, L_0x96106b200; 1 drivers
v0x960d5cf00_3 .net v0x960d5cf00 3, 7 0, L_0x96106b520; 1 drivers
v0x960d5cf00_4 .net v0x960d5cf00 4, 7 0, L_0x96106b840; 1 drivers
v0x960d5cf00_5 .net v0x960d5cf00 5, 7 0, L_0x96106bb60; 1 drivers
v0x960d5cf00_6 .net v0x960d5cf00 6, 7 0, L_0x96106be80; 1 drivers
v0x960d5cf00_7 .net v0x960d5cf00 7, 7 0, L_0x9610e81e0; 1 drivers
v0x960d5cfa0_0 .net "rst_n", 0 0, v0x960d5fa20_0;  1 drivers
v0x960d5d040_0 .net "s_axis_tdata", 7 0, v0x960d5fac0_0;  1 drivers
v0x960d5d0e0_0 .net "s_axis_tlast", 0 0, v0x960d5fb60_0;  1 drivers
v0x960d5d180_0 .net "s_axis_tready", 0 0, L_0x9610738e0;  alias, 1 drivers
v0x960d5d220_0 .net "s_axis_tuser", 0 0, v0x960d5fca0_0;  1 drivers
v0x960d5d2c0_0 .net "s_axis_tvalid", 0 0, v0x960d5fd40_0;  1 drivers
v0x960d5d360 .array "seg_buf", 511 0, 7 0;
v0x960d5d400_0 .var "seg_slot", 1 0;
v0x960d5d4a0_0 .net "tready_bpar", 0 0, L_0x9610e8be0;  1 drivers
v0x960d5d540_0 .net "w_drain_req0", 0 0, L_0x960c844d0;  1 drivers
v0x960d5d5e0_0 .net "w_drain_req1", 0 0, L_0x960c84310;  1 drivers
v0x960d5d680_0 .net "w_lsb", 3 0, L_0x961073200;  1 drivers
v0x960d5d720_0 .net "w_msb", 3 0, L_0x9610732a0;  1 drivers
v0x960d5d7c0_0 .net "w_rdaddr", 10 0, L_0x961073700;  1 drivers
v0x960d5d860_0 .net "w_req", 14 0, v0x960d5db80_0;  1 drivers
v0x960d5d900_0 .net "w_req_addr", 31 0, L_0x961073e80;  1 drivers
v0x960d5d9a0_0 .net "w_req_band", 3 0, L_0x961073c00;  1 drivers
v0x960d5da40_0 .net "w_req_blk", 5 0, L_0x961073b60;  1 drivers
v0x960d5dae0_0 .net "w_req_ori", 2 0, L_0x961073ac0;  1 drivers
v0x960d5db80_0 .var "w_req_r", 14 0;
v0x960d5dc20_0 .net "w_req_slot", 1 0, L_0x961073a20;  1 drivers
v0x960d5dcc0_0 .net "w_wraddr", 10 0, L_0x9610733e0;  1 drivers
v0x960d5dd60_0 .net "w_wrdata", 63 0, L_0x9610e8780;  1 drivers
v0x960d5de00_0 .var/i "wb", 31 0;
v0x960d5dea0_0 .var "wdata_r", 63 0;
v0x960d5df40_0 .net "wen", 0 0, L_0x960c84460;  1 drivers
v0x960d5dfe0_0 .var "wr_beat", 7 0;
v0x960d5e080_0 .var "wr_pop", 0 0;
v0x960d5e120_0 .var "wr_state", 2 0;
v0x960d5e1c0_0 .var "wstrb_r", 7 0;
E_0x960d0a440/0 .event negedge, v0x960d5cfa0_0;
E_0x960d0a440/1 .event posedge, v0x960d55b80_0;
E_0x960d0a440 .event/or E_0x960d0a440/0, E_0x960d0a440/1;
E_0x960d0a480 .event anyedge, v0x960d5dfe0_0;
v0x960d5d360_0 .array/port v0x960d5d360, 0;
E_0x960d0a4c0/0 .event anyedge, v0x960d5dfe0_0, v0x960d5dae0_0, v0x960d5dc20_0, v0x960d5d360_0;
v0x960d5d360_1 .array/port v0x960d5d360, 1;
v0x960d5d360_2 .array/port v0x960d5d360, 2;
v0x960d5d360_3 .array/port v0x960d5d360, 3;
v0x960d5d360_4 .array/port v0x960d5d360, 4;
E_0x960d0a4c0/1 .event anyedge, v0x960d5d360_1, v0x960d5d360_2, v0x960d5d360_3, v0x960d5d360_4;
v0x960d5d360_5 .array/port v0x960d5d360, 5;
v0x960d5d360_6 .array/port v0x960d5d360, 6;
v0x960d5d360_7 .array/port v0x960d5d360, 7;
v0x960d5d360_8 .array/port v0x960d5d360, 8;
E_0x960d0a4c0/2 .event anyedge, v0x960d5d360_5, v0x960d5d360_6, v0x960d5d360_7, v0x960d5d360_8;
v0x960d5d360_9 .array/port v0x960d5d360, 9;
v0x960d5d360_10 .array/port v0x960d5d360, 10;
v0x960d5d360_11 .array/port v0x960d5d360, 11;
v0x960d5d360_12 .array/port v0x960d5d360, 12;
E_0x960d0a4c0/3 .event anyedge, v0x960d5d360_9, v0x960d5d360_10, v0x960d5d360_11, v0x960d5d360_12;
v0x960d5d360_13 .array/port v0x960d5d360, 13;
v0x960d5d360_14 .array/port v0x960d5d360, 14;
v0x960d5d360_15 .array/port v0x960d5d360, 15;
v0x960d5d360_16 .array/port v0x960d5d360, 16;
E_0x960d0a4c0/4 .event anyedge, v0x960d5d360_13, v0x960d5d360_14, v0x960d5d360_15, v0x960d5d360_16;
v0x960d5d360_17 .array/port v0x960d5d360, 17;
v0x960d5d360_18 .array/port v0x960d5d360, 18;
v0x960d5d360_19 .array/port v0x960d5d360, 19;
v0x960d5d360_20 .array/port v0x960d5d360, 20;
E_0x960d0a4c0/5 .event anyedge, v0x960d5d360_17, v0x960d5d360_18, v0x960d5d360_19, v0x960d5d360_20;
v0x960d5d360_21 .array/port v0x960d5d360, 21;
v0x960d5d360_22 .array/port v0x960d5d360, 22;
v0x960d5d360_23 .array/port v0x960d5d360, 23;
v0x960d5d360_24 .array/port v0x960d5d360, 24;
E_0x960d0a4c0/6 .event anyedge, v0x960d5d360_21, v0x960d5d360_22, v0x960d5d360_23, v0x960d5d360_24;
v0x960d5d360_25 .array/port v0x960d5d360, 25;
v0x960d5d360_26 .array/port v0x960d5d360, 26;
v0x960d5d360_27 .array/port v0x960d5d360, 27;
v0x960d5d360_28 .array/port v0x960d5d360, 28;
E_0x960d0a4c0/7 .event anyedge, v0x960d5d360_25, v0x960d5d360_26, v0x960d5d360_27, v0x960d5d360_28;
v0x960d5d360_29 .array/port v0x960d5d360, 29;
v0x960d5d360_30 .array/port v0x960d5d360, 30;
v0x960d5d360_31 .array/port v0x960d5d360, 31;
v0x960d5d360_32 .array/port v0x960d5d360, 32;
E_0x960d0a4c0/8 .event anyedge, v0x960d5d360_29, v0x960d5d360_30, v0x960d5d360_31, v0x960d5d360_32;
v0x960d5d360_33 .array/port v0x960d5d360, 33;
v0x960d5d360_34 .array/port v0x960d5d360, 34;
v0x960d5d360_35 .array/port v0x960d5d360, 35;
v0x960d5d360_36 .array/port v0x960d5d360, 36;
E_0x960d0a4c0/9 .event anyedge, v0x960d5d360_33, v0x960d5d360_34, v0x960d5d360_35, v0x960d5d360_36;
v0x960d5d360_37 .array/port v0x960d5d360, 37;
v0x960d5d360_38 .array/port v0x960d5d360, 38;
v0x960d5d360_39 .array/port v0x960d5d360, 39;
v0x960d5d360_40 .array/port v0x960d5d360, 40;
E_0x960d0a4c0/10 .event anyedge, v0x960d5d360_37, v0x960d5d360_38, v0x960d5d360_39, v0x960d5d360_40;
v0x960d5d360_41 .array/port v0x960d5d360, 41;
v0x960d5d360_42 .array/port v0x960d5d360, 42;
v0x960d5d360_43 .array/port v0x960d5d360, 43;
v0x960d5d360_44 .array/port v0x960d5d360, 44;
E_0x960d0a4c0/11 .event anyedge, v0x960d5d360_41, v0x960d5d360_42, v0x960d5d360_43, v0x960d5d360_44;
v0x960d5d360_45 .array/port v0x960d5d360, 45;
v0x960d5d360_46 .array/port v0x960d5d360, 46;
v0x960d5d360_47 .array/port v0x960d5d360, 47;
v0x960d5d360_48 .array/port v0x960d5d360, 48;
E_0x960d0a4c0/12 .event anyedge, v0x960d5d360_45, v0x960d5d360_46, v0x960d5d360_47, v0x960d5d360_48;
v0x960d5d360_49 .array/port v0x960d5d360, 49;
v0x960d5d360_50 .array/port v0x960d5d360, 50;
v0x960d5d360_51 .array/port v0x960d5d360, 51;
v0x960d5d360_52 .array/port v0x960d5d360, 52;
E_0x960d0a4c0/13 .event anyedge, v0x960d5d360_49, v0x960d5d360_50, v0x960d5d360_51, v0x960d5d360_52;
v0x960d5d360_53 .array/port v0x960d5d360, 53;
v0x960d5d360_54 .array/port v0x960d5d360, 54;
v0x960d5d360_55 .array/port v0x960d5d360, 55;
v0x960d5d360_56 .array/port v0x960d5d360, 56;
E_0x960d0a4c0/14 .event anyedge, v0x960d5d360_53, v0x960d5d360_54, v0x960d5d360_55, v0x960d5d360_56;
v0x960d5d360_57 .array/port v0x960d5d360, 57;
v0x960d5d360_58 .array/port v0x960d5d360, 58;
v0x960d5d360_59 .array/port v0x960d5d360, 59;
v0x960d5d360_60 .array/port v0x960d5d360, 60;
E_0x960d0a4c0/15 .event anyedge, v0x960d5d360_57, v0x960d5d360_58, v0x960d5d360_59, v0x960d5d360_60;
v0x960d5d360_61 .array/port v0x960d5d360, 61;
v0x960d5d360_62 .array/port v0x960d5d360, 62;
v0x960d5d360_63 .array/port v0x960d5d360, 63;
v0x960d5d360_64 .array/port v0x960d5d360, 64;
E_0x960d0a4c0/16 .event anyedge, v0x960d5d360_61, v0x960d5d360_62, v0x960d5d360_63, v0x960d5d360_64;
v0x960d5d360_65 .array/port v0x960d5d360, 65;
v0x960d5d360_66 .array/port v0x960d5d360, 66;
v0x960d5d360_67 .array/port v0x960d5d360, 67;
v0x960d5d360_68 .array/port v0x960d5d360, 68;
E_0x960d0a4c0/17 .event anyedge, v0x960d5d360_65, v0x960d5d360_66, v0x960d5d360_67, v0x960d5d360_68;
v0x960d5d360_69 .array/port v0x960d5d360, 69;
v0x960d5d360_70 .array/port v0x960d5d360, 70;
v0x960d5d360_71 .array/port v0x960d5d360, 71;
v0x960d5d360_72 .array/port v0x960d5d360, 72;
E_0x960d0a4c0/18 .event anyedge, v0x960d5d360_69, v0x960d5d360_70, v0x960d5d360_71, v0x960d5d360_72;
v0x960d5d360_73 .array/port v0x960d5d360, 73;
v0x960d5d360_74 .array/port v0x960d5d360, 74;
v0x960d5d360_75 .array/port v0x960d5d360, 75;
v0x960d5d360_76 .array/port v0x960d5d360, 76;
E_0x960d0a4c0/19 .event anyedge, v0x960d5d360_73, v0x960d5d360_74, v0x960d5d360_75, v0x960d5d360_76;
v0x960d5d360_77 .array/port v0x960d5d360, 77;
v0x960d5d360_78 .array/port v0x960d5d360, 78;
v0x960d5d360_79 .array/port v0x960d5d360, 79;
v0x960d5d360_80 .array/port v0x960d5d360, 80;
E_0x960d0a4c0/20 .event anyedge, v0x960d5d360_77, v0x960d5d360_78, v0x960d5d360_79, v0x960d5d360_80;
v0x960d5d360_81 .array/port v0x960d5d360, 81;
v0x960d5d360_82 .array/port v0x960d5d360, 82;
v0x960d5d360_83 .array/port v0x960d5d360, 83;
v0x960d5d360_84 .array/port v0x960d5d360, 84;
E_0x960d0a4c0/21 .event anyedge, v0x960d5d360_81, v0x960d5d360_82, v0x960d5d360_83, v0x960d5d360_84;
v0x960d5d360_85 .array/port v0x960d5d360, 85;
v0x960d5d360_86 .array/port v0x960d5d360, 86;
v0x960d5d360_87 .array/port v0x960d5d360, 87;
v0x960d5d360_88 .array/port v0x960d5d360, 88;
E_0x960d0a4c0/22 .event anyedge, v0x960d5d360_85, v0x960d5d360_86, v0x960d5d360_87, v0x960d5d360_88;
v0x960d5d360_89 .array/port v0x960d5d360, 89;
v0x960d5d360_90 .array/port v0x960d5d360, 90;
v0x960d5d360_91 .array/port v0x960d5d360, 91;
v0x960d5d360_92 .array/port v0x960d5d360, 92;
E_0x960d0a4c0/23 .event anyedge, v0x960d5d360_89, v0x960d5d360_90, v0x960d5d360_91, v0x960d5d360_92;
v0x960d5d360_93 .array/port v0x960d5d360, 93;
v0x960d5d360_94 .array/port v0x960d5d360, 94;
v0x960d5d360_95 .array/port v0x960d5d360, 95;
v0x960d5d360_96 .array/port v0x960d5d360, 96;
E_0x960d0a4c0/24 .event anyedge, v0x960d5d360_93, v0x960d5d360_94, v0x960d5d360_95, v0x960d5d360_96;
v0x960d5d360_97 .array/port v0x960d5d360, 97;
v0x960d5d360_98 .array/port v0x960d5d360, 98;
v0x960d5d360_99 .array/port v0x960d5d360, 99;
v0x960d5d360_100 .array/port v0x960d5d360, 100;
E_0x960d0a4c0/25 .event anyedge, v0x960d5d360_97, v0x960d5d360_98, v0x960d5d360_99, v0x960d5d360_100;
v0x960d5d360_101 .array/port v0x960d5d360, 101;
v0x960d5d360_102 .array/port v0x960d5d360, 102;
v0x960d5d360_103 .array/port v0x960d5d360, 103;
v0x960d5d360_104 .array/port v0x960d5d360, 104;
E_0x960d0a4c0/26 .event anyedge, v0x960d5d360_101, v0x960d5d360_102, v0x960d5d360_103, v0x960d5d360_104;
v0x960d5d360_105 .array/port v0x960d5d360, 105;
v0x960d5d360_106 .array/port v0x960d5d360, 106;
v0x960d5d360_107 .array/port v0x960d5d360, 107;
v0x960d5d360_108 .array/port v0x960d5d360, 108;
E_0x960d0a4c0/27 .event anyedge, v0x960d5d360_105, v0x960d5d360_106, v0x960d5d360_107, v0x960d5d360_108;
v0x960d5d360_109 .array/port v0x960d5d360, 109;
v0x960d5d360_110 .array/port v0x960d5d360, 110;
v0x960d5d360_111 .array/port v0x960d5d360, 111;
v0x960d5d360_112 .array/port v0x960d5d360, 112;
E_0x960d0a4c0/28 .event anyedge, v0x960d5d360_109, v0x960d5d360_110, v0x960d5d360_111, v0x960d5d360_112;
v0x960d5d360_113 .array/port v0x960d5d360, 113;
v0x960d5d360_114 .array/port v0x960d5d360, 114;
v0x960d5d360_115 .array/port v0x960d5d360, 115;
v0x960d5d360_116 .array/port v0x960d5d360, 116;
E_0x960d0a4c0/29 .event anyedge, v0x960d5d360_113, v0x960d5d360_114, v0x960d5d360_115, v0x960d5d360_116;
v0x960d5d360_117 .array/port v0x960d5d360, 117;
v0x960d5d360_118 .array/port v0x960d5d360, 118;
v0x960d5d360_119 .array/port v0x960d5d360, 119;
v0x960d5d360_120 .array/port v0x960d5d360, 120;
E_0x960d0a4c0/30 .event anyedge, v0x960d5d360_117, v0x960d5d360_118, v0x960d5d360_119, v0x960d5d360_120;
v0x960d5d360_121 .array/port v0x960d5d360, 121;
v0x960d5d360_122 .array/port v0x960d5d360, 122;
v0x960d5d360_123 .array/port v0x960d5d360, 123;
v0x960d5d360_124 .array/port v0x960d5d360, 124;
E_0x960d0a4c0/31 .event anyedge, v0x960d5d360_121, v0x960d5d360_122, v0x960d5d360_123, v0x960d5d360_124;
v0x960d5d360_125 .array/port v0x960d5d360, 125;
v0x960d5d360_126 .array/port v0x960d5d360, 126;
v0x960d5d360_127 .array/port v0x960d5d360, 127;
v0x960d5d360_128 .array/port v0x960d5d360, 128;
E_0x960d0a4c0/32 .event anyedge, v0x960d5d360_125, v0x960d5d360_126, v0x960d5d360_127, v0x960d5d360_128;
v0x960d5d360_129 .array/port v0x960d5d360, 129;
v0x960d5d360_130 .array/port v0x960d5d360, 130;
v0x960d5d360_131 .array/port v0x960d5d360, 131;
v0x960d5d360_132 .array/port v0x960d5d360, 132;
E_0x960d0a4c0/33 .event anyedge, v0x960d5d360_129, v0x960d5d360_130, v0x960d5d360_131, v0x960d5d360_132;
v0x960d5d360_133 .array/port v0x960d5d360, 133;
v0x960d5d360_134 .array/port v0x960d5d360, 134;
v0x960d5d360_135 .array/port v0x960d5d360, 135;
v0x960d5d360_136 .array/port v0x960d5d360, 136;
E_0x960d0a4c0/34 .event anyedge, v0x960d5d360_133, v0x960d5d360_134, v0x960d5d360_135, v0x960d5d360_136;
v0x960d5d360_137 .array/port v0x960d5d360, 137;
v0x960d5d360_138 .array/port v0x960d5d360, 138;
v0x960d5d360_139 .array/port v0x960d5d360, 139;
v0x960d5d360_140 .array/port v0x960d5d360, 140;
E_0x960d0a4c0/35 .event anyedge, v0x960d5d360_137, v0x960d5d360_138, v0x960d5d360_139, v0x960d5d360_140;
v0x960d5d360_141 .array/port v0x960d5d360, 141;
v0x960d5d360_142 .array/port v0x960d5d360, 142;
v0x960d5d360_143 .array/port v0x960d5d360, 143;
v0x960d5d360_144 .array/port v0x960d5d360, 144;
E_0x960d0a4c0/36 .event anyedge, v0x960d5d360_141, v0x960d5d360_142, v0x960d5d360_143, v0x960d5d360_144;
v0x960d5d360_145 .array/port v0x960d5d360, 145;
v0x960d5d360_146 .array/port v0x960d5d360, 146;
v0x960d5d360_147 .array/port v0x960d5d360, 147;
v0x960d5d360_148 .array/port v0x960d5d360, 148;
E_0x960d0a4c0/37 .event anyedge, v0x960d5d360_145, v0x960d5d360_146, v0x960d5d360_147, v0x960d5d360_148;
v0x960d5d360_149 .array/port v0x960d5d360, 149;
v0x960d5d360_150 .array/port v0x960d5d360, 150;
v0x960d5d360_151 .array/port v0x960d5d360, 151;
v0x960d5d360_152 .array/port v0x960d5d360, 152;
E_0x960d0a4c0/38 .event anyedge, v0x960d5d360_149, v0x960d5d360_150, v0x960d5d360_151, v0x960d5d360_152;
v0x960d5d360_153 .array/port v0x960d5d360, 153;
v0x960d5d360_154 .array/port v0x960d5d360, 154;
v0x960d5d360_155 .array/port v0x960d5d360, 155;
v0x960d5d360_156 .array/port v0x960d5d360, 156;
E_0x960d0a4c0/39 .event anyedge, v0x960d5d360_153, v0x960d5d360_154, v0x960d5d360_155, v0x960d5d360_156;
v0x960d5d360_157 .array/port v0x960d5d360, 157;
v0x960d5d360_158 .array/port v0x960d5d360, 158;
v0x960d5d360_159 .array/port v0x960d5d360, 159;
v0x960d5d360_160 .array/port v0x960d5d360, 160;
E_0x960d0a4c0/40 .event anyedge, v0x960d5d360_157, v0x960d5d360_158, v0x960d5d360_159, v0x960d5d360_160;
v0x960d5d360_161 .array/port v0x960d5d360, 161;
v0x960d5d360_162 .array/port v0x960d5d360, 162;
v0x960d5d360_163 .array/port v0x960d5d360, 163;
v0x960d5d360_164 .array/port v0x960d5d360, 164;
E_0x960d0a4c0/41 .event anyedge, v0x960d5d360_161, v0x960d5d360_162, v0x960d5d360_163, v0x960d5d360_164;
v0x960d5d360_165 .array/port v0x960d5d360, 165;
v0x960d5d360_166 .array/port v0x960d5d360, 166;
v0x960d5d360_167 .array/port v0x960d5d360, 167;
v0x960d5d360_168 .array/port v0x960d5d360, 168;
E_0x960d0a4c0/42 .event anyedge, v0x960d5d360_165, v0x960d5d360_166, v0x960d5d360_167, v0x960d5d360_168;
v0x960d5d360_169 .array/port v0x960d5d360, 169;
v0x960d5d360_170 .array/port v0x960d5d360, 170;
v0x960d5d360_171 .array/port v0x960d5d360, 171;
v0x960d5d360_172 .array/port v0x960d5d360, 172;
E_0x960d0a4c0/43 .event anyedge, v0x960d5d360_169, v0x960d5d360_170, v0x960d5d360_171, v0x960d5d360_172;
v0x960d5d360_173 .array/port v0x960d5d360, 173;
v0x960d5d360_174 .array/port v0x960d5d360, 174;
v0x960d5d360_175 .array/port v0x960d5d360, 175;
v0x960d5d360_176 .array/port v0x960d5d360, 176;
E_0x960d0a4c0/44 .event anyedge, v0x960d5d360_173, v0x960d5d360_174, v0x960d5d360_175, v0x960d5d360_176;
v0x960d5d360_177 .array/port v0x960d5d360, 177;
v0x960d5d360_178 .array/port v0x960d5d360, 178;
v0x960d5d360_179 .array/port v0x960d5d360, 179;
v0x960d5d360_180 .array/port v0x960d5d360, 180;
E_0x960d0a4c0/45 .event anyedge, v0x960d5d360_177, v0x960d5d360_178, v0x960d5d360_179, v0x960d5d360_180;
v0x960d5d360_181 .array/port v0x960d5d360, 181;
v0x960d5d360_182 .array/port v0x960d5d360, 182;
v0x960d5d360_183 .array/port v0x960d5d360, 183;
v0x960d5d360_184 .array/port v0x960d5d360, 184;
E_0x960d0a4c0/46 .event anyedge, v0x960d5d360_181, v0x960d5d360_182, v0x960d5d360_183, v0x960d5d360_184;
v0x960d5d360_185 .array/port v0x960d5d360, 185;
v0x960d5d360_186 .array/port v0x960d5d360, 186;
v0x960d5d360_187 .array/port v0x960d5d360, 187;
v0x960d5d360_188 .array/port v0x960d5d360, 188;
E_0x960d0a4c0/47 .event anyedge, v0x960d5d360_185, v0x960d5d360_186, v0x960d5d360_187, v0x960d5d360_188;
v0x960d5d360_189 .array/port v0x960d5d360, 189;
v0x960d5d360_190 .array/port v0x960d5d360, 190;
v0x960d5d360_191 .array/port v0x960d5d360, 191;
v0x960d5d360_192 .array/port v0x960d5d360, 192;
E_0x960d0a4c0/48 .event anyedge, v0x960d5d360_189, v0x960d5d360_190, v0x960d5d360_191, v0x960d5d360_192;
v0x960d5d360_193 .array/port v0x960d5d360, 193;
v0x960d5d360_194 .array/port v0x960d5d360, 194;
v0x960d5d360_195 .array/port v0x960d5d360, 195;
v0x960d5d360_196 .array/port v0x960d5d360, 196;
E_0x960d0a4c0/49 .event anyedge, v0x960d5d360_193, v0x960d5d360_194, v0x960d5d360_195, v0x960d5d360_196;
v0x960d5d360_197 .array/port v0x960d5d360, 197;
v0x960d5d360_198 .array/port v0x960d5d360, 198;
v0x960d5d360_199 .array/port v0x960d5d360, 199;
v0x960d5d360_200 .array/port v0x960d5d360, 200;
E_0x960d0a4c0/50 .event anyedge, v0x960d5d360_197, v0x960d5d360_198, v0x960d5d360_199, v0x960d5d360_200;
v0x960d5d360_201 .array/port v0x960d5d360, 201;
v0x960d5d360_202 .array/port v0x960d5d360, 202;
v0x960d5d360_203 .array/port v0x960d5d360, 203;
v0x960d5d360_204 .array/port v0x960d5d360, 204;
E_0x960d0a4c0/51 .event anyedge, v0x960d5d360_201, v0x960d5d360_202, v0x960d5d360_203, v0x960d5d360_204;
v0x960d5d360_205 .array/port v0x960d5d360, 205;
v0x960d5d360_206 .array/port v0x960d5d360, 206;
v0x960d5d360_207 .array/port v0x960d5d360, 207;
v0x960d5d360_208 .array/port v0x960d5d360, 208;
E_0x960d0a4c0/52 .event anyedge, v0x960d5d360_205, v0x960d5d360_206, v0x960d5d360_207, v0x960d5d360_208;
v0x960d5d360_209 .array/port v0x960d5d360, 209;
v0x960d5d360_210 .array/port v0x960d5d360, 210;
v0x960d5d360_211 .array/port v0x960d5d360, 211;
v0x960d5d360_212 .array/port v0x960d5d360, 212;
E_0x960d0a4c0/53 .event anyedge, v0x960d5d360_209, v0x960d5d360_210, v0x960d5d360_211, v0x960d5d360_212;
v0x960d5d360_213 .array/port v0x960d5d360, 213;
v0x960d5d360_214 .array/port v0x960d5d360, 214;
v0x960d5d360_215 .array/port v0x960d5d360, 215;
v0x960d5d360_216 .array/port v0x960d5d360, 216;
E_0x960d0a4c0/54 .event anyedge, v0x960d5d360_213, v0x960d5d360_214, v0x960d5d360_215, v0x960d5d360_216;
v0x960d5d360_217 .array/port v0x960d5d360, 217;
v0x960d5d360_218 .array/port v0x960d5d360, 218;
v0x960d5d360_219 .array/port v0x960d5d360, 219;
v0x960d5d360_220 .array/port v0x960d5d360, 220;
E_0x960d0a4c0/55 .event anyedge, v0x960d5d360_217, v0x960d5d360_218, v0x960d5d360_219, v0x960d5d360_220;
v0x960d5d360_221 .array/port v0x960d5d360, 221;
v0x960d5d360_222 .array/port v0x960d5d360, 222;
v0x960d5d360_223 .array/port v0x960d5d360, 223;
v0x960d5d360_224 .array/port v0x960d5d360, 224;
E_0x960d0a4c0/56 .event anyedge, v0x960d5d360_221, v0x960d5d360_222, v0x960d5d360_223, v0x960d5d360_224;
v0x960d5d360_225 .array/port v0x960d5d360, 225;
v0x960d5d360_226 .array/port v0x960d5d360, 226;
v0x960d5d360_227 .array/port v0x960d5d360, 227;
v0x960d5d360_228 .array/port v0x960d5d360, 228;
E_0x960d0a4c0/57 .event anyedge, v0x960d5d360_225, v0x960d5d360_226, v0x960d5d360_227, v0x960d5d360_228;
v0x960d5d360_229 .array/port v0x960d5d360, 229;
v0x960d5d360_230 .array/port v0x960d5d360, 230;
v0x960d5d360_231 .array/port v0x960d5d360, 231;
v0x960d5d360_232 .array/port v0x960d5d360, 232;
E_0x960d0a4c0/58 .event anyedge, v0x960d5d360_229, v0x960d5d360_230, v0x960d5d360_231, v0x960d5d360_232;
v0x960d5d360_233 .array/port v0x960d5d360, 233;
v0x960d5d360_234 .array/port v0x960d5d360, 234;
v0x960d5d360_235 .array/port v0x960d5d360, 235;
v0x960d5d360_236 .array/port v0x960d5d360, 236;
E_0x960d0a4c0/59 .event anyedge, v0x960d5d360_233, v0x960d5d360_234, v0x960d5d360_235, v0x960d5d360_236;
v0x960d5d360_237 .array/port v0x960d5d360, 237;
v0x960d5d360_238 .array/port v0x960d5d360, 238;
v0x960d5d360_239 .array/port v0x960d5d360, 239;
v0x960d5d360_240 .array/port v0x960d5d360, 240;
E_0x960d0a4c0/60 .event anyedge, v0x960d5d360_237, v0x960d5d360_238, v0x960d5d360_239, v0x960d5d360_240;
v0x960d5d360_241 .array/port v0x960d5d360, 241;
v0x960d5d360_242 .array/port v0x960d5d360, 242;
v0x960d5d360_243 .array/port v0x960d5d360, 243;
v0x960d5d360_244 .array/port v0x960d5d360, 244;
E_0x960d0a4c0/61 .event anyedge, v0x960d5d360_241, v0x960d5d360_242, v0x960d5d360_243, v0x960d5d360_244;
v0x960d5d360_245 .array/port v0x960d5d360, 245;
v0x960d5d360_246 .array/port v0x960d5d360, 246;
v0x960d5d360_247 .array/port v0x960d5d360, 247;
v0x960d5d360_248 .array/port v0x960d5d360, 248;
E_0x960d0a4c0/62 .event anyedge, v0x960d5d360_245, v0x960d5d360_246, v0x960d5d360_247, v0x960d5d360_248;
v0x960d5d360_249 .array/port v0x960d5d360, 249;
v0x960d5d360_250 .array/port v0x960d5d360, 250;
v0x960d5d360_251 .array/port v0x960d5d360, 251;
v0x960d5d360_252 .array/port v0x960d5d360, 252;
E_0x960d0a4c0/63 .event anyedge, v0x960d5d360_249, v0x960d5d360_250, v0x960d5d360_251, v0x960d5d360_252;
v0x960d5d360_253 .array/port v0x960d5d360, 253;
v0x960d5d360_254 .array/port v0x960d5d360, 254;
v0x960d5d360_255 .array/port v0x960d5d360, 255;
v0x960d5d360_256 .array/port v0x960d5d360, 256;
E_0x960d0a4c0/64 .event anyedge, v0x960d5d360_253, v0x960d5d360_254, v0x960d5d360_255, v0x960d5d360_256;
v0x960d5d360_257 .array/port v0x960d5d360, 257;
v0x960d5d360_258 .array/port v0x960d5d360, 258;
v0x960d5d360_259 .array/port v0x960d5d360, 259;
v0x960d5d360_260 .array/port v0x960d5d360, 260;
E_0x960d0a4c0/65 .event anyedge, v0x960d5d360_257, v0x960d5d360_258, v0x960d5d360_259, v0x960d5d360_260;
v0x960d5d360_261 .array/port v0x960d5d360, 261;
v0x960d5d360_262 .array/port v0x960d5d360, 262;
v0x960d5d360_263 .array/port v0x960d5d360, 263;
v0x960d5d360_264 .array/port v0x960d5d360, 264;
E_0x960d0a4c0/66 .event anyedge, v0x960d5d360_261, v0x960d5d360_262, v0x960d5d360_263, v0x960d5d360_264;
v0x960d5d360_265 .array/port v0x960d5d360, 265;
v0x960d5d360_266 .array/port v0x960d5d360, 266;
v0x960d5d360_267 .array/port v0x960d5d360, 267;
v0x960d5d360_268 .array/port v0x960d5d360, 268;
E_0x960d0a4c0/67 .event anyedge, v0x960d5d360_265, v0x960d5d360_266, v0x960d5d360_267, v0x960d5d360_268;
v0x960d5d360_269 .array/port v0x960d5d360, 269;
v0x960d5d360_270 .array/port v0x960d5d360, 270;
v0x960d5d360_271 .array/port v0x960d5d360, 271;
v0x960d5d360_272 .array/port v0x960d5d360, 272;
E_0x960d0a4c0/68 .event anyedge, v0x960d5d360_269, v0x960d5d360_270, v0x960d5d360_271, v0x960d5d360_272;
v0x960d5d360_273 .array/port v0x960d5d360, 273;
v0x960d5d360_274 .array/port v0x960d5d360, 274;
v0x960d5d360_275 .array/port v0x960d5d360, 275;
v0x960d5d360_276 .array/port v0x960d5d360, 276;
E_0x960d0a4c0/69 .event anyedge, v0x960d5d360_273, v0x960d5d360_274, v0x960d5d360_275, v0x960d5d360_276;
v0x960d5d360_277 .array/port v0x960d5d360, 277;
v0x960d5d360_278 .array/port v0x960d5d360, 278;
v0x960d5d360_279 .array/port v0x960d5d360, 279;
v0x960d5d360_280 .array/port v0x960d5d360, 280;
E_0x960d0a4c0/70 .event anyedge, v0x960d5d360_277, v0x960d5d360_278, v0x960d5d360_279, v0x960d5d360_280;
v0x960d5d360_281 .array/port v0x960d5d360, 281;
v0x960d5d360_282 .array/port v0x960d5d360, 282;
v0x960d5d360_283 .array/port v0x960d5d360, 283;
v0x960d5d360_284 .array/port v0x960d5d360, 284;
E_0x960d0a4c0/71 .event anyedge, v0x960d5d360_281, v0x960d5d360_282, v0x960d5d360_283, v0x960d5d360_284;
v0x960d5d360_285 .array/port v0x960d5d360, 285;
v0x960d5d360_286 .array/port v0x960d5d360, 286;
v0x960d5d360_287 .array/port v0x960d5d360, 287;
v0x960d5d360_288 .array/port v0x960d5d360, 288;
E_0x960d0a4c0/72 .event anyedge, v0x960d5d360_285, v0x960d5d360_286, v0x960d5d360_287, v0x960d5d360_288;
v0x960d5d360_289 .array/port v0x960d5d360, 289;
v0x960d5d360_290 .array/port v0x960d5d360, 290;
v0x960d5d360_291 .array/port v0x960d5d360, 291;
v0x960d5d360_292 .array/port v0x960d5d360, 292;
E_0x960d0a4c0/73 .event anyedge, v0x960d5d360_289, v0x960d5d360_290, v0x960d5d360_291, v0x960d5d360_292;
v0x960d5d360_293 .array/port v0x960d5d360, 293;
v0x960d5d360_294 .array/port v0x960d5d360, 294;
v0x960d5d360_295 .array/port v0x960d5d360, 295;
v0x960d5d360_296 .array/port v0x960d5d360, 296;
E_0x960d0a4c0/74 .event anyedge, v0x960d5d360_293, v0x960d5d360_294, v0x960d5d360_295, v0x960d5d360_296;
v0x960d5d360_297 .array/port v0x960d5d360, 297;
v0x960d5d360_298 .array/port v0x960d5d360, 298;
v0x960d5d360_299 .array/port v0x960d5d360, 299;
v0x960d5d360_300 .array/port v0x960d5d360, 300;
E_0x960d0a4c0/75 .event anyedge, v0x960d5d360_297, v0x960d5d360_298, v0x960d5d360_299, v0x960d5d360_300;
v0x960d5d360_301 .array/port v0x960d5d360, 301;
v0x960d5d360_302 .array/port v0x960d5d360, 302;
v0x960d5d360_303 .array/port v0x960d5d360, 303;
v0x960d5d360_304 .array/port v0x960d5d360, 304;
E_0x960d0a4c0/76 .event anyedge, v0x960d5d360_301, v0x960d5d360_302, v0x960d5d360_303, v0x960d5d360_304;
v0x960d5d360_305 .array/port v0x960d5d360, 305;
v0x960d5d360_306 .array/port v0x960d5d360, 306;
v0x960d5d360_307 .array/port v0x960d5d360, 307;
v0x960d5d360_308 .array/port v0x960d5d360, 308;
E_0x960d0a4c0/77 .event anyedge, v0x960d5d360_305, v0x960d5d360_306, v0x960d5d360_307, v0x960d5d360_308;
v0x960d5d360_309 .array/port v0x960d5d360, 309;
v0x960d5d360_310 .array/port v0x960d5d360, 310;
v0x960d5d360_311 .array/port v0x960d5d360, 311;
v0x960d5d360_312 .array/port v0x960d5d360, 312;
E_0x960d0a4c0/78 .event anyedge, v0x960d5d360_309, v0x960d5d360_310, v0x960d5d360_311, v0x960d5d360_312;
v0x960d5d360_313 .array/port v0x960d5d360, 313;
v0x960d5d360_314 .array/port v0x960d5d360, 314;
v0x960d5d360_315 .array/port v0x960d5d360, 315;
v0x960d5d360_316 .array/port v0x960d5d360, 316;
E_0x960d0a4c0/79 .event anyedge, v0x960d5d360_313, v0x960d5d360_314, v0x960d5d360_315, v0x960d5d360_316;
v0x960d5d360_317 .array/port v0x960d5d360, 317;
v0x960d5d360_318 .array/port v0x960d5d360, 318;
v0x960d5d360_319 .array/port v0x960d5d360, 319;
v0x960d5d360_320 .array/port v0x960d5d360, 320;
E_0x960d0a4c0/80 .event anyedge, v0x960d5d360_317, v0x960d5d360_318, v0x960d5d360_319, v0x960d5d360_320;
v0x960d5d360_321 .array/port v0x960d5d360, 321;
v0x960d5d360_322 .array/port v0x960d5d360, 322;
v0x960d5d360_323 .array/port v0x960d5d360, 323;
v0x960d5d360_324 .array/port v0x960d5d360, 324;
E_0x960d0a4c0/81 .event anyedge, v0x960d5d360_321, v0x960d5d360_322, v0x960d5d360_323, v0x960d5d360_324;
v0x960d5d360_325 .array/port v0x960d5d360, 325;
v0x960d5d360_326 .array/port v0x960d5d360, 326;
v0x960d5d360_327 .array/port v0x960d5d360, 327;
v0x960d5d360_328 .array/port v0x960d5d360, 328;
E_0x960d0a4c0/82 .event anyedge, v0x960d5d360_325, v0x960d5d360_326, v0x960d5d360_327, v0x960d5d360_328;
v0x960d5d360_329 .array/port v0x960d5d360, 329;
v0x960d5d360_330 .array/port v0x960d5d360, 330;
v0x960d5d360_331 .array/port v0x960d5d360, 331;
v0x960d5d360_332 .array/port v0x960d5d360, 332;
E_0x960d0a4c0/83 .event anyedge, v0x960d5d360_329, v0x960d5d360_330, v0x960d5d360_331, v0x960d5d360_332;
v0x960d5d360_333 .array/port v0x960d5d360, 333;
v0x960d5d360_334 .array/port v0x960d5d360, 334;
v0x960d5d360_335 .array/port v0x960d5d360, 335;
v0x960d5d360_336 .array/port v0x960d5d360, 336;
E_0x960d0a4c0/84 .event anyedge, v0x960d5d360_333, v0x960d5d360_334, v0x960d5d360_335, v0x960d5d360_336;
v0x960d5d360_337 .array/port v0x960d5d360, 337;
v0x960d5d360_338 .array/port v0x960d5d360, 338;
v0x960d5d360_339 .array/port v0x960d5d360, 339;
v0x960d5d360_340 .array/port v0x960d5d360, 340;
E_0x960d0a4c0/85 .event anyedge, v0x960d5d360_337, v0x960d5d360_338, v0x960d5d360_339, v0x960d5d360_340;
v0x960d5d360_341 .array/port v0x960d5d360, 341;
v0x960d5d360_342 .array/port v0x960d5d360, 342;
v0x960d5d360_343 .array/port v0x960d5d360, 343;
v0x960d5d360_344 .array/port v0x960d5d360, 344;
E_0x960d0a4c0/86 .event anyedge, v0x960d5d360_341, v0x960d5d360_342, v0x960d5d360_343, v0x960d5d360_344;
v0x960d5d360_345 .array/port v0x960d5d360, 345;
v0x960d5d360_346 .array/port v0x960d5d360, 346;
v0x960d5d360_347 .array/port v0x960d5d360, 347;
v0x960d5d360_348 .array/port v0x960d5d360, 348;
E_0x960d0a4c0/87 .event anyedge, v0x960d5d360_345, v0x960d5d360_346, v0x960d5d360_347, v0x960d5d360_348;
v0x960d5d360_349 .array/port v0x960d5d360, 349;
v0x960d5d360_350 .array/port v0x960d5d360, 350;
v0x960d5d360_351 .array/port v0x960d5d360, 351;
v0x960d5d360_352 .array/port v0x960d5d360, 352;
E_0x960d0a4c0/88 .event anyedge, v0x960d5d360_349, v0x960d5d360_350, v0x960d5d360_351, v0x960d5d360_352;
v0x960d5d360_353 .array/port v0x960d5d360, 353;
v0x960d5d360_354 .array/port v0x960d5d360, 354;
v0x960d5d360_355 .array/port v0x960d5d360, 355;
v0x960d5d360_356 .array/port v0x960d5d360, 356;
E_0x960d0a4c0/89 .event anyedge, v0x960d5d360_353, v0x960d5d360_354, v0x960d5d360_355, v0x960d5d360_356;
v0x960d5d360_357 .array/port v0x960d5d360, 357;
v0x960d5d360_358 .array/port v0x960d5d360, 358;
v0x960d5d360_359 .array/port v0x960d5d360, 359;
v0x960d5d360_360 .array/port v0x960d5d360, 360;
E_0x960d0a4c0/90 .event anyedge, v0x960d5d360_357, v0x960d5d360_358, v0x960d5d360_359, v0x960d5d360_360;
v0x960d5d360_361 .array/port v0x960d5d360, 361;
v0x960d5d360_362 .array/port v0x960d5d360, 362;
v0x960d5d360_363 .array/port v0x960d5d360, 363;
v0x960d5d360_364 .array/port v0x960d5d360, 364;
E_0x960d0a4c0/91 .event anyedge, v0x960d5d360_361, v0x960d5d360_362, v0x960d5d360_363, v0x960d5d360_364;
v0x960d5d360_365 .array/port v0x960d5d360, 365;
v0x960d5d360_366 .array/port v0x960d5d360, 366;
v0x960d5d360_367 .array/port v0x960d5d360, 367;
v0x960d5d360_368 .array/port v0x960d5d360, 368;
E_0x960d0a4c0/92 .event anyedge, v0x960d5d360_365, v0x960d5d360_366, v0x960d5d360_367, v0x960d5d360_368;
v0x960d5d360_369 .array/port v0x960d5d360, 369;
v0x960d5d360_370 .array/port v0x960d5d360, 370;
v0x960d5d360_371 .array/port v0x960d5d360, 371;
v0x960d5d360_372 .array/port v0x960d5d360, 372;
E_0x960d0a4c0/93 .event anyedge, v0x960d5d360_369, v0x960d5d360_370, v0x960d5d360_371, v0x960d5d360_372;
v0x960d5d360_373 .array/port v0x960d5d360, 373;
v0x960d5d360_374 .array/port v0x960d5d360, 374;
v0x960d5d360_375 .array/port v0x960d5d360, 375;
v0x960d5d360_376 .array/port v0x960d5d360, 376;
E_0x960d0a4c0/94 .event anyedge, v0x960d5d360_373, v0x960d5d360_374, v0x960d5d360_375, v0x960d5d360_376;
v0x960d5d360_377 .array/port v0x960d5d360, 377;
v0x960d5d360_378 .array/port v0x960d5d360, 378;
v0x960d5d360_379 .array/port v0x960d5d360, 379;
v0x960d5d360_380 .array/port v0x960d5d360, 380;
E_0x960d0a4c0/95 .event anyedge, v0x960d5d360_377, v0x960d5d360_378, v0x960d5d360_379, v0x960d5d360_380;
v0x960d5d360_381 .array/port v0x960d5d360, 381;
v0x960d5d360_382 .array/port v0x960d5d360, 382;
v0x960d5d360_383 .array/port v0x960d5d360, 383;
v0x960d5d360_384 .array/port v0x960d5d360, 384;
E_0x960d0a4c0/96 .event anyedge, v0x960d5d360_381, v0x960d5d360_382, v0x960d5d360_383, v0x960d5d360_384;
v0x960d5d360_385 .array/port v0x960d5d360, 385;
v0x960d5d360_386 .array/port v0x960d5d360, 386;
v0x960d5d360_387 .array/port v0x960d5d360, 387;
v0x960d5d360_388 .array/port v0x960d5d360, 388;
E_0x960d0a4c0/97 .event anyedge, v0x960d5d360_385, v0x960d5d360_386, v0x960d5d360_387, v0x960d5d360_388;
v0x960d5d360_389 .array/port v0x960d5d360, 389;
v0x960d5d360_390 .array/port v0x960d5d360, 390;
v0x960d5d360_391 .array/port v0x960d5d360, 391;
v0x960d5d360_392 .array/port v0x960d5d360, 392;
E_0x960d0a4c0/98 .event anyedge, v0x960d5d360_389, v0x960d5d360_390, v0x960d5d360_391, v0x960d5d360_392;
v0x960d5d360_393 .array/port v0x960d5d360, 393;
v0x960d5d360_394 .array/port v0x960d5d360, 394;
v0x960d5d360_395 .array/port v0x960d5d360, 395;
v0x960d5d360_396 .array/port v0x960d5d360, 396;
E_0x960d0a4c0/99 .event anyedge, v0x960d5d360_393, v0x960d5d360_394, v0x960d5d360_395, v0x960d5d360_396;
v0x960d5d360_397 .array/port v0x960d5d360, 397;
v0x960d5d360_398 .array/port v0x960d5d360, 398;
v0x960d5d360_399 .array/port v0x960d5d360, 399;
v0x960d5d360_400 .array/port v0x960d5d360, 400;
E_0x960d0a4c0/100 .event anyedge, v0x960d5d360_397, v0x960d5d360_398, v0x960d5d360_399, v0x960d5d360_400;
v0x960d5d360_401 .array/port v0x960d5d360, 401;
v0x960d5d360_402 .array/port v0x960d5d360, 402;
v0x960d5d360_403 .array/port v0x960d5d360, 403;
v0x960d5d360_404 .array/port v0x960d5d360, 404;
E_0x960d0a4c0/101 .event anyedge, v0x960d5d360_401, v0x960d5d360_402, v0x960d5d360_403, v0x960d5d360_404;
v0x960d5d360_405 .array/port v0x960d5d360, 405;
v0x960d5d360_406 .array/port v0x960d5d360, 406;
v0x960d5d360_407 .array/port v0x960d5d360, 407;
v0x960d5d360_408 .array/port v0x960d5d360, 408;
E_0x960d0a4c0/102 .event anyedge, v0x960d5d360_405, v0x960d5d360_406, v0x960d5d360_407, v0x960d5d360_408;
v0x960d5d360_409 .array/port v0x960d5d360, 409;
v0x960d5d360_410 .array/port v0x960d5d360, 410;
v0x960d5d360_411 .array/port v0x960d5d360, 411;
v0x960d5d360_412 .array/port v0x960d5d360, 412;
E_0x960d0a4c0/103 .event anyedge, v0x960d5d360_409, v0x960d5d360_410, v0x960d5d360_411, v0x960d5d360_412;
v0x960d5d360_413 .array/port v0x960d5d360, 413;
v0x960d5d360_414 .array/port v0x960d5d360, 414;
v0x960d5d360_415 .array/port v0x960d5d360, 415;
v0x960d5d360_416 .array/port v0x960d5d360, 416;
E_0x960d0a4c0/104 .event anyedge, v0x960d5d360_413, v0x960d5d360_414, v0x960d5d360_415, v0x960d5d360_416;
v0x960d5d360_417 .array/port v0x960d5d360, 417;
v0x960d5d360_418 .array/port v0x960d5d360, 418;
v0x960d5d360_419 .array/port v0x960d5d360, 419;
v0x960d5d360_420 .array/port v0x960d5d360, 420;
E_0x960d0a4c0/105 .event anyedge, v0x960d5d360_417, v0x960d5d360_418, v0x960d5d360_419, v0x960d5d360_420;
v0x960d5d360_421 .array/port v0x960d5d360, 421;
v0x960d5d360_422 .array/port v0x960d5d360, 422;
v0x960d5d360_423 .array/port v0x960d5d360, 423;
v0x960d5d360_424 .array/port v0x960d5d360, 424;
E_0x960d0a4c0/106 .event anyedge, v0x960d5d360_421, v0x960d5d360_422, v0x960d5d360_423, v0x960d5d360_424;
v0x960d5d360_425 .array/port v0x960d5d360, 425;
v0x960d5d360_426 .array/port v0x960d5d360, 426;
v0x960d5d360_427 .array/port v0x960d5d360, 427;
v0x960d5d360_428 .array/port v0x960d5d360, 428;
E_0x960d0a4c0/107 .event anyedge, v0x960d5d360_425, v0x960d5d360_426, v0x960d5d360_427, v0x960d5d360_428;
v0x960d5d360_429 .array/port v0x960d5d360, 429;
v0x960d5d360_430 .array/port v0x960d5d360, 430;
v0x960d5d360_431 .array/port v0x960d5d360, 431;
v0x960d5d360_432 .array/port v0x960d5d360, 432;
E_0x960d0a4c0/108 .event anyedge, v0x960d5d360_429, v0x960d5d360_430, v0x960d5d360_431, v0x960d5d360_432;
v0x960d5d360_433 .array/port v0x960d5d360, 433;
v0x960d5d360_434 .array/port v0x960d5d360, 434;
v0x960d5d360_435 .array/port v0x960d5d360, 435;
v0x960d5d360_436 .array/port v0x960d5d360, 436;
E_0x960d0a4c0/109 .event anyedge, v0x960d5d360_433, v0x960d5d360_434, v0x960d5d360_435, v0x960d5d360_436;
v0x960d5d360_437 .array/port v0x960d5d360, 437;
v0x960d5d360_438 .array/port v0x960d5d360, 438;
v0x960d5d360_439 .array/port v0x960d5d360, 439;
v0x960d5d360_440 .array/port v0x960d5d360, 440;
E_0x960d0a4c0/110 .event anyedge, v0x960d5d360_437, v0x960d5d360_438, v0x960d5d360_439, v0x960d5d360_440;
v0x960d5d360_441 .array/port v0x960d5d360, 441;
v0x960d5d360_442 .array/port v0x960d5d360, 442;
v0x960d5d360_443 .array/port v0x960d5d360, 443;
v0x960d5d360_444 .array/port v0x960d5d360, 444;
E_0x960d0a4c0/111 .event anyedge, v0x960d5d360_441, v0x960d5d360_442, v0x960d5d360_443, v0x960d5d360_444;
v0x960d5d360_445 .array/port v0x960d5d360, 445;
v0x960d5d360_446 .array/port v0x960d5d360, 446;
v0x960d5d360_447 .array/port v0x960d5d360, 447;
v0x960d5d360_448 .array/port v0x960d5d360, 448;
E_0x960d0a4c0/112 .event anyedge, v0x960d5d360_445, v0x960d5d360_446, v0x960d5d360_447, v0x960d5d360_448;
v0x960d5d360_449 .array/port v0x960d5d360, 449;
v0x960d5d360_450 .array/port v0x960d5d360, 450;
v0x960d5d360_451 .array/port v0x960d5d360, 451;
v0x960d5d360_452 .array/port v0x960d5d360, 452;
E_0x960d0a4c0/113 .event anyedge, v0x960d5d360_449, v0x960d5d360_450, v0x960d5d360_451, v0x960d5d360_452;
v0x960d5d360_453 .array/port v0x960d5d360, 453;
v0x960d5d360_454 .array/port v0x960d5d360, 454;
v0x960d5d360_455 .array/port v0x960d5d360, 455;
v0x960d5d360_456 .array/port v0x960d5d360, 456;
E_0x960d0a4c0/114 .event anyedge, v0x960d5d360_453, v0x960d5d360_454, v0x960d5d360_455, v0x960d5d360_456;
v0x960d5d360_457 .array/port v0x960d5d360, 457;
v0x960d5d360_458 .array/port v0x960d5d360, 458;
v0x960d5d360_459 .array/port v0x960d5d360, 459;
v0x960d5d360_460 .array/port v0x960d5d360, 460;
E_0x960d0a4c0/115 .event anyedge, v0x960d5d360_457, v0x960d5d360_458, v0x960d5d360_459, v0x960d5d360_460;
v0x960d5d360_461 .array/port v0x960d5d360, 461;
v0x960d5d360_462 .array/port v0x960d5d360, 462;
v0x960d5d360_463 .array/port v0x960d5d360, 463;
v0x960d5d360_464 .array/port v0x960d5d360, 464;
E_0x960d0a4c0/116 .event anyedge, v0x960d5d360_461, v0x960d5d360_462, v0x960d5d360_463, v0x960d5d360_464;
v0x960d5d360_465 .array/port v0x960d5d360, 465;
v0x960d5d360_466 .array/port v0x960d5d360, 466;
v0x960d5d360_467 .array/port v0x960d5d360, 467;
v0x960d5d360_468 .array/port v0x960d5d360, 468;
E_0x960d0a4c0/117 .event anyedge, v0x960d5d360_465, v0x960d5d360_466, v0x960d5d360_467, v0x960d5d360_468;
v0x960d5d360_469 .array/port v0x960d5d360, 469;
v0x960d5d360_470 .array/port v0x960d5d360, 470;
v0x960d5d360_471 .array/port v0x960d5d360, 471;
v0x960d5d360_472 .array/port v0x960d5d360, 472;
E_0x960d0a4c0/118 .event anyedge, v0x960d5d360_469, v0x960d5d360_470, v0x960d5d360_471, v0x960d5d360_472;
v0x960d5d360_473 .array/port v0x960d5d360, 473;
v0x960d5d360_474 .array/port v0x960d5d360, 474;
v0x960d5d360_475 .array/port v0x960d5d360, 475;
v0x960d5d360_476 .array/port v0x960d5d360, 476;
E_0x960d0a4c0/119 .event anyedge, v0x960d5d360_473, v0x960d5d360_474, v0x960d5d360_475, v0x960d5d360_476;
v0x960d5d360_477 .array/port v0x960d5d360, 477;
v0x960d5d360_478 .array/port v0x960d5d360, 478;
v0x960d5d360_479 .array/port v0x960d5d360, 479;
v0x960d5d360_480 .array/port v0x960d5d360, 480;
E_0x960d0a4c0/120 .event anyedge, v0x960d5d360_477, v0x960d5d360_478, v0x960d5d360_479, v0x960d5d360_480;
v0x960d5d360_481 .array/port v0x960d5d360, 481;
v0x960d5d360_482 .array/port v0x960d5d360, 482;
v0x960d5d360_483 .array/port v0x960d5d360, 483;
v0x960d5d360_484 .array/port v0x960d5d360, 484;
E_0x960d0a4c0/121 .event anyedge, v0x960d5d360_481, v0x960d5d360_482, v0x960d5d360_483, v0x960d5d360_484;
v0x960d5d360_485 .array/port v0x960d5d360, 485;
v0x960d5d360_486 .array/port v0x960d5d360, 486;
v0x960d5d360_487 .array/port v0x960d5d360, 487;
v0x960d5d360_488 .array/port v0x960d5d360, 488;
E_0x960d0a4c0/122 .event anyedge, v0x960d5d360_485, v0x960d5d360_486, v0x960d5d360_487, v0x960d5d360_488;
v0x960d5d360_489 .array/port v0x960d5d360, 489;
v0x960d5d360_490 .array/port v0x960d5d360, 490;
v0x960d5d360_491 .array/port v0x960d5d360, 491;
v0x960d5d360_492 .array/port v0x960d5d360, 492;
E_0x960d0a4c0/123 .event anyedge, v0x960d5d360_489, v0x960d5d360_490, v0x960d5d360_491, v0x960d5d360_492;
v0x960d5d360_493 .array/port v0x960d5d360, 493;
v0x960d5d360_494 .array/port v0x960d5d360, 494;
v0x960d5d360_495 .array/port v0x960d5d360, 495;
v0x960d5d360_496 .array/port v0x960d5d360, 496;
E_0x960d0a4c0/124 .event anyedge, v0x960d5d360_493, v0x960d5d360_494, v0x960d5d360_495, v0x960d5d360_496;
v0x960d5d360_497 .array/port v0x960d5d360, 497;
v0x960d5d360_498 .array/port v0x960d5d360, 498;
v0x960d5d360_499 .array/port v0x960d5d360, 499;
v0x960d5d360_500 .array/port v0x960d5d360, 500;
E_0x960d0a4c0/125 .event anyedge, v0x960d5d360_497, v0x960d5d360_498, v0x960d5d360_499, v0x960d5d360_500;
v0x960d5d360_501 .array/port v0x960d5d360, 501;
v0x960d5d360_502 .array/port v0x960d5d360, 502;
v0x960d5d360_503 .array/port v0x960d5d360, 503;
v0x960d5d360_504 .array/port v0x960d5d360, 504;
E_0x960d0a4c0/126 .event anyedge, v0x960d5d360_501, v0x960d5d360_502, v0x960d5d360_503, v0x960d5d360_504;
v0x960d5d360_505 .array/port v0x960d5d360, 505;
v0x960d5d360_506 .array/port v0x960d5d360, 506;
v0x960d5d360_507 .array/port v0x960d5d360, 507;
v0x960d5d360_508 .array/port v0x960d5d360, 508;
E_0x960d0a4c0/127 .event anyedge, v0x960d5d360_505, v0x960d5d360_506, v0x960d5d360_507, v0x960d5d360_508;
v0x960d5d360_509 .array/port v0x960d5d360, 509;
v0x960d5d360_510 .array/port v0x960d5d360, 510;
v0x960d5d360_511 .array/port v0x960d5d360, 511;
E_0x960d0a4c0/128 .event anyedge, v0x960d5d360_509, v0x960d5d360_510, v0x960d5d360_511;
E_0x960d0a4c0 .event/or E_0x960d0a4c0/0, E_0x960d0a4c0/1, E_0x960d0a4c0/2, E_0x960d0a4c0/3, E_0x960d0a4c0/4, E_0x960d0a4c0/5, E_0x960d0a4c0/6, E_0x960d0a4c0/7, E_0x960d0a4c0/8, E_0x960d0a4c0/9, E_0x960d0a4c0/10, E_0x960d0a4c0/11, E_0x960d0a4c0/12, E_0x960d0a4c0/13, E_0x960d0a4c0/14, E_0x960d0a4c0/15, E_0x960d0a4c0/16, E_0x960d0a4c0/17, E_0x960d0a4c0/18, E_0x960d0a4c0/19, E_0x960d0a4c0/20, E_0x960d0a4c0/21, E_0x960d0a4c0/22, E_0x960d0a4c0/23, E_0x960d0a4c0/24, E_0x960d0a4c0/25, E_0x960d0a4c0/26, E_0x960d0a4c0/27, E_0x960d0a4c0/28, E_0x960d0a4c0/29, E_0x960d0a4c0/30, E_0x960d0a4c0/31, E_0x960d0a4c0/32, E_0x960d0a4c0/33, E_0x960d0a4c0/34, E_0x960d0a4c0/35, E_0x960d0a4c0/36, E_0x960d0a4c0/37, E_0x960d0a4c0/38, E_0x960d0a4c0/39, E_0x960d0a4c0/40, E_0x960d0a4c0/41, E_0x960d0a4c0/42, E_0x960d0a4c0/43, E_0x960d0a4c0/44, E_0x960d0a4c0/45, E_0x960d0a4c0/46, E_0x960d0a4c0/47, E_0x960d0a4c0/48, E_0x960d0a4c0/49, E_0x960d0a4c0/50, E_0x960d0a4c0/51, E_0x960d0a4c0/52, E_0x960d0a4c0/53, E_0x960d0a4c0/54, E_0x960d0a4c0/55, E_0x960d0a4c0/56, E_0x960d0a4c0/57, E_0x960d0a4c0/58, E_0x960d0a4c0/59, E_0x960d0a4c0/60, E_0x960d0a4c0/61, E_0x960d0a4c0/62, E_0x960d0a4c0/63, E_0x960d0a4c0/64, E_0x960d0a4c0/65, E_0x960d0a4c0/66, E_0x960d0a4c0/67, E_0x960d0a4c0/68, E_0x960d0a4c0/69, E_0x960d0a4c0/70, E_0x960d0a4c0/71, E_0x960d0a4c0/72, E_0x960d0a4c0/73, E_0x960d0a4c0/74, E_0x960d0a4c0/75, E_0x960d0a4c0/76, E_0x960d0a4c0/77, E_0x960d0a4c0/78, E_0x960d0a4c0/79, E_0x960d0a4c0/80, E_0x960d0a4c0/81, E_0x960d0a4c0/82, E_0x960d0a4c0/83, E_0x960d0a4c0/84, E_0x960d0a4c0/85, E_0x960d0a4c0/86, E_0x960d0a4c0/87, E_0x960d0a4c0/88, E_0x960d0a4c0/89, E_0x960d0a4c0/90, E_0x960d0a4c0/91, E_0x960d0a4c0/92, E_0x960d0a4c0/93, E_0x960d0a4c0/94, E_0x960d0a4c0/95, E_0x960d0a4c0/96, E_0x960d0a4c0/97, E_0x960d0a4c0/98, E_0x960d0a4c0/99, E_0x960d0a4c0/100, E_0x960d0a4c0/101, E_0x960d0a4c0/102, E_0x960d0a4c0/103, E_0x960d0a4c0/104, E_0x960d0a4c0/105, E_0x960d0a4c0/106, E_0x960d0a4c0/107, E_0x960d0a4c0/108, E_0x960d0a4c0/109, E_0x960d0a4c0/110, E_0x960d0a4c0/111, E_0x960d0a4c0/112, E_0x960d0a4c0/113, E_0x960d0a4c0/114, E_0x960d0a4c0/115, E_0x960d0a4c0/116, E_0x960d0a4c0/117, E_0x960d0a4c0/118, E_0x960d0a4c0/119, E_0x960d0a4c0/120, E_0x960d0a4c0/121, E_0x960d0a4c0/122, E_0x960d0a4c0/123, E_0x960d0a4c0/124, E_0x960d0a4c0/125, E_0x960d0a4c0/126, E_0x960d0a4c0/127, E_0x960d0a4c0/128;
L_0x9610e8280 .functor MUXZ 8, v0x960d5a9e0_0, L_0x960879378, L_0x960c84d90, C4<>;
L_0x9610e8320 .functor MUXZ 7, v0x960d5aa80_0, L_0x9608793c0, L_0x960c84d90, C4<>;
L_0x9610e83c0 .functor MUXZ 1, v0x960d5a800_0, L_0x960879408, L_0x960c84d90, C4<>;
L_0x9610e8460 .functor MUXZ 1, L_0x960879498, L_0x960879450, L_0x960c84d90, C4<>;
L_0x9610e8500 .functor MUXZ 4, v0x960d5a620_0, L_0x9608794e0, L_0x960c84d90, C4<>;
L_0x9610e85a0 .concat [ 11 53 0 0], v0x960d5a580_0, L_0x960879528;
L_0x961072c60 .cmp/eq 64, L_0x9610e85a0, L_0x960879570;
L_0x9610e8640 .concat [ 7 25 0 0], L_0x9610e8320, L_0x9608795b8;
L_0x961072d00 .cmp/eq 32, L_0x9610e8640, L_0x960879600;
L_0x9610e86e0 .concat [ 8 24 0 0], L_0x9610e8280, L_0x960879648;
L_0x961072da0 .cmp/eq 32, L_0x9610e86e0, L_0x960879690;
L_0x961072e40 .reduce/nor v0x960d5ae40_0;
L_0x961072ee0 .part v0x960d5a6c0_0, 0, 1;
L_0x961072f80 .reduce/nor v0x960d5ae40_0;
L_0x961073020 .part v0x960d5a6c0_0, 0, 1;
L_0x9610730c0 .reduce/nor L_0x961073020;
L_0x961073160 .part v0x960d5a6c0_0, 1, 1;
L_0x961073200 .part v0x960d5fac0_0, 0, 4;
L_0x9610732a0 .part v0x960d5fac0_0, 4, 4;
LS_0x9610e8780_0_0 .concat [ 8 8 8 8], L_0x96106abc0, L_0x96106aee0, L_0x96106b200, L_0x96106b520;
LS_0x9610e8780_0_4 .concat [ 8 8 8 8], L_0x96106b840, L_0x96106bb60, L_0x96106be80, L_0x9610e81e0;
L_0x9610e8780 .concat [ 32 32 0 0], LS_0x9610e8780_0_0, LS_0x9610e8780_0_4;
L_0x9610e8820 .concat [ 7 25 0 0], L_0x9610e8320, L_0x9608796d8;
L_0x961073340 .arith/mult 32, L_0x960c84380, L_0x960879768;
L_0x9610e88c0 .concat [ 8 24 0 0], L_0x9610e8280, L_0x9608797b0;
L_0x960cc7660 .arith/sum 32, L_0x961073340, L_0x9610e88c0;
L_0x9610733e0 .part L_0x960cc7660, 0, 11;
L_0x9610e8960 .concat [ 6 26 0 0], v0x960d5cb40_0, L_0x9608797f8;
L_0x961073480 .cmp/ge 32, L_0x9610e8960, L_0x960879840;
L_0x961073520 .reduce/nor L_0x961073480;
L_0x9610e8a00 .concat [ 3 29 0 0], v0x960d5c960_0, L_0x960879888;
L_0x9610735c0 .arith/mult 32, L_0x9610e8a00, L_0x9608798d0;
L_0x9610e8aa0 .concat [ 5 27 0 0], v0x960d5c500_0, L_0x960879918;
L_0x961073660 .arith/mult 32, L_0x9610e8aa0, L_0x960879960;
L_0x960cc7700 .arith/sum 32, L_0x9610735c0, L_0x961073660;
L_0x9610e8b40 .concat [ 3 29 0 0], v0x960d5c8c0_0, L_0x9608799a8;
L_0x960cc77a0 .arith/sum 32, L_0x960cc7700, L_0x9610e8b40;
L_0x961073700 .part L_0x960cc77a0, 0, 11;
L_0x9610e8be0 .functor MUXZ 1, v0x960d5a800_0, L_0x9608799f0, L_0x960c84770, C4<>;
L_0x9610737a0 .part/v v0x960d5aee0_0, L_0x9610e8be0, 1;
L_0x961073840 .part/v v0x960d5a6c0_0, L_0x9610e8be0, 1;
L_0x9610738e0 .reduce/nor L_0x960c847e0;
L_0x9610e8c80 .concat [ 11 21 0 0], L_0x9610733e0, L_0x960879ac8;
L_0x9610e8d20 .concat [ 11 21 0 0], L_0x961073700, L_0x960879b58;
L_0x9610e8dc0 .concat [ 11 21 0 0], L_0x9610733e0, L_0x960879c30;
L_0x9610e8e60 .concat [ 11 21 0 0], L_0x961073700, L_0x960879cc0;
L_0x961073980 .cmp/eq 6, v0x960d5cb40_0, L_0x960879d08;
L_0x961073a20 .part v0x960d5db80_0, 13, 2;
L_0x961073ac0 .part v0x960d5db80_0, 10, 3;
L_0x961073b60 .part v0x960d5db80_0, 4, 6;
L_0x961073c00 .part v0x960d5db80_0, 0, 4;
L_0x9610e8f00 .concat [ 3 23 0 0], L_0x961073ac0, L_0x960879d98;
L_0x9610e8fa0 .concat [ 26 38 0 0], L_0x9610e8f00, L_0x960879de0;
L_0x961073ca0 .arith/mult 64, L_0x9610e8fa0, L_0x960879e28;
L_0x9610e9040 .concat [ 6 58 0 0], L_0x961073b60, L_0x960879e70;
L_0x960cc7840 .arith/sum 64, L_0x961073ca0, L_0x9610e9040;
L_0x961073d40 .arith/mult 64, L_0x960cc7840, L_0x960879eb8;
L_0x960cc78e0 .arith/sum 64, L_0x960879d50, L_0x961073d40;
L_0x9610e90e0 .concat [ 4 60 0 0], L_0x961073c00, L_0x960879f00;
L_0x961073de0 .arith/mult 64, L_0x9610e90e0, L_0x960879f48;
L_0x960cc7980 .arith/sum 64, L_0x960cc78e0, L_0x961073de0;
L_0x961073e80 .part L_0x960cc7980, 0, 32;
L_0x961073f20 .cmp/eq 3, v0x960d5e120_0, L_0x960879f90;
L_0x9610f0000 .cmp/eq 3, v0x960d5e120_0, L_0x96087a0b0;
L_0x9610f00a0 .cmp/eq 3, v0x960d5e120_0, L_0x96087a0f8;
L_0x9610e9180 .concat [ 8 25 0 0], v0x960d5dfe0_0, L_0x96087a140;
L_0x9610f0140 .cmp/eq 33, L_0x9610e9180, L_0x96087a188;
S_0x1013383a0 .scope generate, "GEN_RESP[0]" "GEN_RESP[0]" 4 193, 4 193 0, S_0x101338220;
 .timescale -9 -12;
P_0x96107cfc0 .param/l "gi" 1 4 193, +C4<00>;
v0x960cbf480_0 .net *"_ivl_1", 7 0, L_0x960cc5900;  1 drivers
v0x960cbf520_0 .net *"_ivl_11", 7 0, L_0x960cc5b80;  1 drivers
L_0x960878208 .functor BUFT 1, C4<00000000000000000000000000010000>, C4<0>, C4<0>, C4<0>;
v0x960cbec60_0 .net/2u *"_ivl_13", 31 0, L_0x960878208;  1 drivers
v0x960cbeda0_0 .net *"_ivl_15", 31 0, L_0x96106a9e0;  1 drivers
L_0x960878250 .functor BUFT 1, C4<0000000000000000000000000000>, C4<0>, C4<0>, C4<0>;
v0x960cbee40_0 .net *"_ivl_18", 27 0, L_0x960878250;  1 drivers
v0x960cbf020_0 .net *"_ivl_19", 31 0, L_0x960cc59a0;  1 drivers
v0x960cbf0c0_0 .net *"_ivl_21", 0 0, L_0x961072760;  1 drivers
v0x960cbf160_0 .net *"_ivl_23", 7 0, L_0x960cc5a40;  1 drivers
L_0x960878298 .functor BUFT 1, C4<00000000000000000000000000000000>, C4<0>, C4<0>, C4<0>;
v0x960cbf200_0 .net/2u *"_ivl_25", 31 0, L_0x960878298;  1 drivers
v0x960cbf340_0 .net *"_ivl_27", 31 0, L_0x96106aa80;  1 drivers
L_0x960878178 .functor BUFT 1, C4<00000000000000000000000000000000>, C4<0>, C4<0>, C4<0>;
v0x960cbf660_0 .net/2u *"_ivl_3", 31 0, L_0x960878178;  1 drivers
L_0x9608782e0 .functor BUFT 1, C4<0000000000000000000000000000>, C4<0>, C4<0>, C4<0>;
v0x960cbf7a0_0 .net *"_ivl_30", 27 0, L_0x9608782e0;  1 drivers
v0x960cbf840_0 .net *"_ivl_31", 31 0, L_0x960cc41e0;  1 drivers
v0x960cbf8e0_0 .net *"_ivl_33", 7 0, L_0x960cc4280;  1 drivers
L_0x960878328 .functor BUFT 1, C4<00000000000000000000000000010000>, C4<0>, C4<0>, C4<0>;
v0x960cbf980_0 .net/2u *"_ivl_35", 31 0, L_0x960878328;  1 drivers
v0x960cbfa20_0 .net *"_ivl_37", 31 0, L_0x96106ab20;  1 drivers
L_0x960878370 .functor BUFT 1, C4<0000000000000000000000000000>, C4<0>, C4<0>, C4<0>;
v0x960cbfac0_0 .net *"_ivl_40", 27 0, L_0x960878370;  1 drivers
v0x960cbfb60_0 .net *"_ivl_41", 31 0, L_0x960cc4320;  1 drivers
v0x960cbfc00_0 .net *"_ivl_5", 31 0, L_0x96106a940;  1 drivers
L_0x9608781c0 .functor BUFT 1, C4<0000000000000000000000000000>, C4<0>, C4<0>, C4<0>;
v0x960cbfca0_0 .net *"_ivl_8", 27 0, L_0x9608781c0;  1 drivers
v0x960cbfd40_0 .net *"_ivl_9", 31 0, L_0x960cc5ae0;  1 drivers
L_0x960cc5900 .array/port v0x960d56a80, L_0x960cc5ae0;
L_0x96106a940 .concat [ 4 28 0 0], L_0x961073200, L_0x9608781c0;
L_0x960cc5ae0 .arith/sum 32, L_0x960878178, L_0x96106a940;
L_0x960cc5b80 .array/port v0x960d56a80, L_0x960cc59a0;
L_0x96106a9e0 .concat [ 4 28 0 0], L_0x9610732a0, L_0x960878250;
L_0x960cc59a0 .arith/sum 32, L_0x960878208, L_0x96106a9e0;
L_0x961072760 .cmp/gt 8, L_0x960cc5900, L_0x960cc5b80;
L_0x960cc5a40 .array/port v0x960d56a80, L_0x960cc41e0;
L_0x96106aa80 .concat [ 4 28 0 0], L_0x961073200, L_0x9608782e0;
L_0x960cc41e0 .arith/sum 32, L_0x960878298, L_0x96106aa80;
L_0x960cc4280 .array/port v0x960d56a80, L_0x960cc4320;
L_0x96106ab20 .concat [ 4 28 0 0], L_0x9610732a0, L_0x960878370;
L_0x960cc4320 .arith/sum 32, L_0x960878328, L_0x96106ab20;
L_0x96106abc0 .functor MUXZ 8, L_0x960cc4280, L_0x960cc5a40, L_0x961072760, C4<>;
S_0x101328f10 .scope generate, "GEN_RESP[1]" "GEN_RESP[1]" 4 193, 4 193 0, S_0x101338220;
 .timescale -9 -12;
P_0x96107d000 .param/l "gi" 1 4 193, +C4<01>;
v0x960cbfde0_0 .net *"_ivl_1", 7 0, L_0x960cc4000;  1 drivers
v0x960cbfe80_0 .net *"_ivl_11", 7 0, L_0x960cc4140;  1 drivers
L_0x960878448 .functor BUFT 1, C4<00000000000000000000000000110000>, C4<0>, C4<0>, C4<0>;
v0x960cbff20_0 .net/2u *"_ivl_13", 31 0, L_0x960878448;  1 drivers
v0x960d50000_0 .net *"_ivl_15", 31 0, L_0x96106ad00;  1 drivers
L_0x960878490 .functor BUFT 1, C4<0000000000000000000000000000>, C4<0>, C4<0>, C4<0>;
v0x960d500a0_0 .net *"_ivl_18", 27 0, L_0x960878490;  1 drivers
v0x960d50140_0 .net *"_ivl_19", 31 0, L_0x960cc5220;  1 drivers
v0x960d501e0_0 .net *"_ivl_21", 0 0, L_0x961072800;  1 drivers
v0x960d50280_0 .net *"_ivl_23", 7 0, L_0x960cc52c0;  1 drivers
L_0x9608784d8 .functor BUFT 1, C4<00000000000000000000000000100000>, C4<0>, C4<0>, C4<0>;
v0x960d50320_0 .net/2u *"_ivl_25", 31 0, L_0x9608784d8;  1 drivers
v0x960d503c0_0 .net *"_ivl_27", 31 0, L_0x96106ada0;  1 drivers
L_0x9608783b8 .functor BUFT 1, C4<00000000000000000000000000100000>, C4<0>, C4<0>, C4<0>;
v0x960d50460_0 .net/2u *"_ivl_3", 31 0, L_0x9608783b8;  1 drivers
L_0x960878520 .functor BUFT 1, C4<0000000000000000000000000000>, C4<0>, C4<0>, C4<0>;
v0x960d50500_0 .net *"_ivl_30", 27 0, L_0x960878520;  1 drivers
v0x960d505a0_0 .net *"_ivl_31", 31 0, L_0x960cc5360;  1 drivers
v0x960d50640_0 .net *"_ivl_33", 7 0, L_0x960cc5400;  1 drivers
L_0x960878568 .functor BUFT 1, C4<00000000000000000000000000110000>, C4<0>, C4<0>, C4<0>;
v0x960d506e0_0 .net/2u *"_ivl_35", 31 0, L_0x960878568;  1 drivers
v0x960d50780_0 .net *"_ivl_37", 31 0, L_0x96106ae40;  1 drivers
L_0x9608785b0 .functor BUFT 1, C4<0000000000000000000000000000>, C4<0>, C4<0>, C4<0>;
v0x960d50820_0 .net *"_ivl_40", 27 0, L_0x9608785b0;  1 drivers
v0x960d508c0_0 .net *"_ivl_41", 31 0, L_0x960cc54a0;  1 drivers
v0x960d50960_0 .net *"_ivl_5", 31 0, L_0x96106ac60;  1 drivers
L_0x960878400 .functor BUFT 1, C4<0000000000000000000000000000>, C4<0>, C4<0>, C4<0>;
v0x960d50a00_0 .net *"_ivl_8", 27 0, L_0x960878400;  1 drivers
v0x960d50aa0_0 .net *"_ivl_9", 31 0, L_0x960cc40a0;  1 drivers
L_0x960cc4000 .array/port v0x960d56a80, L_0x960cc40a0;
L_0x96106ac60 .concat [ 4 28 0 0], L_0x961073200, L_0x960878400;
L_0x960cc40a0 .arith/sum 32, L_0x9608783b8, L_0x96106ac60;
L_0x960cc4140 .array/port v0x960d56a80, L_0x960cc5220;
L_0x96106ad00 .concat [ 4 28 0 0], L_0x9610732a0, L_0x960878490;
L_0x960cc5220 .arith/sum 32, L_0x960878448, L_0x96106ad00;
L_0x961072800 .cmp/gt 8, L_0x960cc4000, L_0x960cc4140;
L_0x960cc52c0 .array/port v0x960d56a80, L_0x960cc5360;
L_0x96106ada0 .concat [ 4 28 0 0], L_0x961073200, L_0x960878520;
L_0x960cc5360 .arith/sum 32, L_0x9608784d8, L_0x96106ada0;
L_0x960cc5400 .array/port v0x960d56a80, L_0x960cc54a0;
L_0x96106ae40 .concat [ 4 28 0 0], L_0x9610732a0, L_0x9608785b0;
L_0x960cc54a0 .arith/sum 32, L_0x960878568, L_0x96106ae40;
L_0x96106aee0 .functor MUXZ 8, L_0x960cc5400, L_0x960cc52c0, L_0x961072800, C4<>;
S_0x101329090 .scope generate, "GEN_RESP[2]" "GEN_RESP[2]" 4 193, 4 193 0, S_0x101338220;
 .timescale -9 -12;
P_0x96107d040 .param/l "gi" 1 4 193, +C4<010>;
v0x960d50b40_0 .net *"_ivl_1", 7 0, L_0x960cc5540;  1 drivers
v0x960d50be0_0 .net *"_ivl_11", 7 0, L_0x960cc5680;  1 drivers
L_0x960878688 .functor BUFT 1, C4<00000000000000000000000001010000>, C4<0>, C4<0>, C4<0>;
v0x960d50c80_0 .net/2u *"_ivl_13", 31 0, L_0x960878688;  1 drivers
v0x960d50d20_0 .net *"_ivl_15", 31 0, L_0x96106b020;  1 drivers
L_0x9608786d0 .functor BUFT 1, C4<0000000000000000000000000000>, C4<0>, C4<0>, C4<0>;
v0x960d50dc0_0 .net *"_ivl_18", 27 0, L_0x9608786d0;  1 drivers
v0x960d50e60_0 .net *"_ivl_19", 31 0, L_0x960cc4f00;  1 drivers
v0x960d50f00_0 .net *"_ivl_21", 0 0, L_0x9610728a0;  1 drivers
v0x960d50fa0_0 .net *"_ivl_23", 7 0, L_0x960cc4fa0;  1 drivers
L_0x960878718 .functor BUFT 1, C4<00000000000000000000000001000000>, C4<0>, C4<0>, C4<0>;
v0x960d51040_0 .net/2u *"_ivl_25", 31 0, L_0x960878718;  1 drivers
v0x960d510e0_0 .net *"_ivl_27", 31 0, L_0x96106b0c0;  1 drivers
L_0x9608785f8 .functor BUFT 1, C4<00000000000000000000000001000000>, C4<0>, C4<0>, C4<0>;
v0x960d51180_0 .net/2u *"_ivl_3", 31 0, L_0x9608785f8;  1 drivers
L_0x960878760 .functor BUFT 1, C4<0000000000000000000000000000>, C4<0>, C4<0>, C4<0>;
v0x960d51220_0 .net *"_ivl_30", 27 0, L_0x960878760;  1 drivers
v0x960d512c0_0 .net *"_ivl_31", 31 0, L_0x960cc4c80;  1 drivers
v0x960d51360_0 .net *"_ivl_33", 7 0, L_0x960cc5c20;  1 drivers
L_0x9608787a8 .functor BUFT 1, C4<00000000000000000000000001010000>, C4<0>, C4<0>, C4<0>;
v0x960d51400_0 .net/2u *"_ivl_35", 31 0, L_0x9608787a8;  1 drivers
v0x960d514a0_0 .net *"_ivl_37", 31 0, L_0x96106b160;  1 drivers
L_0x9608787f0 .functor BUFT 1, C4<0000000000000000000000000000>, C4<0>, C4<0>, C4<0>;
v0x960d51540_0 .net *"_ivl_40", 27 0, L_0x9608787f0;  1 drivers
v0x960d515e0_0 .net *"_ivl_41", 31 0, L_0x960cc5cc0;  1 drivers
v0x960d51680_0 .net *"_ivl_5", 31 0, L_0x96106af80;  1 drivers
L_0x960878640 .functor BUFT 1, C4<0000000000000000000000000000>, C4<0>, C4<0>, C4<0>;
v0x960d51720_0 .net *"_ivl_8", 27 0, L_0x960878640;  1 drivers
v0x960d517c0_0 .net *"_ivl_9", 31 0, L_0x960cc55e0;  1 drivers
L_0x960cc5540 .array/port v0x960d56a80, L_0x960cc55e0;
L_0x96106af80 .concat [ 4 28 0 0], L_0x961073200, L_0x960878640;
L_0x960cc55e0 .arith/sum 32, L_0x9608785f8, L_0x96106af80;
L_0x960cc5680 .array/port v0x960d56a80, L_0x960cc4f00;
L_0x96106b020 .concat [ 4 28 0 0], L_0x9610732a0, L_0x9608786d0;
L_0x960cc4f00 .arith/sum 32, L_0x960878688, L_0x96106b020;
L_0x9610728a0 .cmp/gt 8, L_0x960cc5540, L_0x960cc5680;
L_0x960cc4fa0 .array/port v0x960d56a80, L_0x960cc4c80;
L_0x96106b0c0 .concat [ 4 28 0 0], L_0x961073200, L_0x960878760;
L_0x960cc4c80 .arith/sum 32, L_0x960878718, L_0x96106b0c0;
L_0x960cc5c20 .array/port v0x960d56a80, L_0x960cc5cc0;
L_0x96106b160 .concat [ 4 28 0 0], L_0x9610732a0, L_0x9608787f0;
L_0x960cc5cc0 .arith/sum 32, L_0x9608787a8, L_0x96106b160;
L_0x96106b200 .functor MUXZ 8, L_0x960cc5c20, L_0x960cc4fa0, L_0x9610728a0, C4<>;
S_0x101333060 .scope generate, "GEN_RESP[3]" "GEN_RESP[3]" 4 193, 4 193 0, S_0x101338220;
 .timescale -9 -12;
P_0x96107d080 .param/l "gi" 1 4 193, +C4<011>;
v0x960d51860_0 .net *"_ivl_1", 7 0, L_0x960cc5d60;  1 drivers
v0x960d51900_0 .net *"_ivl_11", 7 0, L_0x960cc5ea0;  1 drivers
L_0x9608788c8 .functor BUFT 1, C4<00000000000000000000000001110000>, C4<0>, C4<0>, C4<0>;
v0x960d519a0_0 .net/2u *"_ivl_13", 31 0, L_0x9608788c8;  1 drivers
v0x960d51a40_0 .net *"_ivl_15", 31 0, L_0x96106b340;  1 drivers
L_0x960878910 .functor BUFT 1, C4<0000000000000000000000000000>, C4<0>, C4<0>, C4<0>;
v0x960d51ae0_0 .net *"_ivl_18", 27 0, L_0x960878910;  1 drivers
v0x960d51b80_0 .net *"_ivl_19", 31 0, L_0x960cc5f40;  1 drivers
v0x960d51c20_0 .net *"_ivl_21", 0 0, L_0x961072940;  1 drivers
v0x960d51cc0_0 .net *"_ivl_23", 7 0, L_0x960cc5fe0;  1 drivers
L_0x960878958 .functor BUFT 1, C4<00000000000000000000000001100000>, C4<0>, C4<0>, C4<0>;
v0x960d51d60_0 .net/2u *"_ivl_25", 31 0, L_0x960878958;  1 drivers
v0x960d51e00_0 .net *"_ivl_27", 31 0, L_0x96106b3e0;  1 drivers
L_0x960878838 .functor BUFT 1, C4<00000000000000000000000001100000>, C4<0>, C4<0>, C4<0>;
v0x960d51ea0_0 .net/2u *"_ivl_3", 31 0, L_0x960878838;  1 drivers
L_0x9608789a0 .functor BUFT 1, C4<0000000000000000000000000000>, C4<0>, C4<0>, C4<0>;
v0x960d51f40_0 .net *"_ivl_30", 27 0, L_0x9608789a0;  1 drivers
v0x960d51fe0_0 .net *"_ivl_31", 31 0, L_0x960cc6080;  1 drivers
v0x960d52080_0 .net *"_ivl_33", 7 0, L_0x960cc6120;  1 drivers
L_0x9608789e8 .functor BUFT 1, C4<00000000000000000000000001110000>, C4<0>, C4<0>, C4<0>;
v0x960d52120_0 .net/2u *"_ivl_35", 31 0, L_0x9608789e8;  1 drivers
v0x960d521c0_0 .net *"_ivl_37", 31 0, L_0x96106b480;  1 drivers
L_0x960878a30 .functor BUFT 1, C4<0000000000000000000000000000>, C4<0>, C4<0>, C4<0>;
v0x960d52260_0 .net *"_ivl_40", 27 0, L_0x960878a30;  1 drivers
v0x960d52300_0 .net *"_ivl_41", 31 0, L_0x960cc61c0;  1 drivers
v0x960d523a0_0 .net *"_ivl_5", 31 0, L_0x96106b2a0;  1 drivers
L_0x960878880 .functor BUFT 1, C4<0000000000000000000000000000>, C4<0>, C4<0>, C4<0>;
v0x960d52440_0 .net *"_ivl_8", 27 0, L_0x960878880;  1 drivers
v0x960d524e0_0 .net *"_ivl_9", 31 0, L_0x960cc5e00;  1 drivers
L_0x960cc5d60 .array/port v0x960d56a80, L_0x960cc5e00;
L_0x96106b2a0 .concat [ 4 28 0 0], L_0x961073200, L_0x960878880;
L_0x960cc5e00 .arith/sum 32, L_0x960878838, L_0x96106b2a0;
L_0x960cc5ea0 .array/port v0x960d56a80, L_0x960cc5f40;
L_0x96106b340 .concat [ 4 28 0 0], L_0x9610732a0, L_0x960878910;
L_0x960cc5f40 .arith/sum 32, L_0x9608788c8, L_0x96106b340;
L_0x961072940 .cmp/gt 8, L_0x960cc5d60, L_0x960cc5ea0;
L_0x960cc5fe0 .array/port v0x960d56a80, L_0x960cc6080;
L_0x96106b3e0 .concat [ 4 28 0 0], L_0x961073200, L_0x9608789a0;
L_0x960cc6080 .arith/sum 32, L_0x960878958, L_0x96106b3e0;
L_0x960cc6120 .array/port v0x960d56a80, L_0x960cc61c0;
L_0x96106b480 .concat [ 4 28 0 0], L_0x9610732a0, L_0x960878a30;
L_0x960cc61c0 .arith/sum 32, L_0x9608789e8, L_0x96106b480;
L_0x96106b520 .functor MUXZ 8, L_0x960cc6120, L_0x960cc5fe0, L_0x961072940, C4<>;
S_0x9610d4000 .scope generate, "GEN_RESP[4]" "GEN_RESP[4]" 4 193, 4 193 0, S_0x101338220;
 .timescale -9 -12;
P_0x96107d0c0 .param/l "gi" 1 4 193, +C4<0100>;
v0x960d52580_0 .net *"_ivl_1", 7 0, L_0x960cc6260;  1 drivers
v0x960d52620_0 .net *"_ivl_11", 7 0, L_0x960cc63a0;  1 drivers
L_0x960878b08 .functor BUFT 1, C4<00000000000000000000000010010000>, C4<0>, C4<0>, C4<0>;
v0x960d526c0_0 .net/2u *"_ivl_13", 31 0, L_0x960878b08;  1 drivers
v0x960d52760_0 .net *"_ivl_15", 31 0, L_0x96106b660;  1 drivers
L_0x960878b50 .functor BUFT 1, C4<0000000000000000000000000000>, C4<0>, C4<0>, C4<0>;
v0x960d52800_0 .net *"_ivl_18", 27 0, L_0x960878b50;  1 drivers
v0x960d528a0_0 .net *"_ivl_19", 31 0, L_0x960cc6440;  1 drivers
v0x960d52940_0 .net *"_ivl_21", 0 0, L_0x9610729e0;  1 drivers
v0x960d529e0_0 .net *"_ivl_23", 7 0, L_0x960cc64e0;  1 drivers
L_0x960878b98 .functor BUFT 1, C4<00000000000000000000000010000000>, C4<0>, C4<0>, C4<0>;
v0x960d52a80_0 .net/2u *"_ivl_25", 31 0, L_0x960878b98;  1 drivers
v0x960d52b20_0 .net *"_ivl_27", 31 0, L_0x96106b700;  1 drivers
L_0x960878a78 .functor BUFT 1, C4<00000000000000000000000010000000>, C4<0>, C4<0>, C4<0>;
v0x960d52bc0_0 .net/2u *"_ivl_3", 31 0, L_0x960878a78;  1 drivers
L_0x960878be0 .functor BUFT 1, C4<0000000000000000000000000000>, C4<0>, C4<0>, C4<0>;
v0x960d52c60_0 .net *"_ivl_30", 27 0, L_0x960878be0;  1 drivers
v0x960d52d00_0 .net *"_ivl_31", 31 0, L_0x960cc6580;  1 drivers
v0x960d52da0_0 .net *"_ivl_33", 7 0, L_0x960cc6620;  1 drivers
L_0x960878c28 .functor BUFT 1, C4<00000000000000000000000010010000>, C4<0>, C4<0>, C4<0>;
v0x960d52e40_0 .net/2u *"_ivl_35", 31 0, L_0x960878c28;  1 drivers
v0x960d52ee0_0 .net *"_ivl_37", 31 0, L_0x96106b7a0;  1 drivers
L_0x960878c70 .functor BUFT 1, C4<0000000000000000000000000000>, C4<0>, C4<0>, C4<0>;
v0x960d52f80_0 .net *"_ivl_40", 27 0, L_0x960878c70;  1 drivers
v0x960d53020_0 .net *"_ivl_41", 31 0, L_0x960cc66c0;  1 drivers
v0x960d530c0_0 .net *"_ivl_5", 31 0, L_0x96106b5c0;  1 drivers
L_0x960878ac0 .functor BUFT 1, C4<0000000000000000000000000000>, C4<0>, C4<0>, C4<0>;
v0x960d53160_0 .net *"_ivl_8", 27 0, L_0x960878ac0;  1 drivers
v0x960d53200_0 .net *"_ivl_9", 31 0, L_0x960cc6300;  1 drivers
L_0x960cc6260 .array/port v0x960d56a80, L_0x960cc6300;
L_0x96106b5c0 .concat [ 4 28 0 0], L_0x961073200, L_0x960878ac0;
L_0x960cc6300 .arith/sum 32, L_0x960878a78, L_0x96106b5c0;
L_0x960cc63a0 .array/port v0x960d56a80, L_0x960cc6440;
L_0x96106b660 .concat [ 4 28 0 0], L_0x9610732a0, L_0x960878b50;
L_0x960cc6440 .arith/sum 32, L_0x960878b08, L_0x96106b660;
L_0x9610729e0 .cmp/gt 8, L_0x960cc6260, L_0x960cc63a0;
L_0x960cc64e0 .array/port v0x960d56a80, L_0x960cc6580;
L_0x96106b700 .concat [ 4 28 0 0], L_0x961073200, L_0x960878be0;
L_0x960cc6580 .arith/sum 32, L_0x960878b98, L_0x96106b700;
L_0x960cc6620 .array/port v0x960d56a80, L_0x960cc66c0;
L_0x96106b7a0 .concat [ 4 28 0 0], L_0x9610732a0, L_0x960878c70;
L_0x960cc66c0 .arith/sum 32, L_0x960878c28, L_0x96106b7a0;
L_0x96106b840 .functor MUXZ 8, L_0x960cc6620, L_0x960cc64e0, L_0x9610729e0, C4<>;
S_0x9610d4180 .scope generate, "GEN_RESP[5]" "GEN_RESP[5]" 4 193, 4 193 0, S_0x101338220;
 .timescale -9 -12;
P_0x96107d100 .param/l "gi" 1 4 193, +C4<0101>;
v0x960d532a0_0 .net *"_ivl_1", 7 0, L_0x960cc6760;  1 drivers
v0x960d53340_0 .net *"_ivl_11", 7 0, L_0x960cc68a0;  1 drivers
L_0x960878d48 .functor BUFT 1, C4<00000000000000000000000010110000>, C4<0>, C4<0>, C4<0>;
v0x960d533e0_0 .net/2u *"_ivl_13", 31 0, L_0x960878d48;  1 drivers
v0x960d53480_0 .net *"_ivl_15", 31 0, L_0x96106b980;  1 drivers
L_0x960878d90 .functor BUFT 1, C4<0000000000000000000000000000>, C4<0>, C4<0>, C4<0>;
v0x960d53520_0 .net *"_ivl_18", 27 0, L_0x960878d90;  1 drivers
v0x960d535c0_0 .net *"_ivl_19", 31 0, L_0x960cc6940;  1 drivers
v0x960d53660_0 .net *"_ivl_21", 0 0, L_0x961072a80;  1 drivers
v0x960d53700_0 .net *"_ivl_23", 7 0, L_0x960cc69e0;  1 drivers
L_0x960878dd8 .functor BUFT 1, C4<00000000000000000000000010100000>, C4<0>, C4<0>, C4<0>;
v0x960d537a0_0 .net/2u *"_ivl_25", 31 0, L_0x960878dd8;  1 drivers
v0x960d53840_0 .net *"_ivl_27", 31 0, L_0x96106ba20;  1 drivers
L_0x960878cb8 .functor BUFT 1, C4<00000000000000000000000010100000>, C4<0>, C4<0>, C4<0>;
v0x960d538e0_0 .net/2u *"_ivl_3", 31 0, L_0x960878cb8;  1 drivers
L_0x960878e20 .functor BUFT 1, C4<0000000000000000000000000000>, C4<0>, C4<0>, C4<0>;
v0x960d53980_0 .net *"_ivl_30", 27 0, L_0x960878e20;  1 drivers
v0x960d53a20_0 .net *"_ivl_31", 31 0, L_0x960cc6a80;  1 drivers
v0x960d53ac0_0 .net *"_ivl_33", 7 0, L_0x960cc6b20;  1 drivers
L_0x960878e68 .functor BUFT 1, C4<00000000000000000000000010110000>, C4<0>, C4<0>, C4<0>;
v0x960d53b60_0 .net/2u *"_ivl_35", 31 0, L_0x960878e68;  1 drivers
v0x960d53c00_0 .net *"_ivl_37", 31 0, L_0x96106bac0;  1 drivers
L_0x960878eb0 .functor BUFT 1, C4<0000000000000000000000000000>, C4<0>, C4<0>, C4<0>;
v0x960d53ca0_0 .net *"_ivl_40", 27 0, L_0x960878eb0;  1 drivers
v0x960d53d40_0 .net *"_ivl_41", 31 0, L_0x960cc6bc0;  1 drivers
v0x960d53de0_0 .net *"_ivl_5", 31 0, L_0x96106b8e0;  1 drivers
L_0x960878d00 .functor BUFT 1, C4<0000000000000000000000000000>, C4<0>, C4<0>, C4<0>;
v0x960d53e80_0 .net *"_ivl_8", 27 0, L_0x960878d00;  1 drivers
v0x960d53f20_0 .net *"_ivl_9", 31 0, L_0x960cc6800;  1 drivers
L_0x960cc6760 .array/port v0x960d56a80, L_0x960cc6800;
L_0x96106b8e0 .concat [ 4 28 0 0], L_0x961073200, L_0x960878d00;
L_0x960cc6800 .arith/sum 32, L_0x960878cb8, L_0x96106b8e0;
L_0x960cc68a0 .array/port v0x960d56a80, L_0x960cc6940;
L_0x96106b980 .concat [ 4 28 0 0], L_0x9610732a0, L_0x960878d90;
L_0x960cc6940 .arith/sum 32, L_0x960878d48, L_0x96106b980;
L_0x961072a80 .cmp/gt 8, L_0x960cc6760, L_0x960cc68a0;
L_0x960cc69e0 .array/port v0x960d56a80, L_0x960cc6a80;
L_0x96106ba20 .concat [ 4 28 0 0], L_0x961073200, L_0x960878e20;
L_0x960cc6a80 .arith/sum 32, L_0x960878dd8, L_0x96106ba20;
L_0x960cc6b20 .array/port v0x960d56a80, L_0x960cc6bc0;
L_0x96106bac0 .concat [ 4 28 0 0], L_0x9610732a0, L_0x960878eb0;
L_0x960cc6bc0 .arith/sum 32, L_0x960878e68, L_0x96106bac0;
L_0x96106bb60 .functor MUXZ 8, L_0x960cc6b20, L_0x960cc69e0, L_0x961072a80, C4<>;
S_0x9610d4300 .scope generate, "GEN_RESP[6]" "GEN_RESP[6]" 4 193, 4 193 0, S_0x101338220;
 .timescale -9 -12;
P_0x96107d140 .param/l "gi" 1 4 193, +C4<0110>;
v0x960d54000_0 .net *"_ivl_1", 7 0, L_0x960cc6c60;  1 drivers
v0x960d540a0_0 .net *"_ivl_11", 7 0, L_0x960cc6da0;  1 drivers
L_0x960878f88 .functor BUFT 1, C4<00000000000000000000000011010000>, C4<0>, C4<0>, C4<0>;
v0x960d54140_0 .net/2u *"_ivl_13", 31 0, L_0x960878f88;  1 drivers
v0x960d541e0_0 .net *"_ivl_15", 31 0, L_0x96106bca0;  1 drivers
L_0x960878fd0 .functor BUFT 1, C4<0000000000000000000000000000>, C4<0>, C4<0>, C4<0>;
v0x960d54280_0 .net *"_ivl_18", 27 0, L_0x960878fd0;  1 drivers
v0x960d54320_0 .net *"_ivl_19", 31 0, L_0x960cc6e40;  1 drivers
v0x960d543c0_0 .net *"_ivl_21", 0 0, L_0x961072b20;  1 drivers
v0x960d54460_0 .net *"_ivl_23", 7 0, L_0x960cc6ee0;  1 drivers
L_0x960879018 .functor BUFT 1, C4<00000000000000000000000011000000>, C4<0>, C4<0>, C4<0>;
v0x960d54500_0 .net/2u *"_ivl_25", 31 0, L_0x960879018;  1 drivers
v0x960d545a0_0 .net *"_ivl_27", 31 0, L_0x96106bd40;  1 drivers
L_0x960878ef8 .functor BUFT 1, C4<00000000000000000000000011000000>, C4<0>, C4<0>, C4<0>;
v0x960d54640_0 .net/2u *"_ivl_3", 31 0, L_0x960878ef8;  1 drivers
L_0x960879060 .functor BUFT 1, C4<0000000000000000000000000000>, C4<0>, C4<0>, C4<0>;
v0x960d546e0_0 .net *"_ivl_30", 27 0, L_0x960879060;  1 drivers
v0x960d54780_0 .net *"_ivl_31", 31 0, L_0x960cc6f80;  1 drivers
v0x960d54820_0 .net *"_ivl_33", 7 0, L_0x960cc7020;  1 drivers
L_0x9608790a8 .functor BUFT 1, C4<00000000000000000000000011010000>, C4<0>, C4<0>, C4<0>;
v0x960d548c0_0 .net/2u *"_ivl_35", 31 0, L_0x9608790a8;  1 drivers
v0x960d54960_0 .net *"_ivl_37", 31 0, L_0x96106bde0;  1 drivers
L_0x9608790f0 .functor BUFT 1, C4<0000000000000000000000000000>, C4<0>, C4<0>, C4<0>;
v0x960d54a00_0 .net *"_ivl_40", 27 0, L_0x9608790f0;  1 drivers
v0x960d54aa0_0 .net *"_ivl_41", 31 0, L_0x960cc70c0;  1 drivers
v0x960d54b40_0 .net *"_ivl_5", 31 0, L_0x96106bc00;  1 drivers
L_0x960878f40 .functor BUFT 1, C4<0000000000000000000000000000>, C4<0>, C4<0>, C4<0>;
v0x960d54be0_0 .net *"_ivl_8", 27 0, L_0x960878f40;  1 drivers
v0x960d54c80_0 .net *"_ivl_9", 31 0, L_0x960cc6d00;  1 drivers
L_0x960cc6c60 .array/port v0x960d56a80, L_0x960cc6d00;
L_0x96106bc00 .concat [ 4 28 0 0], L_0x961073200, L_0x960878f40;
L_0x960cc6d00 .arith/sum 32, L_0x960878ef8, L_0x96106bc00;
L_0x960cc6da0 .array/port v0x960d56a80, L_0x960cc6e40;
L_0x96106bca0 .concat [ 4 28 0 0], L_0x9610732a0, L_0x960878fd0;
L_0x960cc6e40 .arith/sum 32, L_0x960878f88, L_0x96106bca0;
L_0x961072b20 .cmp/gt 8, L_0x960cc6c60, L_0x960cc6da0;
L_0x960cc6ee0 .array/port v0x960d56a80, L_0x960cc6f80;
L_0x96106bd40 .concat [ 4 28 0 0], L_0x961073200, L_0x960879060;
L_0x960cc6f80 .arith/sum 32, L_0x960879018, L_0x96106bd40;
L_0x960cc7020 .array/port v0x960d56a80, L_0x960cc70c0;
L_0x96106bde0 .concat [ 4 28 0 0], L_0x9610732a0, L_0x9608790f0;
L_0x960cc70c0 .arith/sum 32, L_0x9608790a8, L_0x96106bde0;
L_0x96106be80 .functor MUXZ 8, L_0x960cc7020, L_0x960cc6ee0, L_0x961072b20, C4<>;
S_0x9610d4480 .scope generate, "GEN_RESP[7]" "GEN_RESP[7]" 4 193, 4 193 0, S_0x101338220;
 .timescale -9 -12;
P_0x96107d180 .param/l "gi" 1 4 193, +C4<0111>;
v0x960d54d20_0 .net *"_ivl_1", 7 0, L_0x960cc7160;  1 drivers
v0x960d54dc0_0 .net *"_ivl_11", 7 0, L_0x960cc72a0;  1 drivers
L_0x9608791c8 .functor BUFT 1, C4<00000000000000000000000011110000>, C4<0>, C4<0>, C4<0>;
v0x960d54e60_0 .net/2u *"_ivl_13", 31 0, L_0x9608791c8;  1 drivers
v0x960d54f00_0 .net *"_ivl_15", 31 0, L_0x9610e8000;  1 drivers
L_0x960879210 .functor BUFT 1, C4<0000000000000000000000000000>, C4<0>, C4<0>, C4<0>;
v0x960d54fa0_0 .net *"_ivl_18", 27 0, L_0x960879210;  1 drivers
v0x960d55040_0 .net *"_ivl_19", 31 0, L_0x960cc7340;  1 drivers
v0x960d550e0_0 .net *"_ivl_21", 0 0, L_0x961072bc0;  1 drivers
v0x960d55180_0 .net *"_ivl_23", 7 0, L_0x960cc73e0;  1 drivers
L_0x960879258 .functor BUFT 1, C4<00000000000000000000000011100000>, C4<0>, C4<0>, C4<0>;
v0x960d55220_0 .net/2u *"_ivl_25", 31 0, L_0x960879258;  1 drivers
v0x960d552c0_0 .net *"_ivl_27", 31 0, L_0x9610e80a0;  1 drivers
L_0x960879138 .functor BUFT 1, C4<00000000000000000000000011100000>, C4<0>, C4<0>, C4<0>;
v0x960d55360_0 .net/2u *"_ivl_3", 31 0, L_0x960879138;  1 drivers
L_0x9608792a0 .functor BUFT 1, C4<0000000000000000000000000000>, C4<0>, C4<0>, C4<0>;
v0x960d55400_0 .net *"_ivl_30", 27 0, L_0x9608792a0;  1 drivers
v0x960d554a0_0 .net *"_ivl_31", 31 0, L_0x960cc7480;  1 drivers
v0x960d55540_0 .net *"_ivl_33", 7 0, L_0x960cc7520;  1 drivers
L_0x9608792e8 .functor BUFT 1, C4<00000000000000000000000011110000>, C4<0>, C4<0>, C4<0>;
v0x960d555e0_0 .net/2u *"_ivl_35", 31 0, L_0x9608792e8;  1 drivers
v0x960d55680_0 .net *"_ivl_37", 31 0, L_0x9610e8140;  1 drivers
L_0x960879330 .functor BUFT 1, C4<0000000000000000000000000000>, C4<0>, C4<0>, C4<0>;
v0x960d55720_0 .net *"_ivl_40", 27 0, L_0x960879330;  1 drivers
v0x960d557c0_0 .net *"_ivl_41", 31 0, L_0x960cc75c0;  1 drivers
v0x960d55860_0 .net *"_ivl_5", 31 0, L_0x96106bf20;  1 drivers
L_0x960879180 .functor BUFT 1, C4<0000000000000000000000000000>, C4<0>, C4<0>, C4<0>;
v0x960d55900_0 .net *"_ivl_8", 27 0, L_0x960879180;  1 drivers
v0x960d559a0_0 .net *"_ivl_9", 31 0, L_0x960cc7200;  1 drivers
L_0x960cc7160 .array/port v0x960d56a80, L_0x960cc7200;
L_0x96106bf20 .concat [ 4 28 0 0], L_0x961073200, L_0x960879180;
L_0x960cc7200 .arith/sum 32, L_0x960879138, L_0x96106bf20;
L_0x960cc72a0 .array/port v0x960d56a80, L_0x960cc7340;
L_0x9610e8000 .concat [ 4 28 0 0], L_0x9610732a0, L_0x960879210;
L_0x960cc7340 .arith/sum 32, L_0x9608791c8, L_0x9610e8000;
L_0x961072bc0 .cmp/gt 8, L_0x960cc7160, L_0x960cc72a0;
L_0x960cc73e0 .array/port v0x960d56a80, L_0x960cc7480;
L_0x9610e80a0 .concat [ 4 28 0 0], L_0x961073200, L_0x9608792a0;
L_0x960cc7480 .arith/sum 32, L_0x960879258, L_0x9610e80a0;
L_0x960cc7520 .array/port v0x960d56a80, L_0x960cc75c0;
L_0x9610e8140 .concat [ 4 28 0 0], L_0x9610732a0, L_0x960879330;
L_0x960cc75c0 .arith/sum 32, L_0x9608792e8, L_0x9610e8140;
L_0x9610e81e0 .functor MUXZ 8, L_0x960cc7520, L_0x960cc73e0, L_0x961072bc0, C4<>;
S_0x9610d4600 .scope module, "u_bank0" "xpm_memory_sdpram" 4 267, 5 16 0, S_0x101338220;
 .timescale -9 -12;
    .port_info 0 /INPUT 1 "clka";
    .port_info 1 /INPUT 1 "ena";
    .port_info 2 /INPUT 1 "wea";
    .port_info 3 /INPUT 32 "addra";
    .port_info 4 /INPUT 64 "dina";
    .port_info 5 /INPUT 1 "clkb";
    .port_info 6 /INPUT 1 "enb";
    .port_info 7 /INPUT 32 "addrb";
    .port_info 8 /OUTPUT 64 "doutb";
P_0x1013331e0 .param/l "DEPTH" 1 5 35, +C4<000000000000000000000000000000000000000000000000000000000000000000000000000000000000010000000000>;
P_0x101333220 .param/str "MEMORY_PRIMITIVE" 0 5 18, "block";
P_0x101333260 .param/l "MEMORY_SIZE" 0 5 17, +C4<000000000000000000000000000000000000000000000000000000000000000000000000000000010000000000000000>;
P_0x1013332a0 .param/l "READ_DATA_WIDTH_B" 0 5 20, +C4<00000000000000000000000001000000>;
P_0x1013332e0 .param/l "READ_LATENCY_B" 0 5 21, +C4<00000000000000000000000000000001>;
P_0x101333320 .param/l "SIM_ASSERT_CHK" 0 5 23, +C4<00000000000000000000000000000000>;
P_0x101333360 .param/l "WRITE_DATA_WIDTH_A" 0 5 19, +C4<00000000000000000000000001000000>;
P_0x1013333a0 .param/str "WRITE_MODE_A" 0 5 22, "read_first";
v0x960d56120_0 .array/port v0x960d56120, 0;
L_0x960c41420 .functor BUFZ 64, v0x960d56120_0, C4<0000000000000000000000000000000000000000000000000000000000000000>, C4<0000000000000000000000000000000000000000000000000000000000000000>, C4<0000000000000000000000000000000000000000000000000000000000000000>;
v0x960d55a40_0 .net "addra", 31 0, L_0x9610e8c80;  1 drivers
v0x960d55ae0_0 .net "addrb", 31 0, L_0x9610e8d20;  1 drivers
v0x960d55b80_0 .net "clka", 0 0, v0x960d5e8a0_0;  alias, 1 drivers
v0x960d55c20_0 .net "clkb", 0 0, v0x960d5e8a0_0;  alias, 1 drivers
v0x960d55cc0_0 .net "dina", 63 0, L_0x9610e8780;  alias, 1 drivers
v0x960d55d60_0 .net "doutb", 63 0, L_0x960c41420;  alias, 1 drivers
L_0x960879a38 .functor BUFT 1, C4<1>, C4<0>, C4<0>, C4<0>;
v0x960d55e00_0 .net "ena", 0 0, L_0x960879a38;  1 drivers
v0x960d55ea0_0 .net "enb", 0 0, L_0x960c849a0;  1 drivers
v0x960d55f40_0 .var/i "i", 31 0;
v0x960d55fe0_0 .var/i "k", 31 0;
v0x960d56080 .array "mem", 1023 0, 63 0;
v0x960d56120 .array "pipe", 3 0, 63 0;
v0x960d561c0_0 .net "wea", 0 0, L_0x960c84930;  1 drivers
E_0x960d0a500 .event posedge, v0x960d55b80_0;
S_0x9610d4780 .scope module, "u_bank1" "xpm_memory_sdpram" 4 276, 5 16 0, S_0x101338220;
 .timescale -9 -12;
    .port_info 0 /INPUT 1 "clka";
    .port_info 1 /INPUT 1 "ena";
    .port_info 2 /INPUT 1 "wea";
    .port_info 3 /INPUT 32 "addra";
    .port_info 4 /INPUT 64 "dina";
    .port_info 5 /INPUT 1 "clkb";
    .port_info 6 /INPUT 1 "enb";
    .port_info 7 /INPUT 32 "addrb";
    .port_info 8 /OUTPUT 64 "doutb";
P_0x10133baa0 .param/l "DEPTH" 1 5 35, +C4<000000000000000000000000000000000000000000000000000000000000000000000000000000000000010000000000>;
P_0x10133bae0 .param/str "MEMORY_PRIMITIVE" 0 5 18, "block";
P_0x10133bb20 .param/l "MEMORY_SIZE" 0 5 17, +C4<000000000000000000000000000000000000000000000000000000000000000000000000000000010000000000000000>;
P_0x10133bb60 .param/l "READ_DATA_WIDTH_B" 0 5 20, +C4<00000000000000000000000001000000>;
P_0x10133bba0 .param/l "READ_LATENCY_B" 0 5 21, +C4<00000000000000000000000000000001>;
P_0x10133bbe0 .param/l "SIM_ASSERT_CHK" 0 5 23, +C4<00000000000000000000000000000000>;
P_0x10133bc20 .param/l "WRITE_DATA_WIDTH_A" 0 5 19, +C4<00000000000000000000000001000000>;
P_0x10133bc60 .param/str "WRITE_MODE_A" 0 5 22, "read_first";
v0x960d56940_0 .array/port v0x960d56940, 0;
L_0x960c41490 .functor BUFZ 64, v0x960d56940_0, C4<0000000000000000000000000000000000000000000000000000000000000000>, C4<0000000000000000000000000000000000000000000000000000000000000000>, C4<0000000000000000000000000000000000000000000000000000000000000000>;
v0x960d56260_0 .net "addra", 31 0, L_0x9610e8dc0;  1 drivers
v0x960d56300_0 .net "addrb", 31 0, L_0x9610e8e60;  1 drivers
v0x960d563a0_0 .net "clka", 0 0, v0x960d5e8a0_0;  alias, 1 drivers
v0x960d56440_0 .net "clkb", 0 0, v0x960d5e8a0_0;  alias, 1 drivers
v0x960d564e0_0 .net "dina", 63 0, L_0x9610e8780;  alias, 1 drivers
v0x960d56580_0 .net "doutb", 63 0, L_0x960c41490;  alias, 1 drivers
L_0x960879ba0 .functor BUFT 1, C4<1>, C4<0>, C4<0>, C4<0>;
v0x960d56620_0 .net "ena", 0 0, L_0x960879ba0;  1 drivers
v0x960d566c0_0 .net "enb", 0 0, L_0x960c84700;  1 drivers
v0x960d56760_0 .var/i "i", 31 0;
v0x960d56800_0 .var/i "k", 31 0;
v0x960d568a0 .array "mem", 1023 0, 63 0;
v0x960d56940 .array "pipe", 3 0, 63 0;
v0x960d569e0_0 .net "wea", 0 0, L_0x960c84a80;  1 drivers
S_0x9610d4900 .scope task, "fill_img" "fill_img" 3 70, 3 70 0, S_0x960cb0000;
 .timescale -9 -12;
v0x960d5e260_0 .var/i "i", 31 0;
TD_tb_sbm_alg9_cosim.fill_img ;
    %pushi/vec4 44257, 0, 16;
    %store/vec4 v0x960d5eda0_0, 0, 16;
    %pushi/vec4 0, 0, 32;
    %store/vec4 v0x960d5e260_0, 0, 32;
T_0.0 ; Top of for-loop
    %load/vec4 v0x960d5e260_0;
    %cmpi/s 8192, 0, 32;
	  %jmp/0xz T_0.1, 5;
    %load/vec4 v0x960d5eda0_0;
    %parti/s 15, 0, 2;
    %load/vec4 v0x960d5eda0_0;
    %parti/s 1, 15, 5;
    %load/vec4 v0x960d5eda0_0;
    %parti/s 1, 13, 5;
    %xor;
    %load/vec4 v0x960d5eda0_0;
    %parti/s 1, 12, 5;
    %xor;
    %load/vec4 v0x960d5eda0_0;
    %parti/s 1, 10, 5;
    %xor;
    %concat/vec4; draw_concat_vec4
    %store/vec4 v0x960d5eda0_0, 0, 16;
    %load/vec4 v0x960d5eda0_0;
    %parti/s 8, 0, 2;
    %load/vec4 v0x960d5e260_0;
    %pushi/vec4 128, 0, 32;
    %div/s;
    %pad/s 45;
    %pad/s 57;
    %muli 4096, 0, 57;
    %pad/s 58;
    %load/vec4 v0x960d5e260_0;
    %pushi/vec4 128, 0, 32;
    %mod/s;
    %pad/s 58;
    %add;
    %ix/vec4/s 4;
    %store/vec4a v0x960d5ebc0, 4, 0;
T_0.2 ; for-loop step statement
    %load/vec4 v0x960d5e260_0;
    %addi 1, 0, 32;
    %store/vec4 v0x960d5e260_0, 0, 32;
    %jmp T_0.0;
T_0.1 ; for-loop exit label
    %end;
S_0x9610d4a80 .scope task, "send_frame" "send_frame" 3 92, 3 92 0, S_0x960cb0000;
 .timescale -9 -12;
v0x960d5e300_0 .var/i "i", 31 0;
TD_tb_sbm_alg9_cosim.send_frame ;
    %pushi/vec4 0, 0, 32;
    %store/vec4 v0x960d5e300_0, 0, 32;
T_1.3 ; Top of for-loop
    %load/vec4 v0x960d5e300_0;
    %cmpi/s 8192, 0, 32;
	  %jmp/0xz T_1.4, 5;
    %pushi/vec4 1, 0, 1;
    %store/vec4 v0x960d5fd40_0, 0, 1;
    %load/vec4 v0x960d5e300_0;
    %pushi/vec4 128, 0, 32;
    %div/s;
    %pad/s 45;
    %pad/s 57;
    %muli 4096, 0, 57;
    %pad/s 58;
    %load/vec4 v0x960d5e300_0;
    %pushi/vec4 128, 0, 32;
    %mod/s;
    %pad/s 58;
    %add;
    %ix/vec4/s 4;
    %load/vec4a v0x960d5ebc0, 4;
    %store/vec4 v0x960d5fac0_0, 0, 8;
    %load/vec4 v0x960d5e300_0;
    %pushi/vec4 0, 0, 32;
    %cmp/e;
    %flag_get/vec4 4;
    %store/vec4 v0x960d5fca0_0, 0, 1;
    %load/vec4 v0x960d5e300_0;
    %pushi/vec4 8191, 0, 32;
    %cmp/e;
    %flag_get/vec4 4;
    %store/vec4 v0x960d5fb60_0, 0, 1;
    %wait E_0x960d0a500;
T_1.6 ;
    %load/vec4 v0x960d5fc00_0;
    %cmpi/ne 1, 0, 1;
    %jmp/0xz T_1.7, 6;
    %wait E_0x960d0a500;
    %jmp T_1.6;
T_1.7 ;
T_1.5 ; for-loop step statement
    %load/vec4 v0x960d5e300_0;
    %addi 1, 0, 32;
    %store/vec4 v0x960d5e300_0, 0, 32;
    %jmp T_1.3;
T_1.4 ; for-loop exit label
    %pushi/vec4 0, 0, 1;
    %store/vec4 v0x960d5fd40_0, 0, 1;
    %wait E_0x960d0a500;
    %end;
S_0x9610d4c00 .scope task, "send_two_frames" "send_two_frames" 3 109, 3 109 0, S_0x960cb0000;
 .timescale -9 -12;
v0x960d5e3a0_0 .var/i "i", 31 0;
TD_tb_sbm_alg9_cosim.send_two_frames ;
    %pushi/vec4 2, 0, 32;
T_2.8 %dup/vec4;
    %cmpi/s 0, 0, 32;
    %jmp/1xz T_2.9, 5;
    %jmp/1 T_2.9, 4;
    %subi 1, 0, 32;
    %pushi/vec4 0, 0, 32;
    %store/vec4 v0x960d5e3a0_0, 0, 32;
T_2.10 ; Top of for-loop
    %load/vec4 v0x960d5e3a0_0;
    %cmpi/s 8192, 0, 32;
	  %jmp/0xz T_2.11, 5;
    %pushi/vec4 1, 0, 1;
    %store/vec4 v0x960d5fd40_0, 0, 1;
    %load/vec4 v0x960d5e3a0_0;
    %pushi/vec4 128, 0, 32;
    %div/s;
    %pad/s 45;
    %pad/s 57;
    %muli 4096, 0, 57;
    %pad/s 58;
    %load/vec4 v0x960d5e3a0_0;
    %pushi/vec4 128, 0, 32;
    %mod/s;
    %pad/s 58;
    %add;
    %ix/vec4/s 4;
    %load/vec4a v0x960d5ebc0, 4;
    %store/vec4 v0x960d5fac0_0, 0, 8;
    %load/vec4 v0x960d5e3a0_0;
    %pushi/vec4 0, 0, 32;
    %cmp/e;
    %flag_get/vec4 4;
    %store/vec4 v0x960d5fca0_0, 0, 1;
    %load/vec4 v0x960d5e3a0_0;
    %pushi/vec4 8191, 0, 32;
    %cmp/e;
    %flag_get/vec4 4;
    %store/vec4 v0x960d5fb60_0, 0, 1;
    %wait E_0x960d0a500;
T_2.13 ;
    %load/vec4 v0x960d5fc00_0;
    %cmpi/ne 1, 0, 1;
    %jmp/0xz T_2.14, 6;
    %wait E_0x960d0a500;
    %jmp T_2.13;
T_2.14 ;
T_2.12 ; for-loop step statement
    %load/vec4 v0x960d5e3a0_0;
    %addi 1, 0, 32;
    %store/vec4 v0x960d5e3a0_0, 0, 32;
    %jmp T_2.10;
T_2.11 ; for-loop exit label
    %jmp T_2.8;
T_2.9 ;
    %pop/vec4 1;
    %pushi/vec4 0, 0, 1;
    %store/vec4 v0x960d5fd40_0, 0, 1;
    %wait E_0x960d0a500;
    %end;
S_0x9610d4d80 .scope begin, "wait_done" "wait_done" 3 138, 3 138 0, S_0x960cb0000;
 .timescale -9 -12;
v0x960d5e440_0 .var/i "wcnt", 31 0;
    .scope S_0x9610d4600;
T_3 ;
    %pushi/vec4 0, 0, 32;
    %store/vec4 v0x960d55f40_0, 0, 32;
T_3.0 ; Top of for-loop
    %load/vec4 v0x960d55f40_0;
    %pad/s 96;
    %cmpi/s 1024, 0, 96;
	  %jmp/0xz T_3.1, 5;
    %pushi/vec4 0, 0, 64;
    %ix/getv/s 4, v0x960d55f40_0;
    %store/vec4a v0x960d56080, 4, 0;
T_3.2 ; for-loop step statement
    %load/vec4 v0x960d55f40_0;
    %addi 1, 0, 32;
    %store/vec4 v0x960d55f40_0, 0, 32;
    %jmp T_3.0;
T_3.1 ; for-loop exit label
    %end;
    .thread T_3;
    .scope S_0x9610d4600;
T_4 ;
    %wait E_0x960d0a500;
    %load/vec4 v0x960d55e00_0;
    %flag_set/vec4 9;
    %flag_get/vec4 9;
    %jmp/0 T_4.2, 9;
    %load/vec4 v0x960d561c0_0;
    %and;
T_4.2;
    %flag_set/vec4 8;
    %jmp/0xz  T_4.0, 8;
    %load/vec4 v0x960d55cc0_0;
    %ix/getv 3, v0x960d55a40_0;
    %ix/load 4, 0, 0; Constant delay
    %assign/vec4/a/d v0x960d56080, 0, 4;
T_4.0 ;
    %jmp T_4;
    .thread T_4;
    .scope S_0x9610d4600;
T_5 ;
    %wait E_0x960d0a500;
    %load/vec4 v0x960d55ea0_0;
    %flag_set/vec4 8;
    %jmp/0xz  T_5.0, 8;
    %ix/getv 4, v0x960d55ae0_0;
    %load/vec4a v0x960d56080, 4;
    %ix/load 3, 0, 0;
    %flag_set/imm 4, 0;
    %ix/load 4, 0, 0; Constant delay
    %assign/vec4/a/d v0x960d56120, 0, 4;
    %pushi/vec4 1, 0, 32;
    %store/vec4 v0x960d55fe0_0, 0, 32;
T_5.2 ; Top of for-loop
    %load/vec4 v0x960d55fe0_0;
    %cmpi/s 1, 0, 32;
    %flag_get/vec4 5;
    %jmp/0 T_5.5, 5;
    %load/vec4 v0x960d55fe0_0;
    %cmpi/s 4, 0, 32;
    %flag_get/vec4 5;
    %and;
T_5.5;
    %flag_set/vec4 8;
	  %jmp/0xz T_5.3, 8;
    %load/vec4 v0x960d55fe0_0;
    %subi 1, 0, 32;
    %ix/vec4/s 4;
    %load/vec4a v0x960d56120, 4;
    %ix/getv/s 3, v0x960d55fe0_0;
    %ix/load 4, 0, 0; Constant delay
    %assign/vec4/a/d v0x960d56120, 0, 4;
T_5.4 ; for-loop step statement
    %load/vec4 v0x960d55fe0_0;
    %addi 1, 0, 32;
    %store/vec4 v0x960d55fe0_0, 0, 32;
    %jmp T_5.2;
T_5.3 ; for-loop exit label
T_5.0 ;
    %jmp T_5;
    .thread T_5;
    .scope S_0x9610d4780;
T_6 ;
    %pushi/vec4 0, 0, 32;
    %store/vec4 v0x960d56760_0, 0, 32;
T_6.0 ; Top of for-loop
    %load/vec4 v0x960d56760_0;
    %pad/s 96;
    %cmpi/s 1024, 0, 96;
	  %jmp/0xz T_6.1, 5;
    %pushi/vec4 0, 0, 64;
    %ix/getv/s 4, v0x960d56760_0;
    %store/vec4a v0x960d568a0, 4, 0;
T_6.2 ; for-loop step statement
    %load/vec4 v0x960d56760_0;
    %addi 1, 0, 32;
    %store/vec4 v0x960d56760_0, 0, 32;
    %jmp T_6.0;
T_6.1 ; for-loop exit label
    %end;
    .thread T_6;
    .scope S_0x9610d4780;
T_7 ;
    %wait E_0x960d0a500;
    %load/vec4 v0x960d56620_0;
    %flag_set/vec4 9;
    %flag_get/vec4 9;
    %jmp/0 T_7.2, 9;
    %load/vec4 v0x960d569e0_0;
    %and;
T_7.2;
    %flag_set/vec4 8;
    %jmp/0xz  T_7.0, 8;
    %load/vec4 v0x960d564e0_0;
    %ix/getv 3, v0x960d56260_0;
    %ix/load 4, 0, 0; Constant delay
    %assign/vec4/a/d v0x960d568a0, 0, 4;
T_7.0 ;
    %jmp T_7;
    .thread T_7;
    .scope S_0x9610d4780;
T_8 ;
    %wait E_0x960d0a500;
    %load/vec4 v0x960d566c0_0;
    %flag_set/vec4 8;
    %jmp/0xz  T_8.0, 8;
    %ix/getv 4, v0x960d56300_0;
    %load/vec4a v0x960d568a0, 4;
    %ix/load 3, 0, 0;
    %flag_set/imm 4, 0;
    %ix/load 4, 0, 0; Constant delay
    %assign/vec4/a/d v0x960d56940, 0, 4;
    %pushi/vec4 1, 0, 32;
    %store/vec4 v0x960d56800_0, 0, 32;
T_8.2 ; Top of for-loop
    %load/vec4 v0x960d56800_0;
    %cmpi/s 1, 0, 32;
    %flag_get/vec4 5;
    %jmp/0 T_8.5, 5;
    %load/vec4 v0x960d56800_0;
    %cmpi/s 4, 0, 32;
    %flag_get/vec4 5;
    %and;
T_8.5;
    %flag_set/vec4 8;
	  %jmp/0xz T_8.3, 8;
    %load/vec4 v0x960d56800_0;
    %subi 1, 0, 32;
    %ix/vec4/s 4;
    %load/vec4a v0x960d56940, 4;
    %ix/getv/s 3, v0x960d56800_0;
    %ix/load 4, 0, 0; Constant delay
    %assign/vec4/a/d v0x960d56940, 0, 4;
T_8.4 ; for-loop step statement
    %load/vec4 v0x960d56800_0;
    %addi 1, 0, 32;
    %store/vec4 v0x960d56800_0, 0, 32;
    %jmp T_8.2;
T_8.3 ; for-loop exit label
T_8.0 ;
    %jmp T_8;
    .thread T_8;
    .scope S_0x101338220;
T_9 ;
    %wait E_0x960d0a440;
    %load/vec4 v0x960d5cfa0_0;
    %nor/r;
    %flag_set/vec4 8;
    %jmp/0xz  T_9.0, 8;
    %pushi/vec4 0, 0, 13;
    %assign/vec4 v0x960d5c140_0, 0;
    %pushi/vec4 0, 0, 8;
    %assign/vec4 v0x960d5a9e0_0, 0;
    %pushi/vec4 0, 0, 7;
    %assign/vec4 v0x960d5aa80_0, 0;
    %pushi/vec4 0, 0, 11;
    %assign/vec4 v0x960d5a580_0, 0;
    %pushi/vec4 0, 0, 1;
    %assign/vec4 v0x960d5a800_0, 0;
    %pushi/vec4 0, 0, 4;
    %assign/vec4 v0x960d5a620_0, 0;
    %pushi/vec4 0, 0, 1;
    %assign/vec4 v0x960d5b2a0_0, 0;
    %pushi/vec4 0, 0, 2;
    %assign/vec4 v0x960d5a6c0_0, 0;
    %pushi/vec4 0, 0, 4;
    %ix/load 3, 0, 0;
    %flag_set/imm 4, 0;
    %ix/load 4, 0, 0; Constant delay
    %assign/vec4/a/d v0x960d5a8a0, 0, 4;
    %pushi/vec4 0, 0, 4;
    %ix/load 3, 1, 0;
    %flag_set/imm 4, 0;
    %ix/load 4, 0, 0; Constant delay
    %assign/vec4/a/d v0x960d5a8a0, 0, 4;
    %jmp T_9.1;
T_9.0 ;
    %load/vec4 v0x960d5b520_0;
    %flag_set/vec4 8;
    %jmp/0xz  T_9.2, 8;
    %pushi/vec4 1, 0, 13;
    %assign/vec4 v0x960d5c140_0, 0;
    %pushi/vec4 1, 0, 8;
    %assign/vec4 v0x960d5a9e0_0, 0;
    %pushi/vec4 0, 0, 7;
    %assign/vec4 v0x960d5aa80_0, 0;
    %pushi/vec4 1, 0, 11;
    %assign/vec4 v0x960d5a580_0, 0;
    %pushi/vec4 0, 0, 1;
    %assign/vec4 v0x960d5a800_0, 0;
    %pushi/vec4 0, 0, 4;
    %assign/vec4 v0x960d5a620_0, 0;
    %pushi/vec4 1, 0, 1;
    %assign/vec4 v0x960d5b2a0_0, 0;
    %pushi/vec4 0, 0, 2;
    %assign/vec4 v0x960d5a6c0_0, 0;
    %jmp T_9.3;
T_9.2 ;
    %load/vec4 v0x960d5b2a0_0;
    %flag_set/vec4 9;
    %flag_get/vec4 9;
    %jmp/0 T_9.6, 9;
    %load/vec4 v0x960d5c0a0_0;
    %and;
T_9.6;
    %flag_set/vec4 8;
    %jmp/0xz  T_9.4, 8;
    %load/vec4 v0x960d5c1e0_0;
    %flag_set/vec4 8;
    %jmp/0xz  T_9.7, 8;
    %pushi/vec4 1, 0, 1;
    %ix/load 5, 0, 0;
    %ix/getv 4, v0x960d5a800_0;
    %assign/vec4/off/d v0x960d5a6c0_0, 4, 5;
    %load/vec4 v0x960d5a620_0;
    %load/vec4 v0x960d5a800_0;
    %pad/u 3;
    %ix/vec4 3;
    %ix/load 4, 0, 0; Constant delay
    %assign/vec4/a/d v0x960d5a8a0, 0, 4;
    %pushi/vec4 0, 0, 11;
    %assign/vec4 v0x960d5a580_0, 0;
    %load/vec4 v0x960d5a800_0;
    %inv;
    %assign/vec4 v0x960d5a800_0, 0;
    %load/vec4 v0x960d5a620_0;
    %pad/u 32;
    %cmpi/e 7, 0, 32;
    %flag_mov 8, 4;
    %jmp/0 T_9.9, 8;
    %pushi/vec4 0, 0, 4;
    %jmp/1 T_9.10, 8;
T_9.9 ; End of true expr.
    %load/vec4 v0x960d5a620_0;
    %addi 1, 0, 4;
    %jmp/0 T_9.10, 8;
 ; End of false expr.
    %blend;
T_9.10;
    %assign/vec4 v0x960d5a620_0, 0;
    %jmp T_9.8;
T_9.7 ;
    %load/vec4 v0x960d5a580_0;
    %addi 1, 0, 11;
    %assign/vec4 v0x960d5a580_0, 0;
T_9.8 ;
    %load/vec4 v0x960d5b3e0_0;
    %flag_set/vec4 8;
    %jmp/0xz  T_9.11, 8;
    %pushi/vec4 0, 0, 1;
    %assign/vec4 v0x960d5b2a0_0, 0;
    %jmp T_9.12;
T_9.11 ;
    %load/vec4 v0x960d5c140_0;
    %addi 1, 0, 13;
    %assign/vec4 v0x960d5c140_0, 0;
    %load/vec4 v0x960d5a9e0_0;
    %pad/u 32;
    %cmpi/e 127, 0, 32;
    %jmp/0xz  T_9.13, 4;
    %pushi/vec4 0, 0, 8;
    %assign/vec4 v0x960d5a9e0_0, 0;
    %load/vec4 v0x960d5aa80_0;
    %addi 1, 0, 7;
    %assign/vec4 v0x960d5aa80_0, 0;
    %jmp T_9.14;
T_9.13 ;
    %load/vec4 v0x960d5a9e0_0;
    %addi 1, 0, 8;
    %assign/vec4 v0x960d5a9e0_0, 0;
T_9.14 ;
T_9.12 ;
T_9.4 ;
T_9.3 ;
T_9.1 ;
    %load/vec4 v0x960d5d540_0;
    %flag_set/vec4 8;
    %jmp/0xz  T_9.15, 8;
    %pushi/vec4 0, 0, 1;
    %ix/load 5, 0, 0;
    %ix/load 4, 0, 0;
    %flag_set/imm 4, 0;
    %assign/vec4/off/d v0x960d5a6c0_0, 4, 5;
T_9.15 ;
    %load/vec4 v0x960d5d5e0_0;
    %flag_set/vec4 8;
    %jmp/0xz  T_9.17, 8;
    %pushi/vec4 0, 0, 1;
    %ix/load 5, 0, 0;
    %ix/load 4, 1, 0;
    %flag_set/imm 4, 0;
    %assign/vec4/off/d v0x960d5a6c0_0, 4, 5;
T_9.17 ;
    %jmp T_9;
    .thread T_9;
    .scope S_0x101338220;
T_10 ;
    %wait E_0x960d0a440;
    %load/vec4 v0x960d5cfa0_0;
    %nor/r;
    %flag_set/vec4 8;
    %jmp/0xz  T_10.0, 8;
    %pushi/vec4 0, 0, 1;
    %assign/vec4 v0x960d5b480_0, 0;
    %jmp T_10.1;
T_10.0 ;
    %load/vec4 v0x960d5b520_0;
    %flag_set/vec4 8;
    %jmp/0xz  T_10.2, 8;
    %pushi/vec4 1, 0, 1;
    %assign/vec4 v0x960d5b480_0, 0;
T_10.2 ;
T_10.1 ;
    %jmp T_10;
    .thread T_10;
    .scope S_0x101338220;
T_11 ;
    %vpi_call/w 4 185 "$readmemh", "similarity_lut.mem", v0x960d56a80 {0 0 0};
    %end;
    .thread T_11;
    .scope S_0x101338220;
T_12 ;
    %wait E_0x960d0a440;
    %load/vec4 v0x960d5cfa0_0;
    %nor/r;
    %flag_set/vec4 8;
    %jmp/0xz  T_12.0, 8;
    %pushi/vec4 0, 0, 1;
    %assign/vec4 v0x960d5ae40_0, 0;
    %pushi/vec4 0, 0, 1;
    %assign/vec4 v0x960d5ac60_0, 0;
    %pushi/vec4 0, 0, 4;
    %assign/vec4 v0x960d5abc0_0, 0;
    %pushi/vec4 0, 0, 3;
    %assign/vec4 v0x960d5c960_0, 0;
    %pushi/vec4 0, 0, 3;
    %assign/vec4 v0x960d5c8c0_0, 0;
    %pushi/vec4 0, 0, 5;
    %assign/vec4 v0x960d5c500_0, 0;
    %pushi/vec4 0, 0, 11;
    %assign/vec4 v0x960d5ad00_0, 0;
    %pushi/vec4 0, 0, 2;
    %assign/vec4 v0x960d5aee0_0, 0;
    %jmp T_12.1;
T_12.0 ;
    %load/vec4 v0x960d5ae40_0;
    %nor/r;
    %flag_set/vec4 8;
    %jmp/0xz  T_12.2, 8;
    %load/vec4 v0x960d5a6c0_0;
    %parti/s 1, 0, 2;
    %flag_set/vec4 8;
    %jmp/0xz  T_12.4, 8;
    %pushi/vec4 1, 0, 1;
    %assign/vec4 v0x960d5ae40_0, 0;
    %pushi/vec4 0, 0, 1;
    %assign/vec4 v0x960d5ac60_0, 0;
    %ix/load 4, 0, 0;
    %flag_set/imm 4, 0;
    %load/vec4a v0x960d5a8a0, 4;
    %assign/vec4 v0x960d5abc0_0, 0;
    %pushi/vec4 1, 0, 1;
    %ix/load 5, 0, 0;
    %ix/load 4, 0, 0;
    %flag_set/imm 4, 0;
    %assign/vec4/off/d v0x960d5aee0_0, 4, 5;
    %pushi/vec4 0, 0, 3;
    %assign/vec4 v0x960d5c960_0, 0;
    %pushi/vec4 0, 0, 3;
    %assign/vec4 v0x960d5c8c0_0, 0;
    %pushi/vec4 0, 0, 5;
    %assign/vec4 v0x960d5c500_0, 0;
    %pushi/vec4 0, 0, 11;
    %assign/vec4 v0x960d5ad00_0, 0;
    %jmp T_12.5;
T_12.4 ;
    %load/vec4 v0x960d5a6c0_0;
    %parti/s 1, 1, 2;
    %flag_set/vec4 8;
    %jmp/0xz  T_12.6, 8;
    %pushi/vec4 1, 0, 1;
    %assign/vec4 v0x960d5ae40_0, 0;
    %pushi/vec4 1, 0, 1;
    %assign/vec4 v0x960d5ac60_0, 0;
    %ix/load 4, 1, 0;
    %flag_set/imm 4, 0;
    %load/vec4a v0x960d5a8a0, 4;
    %assign/vec4 v0x960d5abc0_0, 0;
    %pushi/vec4 1, 0, 1;
    %ix/load 5, 0, 0;
    %ix/load 4, 1, 0;
    %flag_set/imm 4, 0;
    %assign/vec4/off/d v0x960d5aee0_0, 4, 5;
    %pushi/vec4 0, 0, 3;
    %assign/vec4 v0x960d5c960_0, 0;
    %pushi/vec4 0, 0, 3;
    %assign/vec4 v0x960d5c8c0_0, 0;
    %pushi/vec4 0, 0, 5;
    %assign/vec4 v0x960d5c500_0, 0;
    %pushi/vec4 0, 0, 11;
    %assign/vec4 v0x960d5ad00_0, 0;
T_12.6 ;
T_12.5 ;
    %jmp T_12.3;
T_12.2 ;
    %load/vec4 v0x960d5ada0_0;
    %flag_set/vec4 8;
    %jmp/0xz  T_12.8, 8;
    %load/vec4 v0x960d5ad00_0;
    %pad/u 96;
    %cmpi/e 1023, 0, 96;
    %jmp/0xz  T_12.10, 4;
    %pushi/vec4 0, 0, 1;
    %assign/vec4 v0x960d5ae40_0, 0;
    %pushi/vec4 0, 0, 1;
    %ix/load 5, 0, 0;
    %ix/getv 4, v0x960d5ac60_0;
    %assign/vec4/off/d v0x960d5aee0_0, 4, 5;
    %pushi/vec4 0, 0, 11;
    %assign/vec4 v0x960d5ad00_0, 0;
    %jmp T_12.11;
T_12.10 ;
    %load/vec4 v0x960d5ad00_0;
    %addi 1, 0, 11;
    %assign/vec4 v0x960d5ad00_0, 0;
    %load/vec4 v0x960d5c500_0;
    %pad/u 32;
    %cmpi/e 15, 0, 32;
    %jmp/0xz  T_12.12, 4;
    %pushi/vec4 0, 0, 5;
    %assign/vec4 v0x960d5c500_0, 0;
    %load/vec4 v0x960d5c8c0_0;
    %pad/u 32;
    %cmpi/e 7, 0, 32;
    %jmp/0xz  T_12.14, 4;
    %pushi/vec4 0, 0, 3;
    %assign/vec4 v0x960d5c8c0_0, 0;
    %load/vec4 v0x960d5c960_0;
    %pad/u 32;
    %cmpi/e 7, 0, 32;
    %flag_mov 8, 4;
    %jmp/0 T_12.16, 8;
    %pushi/vec4 0, 0, 3;
    %jmp/1 T_12.17, 8;
T_12.16 ; End of true expr.
    %load/vec4 v0x960d5c960_0;
    %addi 1, 0, 3;
    %jmp/0 T_12.17, 8;
 ; End of false expr.
    %blend;
T_12.17;
    %assign/vec4 v0x960d5c960_0, 0;
    %jmp T_12.15;
T_12.14 ;
    %load/vec4 v0x960d5c8c0_0;
    %addi 1, 0, 3;
    %assign/vec4 v0x960d5c8c0_0, 0;
T_12.15 ;
    %jmp T_12.13;
T_12.12 ;
    %load/vec4 v0x960d5c500_0;
    %addi 1, 0, 5;
    %assign/vec4 v0x960d5c500_0, 0;
T_12.13 ;
T_12.11 ;
T_12.8 ;
T_12.3 ;
T_12.1 ;
    %jmp T_12;
    .thread T_12;
    .scope S_0x101338220;
T_13 ;
    %wait E_0x960d0a440;
    %load/vec4 v0x960d5cfa0_0;
    %nor/r;
    %flag_set/vec4 8;
    %jmp/0xz  T_13.0, 8;
    %pushi/vec4 0, 0, 6;
    %assign/vec4 v0x960d5c460_0, 0;
    %pushi/vec4 0, 0, 4;
    %assign/vec4 v0x960d5c320_0, 0;
    %pushi/vec4 0, 0, 5;
    %assign/vec4 v0x960d5c640_0, 0;
    %pushi/vec4 0, 0, 1;
    %assign/vec4 v0x960d5caa0_0, 0;
    %jmp T_13.1;
T_13.0 ;
    %load/vec4 v0x960d5c960_0;
    %pad/u 32;
    %muli 8, 0, 32;
    %load/vec4 v0x960d5c8c0_0;
    %pad/u 32;
    %add;
    %pad/u 6;
    %assign/vec4 v0x960d5c460_0, 0;
    %load/vec4 v0x960d5abc0_0;
    %assign/vec4 v0x960d5c320_0, 0;
    %load/vec4 v0x960d5c500_0;
    %assign/vec4 v0x960d5c640_0, 0;
    %load/vec4 v0x960d5ada0_0;
    %assign/vec4 v0x960d5caa0_0, 0;
T_13.1 ;
    %jmp T_13;
    .thread T_13;
    .scope S_0x101338220;
T_14 ;
    %wait E_0x960d0a440;
    %load/vec4 v0x960d5cfa0_0;
    %nor/r;
    %flag_set/vec4 8;
    %jmp/0xz  T_14.0, 8;
    %pushi/vec4 0, 0, 64;
    %assign/vec4 v0x960d5c820_0, 0;
    %pushi/vec4 0, 0, 6;
    %assign/vec4 v0x960d5c3c0_0, 0;
    %pushi/vec4 0, 0, 4;
    %assign/vec4 v0x960d5c280_0, 0;
    %pushi/vec4 0, 0, 5;
    %assign/vec4 v0x960d5c5a0_0, 0;
    %pushi/vec4 0, 0, 1;
    %assign/vec4 v0x960d5ca00_0, 0;
    %jmp T_14.1;
T_14.0 ;
    %load/vec4 v0x960d5ac60_0;
    %flag_set/vec4 8;
    %jmp/0 T_14.2, 8;
    %load/vec4 v0x960d5c780_0;
    %jmp/1 T_14.3, 8;
T_14.2 ; End of true expr.
    %load/vec4 v0x960d5c6e0_0;
    %jmp/0 T_14.3, 8;
 ; End of false expr.
    %blend;
T_14.3;
    %assign/vec4 v0x960d5c820_0, 0;
    %load/vec4 v0x960d5c460_0;
    %assign/vec4 v0x960d5c3c0_0, 0;
    %load/vec4 v0x960d5c320_0;
    %assign/vec4 v0x960d5c280_0, 0;
    %load/vec4 v0x960d5c640_0;
    %assign/vec4 v0x960d5c5a0_0, 0;
    %load/vec4 v0x960d5caa0_0;
    %assign/vec4 v0x960d5ca00_0, 0;
T_14.1 ;
    %jmp T_14;
    .thread T_14;
    .scope S_0x101338220;
T_15 ;
    %wait E_0x960d0a440;
    %load/vec4 v0x960d5cfa0_0;
    %nor/r;
    %flag_set/vec4 8;
    %jmp/0xz  T_15.0, 8;
    %pushi/vec4 0, 0, 2;
    %assign/vec4 v0x960d5d400_0, 0;
    %jmp T_15.1;
T_15.0 ;
    %load/vec4 v0x960d5ca00_0;
    %flag_set/vec4 8;
    %jmp/0xz  T_15.2, 8;
    %pushi/vec4 0, 0, 32;
    %store/vec4 v0x960d5be80_0, 0, 32;
T_15.4 ; Top of for-loop
    %load/vec4 v0x960d5be80_0;
    %cmpi/s 8, 0, 32;
	  %jmp/0xz T_15.5, 5;
    %load/vec4 v0x960d5c820_0;
    %load/vec4 v0x960d5be80_0;
    %muli 8, 0, 32;
    %part/s 8;
    %load/vec4 v0x960d5be80_0;
    %pad/s 39;
    %pad/s 45;
    %muli 64, 0, 45;
    %pad/s 46;
    %load/vec4 v0x960d5d400_0;
    %pad/u 9;
    %pad/u 13;
    %muli 16, 0, 13;
    %pad/u 46;
    %add;
    %pad/u 47;
    %load/vec4 v0x960d5c5a0_0;
    %pad/u 6;
    %pad/u 47;
    %add;
    %ix/vec4 3;
    %ix/load 4, 0, 0; Constant delay
    %assign/vec4/a/d v0x960d5d360, 0, 4;
T_15.6 ; for-loop step statement
    %load/vec4 v0x960d5be80_0;
    %addi 1, 0, 32;
    %store/vec4 v0x960d5be80_0, 0, 32;
    %jmp T_15.4;
T_15.5 ; for-loop exit label
    %load/vec4 v0x960d5c5a0_0;
    %pad/u 32;
    %cmpi/e 15, 0, 32;
    %jmp/0xz  T_15.7, 4;
    %load/vec4 v0x960d5d400_0;
    %pad/u 32;
    %cmpi/e 3, 0, 32;
    %flag_mov 8, 4;
    %jmp/0 T_15.9, 8;
    %pushi/vec4 0, 0, 2;
    %jmp/1 T_15.10, 8;
T_15.9 ; End of true expr.
    %load/vec4 v0x960d5d400_0;
    %addi 1, 0, 2;
    %jmp/0 T_15.10, 8;
 ; End of false expr.
    %blend;
T_15.10;
    %assign/vec4 v0x960d5d400_0, 0;
T_15.7 ;
T_15.2 ;
T_15.1 ;
    %jmp T_15;
    .thread T_15;
    .scope S_0x101338220;
T_16 ;
    %wait E_0x960d0a440;
    %load/vec4 v0x960d5cfa0_0;
    %nor/r;
    %flag_set/vec4 8;
    %jmp/0xz  T_16.0, 8;
    %pushi/vec4 0, 0, 6;
    %assign/vec4 v0x960d5ce60_0, 0;
    %pushi/vec4 0, 0, 6;
    %assign/vec4 v0x960d5cdc0_0, 0;
    %pushi/vec4 0, 0, 6;
    %assign/vec4 v0x960d5cb40_0, 0;
    %pushi/vec4 0, 0, 15;
    %assign/vec4 v0x960d5db80_0, 0;
    %jmp T_16.1;
T_16.0 ;
    %load/vec4 v0x960d5ca00_0;
    %flag_set/vec4 9;
    %flag_get/vec4 9;
    %jmp/0 T_16.3, 9;
    %load/vec4 v0x960d5c5a0_0;
    %pad/u 32;
    %pushi/vec4 15, 0, 32;
    %cmp/e;
    %flag_get/vec4 4;
    %and;
T_16.3;
    %flag_set/vec4 8;
    %flag_get/vec4 8;
    %jmp/0 T_16.2, 8;
    %load/vec4 v0x960d5cb40_0;
    %pad/u 32;
    %cmpi/u 24, 0, 32;
    %flag_get/vec4 4;
    %flag_get/vec4 5;
    %or;
    %and;
T_16.2;
    %store/vec4 v0x960d5c000_0, 0, 1;
    %load/vec4 v0x960d5ca00_0;
    %flag_set/vec4 10;
    %flag_get/vec4 10;
    %jmp/0 T_16.7, 10;
    %load/vec4 v0x960d5c5a0_0;
    %pad/u 32;
    %pushi/vec4 15, 0, 32;
    %cmp/e;
    %flag_get/vec4 4;
    %and;
T_16.7;
    %flag_set/vec4 9;
    %flag_get/vec4 9;
    %jmp/0 T_16.6, 9;
    %pushi/vec4 24, 0, 32;
    %load/vec4 v0x960d5cb40_0;
    %pad/u 32;
    %cmp/u;
    %flag_get/vec4 5;
    %and;
T_16.6;
    %flag_set/vec4 8;
    %jmp/0xz  T_16.4, 8;
    %vpi_call/w 4 335 "$error", "alg9: push \345\256\271\351\207\217\351\227\250\346\216\247\350\247\246\345\217\221(drain \350\212\202\346\265\201\345\244\261\346\225\210?), req_cnt=%0d", v0x960d5cb40_0 {0 0 0};
T_16.4 ;
    %load/vec4 v0x960d5e080_0;
    %flag_set/vec4 8;
    %flag_get/vec4 8;
    %jmp/0 T_16.8, 8;
    %load/vec4 v0x960d5cbe0_0;
    %nor/r;
    %and;
T_16.8;
    %store/vec4 v0x960d5bf20_0, 0, 1;
    %load/vec4 v0x960d5c000_0;
    %flag_set/vec4 8;
    %jmp/0xz  T_16.9, 8;
    %pushi/vec4 0, 0, 32;
    %store/vec4 v0x960d5be80_0, 0, 32;
T_16.11 ; Top of for-loop
    %load/vec4 v0x960d5be80_0;
    %cmpi/s 8, 0, 32;
	  %jmp/0xz T_16.12, 5;
    %load/vec4 v0x960d5d400_0;
    %load/vec4 v0x960d5be80_0;
    %parti/s 3, 0, 2;
    %concat/vec4; draw_concat_vec4
    %load/vec4 v0x960d5c3c0_0;
    %concat/vec4; draw_concat_vec4
    %load/vec4 v0x960d5c280_0;
    %concat/vec4; draw_concat_vec4
    %load/vec4 v0x960d5ce60_0;
    %pad/u 32;
    %load/vec4 v0x960d5be80_0;
    %add;
    %pushi/vec4 32, 0, 32;
    %mod;
    %ix/vec4 3;
    %ix/load 4, 0, 0; Constant delay
    %assign/vec4/a/d v0x960d5cc80, 0, 4;
T_16.13 ; for-loop step statement
    %load/vec4 v0x960d5be80_0;
    %addi 1, 0, 32;
    %store/vec4 v0x960d5be80_0, 0, 32;
    %jmp T_16.11;
T_16.12 ; for-loop exit label
    %load/vec4 v0x960d5ce60_0;
    %addi 8, 0, 6;
    %assign/vec4 v0x960d5ce60_0, 0;
T_16.9 ;
    %load/vec4 v0x960d5bf20_0;
    %flag_set/vec4 8;
    %jmp/0xz  T_16.14, 8;
    %load/vec4 v0x960d5cdc0_0;
    %addi 1, 0, 6;
    %assign/vec4 v0x960d5cdc0_0, 0;
    %load/vec4 v0x960d5cdc0_0;
    %pad/u 32;
    %pushi/vec4 32, 0, 32;
    %mod;
    %ix/vec4 4;
    %load/vec4a v0x960d5cc80, 4;
    %assign/vec4 v0x960d5db80_0, 0;
T_16.14 ;
    %load/vec4 v0x960d5cb40_0;
    %load/vec4 v0x960d5c000_0;
    %flag_set/vec4 8;
    %jmp/0 T_16.16, 8;
    %pushi/vec4 8, 0, 6;
    %jmp/1 T_16.17, 8;
T_16.16 ; End of true expr.
    %pushi/vec4 0, 0, 6;
    %jmp/0 T_16.17, 8;
 ; End of false expr.
    %blend;
T_16.17;
    %add;
    %load/vec4 v0x960d5bf20_0;
    %flag_set/vec4 8;
    %jmp/0 T_16.18, 8;
    %pushi/vec4 1, 0, 6;
    %jmp/1 T_16.19, 8;
T_16.18 ; End of true expr.
    %pushi/vec4 0, 0, 6;
    %jmp/0 T_16.19, 8;
 ; End of false expr.
    %blend;
T_16.19;
    %sub;
    %assign/vec4 v0x960d5cb40_0, 0;
T_16.1 ;
    %jmp T_16;
    .thread T_16;
    .scope S_0x101338220;
T_17 ;
    %wait E_0x960d0a440;
    %load/vec4 v0x960d5cfa0_0;
    %nor/r;
    %flag_set/vec4 8;
    %jmp/0xz  T_17.0, 8;
    %pushi/vec4 0, 0, 3;
    %assign/vec4 v0x960d5e120_0, 0;
    %pushi/vec4 0, 0, 8;
    %assign/vec4 v0x960d5dfe0_0, 0;
    %pushi/vec4 0, 0, 1;
    %assign/vec4 v0x960d5e080_0, 0;
    %jmp T_17.1;
T_17.0 ;
    %load/vec4 v0x960d5e120_0;
    %dup/vec4;
    %pushi/vec4 0, 0, 3;
    %cmp/u;
    %jmp/1 T_17.2, 6;
    %dup/vec4;
    %pushi/vec4 1, 0, 3;
    %cmp/u;
    %jmp/1 T_17.3, 6;
    %dup/vec4;
    %pushi/vec4 2, 0, 3;
    %cmp/u;
    %jmp/1 T_17.4, 6;
    %dup/vec4;
    %pushi/vec4 3, 0, 3;
    %cmp/u;
    %jmp/1 T_17.5, 6;
    %pushi/vec4 0, 0, 3;
    %assign/vec4 v0x960d5e120_0, 0;
    %jmp T_17.7;
T_17.2 ;
    %pushi/vec4 0, 0, 1;
    %assign/vec4 v0x960d5e080_0, 0;
    %load/vec4 v0x960d5cbe0_0;
    %nor/r;
    %flag_set/vec4 8;
    %jmp/0xz  T_17.8, 8;
    %pushi/vec4 1, 0, 1;
    %assign/vec4 v0x960d5e080_0, 0;
    %pushi/vec4 0, 0, 8;
    %assign/vec4 v0x960d5dfe0_0, 0;
    %pushi/vec4 1, 0, 3;
    %assign/vec4 v0x960d5e120_0, 0;
T_17.8 ;
    %jmp T_17.7;
T_17.3 ;
    %pushi/vec4 0, 0, 1;
    %assign/vec4 v0x960d5e080_0, 0;
    %load/vec4 v0x960d5b840_0;
    %flag_set/vec4 8;
    %jmp/0xz  T_17.10, 8;
    %pushi/vec4 2, 0, 3;
    %assign/vec4 v0x960d5e120_0, 0;
T_17.10 ;
    %jmp T_17.7;
T_17.4 ;
    %load/vec4 v0x960d5bca0_0;
    %flag_set/vec4 8;
    %jmp/0xz  T_17.12, 8;
    %load/vec4 v0x960d5dfe0_0;
    %pad/u 33;
    %cmpi/e 1, 0, 33;
    %jmp/0xz  T_17.14, 4;
    %pushi/vec4 3, 0, 3;
    %assign/vec4 v0x960d5e120_0, 0;
    %jmp T_17.15;
T_17.14 ;
    %load/vec4 v0x960d5dfe0_0;
    %addi 1, 0, 8;
    %assign/vec4 v0x960d5dfe0_0, 0;
T_17.15 ;
T_17.12 ;
    %jmp T_17.7;
T_17.5 ;
    %load/vec4 v0x960d5bac0_0;
    %flag_set/vec4 8;
    %jmp/0xz  T_17.16, 8;
    %pushi/vec4 0, 0, 3;
    %assign/vec4 v0x960d5e120_0, 0;
T_17.16 ;
    %jmp T_17.7;
T_17.7 ;
    %pop/vec4 1;
T_17.1 ;
    %jmp T_17;
    .thread T_17;
    .scope S_0x101338220;
T_18 ;
    %wait E_0x960d0a4c0;
    %pushi/vec4 0, 0, 32;
    %store/vec4 v0x960d5de00_0, 0, 32;
T_18.0 ; Top of for-loop
    %load/vec4 v0x960d5de00_0;
    %cmpi/s 8, 0, 32;
	  %jmp/0xz T_18.1, 5;
    %load/vec4 v0x960d5dfe0_0;
    %pad/u 32;
    %muli 8, 0, 32;
    %load/vec4 v0x960d5de00_0;
    %add;
    %cmpi/u 16, 0, 32;
    %jmp/0xz  T_18.3, 5;
    %load/vec4 v0x960d5dae0_0;
    %pad/u 12;
    %pad/u 18;
    %muli 64, 0, 18;
    %pad/u 19;
    %load/vec4 v0x960d5dc20_0;
    %pad/u 9;
    %pad/u 13;
    %muli 16, 0, 13;
    %pad/u 19;
    %add;
    %pad/u 20;
    %load/vec4 v0x960d5dfe0_0;
    %pad/u 32;
    %muli 8, 0, 32;
    %load/vec4 v0x960d5de00_0;
    %add;
    %pad/u 20;
    %add;
    %ix/vec4 4;
    %load/vec4a v0x960d5d360, 4;
    %load/vec4 v0x960d5de00_0;
    %muli 8, 0, 32;
    %ix/vec4/s 4;
    %store/vec4 v0x960d5dea0_0, 4, 8;
    %jmp T_18.4;
T_18.3 ;
    %pushi/vec4 0, 0, 8;
    %load/vec4 v0x960d5de00_0;
    %muli 8, 0, 32;
    %ix/vec4/s 4;
    %store/vec4 v0x960d5dea0_0, 4, 8;
T_18.4 ;
T_18.2 ; for-loop step statement
    %load/vec4 v0x960d5de00_0;
    %addi 1, 0, 32;
    %store/vec4 v0x960d5de00_0, 0, 32;
    %jmp T_18.0;
T_18.1 ; for-loop exit label
    %jmp T_18;
    .thread T_18, $push;
    .scope S_0x101338220;
T_19 ;
    %wait E_0x960d0a480;
    %pushi/vec4 255, 0, 8;
    %store/vec4 v0x960d5e1c0_0, 0, 8;
    %load/vec4 v0x960d5dfe0_0;
    %pad/u 33;
    %cmpi/e 1, 0, 33;
    %jmp/0xz  T_19.0, 4;
    %pushi/vec4 0, 0, 32;
    %store/vec4 v0x960d5de00_0, 0, 32;
T_19.2 ; Top of for-loop
    %load/vec4 v0x960d5de00_0;
    %cmpi/s 8, 0, 32;
	  %jmp/0xz T_19.3, 5;
    %load/vec4 v0x960d5dfe0_0;
    %pad/u 32;
    %muli 8, 0, 32;
    %load/vec4 v0x960d5de00_0;
    %add;
    %cmpi/u 16, 0, 32;
    %flag_inv 5; GE is !LT
    %jmp/0xz  T_19.5, 5;
    %pushi/vec4 0, 0, 1;
    %ix/getv/s 4, v0x960d5de00_0;
    %store/vec4 v0x960d5e1c0_0, 4, 1;
T_19.5 ;
T_19.4 ; for-loop step statement
    %load/vec4 v0x960d5de00_0;
    %addi 1, 0, 32;
    %store/vec4 v0x960d5de00_0, 0, 32;
    %jmp T_19.2;
T_19.3 ; for-loop exit label
T_19.0 ;
    %jmp T_19;
    .thread T_19, $push;
    .scope S_0x101338220;
T_20 ;
    %wait E_0x960d0a440;
    %load/vec4 v0x960d5cfa0_0;
    %nor/r;
    %flag_set/vec4 8;
    %jmp/0xz  T_20.0, 8;
    %pushi/vec4 0, 0, 1;
    %assign/vec4 v0x960d5ab20_0, 0;
    %jmp T_20.1;
T_20.0 ;
    %load/vec4 v0x960d5b520_0;
    %flag_set/vec4 8;
    %jmp/0xz  T_20.2, 8;
    %pushi/vec4 0, 0, 1;
    %assign/vec4 v0x960d5ab20_0, 0;
    %jmp T_20.3;
T_20.2 ;
    %load/vec4 v0x960d5b2a0_0;
    %nor/r;
    %flag_set/vec4 13;
    %flag_get/vec4 13;
    %jmp/0 T_20.10, 13;
    %load/vec4 v0x960d5ae40_0;
    %nor/r;
    %and;
T_20.10;
    %flag_set/vec4 12;
    %flag_get/vec4 12;
    %jmp/0 T_20.9, 12;
    %load/vec4 v0x960d5a6c0_0;
    %pushi/vec4 0, 0, 2;
    %cmp/e;
    %flag_get/vec4 4;
    %and;
T_20.9;
    %flag_set/vec4 11;
    %flag_get/vec4 11;
    %jmp/0 T_20.8, 11;
    %load/vec4 v0x960d5cbe0_0;
    %and;
T_20.8;
    %flag_set/vec4 10;
    %flag_get/vec4 10;
    %jmp/0 T_20.7, 10;
    %load/vec4 v0x960d5e120_0;
    %pushi/vec4 0, 0, 3;
    %cmp/e;
    %flag_get/vec4 4;
    %and;
T_20.7;
    %flag_set/vec4 9;
    %flag_get/vec4 9;
    %jmp/0 T_20.6, 9;
    %load/vec4 v0x960d5b480_0;
    %and;
T_20.6;
    %flag_set/vec4 8;
    %jmp/0xz  T_20.4, 8;
    %pushi/vec4 1, 0, 1;
    %assign/vec4 v0x960d5ab20_0, 0;
T_20.4 ;
T_20.3 ;
T_20.1 ;
    %jmp T_20;
    .thread T_20;
    .scope S_0x960cb0000;
T_21 ;
    %vpi_call/w 3 64 "$readmemh", "similarity_lut.mem", v0x960d5e4e0 {0 0 0};
    %end;
    .thread T_21;
    .scope S_0x960cb0000;
T_22 ;
    %delay 5000, 0;
    %load/vec4 v0x960d5e8a0_0;
    %inv;
    %store/vec4 v0x960d5e8a0_0, 0, 1;
    %jmp T_22;
    .thread T_22;
    .scope S_0x960cb0000;
T_23 ;
    %wait E_0x960d0a440;
    %load/vec4 v0x960d5fa20_0;
    %nor/r;
    %flag_set/vec4 8;
    %jmp/0xz  T_23.0, 8;
    %pushi/vec4 0, 0, 1;
    %assign/vec4 v0x960d5e620_0, 0;
    %jmp T_23.1;
T_23.0 ;
    %load/vec4 v0x960d5f660_0;
    %flag_set/vec4 10;
    %flag_get/vec4 10;
    %jmp/0 T_23.5, 10;
    %load/vec4 v0x960d5f520_0;
    %and;
T_23.5;
    %flag_set/vec4 9;
    %flag_get/vec4 9;
    %jmp/0 T_23.4, 9;
    %load/vec4 v0x960d5f480_0;
    %and;
T_23.4;
    %flag_set/vec4 8;
    %jmp/0xz  T_23.2, 8;
    %pushi/vec4 1, 0, 1;
    %assign/vec4 v0x960d5e620_0, 0;
    %jmp T_23.3;
T_23.2 ;
    %load/vec4 v0x960d5f340_0;
    %flag_set/vec4 8;
    %jmp/0xz  T_23.6, 8;
    %pushi/vec4 0, 0, 1;
    %assign/vec4 v0x960d5e620_0, 0;
T_23.6 ;
T_23.3 ;
T_23.1 ;
    %jmp T_23;
    .thread T_23;
    .scope S_0x960cb0000;
T_24 ;
    %pushi/vec4 0, 0, 1;
    %store/vec4 v0x960d5e8a0_0, 0, 1;
    %pushi/vec4 0, 0, 1;
    %store/vec4 v0x960d5fa20_0, 0, 1;
    %pushi/vec4 0, 0, 1;
    %store/vec4 v0x960d5fd40_0, 0, 1;
    %pushi/vec4 0, 0, 8;
    %store/vec4 v0x960d5fac0_0, 0, 8;
    %pushi/vec4 0, 0, 1;
    %store/vec4 v0x960d5fca0_0, 0, 1;
    %pushi/vec4 0, 0, 1;
    %store/vec4 v0x960d5fb60_0, 0, 1;
    %pushi/vec4 0, 0, 6;
    %store/vec4 v0x960d5e6c0_0, 0, 6;
    %pushi/vec4 0, 0, 1;
    %store/vec4 v0x960d5e620_0, 0, 1;
    %pushi/vec4 0, 0, 32;
    %store/vec4 v0x960d5ea80_0, 0, 32;
    %pushi/vec4 0, 0, 32;
    %store/vec4 v0x960d5fde0_0, 0, 32;
    %pushi/vec4 0, 0, 32;
    %store/vec4 v0x960d5f7a0_0, 0, 32;
    %fork TD_tb_sbm_alg9_cosim.fill_img, S_0x9610d4900;
    %join;
    %delay 100000, 0;
    %pushi/vec4 1, 0, 1;
    %store/vec4 v0x960d5fa20_0, 0, 1;
    %fork TD_tb_sbm_alg9_cosim.send_frame, S_0x9610d4a80;
    %join;
    %fork t_1, S_0x9610d4d80;
    %jmp t_0;
    .scope S_0x9610d4d80;
t_1 ;
    %pushi/vec4 0, 0, 32;
    %store/vec4 v0x960d5e440_0, 0, 32;
T_24.0 ;
    %load/vec4 v0x960d5b5c0_0;
    %nor/r;
    %flag_set/vec4 9;
    %flag_get/vec4 9;
    %jmp/0 T_24.2, 9;
    %load/vec4 v0x960d5e440_0;
    %cmpi/s 2000000, 0, 32;
    %flag_get/vec4 5;
    %and;
T_24.2;
    %flag_set/vec4 8;
    %jmp/0xz T_24.1, 8;
    %wait E_0x960d0a500;
    %load/vec4 v0x960d5e440_0;
    %addi 1, 0, 32;
    %store/vec4 v0x960d5e440_0, 0, 32;
    %jmp T_24.0;
T_24.1 ;
    %load/vec4 v0x960d5b5c0_0;
    %nor/r;
    %flag_set/vec4 8;
    %jmp/0xz  T_24.3, 8;
    %vpi_call/w 3 142 "$display", "WARNING: irq_done \346\234\252\347\275\256\344\275\215, wcnt=%0d", v0x960d5e440_0 {0 0 0};
T_24.3 ;
    %pushi/vec4 200, 0, 32;
T_24.5 %dup/vec4;
    %cmpi/s 0, 0, 32;
    %jmp/1xz T_24.6, 5;
    %jmp/1 T_24.6, 4;
    %subi 1, 0, 32;
    %wait E_0x960d0a500;
    %jmp T_24.5;
T_24.6 ;
    %pop/vec4 1;
    %end;
    .scope S_0x960cb0000;
t_0 %join;
    %vpi_call/w 3 145 "$display", "AXI writes: tot=%0d err=%0d oob=%0d  expected=%0d", v0x960d5fde0_0, v0x960d5ea80_0, v0x960d5f7a0_0, 160'sb0000000000000000000000000000000000000000000000000000000000000000000000000000000000000000000000000000000000000000000000000000000000000000000000010000000000000000 {0 0 0};
    %load/vec4 v0x960d5ea80_0;
    %cmpi/e 0, 0, 32;
    %flag_get/vec4 4;
    %jmp/0 T_24.10, 4;
    %load/vec4 v0x960d5f7a0_0;
    %pushi/vec4 0, 0, 32;
    %cmp/e;
    %flag_get/vec4 4;
    %and;
T_24.10;
    %flag_set/vec4 9;
    %flag_get/vec4 9;
    %jmp/0 T_24.9, 9;
    %load/vec4 v0x960d5fde0_0;
    %pad/s 160;
    %pushi/vec4 65536, 0, 160;
    %cmp/e;
    %flag_get/vec4 4;
    %and;
T_24.9;
    %flag_set/vec4 8;
    %jmp/0xz  T_24.7, 8;
    %vpi_call/w 3 147 "$display", "RESULT: PASS (alg9 F4 response-map layout matches alg11 readback)" {0 0 0};
    %jmp T_24.8;
T_24.7 ;
    %vpi_call/w 3 149 "$display", "RESULT: FAIL (alg9 F4, err=%0d oob=%0d tot=%0d exp=%0d)", v0x960d5ea80_0, v0x960d5f7a0_0, v0x960d5fde0_0, 160'sb0000000000000000000000000000000000000000000000000000000000000000000000000000000000000000000000000000000000000000000000000000000000000000000000010000000000000000 {0 0 0};
T_24.8 ;
    %vpi_call/w 3 150 "$finish" {0 0 0};
    %end;
    .thread T_24;
    .scope S_0x960cb0000;
T_25 ;
    %wait E_0x960d0a440;
    %load/vec4 v0x960d5fa20_0;
    %nor/r;
    %flag_set/vec4 8;
    %jmp/0xz  T_25.0, 8;
    %pushi/vec4 0, 0, 6;
    %assign/vec4 v0x960d5e6c0_0, 0;
    %jmp T_25.1;
T_25.0 ;
    %load/vec4 v0x960d5f660_0;
    %flag_set/vec4 9;
    %flag_get/vec4 9;
    %jmp/0 T_25.4, 9;
    %load/vec4 v0x960d5f520_0;
    %and;
T_25.4;
    %flag_set/vec4 8;
    %jmp/0xz  T_25.2, 8;
    %load/vec4 v0x960d5f480_0;
    %flag_set/vec4 8;
    %jmp/0xz  T_25.5, 8;
    %pushi/vec4 0, 0, 6;
    %assign/vec4 v0x960d5e6c0_0, 0;
    %jmp T_25.6;
T_25.5 ;
    %load/vec4 v0x960d5e6c0_0;
    %addi 1, 0, 6;
    %assign/vec4 v0x960d5e6c0_0, 0;
T_25.6 ;
T_25.2 ;
T_25.1 ;
    %jmp T_25;
    .thread T_25;
    .scope S_0x960cb0000;
T_26 ;
    %wait E_0x960d0a500;
    %load/vec4 v0x960d5f660_0;
    %flag_set/vec4 9;
    %flag_get/vec4 9;
    %jmp/0 T_26.2, 9;
    %load/vec4 v0x960d5f520_0;
    %and;
T_26.2;
    %flag_set/vec4 8;
    %jmp/0xz  T_26.0, 8;
    %load/vec4 v0x960d5e6c0_0;
    %cmpi/e 0, 0, 6;
    %flag_get/vec4 4;
    %jmp/0 T_26.5, 4;
    %load/vec4 v0x960d5eee0_0;
    %parti/s 3, 0, 2;
    %cmpi/ne 0, 0, 3;
    %flag_get/vec4 6;
    %jmp/1 T_26.6, 6;
    %load/vec4 v0x960d5f160_0;
    %pushi/vec4 3, 0, 3;
    %cmp/ne;
    %flag_get/vec4 6;
    %or;
T_26.6;
    %and;
T_26.5;
    %flag_set/vec4 8;
    %jmp/0xz  T_26.3, 8;
    %vpi_call/w 3 166 "$display", "  AXI ALIGN ERR: awaddr=%08X awsize=%0d", v0x960d5eee0_0, v0x960d5f160_0 {0 0 0};
    %load/vec4 v0x960d5ea80_0;
    %addi 1, 0, 32;
    %store/vec4 v0x960d5ea80_0, 0, 32;
T_26.3 ;
    %load/vec4 v0x960d5eee0_0;
    %xor/r;
    %cmpi/e 1, 1, 1;
    %jmp/1 T_26.9, 6;
    %flag_mov 8, 6;
    %load/vec4 v0x960d5f3e0_0;
    %xor/r;
    %cmpi/e 1, 1, 1;
    %flag_or 6, 8;
T_26.9;
    %jmp/0xz  T_26.7, 6;
    %load/vec4 v0x960d5ea80_0;
    %addi 8, 0, 32;
    %store/vec4 v0x960d5ea80_0, 0, 32;
    %jmp T_26.8;
T_26.7 ;
    %pushi/vec4 0, 0, 32;
    %store/vec4 v0x960d5ed00_0, 0, 32;
T_26.10 ; Top of for-loop
    %load/vec4 v0x960d5ed00_0;
    %cmpi/s 8, 0, 32;
	  %jmp/0xz T_26.11, 5;
    %load/vec4 v0x960d5f5c0_0;
    %load/vec4 v0x960d5ed00_0;
    %part/s 1;
    %nor/r;
    %flag_set/vec4 8;
    %jmp/0xz  T_26.13, 8;
    %jmp T_26.14;
T_26.13 ;
    %load/vec4 v0x960d5eee0_0;
    %subi 134217728, 0, 32;
    %load/vec4 v0x960d5e6c0_0;
    %pad/u 32;
    %muli 8, 0, 32;
    %add;
    %load/vec4 v0x960d5ed00_0;
    %add;
    %store/vec4 v0x960d5e940_0, 0, 32;
    %load/vec4 v0x960d5e940_0;
    %pad/s 64;
    %pushi/vec4 8192, 0, 64;
    %div/s;
    %pad/s 32;
    %store/vec4 v0x960d5f840_0, 0, 32;
    %load/vec4 v0x960d5e940_0;
    %pad/s 64;
    %pushi/vec4 8192, 0, 64;
    %mod/s;
    %pad/s 32;
    %store/vec4 v0x960d5f980_0, 0, 32;
    %load/vec4 v0x960d5f980_0;
    %pad/s 64;
    %pushi/vec4 128, 0, 64;
    %div/s;
    %pad/s 32;
    %store/vec4 v0x960d5e760_0, 0, 32;
    %load/vec4 v0x960d5f980_0;
    %pad/s 64;
    %pushi/vec4 128, 0, 64;
    %mod/s;
    %pad/s 32;
    %store/vec4 v0x960d5f8e0_0, 0, 32;
    %load/vec4 v0x960d5f8e0_0;
    %pushi/vec4 16, 0, 32;
    %div/s;
    %store/vec4 v0x960d5e800_0, 0, 32;
    %load/vec4 v0x960d5e6c0_0;
    %pad/u 32;
    %muli 8, 0, 32;
    %load/vec4 v0x960d5ed00_0;
    %add;
    %store/vec4 v0x960d5e9e0_0, 0, 32;
    %load/vec4 v0x960d5e800_0;
    %muli 8, 0, 32;
    %load/vec4 v0x960d5e760_0;
    %pushi/vec4 8, 0, 32;
    %div/s;
    %add;
    %store/vec4 v0x960d5ff20_0, 0, 32;
    %load/vec4 v0x960d5e9e0_0;
    %muli 8, 0, 32;
    %load/vec4 v0x960d5e760_0;
    %pushi/vec4 8, 0, 32;
    %mod/s;
    %add;
    %store/vec4 v0x960d5fe80_0, 0, 32;
    %load/vec4 v0x960d5ff20_0;
    %pad/s 45;
    %pad/s 57;
    %muli 4096, 0, 57;
    %pad/s 58;
    %load/vec4 v0x960d5fe80_0;
    %pad/s 58;
    %add;
    %ix/vec4/s 4;
    %load/vec4a v0x960d5ebc0, 4;
    %parti/s 4, 0, 2;
    %pad/u 32;
    %store/vec4 v0x960d5ee40_0, 0, 32;
    %load/vec4 v0x960d5ff20_0;
    %pad/s 45;
    %pad/s 57;
    %muli 4096, 0, 57;
    %pad/s 58;
    %load/vec4 v0x960d5fe80_0;
    %pad/s 58;
    %add;
    %ix/vec4/s 4;
    %load/vec4a v0x960d5ebc0, 4;
    %parti/s 4, 4, 4;
    %pad/u 32;
    %store/vec4 v0x960d5f700_0, 0, 32;
    %load/vec4 v0x960d5f840_0;
    %muli 32, 0, 32;
    %addi 16, 0, 32;
    %load/vec4 v0x960d5f700_0;
    %add;
    %ix/vec4/s 4;
    %load/vec4a v0x960d5e4e0, 4;
    %load/vec4 v0x960d5f840_0;
    %muli 32, 0, 32;
    %load/vec4 v0x960d5ee40_0;
    %add;
    %ix/vec4/s 4;
    %load/vec4a v0x960d5e4e0, 4;
    %cmp/u;
    %flag_mov 8, 5;
    %jmp/0 T_26.15, 8;
    %load/vec4 v0x960d5f840_0;
    %muli 32, 0, 32;
    %load/vec4 v0x960d5ee40_0;
    %add;
    %ix/vec4/s 4;
    %load/vec4a v0x960d5e4e0, 4;
    %pad/u 32;
    %jmp/1 T_26.16, 8;
T_26.15 ; End of true expr.
    %load/vec4 v0x960d5f840_0;
    %muli 32, 0, 32;
    %addi 16, 0, 32;
    %load/vec4 v0x960d5f700_0;
    %add;
    %ix/vec4/s 4;
    %load/vec4a v0x960d5e4e0, 4;
    %pad/u 32;
    %jmp/0 T_26.16, 8;
 ; End of false expr.
    %blend;
T_26.16;
    %store/vec4 v0x960d5eb20_0, 0, 32;
    %load/vec4 v0x960d5f3e0_0;
    %load/vec4 v0x960d5ed00_0;
    %muli 8, 0, 32;
    %part/s 8;
    %pad/u 32;
    %store/vec4 v0x960d5e580_0, 0, 32;
    %load/vec4 v0x960d5fde0_0;
    %addi 1, 0, 32;
    %store/vec4 v0x960d5fde0_0, 0, 32;
    %load/vec4 v0x960d5f840_0;
    %cmpi/s 7, 0, 32;
    %flag_or 5, 4; GT is !LE
    %flag_inv 5;
    %jmp/1 T_26.22, 5;
    %flag_mov 8, 5;
    %load/vec4 v0x960d5e760_0;
    %cmpi/s 63, 0, 32;
    %flag_or 5, 4; GT is !LE
    %flag_inv 5;
    %flag_or 5, 8;
T_26.22;
    %jmp/1 T_26.21, 5;
    %flag_mov 8, 5;
    %load/vec4 v0x960d5e800_0;
    %cmpi/s 7, 0, 32;
    %flag_or 5, 4; GT is !LE
    %flag_inv 5;
    %flag_or 5, 8;
T_26.21;
    %jmp/1 T_26.20, 5;
    %flag_mov 8, 5;
    %load/vec4 v0x960d5e9e0_0;
    %cmpi/s 15, 0, 32;
    %flag_or 5, 4; GT is !LE
    %flag_inv 5;
    %flag_or 5, 8;
T_26.20;
    %jmp/1 T_26.19, 5;
    %flag_mov 8, 5;
    %load/vec4 v0x960d5eee0_0;
    %cmpi/u 134217728, 0, 32;
    %flag_or 5, 8;
T_26.19;
    %jmp/0xz  T_26.17, 5;
    %load/vec4 v0x960d5f7a0_0;
    %addi 1, 0, 32;
    %store/vec4 v0x960d5f7a0_0, 0, 32;
    %jmp T_26.18;
T_26.17 ;
    %load/vec4 v0x960d5eb20_0;
    %load/vec4 v0x960d5e580_0;
    %cmp/ne;
    %jmp/0xz  T_26.23, 4;
    %load/vec4 v0x960d5ea80_0;
    %cmpi/s 12, 0, 32;
    %jmp/0xz  T_26.25, 5;
    %vpi_call/w 3 193 "$display", "  ERR cell=%0d ori=%0d blk=%0d bnd=%0d cx=%0d (y=%0d,x=%0d) exp=%02X act=%02X", v0x960d5e940_0, v0x960d5f840_0, v0x960d5e760_0, v0x960d5e800_0, v0x960d5e9e0_0, v0x960d5ff20_0, v0x960d5fe80_0, v0x960d5eb20_0, v0x960d5e580_0 {0 0 0};
T_26.25 ;
    %load/vec4 v0x960d5ea80_0;
    %addi 1, 0, 32;
    %store/vec4 v0x960d5ea80_0, 0, 32;
T_26.23 ;
T_26.18 ;
T_26.14 ;
T_26.12 ; for-loop step statement
    %load/vec4 v0x960d5ed00_0;
    %addi 1, 0, 32;
    %store/vec4 v0x960d5ed00_0, 0, 32;
    %jmp T_26.10;
T_26.11 ; for-loop exit label
T_26.8 ;
T_26.0 ;
    %jmp T_26;
    .thread T_26;
# The file index is used to find the file name in the following table.
:file_names 6;
    "N/A";
    "<interactive>";
    "-";
    "tb_sbm_alg9_cosim.v";
    "sbm_alg9_lut.v";
    "xpm_memory_sdpram_beh.v";
