#! /opt/homebrew/Cellar/icarus-verilog/13.0/bin/vvp
:ivl_version "13.0 (stable)" "(v13_0)";
:ivl_delay_selection "TYPICAL";
:vpi_time_precision - 12;
:vpi_module "/opt/homebrew/Cellar/icarus-verilog/13.0/lib/ivl/system.vpi";
:vpi_module "/opt/homebrew/Cellar/icarus-verilog/13.0/lib/ivl/vhdl_sys.vpi";
:vpi_module "/opt/homebrew/Cellar/icarus-verilog/13.0/lib/ivl/vhdl_textio.vpi";
:vpi_module "/opt/homebrew/Cellar/icarus-verilog/13.0/lib/ivl/v2005_math.vpi";
:vpi_module "/opt/homebrew/Cellar/icarus-verilog/13.0/lib/ivl/va_math.vpi";
:vpi_module "/opt/homebrew/Cellar/icarus-verilog/13.0/lib/ivl/v2009.vpi";
S_0xbb5030000 .scope package, "$unit" "$unit" 2 1;
 .timescale 0 0;
S_0xbb5030180 .scope module, "tb_sbm_alg9_cosim" "tb_sbm_alg9_cosim" 3 24;
 .timescale -9 -12;
P_0xbb4d20000 .param/l "CELLS" 1 3 32, +C4<0000000000000000000000000000000000000000000000000000000001000000>;
P_0xbb4d20040 .param/l "FRAMES" 1 3 36, +C4<00000000000000000000000000000010>;
P_0xbb4d20080 .param/l "HC" 1 3 31, +C4<00000000000000000000000000001000>;
P_0xbb4d200c0 .param/l "IMG_H" 0 3 26, +C4<00000000000000000000000001000000>;
P_0xbb4d20100 .param/l "IMG_W" 0 3 25, +C4<00000000000000000000000001000000>;
P_0xbb4d20140 .param/l "RESP_BASE" 0 3 28, C4<00001000000000000000000000000000>;
P_0xbb4d20180 .param/l "SEG_BEATS" 1 3 33, +C4<000000000000000000000000000000001>;
P_0xbb4d201c0 .param/l "T" 0 3 27, +C4<00000000000000000000000000001000>;
P_0xbb4d20200 .param/l "TOT_BYTES" 1 3 34, +C4<0000000000000000000000000000000000000000000000000000000000000000000000000000000000000000000000000000000000000000000000000000000000000000000000001000000000000000>;
P_0xbb4d20240 .param/l "WC" 1 3 30, +C4<00000000000000000000000000001000>;
L_0xbb50787e0 .functor BUFZ 1, v0xbb4d38280_0, C4<0>, C4<0>, C4<0>;
v0xbb4d38140 .array "SIM", 255 0, 7 0;
v0xbb4d381e0_0 .var/i "actv", 31 0;
v0xbb4d38280_0 .var "b_pend", 0 0;
v0xbb4d38320_0 .var "beat_cnt", 5 0;
v0xbb4d383c0_0 .var/i "blk", 31 0;
v0xbb4d38460_0 .var/i "bnd", 31 0;
v0xbb4d38500_0 .var "clk", 0 0;
v0xbb4d385a0_0 .var/i "cll", 31 0;
v0xbb4d38640_0 .var/i "cx", 31 0;
v0xbb4d386e0_0 .var/i "err", 31 0;
v0xbb4d38780_0 .var/i "exv", 31 0;
v0xbb4d38820 .array "in_mag", 16777215 0, 7 0;
v0xbb4d388c0_0 .net "irq_done", 0 0, L_0xbb5078e70;  1 drivers
v0xbb4d38960_0 .var/i "j", 31 0;
v0xbb4d38a00_0 .var "lfsr", 15 0;
v0xbb4d38aa0_0 .var/i "lsb", 31 0;
v0xbb4d38b40_0 .net "m_axi_awaddr", 31 0, L_0xbb5078d20;  1 drivers
L_0xbb487a068 .functor BUFT 1, C4<01>, C4<0>, C4<0>, C4<0>;
v0xbb4d38be0_0 .net "m_axi_awburst", 1 0, L_0xbb487a068;  1 drivers
L_0xbb4879fd8 .functor BUFT 1, C4<00000000>, C4<0>, C4<0>, C4<0>;
v0xbb4d38c80_0 .net "m_axi_awlen", 7 0, L_0xbb4879fd8;  1 drivers
L_0xbb4878010 .functor BUFT 1, C4<1>, C4<0>, C4<0>, C4<0>;
L_0xbb48780a0 .functor BUFT 1, C4<1>, C4<0>, C4<0>, C4<0>;
RS_0xbb4847fa0 .resolv tri, L_0xbb4878010, L_0xbb48780a0;
v0xbb4d38d20_0 .net8 "m_axi_awready", 0 0, RS_0xbb4847fa0;  2 drivers
L_0xbb487a020 .functor BUFT 1, C4<011>, C4<0>, C4<0>, C4<0>;
v0xbb4d38dc0_0 .net "m_axi_awsize", 2 0, L_0xbb487a020;  1 drivers
v0xbb4d38e60_0 .net "m_axi_awvalid", 0 0, L_0xbb50e6a80;  1 drivers
L_0xbb4878130 .functor BUFT 1, C4<1>, C4<0>, C4<0>, C4<0>;
L_0xbb487a1d0 .functor BUFT 1, C4<1>, C4<0>, C4<0>, C4<0>;
RS_0xbb4848030 .resolv tri, L_0xbb4878130, L_0xbb487a1d0;
v0xbb4d38f00_0 .net8 "m_axi_bready", 0 0, RS_0xbb4848030;  2 drivers
v0xbb4d38fa0_0 .net "m_axi_bvalid", 0 0, L_0xbb50787e0;  1 drivers
v0xbb4d39040_0 .net "m_axi_wdata", 63 0, L_0xbb5078d90;  1 drivers
v0xbb4d390e0_0 .net "m_axi_wlast", 0 0, L_0xbb4d48380;  1 drivers
L_0xbb4878058 .functor BUFT 1, C4<1>, C4<0>, C4<0>, C4<0>;
L_0xbb48780e8 .functor BUFT 1, C4<1>, C4<0>, C4<0>, C4<0>;
RS_0xbb48480f0 .resolv tri, L_0xbb4878058, L_0xbb48780e8;
v0xbb4d39180_0 .net8 "m_axi_wready", 0 0, RS_0xbb48480f0;  2 drivers
v0xbb4d39220_0 .net "m_axi_wstrb", 7 0, L_0xbb5078e00;  1 drivers
v0xbb4d392c0_0 .net "m_axi_wvalid", 0 0, L_0xbb50e6b20;  1 drivers
v0xbb4d39360_0 .var/i "msb", 31 0;
v0xbb4d39400_0 .var/i "oob", 31 0;
v0xbb4d394a0_0 .var/i "ori", 31 0;
v0xbb4d39540_0 .var/i "rem2", 31 0;
v0xbb4d395e0_0 .var/i "rm", 31 0;
v0xbb4d39680_0 .var "rst_n", 0 0;
v0xbb4d39720_0 .var "s_axis_tdata", 7 0;
v0xbb4d397c0_0 .var "s_axis_tlast", 0 0;
v0xbb4d39860_0 .net "s_axis_tready", 0 0, L_0xbb4d39ea0;  1 drivers
v0xbb4d39900_0 .var "s_axis_tuser", 0 0;
v0xbb4d399a0_0 .var "s_axis_tvalid", 0 0;
v0xbb4d39a40_0 .var/i "tot", 31 0;
v0xbb4d39ae0_0 .var/i "xx", 31 0;
v0xbb4d39b80_0 .var/i "yy", 31 0;
S_0x101086660 .scope module, "dut" "sbm_alg9_lut" 3 203, 4 42 0, S_0xbb5030180;
 .timescale -9 -12;
    .port_info 0 /INPUT 1 "clk";
    .port_info 1 /INPUT 1 "rst_n";
    .port_info 2 /INPUT 1 "s_axis_tvalid";
    .port_info 3 /OUTPUT 1 "s_axis_tready";
    .port_info 4 /INPUT 8 "s_axis_tdata";
    .port_info 5 /INPUT 1 "s_axis_tuser";
    .port_info 6 /INPUT 1 "s_axis_tlast";
    .port_info 7 /OUTPUT 1 "m_axi_awvalid";
    .port_info 8 /INPUT 1 "m_axi_awready";
    .port_info 9 /OUTPUT 32 "m_axi_awaddr";
    .port_info 10 /OUTPUT 8 "m_axi_awlen";
    .port_info 11 /OUTPUT 3 "m_axi_awsize";
    .port_info 12 /OUTPUT 2 "m_axi_awburst";
    .port_info 13 /OUTPUT 1 "m_axi_wvalid";
    .port_info 14 /INPUT 1 "m_axi_wready";
    .port_info 15 /OUTPUT 64 "m_axi_wdata";
    .port_info 16 /OUTPUT 8 "m_axi_wstrb";
    .port_info 17 /OUTPUT 1 "m_axi_wlast";
    .port_info 18 /INPUT 1 "m_axi_bvalid";
    .port_info 19 /OUTPUT 1 "m_axi_bready";
    .port_info 20 /OUTPUT 1 "irq_done";
P_0x101086950 .param/l "BAND_DEPTH" 1 4 74, +C4<0000000000000000000000000000000000000000000000000000001000000000>;
P_0x101086990 .param/l "BAW" 1 4 82, +C4<00000000000000000000000000001010>;
P_0x1010869d0 .param/l "BCW" 1 4 83, +C4<00000000000000000000000000001010>;
P_0x101086a10 .param/l "CELLS" 1 4 73, +C4<0000000000000000000000000000000000000000000000000000000001000000>;
P_0x101086a50 .param/l "CW" 1 4 80, +C4<00000000000000000000000000000111>;
P_0x101086a90 .param/l "CXW" 1 4 86, +C4<00000000000000000000000000000100>;
P_0x101086ad0 .param/l "DCW" 1 4 85, +C4<00000000000000000000000000001010>;
P_0x101086b10 .param/l "DRAIN_CYCLES" 1 4 75, +C4<000000000000000000000000000000000000000000000000000000000000000000000000000000000000001000000000>;
P_0x101086b50 .param/l "HC" 1 4 72, +C4<00000000000000000000000000001000>;
P_0x101086b90 .param/l "HCW" 1 4 84, +C4<00000000000000000000000000000100>;
P_0x101086bd0 .param/l "IMG_H" 0 4 44, +C4<00000000000000000000000001000000>;
P_0x101086c10 .param/l "IMG_W" 0 4 43, +C4<00000000000000000000000001000000>;
P_0x101086c50 .param/l "PFW" 1 4 89, +C4<00000000000000000000000000000001111>;
P_0x101086c90 .param/l "PW" 1 4 79, +C4<00000000000000000000000000001100>;
P_0x101086cd0 .param/l "QW" 1 4 87, +C4<00000000000000000000000000000110>;
P_0x101086d10 .param/l "REQ_FIFO_DEPTH" 0 4 47, +C4<00000000000000000000000000100000>;
P_0x101086d50 .param/l "RESP_BASE" 0 4 46, C4<00001000000000000000000000000000>;
P_0x101086d90 .param/l "RIDXW" 1 4 88, +C4<00000000000000000000000000000010>;
P_0x101086dd0 .param/l "RW" 1 4 81, +C4<00000000000000000000000000000111>;
P_0x101086e10 .param/l "SEG_BEATS" 1 4 77, +C4<000000000000000000000000000000001>;
P_0x101086e50 .param/l "SEG_BUFS" 0 4 48, +C4<00000000000000000000000000000100>;
P_0x101086e90 .param/l "SEG_LEN" 1 4 76, +C4<00000000000000000000000000001000>;
P_0x101086ed0 .param/l "T" 0 4 45, +C4<00000000000000000000000000001000>;
P_0x101086f10 .param/l "WC" 1 4 71, +C4<00000000000000000000000000001000>;
P_0x101086f50 .param/l "WR_AW" 1 4 359, C4<001>;
P_0x101086f90 .param/l "WR_B" 1 4 359, C4<011>;
P_0x101086fd0 .param/l "WR_IDLE" 1 4 359, C4<000>;
P_0x101087010 .param/l "WR_W" 1 4 359, C4<010>;
L_0xbb4c778e0 .functor AND 1, v0xbb4d399a0_0, L_0xbb4d39ea0, C4<1>, C4<1>;
L_0xbb4c77950 .functor AND 1, L_0xbb4c778e0, v0xbb4d39900_0, C4<1>, C4<1>;
L_0xbb4c779c0 .functor AND 1, L_0xbb50e5680, L_0xbb50e5720, C4<1>, C4<1>;
L_0xbb4c77a30 .functor OR 1, L_0xbb50e55e0, L_0xbb4c779c0, C4<0>, C4<0>;
L_0xbb4c77aa0 .functor OR 1, v0xbb4d34f00_0, L_0xbb4c77950, C4<0>, C4<0>;
L_0xbb4c77b10 .functor AND 1, L_0xbb4c77aa0, L_0xbb4c778e0, C4<1>, C4<1>;
L_0xbb4c77b80 .functor AND 1, L_0xbb4d39c20, L_0xbb50e57c0, C4<1>, C4<1>;
L_0xbb4c77bf0 .functor AND 1, L_0xbb4d39cc0, L_0xbb4d39d60, C4<1>, C4<1>;
L_0xbb4c77c60 .functor AND 1, L_0xbb4c77bf0, L_0xbb50e5900, C4<1>, C4<1>;
L_0xbb4879720 .functor BUFT 1, C4<00000000000000000000000000000111>, C4<0>, C4<0>, C4<0>;
L_0xbb4c77cd0 .functor AND 32, L_0xbb4cbf2a0, L_0xbb4879720, C4<11111111111111111111111111111111>, C4<11111111111111111111111111111111>;
L_0xbb4c77d40 .functor AND 1, v0xbb4d34aa0_0, L_0xbb4d39e00, C4<1>, C4<1>;
L_0xbb4c77db0 .functor AND 1, v0xbb4d399a0_0, v0xbb4d39900_0, C4<1>, C4<1>;
L_0xbb4c77e20 .functor OR 1, L_0xbb50e6080, L_0xbb50e6120, C4<0>, C4<0>;
L_0xbb4879a80 .functor BUFT 1, C4<0>, C4<0>, C4<0>, C4<0>;
L_0xbb4c77f70 .functor XNOR 1, L_0xbb508cdc0, L_0xbb4879a80, C4<0>, C4<0>;
L_0xbb4d44000 .functor AND 1, L_0xbb4c77b10, L_0xbb4c77f70, C4<1>, C4<1>;
L_0xbb4879b10 .functor BUFT 1, C4<0>, C4<0>, C4<0>, C4<0>;
L_0xbb4d48000 .functor XNOR 1, v0xbb4d348c0_0, L_0xbb4879b10, C4<0>, C4<0>;
L_0xbb4d48070 .functor AND 1, L_0xbb4c77d40, L_0xbb4d48000, C4<1>, C4<1>;
L_0xbb4879be8 .functor BUFT 1, C4<1>, C4<0>, C4<0>, C4<0>;
L_0xbb4d481c0 .functor XNOR 1, L_0xbb508cdc0, L_0xbb4879be8, C4<0>, C4<0>;
L_0xbb4d48230 .functor AND 1, L_0xbb4c77b10, L_0xbb4d481c0, C4<1>, C4<1>;
L_0xbb4879c78 .functor BUFT 1, C4<1>, C4<0>, C4<0>, C4<0>;
L_0xbb4d482a0 .functor XNOR 1, v0xbb4d348c0_0, L_0xbb4879c78, C4<0>, C4<0>;
L_0xbb4d48310 .functor AND 1, L_0xbb4c77d40, L_0xbb4d482a0, C4<1>, C4<1>;
L_0xbb5078d20 .functor BUFZ 32, L_0xbb50e69e0, C4<00000000000000000000000000000000>, C4<00000000000000000000000000000000>, C4<00000000000000000000000000000000>;
L_0xbb5078d90 .functor BUFZ 64, v0xbb4d37ac0_0, C4<0000000000000000000000000000000000000000000000000000000000000000>, C4<0000000000000000000000000000000000000000000000000000000000000000>, C4<0000000000000000000000000000000000000000000000000000000000000000>;
L_0xbb5078e00 .functor BUFZ 8, v0xbb4d37de0_0, C4<00000000>, C4<00000000>, C4<00000000>;
L_0xbb4d48380 .functor AND 1, L_0xbb50e6bc0, L_0xbb50e6c60, C4<1>, C4<1>;
L_0xbb5078e70 .functor BUFZ 1, v0xbb4d34780_0, C4<0>, C4<0>, C4<0>;
v0xbb4d306e0 .array "SIM", 255 0, 7 0;
v0xbb4d30780_0 .net *"_ivl_101", 31 0, L_0xbb50e5ae0;  1 drivers
v0xbb4d30820_0 .net *"_ivl_102", 31 0, L_0xbb4cbf340;  1 drivers
L_0xbb48797b0 .functor BUFT 1, C4<0000000000000000000000000>, C4<0>, C4<0>, C4<0>;
v0xbb4d308c0_0 .net *"_ivl_105", 24 0, L_0xbb48797b0;  1 drivers
v0xbb4d30960_0 .net *"_ivl_106", 31 0, L_0xbb50e5b80;  1 drivers
v0xbb4d30a00_0 .net *"_ivl_110", 31 0, L_0xbb4cbf3e0;  1 drivers
L_0xbb48797f8 .functor BUFT 1, C4<00000000000000000000000000>, C4<0>, C4<0>, C4<0>;
v0xbb4d30aa0_0 .net *"_ivl_113", 25 0, L_0xbb48797f8;  1 drivers
L_0xbb4879840 .functor BUFT 1, C4<00000000000000000000000000001000>, C4<0>, C4<0>, C4<0>;
v0xbb4d30b40_0 .net/2u *"_ivl_114", 31 0, L_0xbb4879840;  1 drivers
v0xbb4d30be0_0 .net *"_ivl_119", 0 0, L_0xbb4d39e00;  1 drivers
L_0xbb4879408 .functor BUFT 1, C4<0>, C4<0>, C4<0>, C4<0>;
v0xbb4d30c80_0 .net/2u *"_ivl_12", 0 0, L_0xbb4879408;  1 drivers
v0xbb4d30d20_0 .net *"_ivl_122", 31 0, L_0xbb4cbf480;  1 drivers
L_0xbb4879888 .functor BUFT 1, C4<00000000000000000000000000000>, C4<0>, C4<0>, C4<0>;
v0xbb4d30dc0_0 .net *"_ivl_125", 28 0, L_0xbb4879888;  1 drivers
L_0xbb48798d0 .functor BUFT 1, C4<00000000000000000000000001000000>, C4<0>, C4<0>, C4<0>;
v0xbb4d30e60_0 .net/2u *"_ivl_126", 31 0, L_0xbb48798d0;  1 drivers
v0xbb4d30f00_0 .net *"_ivl_129", 31 0, L_0xbb50e5d60;  1 drivers
v0xbb4d30fa0_0 .net *"_ivl_130", 31 0, L_0xbb4cbf520;  1 drivers
L_0xbb4879918 .functor BUFT 1, C4<0000000000000000000000000000>, C4<0>, C4<0>, C4<0>;
v0xbb4d31040_0 .net *"_ivl_133", 27 0, L_0xbb4879918;  1 drivers
L_0xbb4879960 .functor BUFT 1, C4<00000000000000000000000000001000>, C4<0>, C4<0>, C4<0>;
v0xbb4d310e0_0 .net/2u *"_ivl_134", 31 0, L_0xbb4879960;  1 drivers
v0xbb4d31180_0 .net *"_ivl_137", 31 0, L_0xbb50e5e00;  1 drivers
v0xbb4d31220_0 .net *"_ivl_138", 31 0, L_0xbb50e5ea0;  1 drivers
v0xbb4d312c0_0 .net *"_ivl_140", 31 0, L_0xbb4cbf5c0;  1 drivers
L_0xbb48799a8 .functor BUFT 1, C4<00000000000000000000000000000>, C4<0>, C4<0>, C4<0>;
v0xbb4d31360_0 .net *"_ivl_143", 28 0, L_0xbb48799a8;  1 drivers
v0xbb4d31400_0 .net *"_ivl_144", 31 0, L_0xbb50e5f40;  1 drivers
L_0xbb48799f0 .functor BUFT 1, C4<0>, C4<0>, C4<0>, C4<0>;
v0xbb4d314a0_0 .net/2u *"_ivl_150", 0 0, L_0xbb48799f0;  1 drivers
v0xbb4d31540_0 .net *"_ivl_155", 0 0, L_0xbb50e6080;  1 drivers
v0xbb4d315e0_0 .net *"_ivl_157", 0 0, L_0xbb50e6120;  1 drivers
v0xbb4d31680_0 .net *"_ivl_159", 0 0, L_0xbb4c77e20;  1 drivers
L_0xbb4879450 .functor BUFT 1, C4<0>, C4<0>, C4<0>, C4<0>;
v0xbb4d31720_0 .net/2u *"_ivl_16", 0 0, L_0xbb4879450;  1 drivers
v0xbb4d317c0_0 .net/2u *"_ivl_164", 0 0, L_0xbb4879a80;  1 drivers
v0xbb4d31860_0 .net *"_ivl_166", 0 0, L_0xbb4c77f70;  1 drivers
L_0xbb4879ac8 .functor BUFT 1, C4<0000000000000000000000>, C4<0>, C4<0>, C4<0>;
v0xbb4d31900_0 .net *"_ivl_173", 21 0, L_0xbb4879ac8;  1 drivers
v0xbb4d319a0_0 .net/2u *"_ivl_175", 0 0, L_0xbb4879b10;  1 drivers
v0xbb4d31a40_0 .net *"_ivl_177", 0 0, L_0xbb4d48000;  1 drivers
L_0xbb4879498 .functor BUFT 1, C4<1>, C4<0>, C4<0>, C4<0>;
v0xbb4d31ae0_0 .net/2u *"_ivl_18", 0 0, L_0xbb4879498;  1 drivers
L_0xbb4879b58 .functor BUFT 1, C4<0000000000000000000000>, C4<0>, C4<0>, C4<0>;
v0xbb4d31b80_0 .net *"_ivl_184", 21 0, L_0xbb4879b58;  1 drivers
v0xbb4d31c20_0 .net/2u *"_ivl_188", 0 0, L_0xbb4879be8;  1 drivers
v0xbb4d31cc0_0 .net *"_ivl_190", 0 0, L_0xbb4d481c0;  1 drivers
L_0xbb4879c30 .functor BUFT 1, C4<0000000000000000000000>, C4<0>, C4<0>, C4<0>;
v0xbb4d31d60_0 .net *"_ivl_197", 21 0, L_0xbb4879c30;  1 drivers
v0xbb4d31e00_0 .net/2u *"_ivl_199", 0 0, L_0xbb4879c78;  1 drivers
v0xbb4d31ea0_0 .net *"_ivl_201", 0 0, L_0xbb4d482a0;  1 drivers
L_0xbb4879cc0 .functor BUFT 1, C4<0000000000000000000000>, C4<0>, C4<0>, C4<0>;
v0xbb4d31f40_0 .net *"_ivl_208", 21 0, L_0xbb4879cc0;  1 drivers
L_0xbb4879d08 .functor BUFT 1, C4<000000>, C4<0>, C4<0>, C4<0>;
v0xbb4d31fe0_0 .net/2u *"_ivl_210", 5 0, L_0xbb4879d08;  1 drivers
L_0xbb48794e0 .functor BUFT 1, C4<0000>, C4<0>, C4<0>, C4<0>;
v0xbb4d32080_0 .net/2u *"_ivl_22", 3 0, L_0xbb48794e0;  1 drivers
L_0xbb4879d50 .functor BUFT 1, C4<0000000000000000000000000000000000001000000000000000000000000000>, C4<0>, C4<0>, C4<0>;
v0xbb4d32120_0 .net/2u *"_ivl_224", 63 0, L_0xbb4879d50;  1 drivers
L_0xbb4879d98 .functor BUFT 1, C4<00000000000000000000000>, C4<0>, C4<0>, C4<0>;
v0xbb4d321c0_0 .net/2u *"_ivl_226", 22 0, L_0xbb4879d98;  1 drivers
v0xbb4d32260_0 .net *"_ivl_228", 25 0, L_0xbb4cbf8e0;  1 drivers
v0xbb4d32300_0 .net *"_ivl_230", 63 0, L_0xbb4cbf980;  1 drivers
L_0xbb4879de0 .functor BUFT 1, C4<00000000000000000000000000000000000000>, C4<0>, C4<0>, C4<0>;
v0xbb4d323a0_0 .net *"_ivl_233", 37 0, L_0xbb4879de0;  1 drivers
L_0xbb4879e28 .functor BUFT 1, C4<0000000000000000000000000000000000000000000000000000000001000000>, C4<0>, C4<0>, C4<0>;
v0xbb4d32440_0 .net/2u *"_ivl_234", 63 0, L_0xbb4879e28;  1 drivers
v0xbb4d324e0_0 .net *"_ivl_237", 63 0, L_0xbb50e6620;  1 drivers
v0xbb4d32580_0 .net *"_ivl_238", 63 0, L_0xbb4cbfa20;  1 drivers
L_0xbb4879e70 .functor BUFT 1, C4<0000000000000000000000000000000000000000000000000000000000>, C4<0>, C4<0>, C4<0>;
v0xbb4d32620_0 .net *"_ivl_241", 57 0, L_0xbb4879e70;  1 drivers
v0xbb4d326c0_0 .net *"_ivl_242", 63 0, L_0xbb50e66c0;  1 drivers
L_0xbb4879eb8 .functor BUFT 1, C4<0000000000000000000000000000000000000000000000000000000001000000>, C4<0>, C4<0>, C4<0>;
v0xbb4d32760_0 .net/2u *"_ivl_244", 63 0, L_0xbb4879eb8;  1 drivers
v0xbb4d32800_0 .net *"_ivl_247", 63 0, L_0xbb50e6760;  1 drivers
v0xbb4d328a0_0 .net *"_ivl_248", 63 0, L_0xbb50e6800;  1 drivers
v0xbb4d32940_0 .net *"_ivl_250", 63 0, L_0xbb4cbfac0;  1 drivers
L_0xbb4879f00 .functor BUFT 1, C4<000000000000000000000000000000000000000000000000000000000000>, C4<0>, C4<0>, C4<0>;
v0xbb4d329e0_0 .net *"_ivl_253", 59 0, L_0xbb4879f00;  1 drivers
L_0xbb4879f48 .functor BUFT 1, C4<0000000000000000000000000000000000000000000000000000000000001000>, C4<0>, C4<0>, C4<0>;
v0xbb4d32a80_0 .net/2u *"_ivl_254", 63 0, L_0xbb4879f48;  1 drivers
v0xbb4d32b20_0 .net *"_ivl_257", 63 0, L_0xbb50e68a0;  1 drivers
v0xbb4d32bc0_0 .net *"_ivl_258", 63 0, L_0xbb50e6940;  1 drivers
v0xbb4d32c60_0 .net *"_ivl_26", 63 0, L_0xbb4cbf020;  1 drivers
L_0xbb4879f90 .functor BUFT 1, C4<001>, C4<0>, C4<0>, C4<0>;
v0xbb4d32d00_0 .net/2u *"_ivl_262", 2 0, L_0xbb4879f90;  1 drivers
L_0xbb487a0b0 .functor BUFT 1, C4<010>, C4<0>, C4<0>, C4<0>;
v0xbb4d32da0_0 .net/2u *"_ivl_274", 2 0, L_0xbb487a0b0;  1 drivers
L_0xbb487a0f8 .functor BUFT 1, C4<010>, C4<0>, C4<0>, C4<0>;
v0xbb4d32e40_0 .net/2u *"_ivl_282", 2 0, L_0xbb487a0f8;  1 drivers
v0xbb4d32ee0_0 .net *"_ivl_284", 0 0, L_0xbb50e6bc0;  1 drivers
v0xbb4d32f80_0 .net *"_ivl_286", 32 0, L_0xbb4cbfb60;  1 drivers
L_0xbb487a140 .functor BUFT 1, C4<0000000000000000000000000>, C4<0>, C4<0>, C4<0>;
v0xbb4d33020_0 .net *"_ivl_289", 24 0, L_0xbb487a140;  1 drivers
L_0xbb4879528 .functor BUFT 1, C4<000000000000000000000000000000000000000000000000000000>, C4<0>, C4<0>, C4<0>;
v0xbb4d330c0_0 .net *"_ivl_29", 53 0, L_0xbb4879528;  1 drivers
L_0xbb487a188 .functor BUFT 1, C4<000000000000000000000000000000000>, C4<0>, C4<0>, C4<0>;
v0xbb4d33160_0 .net/2u *"_ivl_290", 32 0, L_0xbb487a188;  1 drivers
v0xbb4d33200_0 .net *"_ivl_292", 0 0, L_0xbb50e6c60;  1 drivers
L_0xbb4879570 .functor BUFT 1, C4<0000000000000000000000000000000000000000000000000000000111111111>, C4<0>, C4<0>, C4<0>;
v0xbb4d332a0_0 .net/2u *"_ivl_30", 63 0, L_0xbb4879570;  1 drivers
v0xbb4d33340_0 .net *"_ivl_34", 31 0, L_0xbb4cbf0c0;  1 drivers
L_0xbb48795b8 .functor BUFT 1, C4<0000000000000000000000000>, C4<0>, C4<0>, C4<0>;
v0xbb4d333e0_0 .net *"_ivl_37", 24 0, L_0xbb48795b8;  1 drivers
L_0xbb4879600 .functor BUFT 1, C4<00000000000000000000000000111111>, C4<0>, C4<0>, C4<0>;
v0xbb4d33480_0 .net/2u *"_ivl_38", 31 0, L_0xbb4879600;  1 drivers
L_0xbb4879378 .functor BUFT 1, C4<0000000>, C4<0>, C4<0>, C4<0>;
v0xbb4d33520_0 .net/2u *"_ivl_4", 6 0, L_0xbb4879378;  1 drivers
v0xbb4d335c0_0 .net *"_ivl_40", 0 0, L_0xbb50e5680;  1 drivers
v0xbb4d33660_0 .net *"_ivl_42", 31 0, L_0xbb4cbf160;  1 drivers
L_0xbb4879648 .functor BUFT 1, C4<0000000000000000000000000>, C4<0>, C4<0>, C4<0>;
v0xbb4d33700_0 .net *"_ivl_45", 24 0, L_0xbb4879648;  1 drivers
L_0xbb4879690 .functor BUFT 1, C4<00000000000000000000000000111111>, C4<0>, C4<0>, C4<0>;
v0xbb4d337a0_0 .net/2u *"_ivl_46", 31 0, L_0xbb4879690;  1 drivers
v0xbb4d33840_0 .net *"_ivl_48", 0 0, L_0xbb50e5720;  1 drivers
v0xbb4d338e0_0 .net *"_ivl_55", 0 0, L_0xbb4c77aa0;  1 drivers
v0xbb4d33980_0 .net *"_ivl_59", 0 0, L_0xbb4d39c20;  1 drivers
v0xbb4d33a20_0 .net *"_ivl_61", 0 0, L_0xbb50e57c0;  1 drivers
v0xbb4d33ac0_0 .net *"_ivl_65", 0 0, L_0xbb4d39cc0;  1 drivers
v0xbb4d33b60_0 .net *"_ivl_67", 0 0, L_0xbb50e5860;  1 drivers
v0xbb4d33c00_0 .net *"_ivl_69", 0 0, L_0xbb4d39d60;  1 drivers
v0xbb4d33ca0_0 .net *"_ivl_71", 0 0, L_0xbb4c77bf0;  1 drivers
v0xbb4d33d40_0 .net *"_ivl_73", 0 0, L_0xbb50e5900;  1 drivers
L_0xbb48793c0 .functor BUFT 1, C4<0000000>, C4<0>, C4<0>, C4<0>;
v0xbb4d33de0_0 .net/2u *"_ivl_8", 6 0, L_0xbb48793c0;  1 drivers
v0xbb4d33e80_0 .net *"_ivl_90", 31 0, L_0xbb4cbf2a0;  1 drivers
L_0xbb48796d8 .functor BUFT 1, C4<0000000000000000000000000>, C4<0>, C4<0>, C4<0>;
v0xbb4d33f20_0 .net *"_ivl_93", 24 0, L_0xbb48796d8;  1 drivers
v0xbb4d34000_0 .net/2u *"_ivl_94", 31 0, L_0xbb4879720;  1 drivers
v0xbb4d340a0_0 .net *"_ivl_96", 31 0, L_0xbb4c77cd0;  1 drivers
L_0xbb4879768 .functor BUFT 1, C4<00000000000000000000000001000000>, C4<0>, C4<0>, C4<0>;
v0xbb4d34140_0 .net/2u *"_ivl_98", 31 0, L_0xbb4879768;  1 drivers
v0xbb4d341e0_0 .var "band_cnt", 9 0;
v0xbb4d34280_0 .var "band_cur", 3 0;
v0xbb4d34320_0 .var "band_filled", 1 0;
v0xbb4d343c0_0 .net "band_last", 0 0, L_0xbb50e55e0;  1 drivers
v0xbb4d34460_0 .var "band_par", 0 0;
v0xbb4d34500 .array "bank_band", 1 0, 3 0;
v0xbb4d345a0_0 .net "clk", 0 0, v0xbb4d38500_0;  1 drivers
v0xbb4d34640_0 .var "cur_col", 6 0;
v0xbb4d346e0_0 .var "cur_row", 6 0;
v0xbb4d34780_0 .var "done_r", 0 0;
v0xbb4d34820_0 .var "drain_band", 3 0;
v0xbb4d348c0_0 .var "drain_bank", 0 0;
v0xbb4d34960_0 .var "drain_cnt", 9 0;
v0xbb4d34a00_0 .net "drain_go", 0 0, L_0xbb4c77d40;  1 drivers
v0xbb4d34aa0_0 .var "drain_on", 0 0;
v0xbb4d34b40_0 .var "draining", 1 0;
v0xbb4d34be0_0 .net "eff_bcur", 3 0, L_0xbb508cf00;  1 drivers
v0xbb4d34c80_0 .net "eff_bcur_", 0 0, L_0xbb508ce60;  1 drivers
v0xbb4d34d20_0 .net "eff_bpar", 0 0, L_0xbb508cdc0;  1 drivers
v0xbb4d34dc0_0 .net "eff_col", 6 0, L_0xbb508cc80;  1 drivers
v0xbb4d34e60_0 .net "eff_row", 6 0, L_0xbb508cd20;  1 drivers
v0xbb4d34f00_0 .var "fill_active", 0 0;
v0xbb4d34fa0_0 .net "frame_head", 0 0, L_0xbb4c77db0;  1 drivers
v0xbb4d35040_0 .net "frame_last", 0 0, L_0xbb4c779c0;  1 drivers
v0xbb4d350e0_0 .var "frame_seen", 0 0;
v0xbb4d35180_0 .net "frame_start", 0 0, L_0xbb4c77950;  1 drivers
v0xbb4d35220_0 .net "irq_done", 0 0, L_0xbb5078e70;  alias, 1 drivers
v0xbb4d352c0_0 .net "m_axi_awaddr", 31 0, L_0xbb5078d20;  alias, 1 drivers
v0xbb4d35360_0 .net "m_axi_awburst", 1 0, L_0xbb487a068;  alias, 1 drivers
v0xbb4d35400_0 .net "m_axi_awlen", 7 0, L_0xbb4879fd8;  alias, 1 drivers
v0xbb4d354a0_0 .net8 "m_axi_awready", 0 0, RS_0xbb4847fa0;  alias, 2 drivers
v0xbb4d35540_0 .net "m_axi_awsize", 2 0, L_0xbb487a020;  alias, 1 drivers
v0xbb4d355e0_0 .net "m_axi_awvalid", 0 0, L_0xbb50e6a80;  alias, 1 drivers
v0xbb4d35680_0 .net8 "m_axi_bready", 0 0, RS_0xbb4848030;  alias, 2 drivers
v0xbb4d35720_0 .net "m_axi_bvalid", 0 0, L_0xbb50787e0;  alias, 1 drivers
v0xbb4d357c0_0 .net "m_axi_wdata", 63 0, L_0xbb5078d90;  alias, 1 drivers
v0xbb4d35860_0 .net "m_axi_wlast", 0 0, L_0xbb4d48380;  alias, 1 drivers
v0xbb4d35900_0 .net8 "m_axi_wready", 0 0, RS_0xbb48480f0;  alias, 2 drivers
v0xbb4d359a0_0 .net "m_axi_wstrb", 7 0, L_0xbb5078e00;  alias, 1 drivers
v0xbb4d35a40_0 .net "m_axi_wvalid", 0 0, L_0xbb50e6b20;  alias, 1 drivers
v0xbb4d35ae0_0 .var/i "oi", 31 0;
v0xbb4d35b80_0 .var "pop_en", 0 0;
v0xbb4d35c20_0 .var "push_en", 0 0;
v0xbb4d35cc0_0 .net "px_accept", 0 0, L_0xbb4c778e0;  1 drivers
v0xbb4d35d60_0 .var "px_cnt", 11 0;
v0xbb4d35e00_0 .net "px_tail", 0 0, L_0xbb4c77a30;  1 drivers
v0xbb4d35ea0_0 .var "rd_band_d", 3 0;
v0xbb4d35f40_0 .var "rd_band_r", 3 0;
v0xbb4d35fe0_0 .var "rd_block_d", 5 0;
v0xbb4d36080_0 .var "rd_block_r", 5 0;
v0xbb4d36120_0 .var "rd_cx", 3 0;
v0xbb4d361c0_0 .var "rd_cx_d", 3 0;
v0xbb4d36260_0 .var "rd_cx_r", 3 0;
v0xbb4d36300_0 .net "rd_data0", 63 0, L_0xbb5078bd0;  1 drivers
v0xbb4d363a0_0 .net "rd_data1", 63 0, L_0xbb5078c40;  1 drivers
v0xbb4d36440_0 .var "rd_data_d", 63 0;
v0xbb4d364e0_0 .var "rd_gx", 2 0;
v0xbb4d36580_0 .var "rd_gy", 2 0;
v0xbb4d36620_0 .var "rd_vld_d", 0 0;
v0xbb4d366c0_0 .var "rd_vld_r", 0 0;
v0xbb4d36760_0 .var "req_cnt", 5 0;
v0xbb4d36800_0 .net "req_empty", 0 0, L_0xbb50e6300;  1 drivers
v0xbb4d368a0 .array "req_fifo", 31 0, 14 0;
v0xbb4d36940_0 .net "req_full", 0 0, L_0xbb50e5cc0;  1 drivers
v0xbb4d369e0_0 .var "req_rd", 5 0;
v0xbb4d36a80_0 .var "req_wr", 5 0;
v0xbb4d36b20 .array "resp", 7 0;
v0xbb4d36b20_0 .net v0xbb4d36b20 0, 7 0, L_0xbb508c5a0; 1 drivers
v0xbb4d36b20_1 .net v0xbb4d36b20 1, 7 0, L_0xbb508c6e0; 1 drivers
v0xbb4d36b20_2 .net v0xbb4d36b20 2, 7 0, L_0xbb508c780; 1 drivers
v0xbb4d36b20_3 .net v0xbb4d36b20 3, 7 0, L_0xbb508c820; 1 drivers
v0xbb4d36b20_4 .net v0xbb4d36b20 4, 7 0, L_0xbb508ca00; 1 drivers
v0xbb4d36b20_5 .net v0xbb4d36b20 5, 7 0, L_0xbb508caa0; 1 drivers
v0xbb4d36b20_6 .net v0xbb4d36b20 6, 7 0, L_0xbb508cb40; 1 drivers
v0xbb4d36b20_7 .net v0xbb4d36b20 7, 7 0, L_0xbb508cbe0; 1 drivers
v0xbb4d36bc0_0 .net "rst_n", 0 0, v0xbb4d39680_0;  1 drivers
v0xbb4d36c60_0 .net "s_axis_tdata", 7 0, v0xbb4d39720_0;  1 drivers
v0xbb4d36d00_0 .net "s_axis_tlast", 0 0, v0xbb4d397c0_0;  1 drivers
v0xbb4d36da0_0 .net "s_axis_tready", 0 0, L_0xbb4d39ea0;  alias, 1 drivers
v0xbb4d36e40_0 .net "s_axis_tuser", 0 0, v0xbb4d39900_0;  1 drivers
v0xbb4d36ee0_0 .net "s_axis_tvalid", 0 0, v0xbb4d399a0_0;  1 drivers
v0xbb4d36f80 .array "seg_buf", 255 0, 7 0;
v0xbb4d37020_0 .var "seg_slot", 1 0;
v0xbb4d370c0_0 .net "tready_bpar", 0 0, L_0xbb508cfa0;  1 drivers
v0xbb4d37160_0 .net "w_drain_req0", 0 0, L_0xbb4c77b80;  1 drivers
v0xbb4d37200_0 .net "w_drain_req1", 0 0, L_0xbb4c77c60;  1 drivers
v0xbb4d372a0_0 .net "w_lsb", 3 0, L_0xbb50e59a0;  1 drivers
v0xbb4d37340_0 .net "w_msb", 3 0, L_0xbb50e5a40;  1 drivers
v0xbb4d373e0_0 .net "w_rdaddr", 9 0, L_0xbb50e5fe0;  1 drivers
v0xbb4d37480_0 .net "w_req", 14 0, v0xbb4d377a0_0;  1 drivers
v0xbb4d37520_0 .net "w_req_addr", 31 0, L_0xbb50e69e0;  1 drivers
v0xbb4d375c0_0 .net "w_req_band", 3 0, L_0xbb50e6580;  1 drivers
v0xbb4d37660_0 .net "w_req_blk", 5 0, L_0xbb50e64e0;  1 drivers
v0xbb4d37700_0 .net "w_req_ori", 2 0, L_0xbb50e6440;  1 drivers
v0xbb4d377a0_0 .var "w_req_r", 14 0;
v0xbb4d37840_0 .net "w_req_slot", 1 0, L_0xbb50e63a0;  1 drivers
v0xbb4d378e0_0 .net "w_wraddr", 9 0, L_0xbb50e5c20;  1 drivers
v0xbb4d37980_0 .net "w_wrdata", 63 0, L_0xbb4cbf200;  1 drivers
v0xbb4d37a20_0 .var/i "wb", 31 0;
v0xbb4d37ac0_0 .var "wdata_r", 63 0;
v0xbb4d37b60_0 .net "wen", 0 0, L_0xbb4c77b10;  1 drivers
v0xbb4d37c00_0 .var "wr_beat", 7 0;
v0xbb4d37ca0_0 .var "wr_pop", 0 0;
v0xbb4d37d40_0 .var "wr_state", 2 0;
v0xbb4d37de0_0 .var "wstrb_r", 7 0;
E_0xbb509ad40/0 .event negedge, v0xbb4d36bc0_0;
E_0xbb509ad40/1 .event posedge, v0xbb4d2f520_0;
E_0xbb509ad40 .event/or E_0xbb509ad40/0, E_0xbb509ad40/1;
E_0xbb509ad80 .event anyedge, v0xbb4d37c00_0;
v0xbb4d36f80_0 .array/port v0xbb4d36f80, 0;
E_0xbb509adc0/0 .event anyedge, v0xbb4d37c00_0, v0xbb4d37700_0, v0xbb4d37840_0, v0xbb4d36f80_0;
v0xbb4d36f80_1 .array/port v0xbb4d36f80, 1;
v0xbb4d36f80_2 .array/port v0xbb4d36f80, 2;
v0xbb4d36f80_3 .array/port v0xbb4d36f80, 3;
v0xbb4d36f80_4 .array/port v0xbb4d36f80, 4;
E_0xbb509adc0/1 .event anyedge, v0xbb4d36f80_1, v0xbb4d36f80_2, v0xbb4d36f80_3, v0xbb4d36f80_4;
v0xbb4d36f80_5 .array/port v0xbb4d36f80, 5;
v0xbb4d36f80_6 .array/port v0xbb4d36f80, 6;
v0xbb4d36f80_7 .array/port v0xbb4d36f80, 7;
v0xbb4d36f80_8 .array/port v0xbb4d36f80, 8;
E_0xbb509adc0/2 .event anyedge, v0xbb4d36f80_5, v0xbb4d36f80_6, v0xbb4d36f80_7, v0xbb4d36f80_8;
v0xbb4d36f80_9 .array/port v0xbb4d36f80, 9;
v0xbb4d36f80_10 .array/port v0xbb4d36f80, 10;
v0xbb4d36f80_11 .array/port v0xbb4d36f80, 11;
v0xbb4d36f80_12 .array/port v0xbb4d36f80, 12;
E_0xbb509adc0/3 .event anyedge, v0xbb4d36f80_9, v0xbb4d36f80_10, v0xbb4d36f80_11, v0xbb4d36f80_12;
v0xbb4d36f80_13 .array/port v0xbb4d36f80, 13;
v0xbb4d36f80_14 .array/port v0xbb4d36f80, 14;
v0xbb4d36f80_15 .array/port v0xbb4d36f80, 15;
v0xbb4d36f80_16 .array/port v0xbb4d36f80, 16;
E_0xbb509adc0/4 .event anyedge, v0xbb4d36f80_13, v0xbb4d36f80_14, v0xbb4d36f80_15, v0xbb4d36f80_16;
v0xbb4d36f80_17 .array/port v0xbb4d36f80, 17;
v0xbb4d36f80_18 .array/port v0xbb4d36f80, 18;
v0xbb4d36f80_19 .array/port v0xbb4d36f80, 19;
v0xbb4d36f80_20 .array/port v0xbb4d36f80, 20;
E_0xbb509adc0/5 .event anyedge, v0xbb4d36f80_17, v0xbb4d36f80_18, v0xbb4d36f80_19, v0xbb4d36f80_20;
v0xbb4d36f80_21 .array/port v0xbb4d36f80, 21;
v0xbb4d36f80_22 .array/port v0xbb4d36f80, 22;
v0xbb4d36f80_23 .array/port v0xbb4d36f80, 23;
v0xbb4d36f80_24 .array/port v0xbb4d36f80, 24;
E_0xbb509adc0/6 .event anyedge, v0xbb4d36f80_21, v0xbb4d36f80_22, v0xbb4d36f80_23, v0xbb4d36f80_24;
v0xbb4d36f80_25 .array/port v0xbb4d36f80, 25;
v0xbb4d36f80_26 .array/port v0xbb4d36f80, 26;
v0xbb4d36f80_27 .array/port v0xbb4d36f80, 27;
v0xbb4d36f80_28 .array/port v0xbb4d36f80, 28;
E_0xbb509adc0/7 .event anyedge, v0xbb4d36f80_25, v0xbb4d36f80_26, v0xbb4d36f80_27, v0xbb4d36f80_28;
v0xbb4d36f80_29 .array/port v0xbb4d36f80, 29;
v0xbb4d36f80_30 .array/port v0xbb4d36f80, 30;
v0xbb4d36f80_31 .array/port v0xbb4d36f80, 31;
v0xbb4d36f80_32 .array/port v0xbb4d36f80, 32;
E_0xbb509adc0/8 .event anyedge, v0xbb4d36f80_29, v0xbb4d36f80_30, v0xbb4d36f80_31, v0xbb4d36f80_32;
v0xbb4d36f80_33 .array/port v0xbb4d36f80, 33;
v0xbb4d36f80_34 .array/port v0xbb4d36f80, 34;
v0xbb4d36f80_35 .array/port v0xbb4d36f80, 35;
v0xbb4d36f80_36 .array/port v0xbb4d36f80, 36;
E_0xbb509adc0/9 .event anyedge, v0xbb4d36f80_33, v0xbb4d36f80_34, v0xbb4d36f80_35, v0xbb4d36f80_36;
v0xbb4d36f80_37 .array/port v0xbb4d36f80, 37;
v0xbb4d36f80_38 .array/port v0xbb4d36f80, 38;
v0xbb4d36f80_39 .array/port v0xbb4d36f80, 39;
v0xbb4d36f80_40 .array/port v0xbb4d36f80, 40;
E_0xbb509adc0/10 .event anyedge, v0xbb4d36f80_37, v0xbb4d36f80_38, v0xbb4d36f80_39, v0xbb4d36f80_40;
v0xbb4d36f80_41 .array/port v0xbb4d36f80, 41;
v0xbb4d36f80_42 .array/port v0xbb4d36f80, 42;
v0xbb4d36f80_43 .array/port v0xbb4d36f80, 43;
v0xbb4d36f80_44 .array/port v0xbb4d36f80, 44;
E_0xbb509adc0/11 .event anyedge, v0xbb4d36f80_41, v0xbb4d36f80_42, v0xbb4d36f80_43, v0xbb4d36f80_44;
v0xbb4d36f80_45 .array/port v0xbb4d36f80, 45;
v0xbb4d36f80_46 .array/port v0xbb4d36f80, 46;
v0xbb4d36f80_47 .array/port v0xbb4d36f80, 47;
v0xbb4d36f80_48 .array/port v0xbb4d36f80, 48;
E_0xbb509adc0/12 .event anyedge, v0xbb4d36f80_45, v0xbb4d36f80_46, v0xbb4d36f80_47, v0xbb4d36f80_48;
v0xbb4d36f80_49 .array/port v0xbb4d36f80, 49;
v0xbb4d36f80_50 .array/port v0xbb4d36f80, 50;
v0xbb4d36f80_51 .array/port v0xbb4d36f80, 51;
v0xbb4d36f80_52 .array/port v0xbb4d36f80, 52;
E_0xbb509adc0/13 .event anyedge, v0xbb4d36f80_49, v0xbb4d36f80_50, v0xbb4d36f80_51, v0xbb4d36f80_52;
v0xbb4d36f80_53 .array/port v0xbb4d36f80, 53;
v0xbb4d36f80_54 .array/port v0xbb4d36f80, 54;
v0xbb4d36f80_55 .array/port v0xbb4d36f80, 55;
v0xbb4d36f80_56 .array/port v0xbb4d36f80, 56;
E_0xbb509adc0/14 .event anyedge, v0xbb4d36f80_53, v0xbb4d36f80_54, v0xbb4d36f80_55, v0xbb4d36f80_56;
v0xbb4d36f80_57 .array/port v0xbb4d36f80, 57;
v0xbb4d36f80_58 .array/port v0xbb4d36f80, 58;
v0xbb4d36f80_59 .array/port v0xbb4d36f80, 59;
v0xbb4d36f80_60 .array/port v0xbb4d36f80, 60;
E_0xbb509adc0/15 .event anyedge, v0xbb4d36f80_57, v0xbb4d36f80_58, v0xbb4d36f80_59, v0xbb4d36f80_60;
v0xbb4d36f80_61 .array/port v0xbb4d36f80, 61;
v0xbb4d36f80_62 .array/port v0xbb4d36f80, 62;
v0xbb4d36f80_63 .array/port v0xbb4d36f80, 63;
v0xbb4d36f80_64 .array/port v0xbb4d36f80, 64;
E_0xbb509adc0/16 .event anyedge, v0xbb4d36f80_61, v0xbb4d36f80_62, v0xbb4d36f80_63, v0xbb4d36f80_64;
v0xbb4d36f80_65 .array/port v0xbb4d36f80, 65;
v0xbb4d36f80_66 .array/port v0xbb4d36f80, 66;
v0xbb4d36f80_67 .array/port v0xbb4d36f80, 67;
v0xbb4d36f80_68 .array/port v0xbb4d36f80, 68;
E_0xbb509adc0/17 .event anyedge, v0xbb4d36f80_65, v0xbb4d36f80_66, v0xbb4d36f80_67, v0xbb4d36f80_68;
v0xbb4d36f80_69 .array/port v0xbb4d36f80, 69;
v0xbb4d36f80_70 .array/port v0xbb4d36f80, 70;
v0xbb4d36f80_71 .array/port v0xbb4d36f80, 71;
v0xbb4d36f80_72 .array/port v0xbb4d36f80, 72;
E_0xbb509adc0/18 .event anyedge, v0xbb4d36f80_69, v0xbb4d36f80_70, v0xbb4d36f80_71, v0xbb4d36f80_72;
v0xbb4d36f80_73 .array/port v0xbb4d36f80, 73;
v0xbb4d36f80_74 .array/port v0xbb4d36f80, 74;
v0xbb4d36f80_75 .array/port v0xbb4d36f80, 75;
v0xbb4d36f80_76 .array/port v0xbb4d36f80, 76;
E_0xbb509adc0/19 .event anyedge, v0xbb4d36f80_73, v0xbb4d36f80_74, v0xbb4d36f80_75, v0xbb4d36f80_76;
v0xbb4d36f80_77 .array/port v0xbb4d36f80, 77;
v0xbb4d36f80_78 .array/port v0xbb4d36f80, 78;
v0xbb4d36f80_79 .array/port v0xbb4d36f80, 79;
v0xbb4d36f80_80 .array/port v0xbb4d36f80, 80;
E_0xbb509adc0/20 .event anyedge, v0xbb4d36f80_77, v0xbb4d36f80_78, v0xbb4d36f80_79, v0xbb4d36f80_80;
v0xbb4d36f80_81 .array/port v0xbb4d36f80, 81;
v0xbb4d36f80_82 .array/port v0xbb4d36f80, 82;
v0xbb4d36f80_83 .array/port v0xbb4d36f80, 83;
v0xbb4d36f80_84 .array/port v0xbb4d36f80, 84;
E_0xbb509adc0/21 .event anyedge, v0xbb4d36f80_81, v0xbb4d36f80_82, v0xbb4d36f80_83, v0xbb4d36f80_84;
v0xbb4d36f80_85 .array/port v0xbb4d36f80, 85;
v0xbb4d36f80_86 .array/port v0xbb4d36f80, 86;
v0xbb4d36f80_87 .array/port v0xbb4d36f80, 87;
v0xbb4d36f80_88 .array/port v0xbb4d36f80, 88;
E_0xbb509adc0/22 .event anyedge, v0xbb4d36f80_85, v0xbb4d36f80_86, v0xbb4d36f80_87, v0xbb4d36f80_88;
v0xbb4d36f80_89 .array/port v0xbb4d36f80, 89;
v0xbb4d36f80_90 .array/port v0xbb4d36f80, 90;
v0xbb4d36f80_91 .array/port v0xbb4d36f80, 91;
v0xbb4d36f80_92 .array/port v0xbb4d36f80, 92;
E_0xbb509adc0/23 .event anyedge, v0xbb4d36f80_89, v0xbb4d36f80_90, v0xbb4d36f80_91, v0xbb4d36f80_92;
v0xbb4d36f80_93 .array/port v0xbb4d36f80, 93;
v0xbb4d36f80_94 .array/port v0xbb4d36f80, 94;
v0xbb4d36f80_95 .array/port v0xbb4d36f80, 95;
v0xbb4d36f80_96 .array/port v0xbb4d36f80, 96;
E_0xbb509adc0/24 .event anyedge, v0xbb4d36f80_93, v0xbb4d36f80_94, v0xbb4d36f80_95, v0xbb4d36f80_96;
v0xbb4d36f80_97 .array/port v0xbb4d36f80, 97;
v0xbb4d36f80_98 .array/port v0xbb4d36f80, 98;
v0xbb4d36f80_99 .array/port v0xbb4d36f80, 99;
v0xbb4d36f80_100 .array/port v0xbb4d36f80, 100;
E_0xbb509adc0/25 .event anyedge, v0xbb4d36f80_97, v0xbb4d36f80_98, v0xbb4d36f80_99, v0xbb4d36f80_100;
v0xbb4d36f80_101 .array/port v0xbb4d36f80, 101;
v0xbb4d36f80_102 .array/port v0xbb4d36f80, 102;
v0xbb4d36f80_103 .array/port v0xbb4d36f80, 103;
v0xbb4d36f80_104 .array/port v0xbb4d36f80, 104;
E_0xbb509adc0/26 .event anyedge, v0xbb4d36f80_101, v0xbb4d36f80_102, v0xbb4d36f80_103, v0xbb4d36f80_104;
v0xbb4d36f80_105 .array/port v0xbb4d36f80, 105;
v0xbb4d36f80_106 .array/port v0xbb4d36f80, 106;
v0xbb4d36f80_107 .array/port v0xbb4d36f80, 107;
v0xbb4d36f80_108 .array/port v0xbb4d36f80, 108;
E_0xbb509adc0/27 .event anyedge, v0xbb4d36f80_105, v0xbb4d36f80_106, v0xbb4d36f80_107, v0xbb4d36f80_108;
v0xbb4d36f80_109 .array/port v0xbb4d36f80, 109;
v0xbb4d36f80_110 .array/port v0xbb4d36f80, 110;
v0xbb4d36f80_111 .array/port v0xbb4d36f80, 111;
v0xbb4d36f80_112 .array/port v0xbb4d36f80, 112;
E_0xbb509adc0/28 .event anyedge, v0xbb4d36f80_109, v0xbb4d36f80_110, v0xbb4d36f80_111, v0xbb4d36f80_112;
v0xbb4d36f80_113 .array/port v0xbb4d36f80, 113;
v0xbb4d36f80_114 .array/port v0xbb4d36f80, 114;
v0xbb4d36f80_115 .array/port v0xbb4d36f80, 115;
v0xbb4d36f80_116 .array/port v0xbb4d36f80, 116;
E_0xbb509adc0/29 .event anyedge, v0xbb4d36f80_113, v0xbb4d36f80_114, v0xbb4d36f80_115, v0xbb4d36f80_116;
v0xbb4d36f80_117 .array/port v0xbb4d36f80, 117;
v0xbb4d36f80_118 .array/port v0xbb4d36f80, 118;
v0xbb4d36f80_119 .array/port v0xbb4d36f80, 119;
v0xbb4d36f80_120 .array/port v0xbb4d36f80, 120;
E_0xbb509adc0/30 .event anyedge, v0xbb4d36f80_117, v0xbb4d36f80_118, v0xbb4d36f80_119, v0xbb4d36f80_120;
v0xbb4d36f80_121 .array/port v0xbb4d36f80, 121;
v0xbb4d36f80_122 .array/port v0xbb4d36f80, 122;
v0xbb4d36f80_123 .array/port v0xbb4d36f80, 123;
v0xbb4d36f80_124 .array/port v0xbb4d36f80, 124;
E_0xbb509adc0/31 .event anyedge, v0xbb4d36f80_121, v0xbb4d36f80_122, v0xbb4d36f80_123, v0xbb4d36f80_124;
v0xbb4d36f80_125 .array/port v0xbb4d36f80, 125;
v0xbb4d36f80_126 .array/port v0xbb4d36f80, 126;
v0xbb4d36f80_127 .array/port v0xbb4d36f80, 127;
v0xbb4d36f80_128 .array/port v0xbb4d36f80, 128;
E_0xbb509adc0/32 .event anyedge, v0xbb4d36f80_125, v0xbb4d36f80_126, v0xbb4d36f80_127, v0xbb4d36f80_128;
v0xbb4d36f80_129 .array/port v0xbb4d36f80, 129;
v0xbb4d36f80_130 .array/port v0xbb4d36f80, 130;
v0xbb4d36f80_131 .array/port v0xbb4d36f80, 131;
v0xbb4d36f80_132 .array/port v0xbb4d36f80, 132;
E_0xbb509adc0/33 .event anyedge, v0xbb4d36f80_129, v0xbb4d36f80_130, v0xbb4d36f80_131, v0xbb4d36f80_132;
v0xbb4d36f80_133 .array/port v0xbb4d36f80, 133;
v0xbb4d36f80_134 .array/port v0xbb4d36f80, 134;
v0xbb4d36f80_135 .array/port v0xbb4d36f80, 135;
v0xbb4d36f80_136 .array/port v0xbb4d36f80, 136;
E_0xbb509adc0/34 .event anyedge, v0xbb4d36f80_133, v0xbb4d36f80_134, v0xbb4d36f80_135, v0xbb4d36f80_136;
v0xbb4d36f80_137 .array/port v0xbb4d36f80, 137;
v0xbb4d36f80_138 .array/port v0xbb4d36f80, 138;
v0xbb4d36f80_139 .array/port v0xbb4d36f80, 139;
v0xbb4d36f80_140 .array/port v0xbb4d36f80, 140;
E_0xbb509adc0/35 .event anyedge, v0xbb4d36f80_137, v0xbb4d36f80_138, v0xbb4d36f80_139, v0xbb4d36f80_140;
v0xbb4d36f80_141 .array/port v0xbb4d36f80, 141;
v0xbb4d36f80_142 .array/port v0xbb4d36f80, 142;
v0xbb4d36f80_143 .array/port v0xbb4d36f80, 143;
v0xbb4d36f80_144 .array/port v0xbb4d36f80, 144;
E_0xbb509adc0/36 .event anyedge, v0xbb4d36f80_141, v0xbb4d36f80_142, v0xbb4d36f80_143, v0xbb4d36f80_144;
v0xbb4d36f80_145 .array/port v0xbb4d36f80, 145;
v0xbb4d36f80_146 .array/port v0xbb4d36f80, 146;
v0xbb4d36f80_147 .array/port v0xbb4d36f80, 147;
v0xbb4d36f80_148 .array/port v0xbb4d36f80, 148;
E_0xbb509adc0/37 .event anyedge, v0xbb4d36f80_145, v0xbb4d36f80_146, v0xbb4d36f80_147, v0xbb4d36f80_148;
v0xbb4d36f80_149 .array/port v0xbb4d36f80, 149;
v0xbb4d36f80_150 .array/port v0xbb4d36f80, 150;
v0xbb4d36f80_151 .array/port v0xbb4d36f80, 151;
v0xbb4d36f80_152 .array/port v0xbb4d36f80, 152;
E_0xbb509adc0/38 .event anyedge, v0xbb4d36f80_149, v0xbb4d36f80_150, v0xbb4d36f80_151, v0xbb4d36f80_152;
v0xbb4d36f80_153 .array/port v0xbb4d36f80, 153;
v0xbb4d36f80_154 .array/port v0xbb4d36f80, 154;
v0xbb4d36f80_155 .array/port v0xbb4d36f80, 155;
v0xbb4d36f80_156 .array/port v0xbb4d36f80, 156;
E_0xbb509adc0/39 .event anyedge, v0xbb4d36f80_153, v0xbb4d36f80_154, v0xbb4d36f80_155, v0xbb4d36f80_156;
v0xbb4d36f80_157 .array/port v0xbb4d36f80, 157;
v0xbb4d36f80_158 .array/port v0xbb4d36f80, 158;
v0xbb4d36f80_159 .array/port v0xbb4d36f80, 159;
v0xbb4d36f80_160 .array/port v0xbb4d36f80, 160;
E_0xbb509adc0/40 .event anyedge, v0xbb4d36f80_157, v0xbb4d36f80_158, v0xbb4d36f80_159, v0xbb4d36f80_160;
v0xbb4d36f80_161 .array/port v0xbb4d36f80, 161;
v0xbb4d36f80_162 .array/port v0xbb4d36f80, 162;
v0xbb4d36f80_163 .array/port v0xbb4d36f80, 163;
v0xbb4d36f80_164 .array/port v0xbb4d36f80, 164;
E_0xbb509adc0/41 .event anyedge, v0xbb4d36f80_161, v0xbb4d36f80_162, v0xbb4d36f80_163, v0xbb4d36f80_164;
v0xbb4d36f80_165 .array/port v0xbb4d36f80, 165;
v0xbb4d36f80_166 .array/port v0xbb4d36f80, 166;
v0xbb4d36f80_167 .array/port v0xbb4d36f80, 167;
v0xbb4d36f80_168 .array/port v0xbb4d36f80, 168;
E_0xbb509adc0/42 .event anyedge, v0xbb4d36f80_165, v0xbb4d36f80_166, v0xbb4d36f80_167, v0xbb4d36f80_168;
v0xbb4d36f80_169 .array/port v0xbb4d36f80, 169;
v0xbb4d36f80_170 .array/port v0xbb4d36f80, 170;
v0xbb4d36f80_171 .array/port v0xbb4d36f80, 171;
v0xbb4d36f80_172 .array/port v0xbb4d36f80, 172;
E_0xbb509adc0/43 .event anyedge, v0xbb4d36f80_169, v0xbb4d36f80_170, v0xbb4d36f80_171, v0xbb4d36f80_172;
v0xbb4d36f80_173 .array/port v0xbb4d36f80, 173;
v0xbb4d36f80_174 .array/port v0xbb4d36f80, 174;
v0xbb4d36f80_175 .array/port v0xbb4d36f80, 175;
v0xbb4d36f80_176 .array/port v0xbb4d36f80, 176;
E_0xbb509adc0/44 .event anyedge, v0xbb4d36f80_173, v0xbb4d36f80_174, v0xbb4d36f80_175, v0xbb4d36f80_176;
v0xbb4d36f80_177 .array/port v0xbb4d36f80, 177;
v0xbb4d36f80_178 .array/port v0xbb4d36f80, 178;
v0xbb4d36f80_179 .array/port v0xbb4d36f80, 179;
v0xbb4d36f80_180 .array/port v0xbb4d36f80, 180;
E_0xbb509adc0/45 .event anyedge, v0xbb4d36f80_177, v0xbb4d36f80_178, v0xbb4d36f80_179, v0xbb4d36f80_180;
v0xbb4d36f80_181 .array/port v0xbb4d36f80, 181;
v0xbb4d36f80_182 .array/port v0xbb4d36f80, 182;
v0xbb4d36f80_183 .array/port v0xbb4d36f80, 183;
v0xbb4d36f80_184 .array/port v0xbb4d36f80, 184;
E_0xbb509adc0/46 .event anyedge, v0xbb4d36f80_181, v0xbb4d36f80_182, v0xbb4d36f80_183, v0xbb4d36f80_184;
v0xbb4d36f80_185 .array/port v0xbb4d36f80, 185;
v0xbb4d36f80_186 .array/port v0xbb4d36f80, 186;
v0xbb4d36f80_187 .array/port v0xbb4d36f80, 187;
v0xbb4d36f80_188 .array/port v0xbb4d36f80, 188;
E_0xbb509adc0/47 .event anyedge, v0xbb4d36f80_185, v0xbb4d36f80_186, v0xbb4d36f80_187, v0xbb4d36f80_188;
v0xbb4d36f80_189 .array/port v0xbb4d36f80, 189;
v0xbb4d36f80_190 .array/port v0xbb4d36f80, 190;
v0xbb4d36f80_191 .array/port v0xbb4d36f80, 191;
v0xbb4d36f80_192 .array/port v0xbb4d36f80, 192;
E_0xbb509adc0/48 .event anyedge, v0xbb4d36f80_189, v0xbb4d36f80_190, v0xbb4d36f80_191, v0xbb4d36f80_192;
v0xbb4d36f80_193 .array/port v0xbb4d36f80, 193;
v0xbb4d36f80_194 .array/port v0xbb4d36f80, 194;
v0xbb4d36f80_195 .array/port v0xbb4d36f80, 195;
v0xbb4d36f80_196 .array/port v0xbb4d36f80, 196;
E_0xbb509adc0/49 .event anyedge, v0xbb4d36f80_193, v0xbb4d36f80_194, v0xbb4d36f80_195, v0xbb4d36f80_196;
v0xbb4d36f80_197 .array/port v0xbb4d36f80, 197;
v0xbb4d36f80_198 .array/port v0xbb4d36f80, 198;
v0xbb4d36f80_199 .array/port v0xbb4d36f80, 199;
v0xbb4d36f80_200 .array/port v0xbb4d36f80, 200;
E_0xbb509adc0/50 .event anyedge, v0xbb4d36f80_197, v0xbb4d36f80_198, v0xbb4d36f80_199, v0xbb4d36f80_200;
v0xbb4d36f80_201 .array/port v0xbb4d36f80, 201;
v0xbb4d36f80_202 .array/port v0xbb4d36f80, 202;
v0xbb4d36f80_203 .array/port v0xbb4d36f80, 203;
v0xbb4d36f80_204 .array/port v0xbb4d36f80, 204;
E_0xbb509adc0/51 .event anyedge, v0xbb4d36f80_201, v0xbb4d36f80_202, v0xbb4d36f80_203, v0xbb4d36f80_204;
v0xbb4d36f80_205 .array/port v0xbb4d36f80, 205;
v0xbb4d36f80_206 .array/port v0xbb4d36f80, 206;
v0xbb4d36f80_207 .array/port v0xbb4d36f80, 207;
v0xbb4d36f80_208 .array/port v0xbb4d36f80, 208;
E_0xbb509adc0/52 .event anyedge, v0xbb4d36f80_205, v0xbb4d36f80_206, v0xbb4d36f80_207, v0xbb4d36f80_208;
v0xbb4d36f80_209 .array/port v0xbb4d36f80, 209;
v0xbb4d36f80_210 .array/port v0xbb4d36f80, 210;
v0xbb4d36f80_211 .array/port v0xbb4d36f80, 211;
v0xbb4d36f80_212 .array/port v0xbb4d36f80, 212;
E_0xbb509adc0/53 .event anyedge, v0xbb4d36f80_209, v0xbb4d36f80_210, v0xbb4d36f80_211, v0xbb4d36f80_212;
v0xbb4d36f80_213 .array/port v0xbb4d36f80, 213;
v0xbb4d36f80_214 .array/port v0xbb4d36f80, 214;
v0xbb4d36f80_215 .array/port v0xbb4d36f80, 215;
v0xbb4d36f80_216 .array/port v0xbb4d36f80, 216;
E_0xbb509adc0/54 .event anyedge, v0xbb4d36f80_213, v0xbb4d36f80_214, v0xbb4d36f80_215, v0xbb4d36f80_216;
v0xbb4d36f80_217 .array/port v0xbb4d36f80, 217;
v0xbb4d36f80_218 .array/port v0xbb4d36f80, 218;
v0xbb4d36f80_219 .array/port v0xbb4d36f80, 219;
v0xbb4d36f80_220 .array/port v0xbb4d36f80, 220;
E_0xbb509adc0/55 .event anyedge, v0xbb4d36f80_217, v0xbb4d36f80_218, v0xbb4d36f80_219, v0xbb4d36f80_220;
v0xbb4d36f80_221 .array/port v0xbb4d36f80, 221;
v0xbb4d36f80_222 .array/port v0xbb4d36f80, 222;
v0xbb4d36f80_223 .array/port v0xbb4d36f80, 223;
v0xbb4d36f80_224 .array/port v0xbb4d36f80, 224;
E_0xbb509adc0/56 .event anyedge, v0xbb4d36f80_221, v0xbb4d36f80_222, v0xbb4d36f80_223, v0xbb4d36f80_224;
v0xbb4d36f80_225 .array/port v0xbb4d36f80, 225;
v0xbb4d36f80_226 .array/port v0xbb4d36f80, 226;
v0xbb4d36f80_227 .array/port v0xbb4d36f80, 227;
v0xbb4d36f80_228 .array/port v0xbb4d36f80, 228;
E_0xbb509adc0/57 .event anyedge, v0xbb4d36f80_225, v0xbb4d36f80_226, v0xbb4d36f80_227, v0xbb4d36f80_228;
v0xbb4d36f80_229 .array/port v0xbb4d36f80, 229;
v0xbb4d36f80_230 .array/port v0xbb4d36f80, 230;
v0xbb4d36f80_231 .array/port v0xbb4d36f80, 231;
v0xbb4d36f80_232 .array/port v0xbb4d36f80, 232;
E_0xbb509adc0/58 .event anyedge, v0xbb4d36f80_229, v0xbb4d36f80_230, v0xbb4d36f80_231, v0xbb4d36f80_232;
v0xbb4d36f80_233 .array/port v0xbb4d36f80, 233;
v0xbb4d36f80_234 .array/port v0xbb4d36f80, 234;
v0xbb4d36f80_235 .array/port v0xbb4d36f80, 235;
v0xbb4d36f80_236 .array/port v0xbb4d36f80, 236;
E_0xbb509adc0/59 .event anyedge, v0xbb4d36f80_233, v0xbb4d36f80_234, v0xbb4d36f80_235, v0xbb4d36f80_236;
v0xbb4d36f80_237 .array/port v0xbb4d36f80, 237;
v0xbb4d36f80_238 .array/port v0xbb4d36f80, 238;
v0xbb4d36f80_239 .array/port v0xbb4d36f80, 239;
v0xbb4d36f80_240 .array/port v0xbb4d36f80, 240;
E_0xbb509adc0/60 .event anyedge, v0xbb4d36f80_237, v0xbb4d36f80_238, v0xbb4d36f80_239, v0xbb4d36f80_240;
v0xbb4d36f80_241 .array/port v0xbb4d36f80, 241;
v0xbb4d36f80_242 .array/port v0xbb4d36f80, 242;
v0xbb4d36f80_243 .array/port v0xbb4d36f80, 243;
v0xbb4d36f80_244 .array/port v0xbb4d36f80, 244;
E_0xbb509adc0/61 .event anyedge, v0xbb4d36f80_241, v0xbb4d36f80_242, v0xbb4d36f80_243, v0xbb4d36f80_244;
v0xbb4d36f80_245 .array/port v0xbb4d36f80, 245;
v0xbb4d36f80_246 .array/port v0xbb4d36f80, 246;
v0xbb4d36f80_247 .array/port v0xbb4d36f80, 247;
v0xbb4d36f80_248 .array/port v0xbb4d36f80, 248;
E_0xbb509adc0/62 .event anyedge, v0xbb4d36f80_245, v0xbb4d36f80_246, v0xbb4d36f80_247, v0xbb4d36f80_248;
v0xbb4d36f80_249 .array/port v0xbb4d36f80, 249;
v0xbb4d36f80_250 .array/port v0xbb4d36f80, 250;
v0xbb4d36f80_251 .array/port v0xbb4d36f80, 251;
v0xbb4d36f80_252 .array/port v0xbb4d36f80, 252;
E_0xbb509adc0/63 .event anyedge, v0xbb4d36f80_249, v0xbb4d36f80_250, v0xbb4d36f80_251, v0xbb4d36f80_252;
v0xbb4d36f80_253 .array/port v0xbb4d36f80, 253;
v0xbb4d36f80_254 .array/port v0xbb4d36f80, 254;
v0xbb4d36f80_255 .array/port v0xbb4d36f80, 255;
E_0xbb509adc0/64 .event anyedge, v0xbb4d36f80_253, v0xbb4d36f80_254, v0xbb4d36f80_255;
E_0xbb509adc0 .event/or E_0xbb509adc0/0, E_0xbb509adc0/1, E_0xbb509adc0/2, E_0xbb509adc0/3, E_0xbb509adc0/4, E_0xbb509adc0/5, E_0xbb509adc0/6, E_0xbb509adc0/7, E_0xbb509adc0/8, E_0xbb509adc0/9, E_0xbb509adc0/10, E_0xbb509adc0/11, E_0xbb509adc0/12, E_0xbb509adc0/13, E_0xbb509adc0/14, E_0xbb509adc0/15, E_0xbb509adc0/16, E_0xbb509adc0/17, E_0xbb509adc0/18, E_0xbb509adc0/19, E_0xbb509adc0/20, E_0xbb509adc0/21, E_0xbb509adc0/22, E_0xbb509adc0/23, E_0xbb509adc0/24, E_0xbb509adc0/25, E_0xbb509adc0/26, E_0xbb509adc0/27, E_0xbb509adc0/28, E_0xbb509adc0/29, E_0xbb509adc0/30, E_0xbb509adc0/31, E_0xbb509adc0/32, E_0xbb509adc0/33, E_0xbb509adc0/34, E_0xbb509adc0/35, E_0xbb509adc0/36, E_0xbb509adc0/37, E_0xbb509adc0/38, E_0xbb509adc0/39, E_0xbb509adc0/40, E_0xbb509adc0/41, E_0xbb509adc0/42, E_0xbb509adc0/43, E_0xbb509adc0/44, E_0xbb509adc0/45, E_0xbb509adc0/46, E_0xbb509adc0/47, E_0xbb509adc0/48, E_0xbb509adc0/49, E_0xbb509adc0/50, E_0xbb509adc0/51, E_0xbb509adc0/52, E_0xbb509adc0/53, E_0xbb509adc0/54, E_0xbb509adc0/55, E_0xbb509adc0/56, E_0xbb509adc0/57, E_0xbb509adc0/58, E_0xbb509adc0/59, E_0xbb509adc0/60, E_0xbb509adc0/61, E_0xbb509adc0/62, E_0xbb509adc0/63, E_0xbb509adc0/64;
L_0xbb508cc80 .functor MUXZ 7, v0xbb4d34640_0, L_0xbb4879378, L_0xbb4c77950, C4<>;
L_0xbb508cd20 .functor MUXZ 7, v0xbb4d346e0_0, L_0xbb48793c0, L_0xbb4c77950, C4<>;
L_0xbb508cdc0 .functor MUXZ 1, v0xbb4d34460_0, L_0xbb4879408, L_0xbb4c77950, C4<>;
L_0xbb508ce60 .functor MUXZ 1, L_0xbb4879498, L_0xbb4879450, L_0xbb4c77950, C4<>;
L_0xbb508cf00 .functor MUXZ 4, v0xbb4d34280_0, L_0xbb48794e0, L_0xbb4c77950, C4<>;
L_0xbb4cbf020 .concat [ 10 54 0 0], v0xbb4d341e0_0, L_0xbb4879528;
L_0xbb50e55e0 .cmp/eq 64, L_0xbb4cbf020, L_0xbb4879570;
L_0xbb4cbf0c0 .concat [ 7 25 0 0], L_0xbb508cd20, L_0xbb48795b8;
L_0xbb50e5680 .cmp/eq 32, L_0xbb4cbf0c0, L_0xbb4879600;
L_0xbb4cbf160 .concat [ 7 25 0 0], L_0xbb508cc80, L_0xbb4879648;
L_0xbb50e5720 .cmp/eq 32, L_0xbb4cbf160, L_0xbb4879690;
L_0xbb4d39c20 .reduce/nor v0xbb4d34aa0_0;
L_0xbb50e57c0 .part v0xbb4d34320_0, 0, 1;
L_0xbb4d39cc0 .reduce/nor v0xbb4d34aa0_0;
L_0xbb50e5860 .part v0xbb4d34320_0, 0, 1;
L_0xbb4d39d60 .reduce/nor L_0xbb50e5860;
L_0xbb50e5900 .part v0xbb4d34320_0, 1, 1;
L_0xbb50e59a0 .part v0xbb4d39720_0, 0, 4;
L_0xbb50e5a40 .part v0xbb4d39720_0, 4, 4;
LS_0xbb4cbf200_0_0 .concat [ 8 8 8 8], L_0xbb508c5a0, L_0xbb508c6e0, L_0xbb508c780, L_0xbb508c820;
LS_0xbb4cbf200_0_4 .concat [ 8 8 8 8], L_0xbb508ca00, L_0xbb508caa0, L_0xbb508cb40, L_0xbb508cbe0;
L_0xbb4cbf200 .concat [ 32 32 0 0], LS_0xbb4cbf200_0_0, LS_0xbb4cbf200_0_4;
L_0xbb4cbf2a0 .concat [ 7 25 0 0], L_0xbb508cd20, L_0xbb48796d8;
L_0xbb50e5ae0 .arith/mult 32, L_0xbb4c77cd0, L_0xbb4879768;
L_0xbb4cbf340 .concat [ 7 25 0 0], L_0xbb508cc80, L_0xbb48797b0;
L_0xbb50e5b80 .arith/sum 32, L_0xbb50e5ae0, L_0xbb4cbf340;
L_0xbb50e5c20 .part L_0xbb50e5b80, 0, 10;
L_0xbb4cbf3e0 .concat [ 6 26 0 0], v0xbb4d36760_0, L_0xbb48797f8;
L_0xbb50e5cc0 .cmp/ge 32, L_0xbb4cbf3e0, L_0xbb4879840;
L_0xbb4d39e00 .reduce/nor L_0xbb50e5cc0;
L_0xbb4cbf480 .concat [ 3 29 0 0], v0xbb4d36580_0, L_0xbb4879888;
L_0xbb50e5d60 .arith/mult 32, L_0xbb4cbf480, L_0xbb48798d0;
L_0xbb4cbf520 .concat [ 4 28 0 0], v0xbb4d36120_0, L_0xbb4879918;
L_0xbb50e5e00 .arith/mult 32, L_0xbb4cbf520, L_0xbb4879960;
L_0xbb50e5ea0 .arith/sum 32, L_0xbb50e5d60, L_0xbb50e5e00;
L_0xbb4cbf5c0 .concat [ 3 29 0 0], v0xbb4d364e0_0, L_0xbb48799a8;
L_0xbb50e5f40 .arith/sum 32, L_0xbb50e5ea0, L_0xbb4cbf5c0;
L_0xbb50e5fe0 .part L_0xbb50e5f40, 0, 10;
L_0xbb508cfa0 .functor MUXZ 1, v0xbb4d34460_0, L_0xbb48799f0, L_0xbb4c77db0, C4<>;
L_0xbb50e6080 .part/v v0xbb4d34b40_0, L_0xbb508cfa0, 1;
L_0xbb50e6120 .part/v v0xbb4d34320_0, L_0xbb508cfa0, 1;
L_0xbb4d39ea0 .reduce/nor L_0xbb4c77e20;
L_0xbb4cbf660 .concat [ 10 22 0 0], L_0xbb50e5c20, L_0xbb4879ac8;
L_0xbb4cbf7a0 .concat [ 10 22 0 0], L_0xbb50e5fe0, L_0xbb4879b58;
L_0xbb4cbf840 .concat [ 10 22 0 0], L_0xbb50e5c20, L_0xbb4879c30;
L_0xbb4cbf700 .concat [ 10 22 0 0], L_0xbb50e5fe0, L_0xbb4879cc0;
L_0xbb50e6300 .cmp/eq 6, v0xbb4d36760_0, L_0xbb4879d08;
L_0xbb50e63a0 .part v0xbb4d377a0_0, 13, 2;
L_0xbb50e6440 .part v0xbb4d377a0_0, 10, 3;
L_0xbb50e64e0 .part v0xbb4d377a0_0, 4, 6;
L_0xbb50e6580 .part v0xbb4d377a0_0, 0, 4;
L_0xbb4cbf8e0 .concat [ 3 23 0 0], L_0xbb50e6440, L_0xbb4879d98;
L_0xbb4cbf980 .concat [ 26 38 0 0], L_0xbb4cbf8e0, L_0xbb4879de0;
L_0xbb50e6620 .arith/mult 64, L_0xbb4cbf980, L_0xbb4879e28;
L_0xbb4cbfa20 .concat [ 6 58 0 0], L_0xbb50e64e0, L_0xbb4879e70;
L_0xbb50e66c0 .arith/sum 64, L_0xbb50e6620, L_0xbb4cbfa20;
L_0xbb50e6760 .arith/mult 64, L_0xbb50e66c0, L_0xbb4879eb8;
L_0xbb50e6800 .arith/sum 64, L_0xbb4879d50, L_0xbb50e6760;
L_0xbb4cbfac0 .concat [ 4 60 0 0], L_0xbb50e6580, L_0xbb4879f00;
L_0xbb50e68a0 .arith/mult 64, L_0xbb4cbfac0, L_0xbb4879f48;
L_0xbb50e6940 .arith/sum 64, L_0xbb50e6800, L_0xbb50e68a0;
L_0xbb50e69e0 .part L_0xbb50e6940, 0, 32;
L_0xbb50e6a80 .cmp/eq 3, v0xbb4d37d40_0, L_0xbb4879f90;
L_0xbb50e6b20 .cmp/eq 3, v0xbb4d37d40_0, L_0xbb487a0b0;
L_0xbb50e6bc0 .cmp/eq 3, v0xbb4d37d40_0, L_0xbb487a0f8;
L_0xbb4cbfb60 .concat [ 8 25 0 0], v0xbb4d37c00_0, L_0xbb487a140;
L_0xbb50e6c60 .cmp/eq 33, L_0xbb4cbfb60, L_0xbb487a188;
S_0x10108cb50 .scope generate, "GEN_RESP[0]" "GEN_RESP[0]" 4 193, 4 193 0, S_0x101086660;
 .timescale -9 -12;
P_0xbb4cf9240 .param/l "gi" 1 4 193, +C4<00>;
v0xbb4ce8e60_0 .net *"_ivl_1", 7 0, L_0xbb504f0c0;  1 drivers
v0xbb4ce8f00_0 .net *"_ivl_11", 7 0, L_0xbb504f340;  1 drivers
L_0xbb4878208 .functor BUFT 1, C4<00000000000000000000000000010000>, C4<0>, C4<0>, C4<0>;
v0xbb4ce88c0_0 .net/2u *"_ivl_13", 31 0, L_0xbb4878208;  1 drivers
v0xbb4ce8960_0 .net *"_ivl_15", 31 0, L_0xbb4cbdcc0;  1 drivers
L_0xbb4878250 .functor BUFT 1, C4<0000000000000000000000000000>, C4<0>, C4<0>, C4<0>;
v0xbb4ce8a00_0 .net *"_ivl_18", 27 0, L_0xbb4878250;  1 drivers
v0xbb4ce8aa0_0 .net *"_ivl_19", 31 0, L_0xbb504f160;  1 drivers
v0xbb4ce8b40_0 .net *"_ivl_21", 0 0, L_0xbb504f200;  1 drivers
v0xbb4ce8be0_0 .net *"_ivl_23", 7 0, L_0xbb504c000;  1 drivers
L_0xbb4878298 .functor BUFT 1, C4<00000000000000000000000000000000>, C4<0>, C4<0>, C4<0>;
v0xbb4ce8c80_0 .net/2u *"_ivl_25", 31 0, L_0xbb4878298;  1 drivers
v0xbb4ce8d20_0 .net *"_ivl_27", 31 0, L_0xbb4cbdd60;  1 drivers
L_0xbb4878178 .functor BUFT 1, C4<00000000000000000000000000000000>, C4<0>, C4<0>, C4<0>;
v0xbb4ce8fa0_0 .net/2u *"_ivl_3", 31 0, L_0xbb4878178;  1 drivers
L_0xbb48782e0 .functor BUFT 1, C4<0000000000000000000000000000>, C4<0>, C4<0>, C4<0>;
v0xbb4ce9040_0 .net *"_ivl_30", 27 0, L_0xbb48782e0;  1 drivers
v0xbb4ce90e0_0 .net *"_ivl_31", 31 0, L_0xbb504c0a0;  1 drivers
v0xbb4ce9180_0 .net *"_ivl_33", 7 0, L_0xbb504eb20;  1 drivers
L_0xbb4878328 .functor BUFT 1, C4<00000000000000000000000000010000>, C4<0>, C4<0>, C4<0>;
v0xbb4ce9220_0 .net/2u *"_ivl_35", 31 0, L_0xbb4878328;  1 drivers
v0xbb4ce92c0_0 .net *"_ivl_37", 31 0, L_0xbb4cbde00;  1 drivers
L_0xbb4878370 .functor BUFT 1, C4<0000000000000000000000000000>, C4<0>, C4<0>, C4<0>;
v0xbb4ce9360_0 .net *"_ivl_40", 27 0, L_0xbb4878370;  1 drivers
v0xbb4ce9400_0 .net *"_ivl_41", 31 0, L_0xbb504ebc0;  1 drivers
v0xbb4ce94a0_0 .net *"_ivl_5", 31 0, L_0xbb4cbdc20;  1 drivers
L_0xbb48781c0 .functor BUFT 1, C4<0000000000000000000000000000>, C4<0>, C4<0>, C4<0>;
v0xbb4ce9540_0 .net *"_ivl_8", 27 0, L_0xbb48781c0;  1 drivers
v0xbb4ce95e0_0 .net *"_ivl_9", 31 0, L_0xbb504f2a0;  1 drivers
L_0xbb504f0c0 .array/port v0xbb4d306e0, L_0xbb504f2a0;
L_0xbb4cbdc20 .concat [ 4 28 0 0], L_0xbb50e59a0, L_0xbb48781c0;
L_0xbb504f2a0 .arith/sum 32, L_0xbb4878178, L_0xbb4cbdc20;
L_0xbb504f340 .array/port v0xbb4d306e0, L_0xbb504f160;
L_0xbb4cbdcc0 .concat [ 4 28 0 0], L_0xbb50e5a40, L_0xbb4878250;
L_0xbb504f160 .arith/sum 32, L_0xbb4878208, L_0xbb4cbdcc0;
L_0xbb504f200 .cmp/gt 8, L_0xbb504f0c0, L_0xbb504f340;
L_0xbb504c000 .array/port v0xbb4d306e0, L_0xbb504c0a0;
L_0xbb4cbdd60 .concat [ 4 28 0 0], L_0xbb50e59a0, L_0xbb48782e0;
L_0xbb504c0a0 .arith/sum 32, L_0xbb4878298, L_0xbb4cbdd60;
L_0xbb504eb20 .array/port v0xbb4d306e0, L_0xbb504ebc0;
L_0xbb4cbde00 .concat [ 4 28 0 0], L_0xbb50e5a40, L_0xbb4878370;
L_0xbb504ebc0 .arith/sum 32, L_0xbb4878328, L_0xbb4cbde00;
L_0xbb508c5a0 .functor MUXZ 8, L_0xbb504eb20, L_0xbb504c000, L_0xbb504f200, C4<>;
S_0x101087050 .scope generate, "GEN_RESP[1]" "GEN_RESP[1]" 4 193, 4 193 0, S_0x101086660;
 .timescale -9 -12;
P_0xbb4cf9280 .param/l "gi" 1 4 193, +C4<01>;
v0xbb4ce9680_0 .net *"_ivl_1", 7 0, L_0xbb504ec60;  1 drivers
v0xbb4ce9720_0 .net *"_ivl_11", 7 0, L_0xbb504eda0;  1 drivers
L_0xbb4878448 .functor BUFT 1, C4<00000000000000000000000000110000>, C4<0>, C4<0>, C4<0>;
v0xbb4ce97c0_0 .net/2u *"_ivl_13", 31 0, L_0xbb4878448;  1 drivers
v0xbb4ce9860_0 .net *"_ivl_15", 31 0, L_0xbb4cbdf40;  1 drivers
L_0xbb4878490 .functor BUFT 1, C4<0000000000000000000000000000>, C4<0>, C4<0>, C4<0>;
v0xbb4ce9900_0 .net *"_ivl_18", 27 0, L_0xbb4878490;  1 drivers
v0xbb4ce99a0_0 .net *"_ivl_19", 31 0, L_0xbb504ee40;  1 drivers
v0xbb4ce9a40_0 .net *"_ivl_21", 0 0, L_0xbb504eee0;  1 drivers
v0xbb4ce9ae0_0 .net *"_ivl_23", 7 0, L_0xbb504ef80;  1 drivers
L_0xbb48784d8 .functor BUFT 1, C4<00000000000000000000000000100000>, C4<0>, C4<0>, C4<0>;
v0xbb4ce9b80_0 .net/2u *"_ivl_25", 31 0, L_0xbb48784d8;  1 drivers
v0xbb4ce9c20_0 .net *"_ivl_27", 31 0, L_0xbb4cbdfe0;  1 drivers
L_0xbb48783b8 .functor BUFT 1, C4<00000000000000000000000000100000>, C4<0>, C4<0>, C4<0>;
v0xbb4ce9cc0_0 .net/2u *"_ivl_3", 31 0, L_0xbb48783b8;  1 drivers
L_0xbb4878520 .functor BUFT 1, C4<0000000000000000000000000000>, C4<0>, C4<0>, C4<0>;
v0xbb4ce9d60_0 .net *"_ivl_30", 27 0, L_0xbb4878520;  1 drivers
v0xbb4ce9e00_0 .net *"_ivl_31", 31 0, L_0xbb504e4e0;  1 drivers
v0xbb4ce9ea0_0 .net *"_ivl_33", 7 0, L_0xbb504e580;  1 drivers
L_0xbb4878568 .functor BUFT 1, C4<00000000000000000000000000110000>, C4<0>, C4<0>, C4<0>;
v0xbb4ce9f40_0 .net/2u *"_ivl_35", 31 0, L_0xbb4878568;  1 drivers
v0xbb4ce9fe0_0 .net *"_ivl_37", 31 0, L_0xbb4cbe080;  1 drivers
L_0xbb48785b0 .functor BUFT 1, C4<0000000000000000000000000000>, C4<0>, C4<0>, C4<0>;
v0xbb4cea080_0 .net *"_ivl_40", 27 0, L_0xbb48785b0;  1 drivers
v0xbb4cea120_0 .net *"_ivl_41", 31 0, L_0xbb504e260;  1 drivers
v0xbb4cea1c0_0 .net *"_ivl_5", 31 0, L_0xbb4cbdea0;  1 drivers
L_0xbb4878400 .functor BUFT 1, C4<0000000000000000000000000000>, C4<0>, C4<0>, C4<0>;
v0xbb4cea260_0 .net *"_ivl_8", 27 0, L_0xbb4878400;  1 drivers
v0xbb4cea300_0 .net *"_ivl_9", 31 0, L_0xbb504ed00;  1 drivers
L_0xbb504ec60 .array/port v0xbb4d306e0, L_0xbb504ed00;
L_0xbb4cbdea0 .concat [ 4 28 0 0], L_0xbb50e59a0, L_0xbb4878400;
L_0xbb504ed00 .arith/sum 32, L_0xbb48783b8, L_0xbb4cbdea0;
L_0xbb504eda0 .array/port v0xbb4d306e0, L_0xbb504ee40;
L_0xbb4cbdf40 .concat [ 4 28 0 0], L_0xbb50e5a40, L_0xbb4878490;
L_0xbb504ee40 .arith/sum 32, L_0xbb4878448, L_0xbb4cbdf40;
L_0xbb504eee0 .cmp/gt 8, L_0xbb504ec60, L_0xbb504eda0;
L_0xbb504ef80 .array/port v0xbb4d306e0, L_0xbb504e4e0;
L_0xbb4cbdfe0 .concat [ 4 28 0 0], L_0xbb50e59a0, L_0xbb4878520;
L_0xbb504e4e0 .arith/sum 32, L_0xbb48784d8, L_0xbb4cbdfe0;
L_0xbb504e580 .array/port v0xbb4d306e0, L_0xbb504e260;
L_0xbb4cbe080 .concat [ 4 28 0 0], L_0xbb50e5a40, L_0xbb48785b0;
L_0xbb504e260 .arith/sum 32, L_0xbb4878568, L_0xbb4cbe080;
L_0xbb508c6e0 .functor MUXZ 8, L_0xbb504e580, L_0xbb504ef80, L_0xbb504eee0, C4<>;
S_0x1010834a0 .scope generate, "GEN_RESP[2]" "GEN_RESP[2]" 4 193, 4 193 0, S_0x101086660;
 .timescale -9 -12;
P_0xbb4cf92c0 .param/l "gi" 1 4 193, +C4<010>;
v0xbb4cea3a0_0 .net *"_ivl_1", 7 0, L_0xbb504f3e0;  1 drivers
v0xbb4cea440_0 .net *"_ivl_11", 7 0, L_0xbb504f520;  1 drivers
L_0xbb4878688 .functor BUFT 1, C4<00000000000000000000000001010000>, C4<0>, C4<0>, C4<0>;
v0xbb4cea4e0_0 .net/2u *"_ivl_13", 31 0, L_0xbb4878688;  1 drivers
v0xbb4cea580_0 .net *"_ivl_15", 31 0, L_0xbb4cbe1c0;  1 drivers
L_0xbb48786d0 .functor BUFT 1, C4<0000000000000000000000000000>, C4<0>, C4<0>, C4<0>;
v0xbb4cea620_0 .net *"_ivl_18", 27 0, L_0xbb48786d0;  1 drivers
v0xbb4cea6c0_0 .net *"_ivl_19", 31 0, L_0xbb504f5c0;  1 drivers
v0xbb4cea760_0 .net *"_ivl_21", 0 0, L_0xbb504f660;  1 drivers
v0xbb4cea800_0 .net *"_ivl_23", 7 0, L_0xbb504f700;  1 drivers
L_0xbb4878718 .functor BUFT 1, C4<00000000000000000000000001000000>, C4<0>, C4<0>, C4<0>;
v0xbb4cea8a0_0 .net/2u *"_ivl_25", 31 0, L_0xbb4878718;  1 drivers
v0xbb4cea940_0 .net *"_ivl_27", 31 0, L_0xbb4cbe260;  1 drivers
L_0xbb48785f8 .functor BUFT 1, C4<00000000000000000000000001000000>, C4<0>, C4<0>, C4<0>;
v0xbb4cea9e0_0 .net/2u *"_ivl_3", 31 0, L_0xbb48785f8;  1 drivers
L_0xbb4878760 .functor BUFT 1, C4<0000000000000000000000000000>, C4<0>, C4<0>, C4<0>;
v0xbb4ceaa80_0 .net *"_ivl_30", 27 0, L_0xbb4878760;  1 drivers
v0xbb4ceab20_0 .net *"_ivl_31", 31 0, L_0xbb504f7a0;  1 drivers
v0xbb4ceabc0_0 .net *"_ivl_33", 7 0, L_0xbb504f840;  1 drivers
L_0xbb48787a8 .functor BUFT 1, C4<00000000000000000000000001010000>, C4<0>, C4<0>, C4<0>;
v0xbb4ceac60_0 .net/2u *"_ivl_35", 31 0, L_0xbb48787a8;  1 drivers
v0xbb4cead00_0 .net *"_ivl_37", 31 0, L_0xbb4cbe300;  1 drivers
L_0xbb48787f0 .functor BUFT 1, C4<0000000000000000000000000000>, C4<0>, C4<0>, C4<0>;
v0xbb4ceada0_0 .net *"_ivl_40", 27 0, L_0xbb48787f0;  1 drivers
v0xbb4ceae40_0 .net *"_ivl_41", 31 0, L_0xbb504f8e0;  1 drivers
v0xbb4ceaee0_0 .net *"_ivl_5", 31 0, L_0xbb4cbe120;  1 drivers
L_0xbb4878640 .functor BUFT 1, C4<0000000000000000000000000000>, C4<0>, C4<0>, C4<0>;
v0xbb4ceaf80_0 .net *"_ivl_8", 27 0, L_0xbb4878640;  1 drivers
v0xbb4ceb020_0 .net *"_ivl_9", 31 0, L_0xbb504f480;  1 drivers
L_0xbb504f3e0 .array/port v0xbb4d306e0, L_0xbb504f480;
L_0xbb4cbe120 .concat [ 4 28 0 0], L_0xbb50e59a0, L_0xbb4878640;
L_0xbb504f480 .arith/sum 32, L_0xbb48785f8, L_0xbb4cbe120;
L_0xbb504f520 .array/port v0xbb4d306e0, L_0xbb504f5c0;
L_0xbb4cbe1c0 .concat [ 4 28 0 0], L_0xbb50e5a40, L_0xbb48786d0;
L_0xbb504f5c0 .arith/sum 32, L_0xbb4878688, L_0xbb4cbe1c0;
L_0xbb504f660 .cmp/gt 8, L_0xbb504f3e0, L_0xbb504f520;
L_0xbb504f700 .array/port v0xbb4d306e0, L_0xbb504f7a0;
L_0xbb4cbe260 .concat [ 4 28 0 0], L_0xbb50e59a0, L_0xbb4878760;
L_0xbb504f7a0 .arith/sum 32, L_0xbb4878718, L_0xbb4cbe260;
L_0xbb504f840 .array/port v0xbb4d306e0, L_0xbb504f8e0;
L_0xbb4cbe300 .concat [ 4 28 0 0], L_0xbb50e5a40, L_0xbb48787f0;
L_0xbb504f8e0 .arith/sum 32, L_0xbb48787a8, L_0xbb4cbe300;
L_0xbb508c780 .functor MUXZ 8, L_0xbb504f840, L_0xbb504f700, L_0xbb504f660, C4<>;
S_0x101083620 .scope generate, "GEN_RESP[3]" "GEN_RESP[3]" 4 193, 4 193 0, S_0x101086660;
 .timescale -9 -12;
P_0xbb4cf9300 .param/l "gi" 1 4 193, +C4<011>;
v0xbb4ceb0c0_0 .net *"_ivl_1", 7 0, L_0xbb504f980;  1 drivers
v0xbb4ceb160_0 .net *"_ivl_11", 7 0, L_0xbb504fac0;  1 drivers
L_0xbb48788c8 .functor BUFT 1, C4<00000000000000000000000001110000>, C4<0>, C4<0>, C4<0>;
v0xbb4ceb200_0 .net/2u *"_ivl_13", 31 0, L_0xbb48788c8;  1 drivers
v0xbb4ceb2a0_0 .net *"_ivl_15", 31 0, L_0xbb4cbe440;  1 drivers
L_0xbb4878910 .functor BUFT 1, C4<0000000000000000000000000000>, C4<0>, C4<0>, C4<0>;
v0xbb4ceb340_0 .net *"_ivl_18", 27 0, L_0xbb4878910;  1 drivers
v0xbb4ceb3e0_0 .net *"_ivl_19", 31 0, L_0xbb504fb60;  1 drivers
v0xbb4ceb480_0 .net *"_ivl_21", 0 0, L_0xbb504fc00;  1 drivers
v0xbb4ceb520_0 .net *"_ivl_23", 7 0, L_0xbb504fca0;  1 drivers
L_0xbb4878958 .functor BUFT 1, C4<00000000000000000000000001100000>, C4<0>, C4<0>, C4<0>;
v0xbb4ceb5c0_0 .net/2u *"_ivl_25", 31 0, L_0xbb4878958;  1 drivers
v0xbb4ceb660_0 .net *"_ivl_27", 31 0, L_0xbb4cbe4e0;  1 drivers
L_0xbb4878838 .functor BUFT 1, C4<00000000000000000000000001100000>, C4<0>, C4<0>, C4<0>;
v0xbb4ceb700_0 .net/2u *"_ivl_3", 31 0, L_0xbb4878838;  1 drivers
L_0xbb48789a0 .functor BUFT 1, C4<0000000000000000000000000000>, C4<0>, C4<0>, C4<0>;
v0xbb4ceb7a0_0 .net *"_ivl_30", 27 0, L_0xbb48789a0;  1 drivers
v0xbb4ceb840_0 .net *"_ivl_31", 31 0, L_0xbb504fd40;  1 drivers
v0xbb4ceb8e0_0 .net *"_ivl_33", 7 0, L_0xbb504fde0;  1 drivers
L_0xbb48789e8 .functor BUFT 1, C4<00000000000000000000000001110000>, C4<0>, C4<0>, C4<0>;
v0xbb4ceb980_0 .net/2u *"_ivl_35", 31 0, L_0xbb48789e8;  1 drivers
v0xbb4ceba20_0 .net *"_ivl_37", 31 0, L_0xbb4cbe580;  1 drivers
L_0xbb4878a30 .functor BUFT 1, C4<0000000000000000000000000000>, C4<0>, C4<0>, C4<0>;
v0xbb4cebac0_0 .net *"_ivl_40", 27 0, L_0xbb4878a30;  1 drivers
v0xbb4cebb60_0 .net *"_ivl_41", 31 0, L_0xbb504fe80;  1 drivers
v0xbb4cebc00_0 .net *"_ivl_5", 31 0, L_0xbb4cbe3a0;  1 drivers
L_0xbb4878880 .functor BUFT 1, C4<0000000000000000000000000000>, C4<0>, C4<0>, C4<0>;
v0xbb4cebca0_0 .net *"_ivl_8", 27 0, L_0xbb4878880;  1 drivers
v0xbb4cebd40_0 .net *"_ivl_9", 31 0, L_0xbb504fa20;  1 drivers
L_0xbb504f980 .array/port v0xbb4d306e0, L_0xbb504fa20;
L_0xbb4cbe3a0 .concat [ 4 28 0 0], L_0xbb50e59a0, L_0xbb4878880;
L_0xbb504fa20 .arith/sum 32, L_0xbb4878838, L_0xbb4cbe3a0;
L_0xbb504fac0 .array/port v0xbb4d306e0, L_0xbb504fb60;
L_0xbb4cbe440 .concat [ 4 28 0 0], L_0xbb50e5a40, L_0xbb4878910;
L_0xbb504fb60 .arith/sum 32, L_0xbb48788c8, L_0xbb4cbe440;
L_0xbb504fc00 .cmp/gt 8, L_0xbb504f980, L_0xbb504fac0;
L_0xbb504fca0 .array/port v0xbb4d306e0, L_0xbb504fd40;
L_0xbb4cbe4e0 .concat [ 4 28 0 0], L_0xbb50e59a0, L_0xbb48789a0;
L_0xbb504fd40 .arith/sum 32, L_0xbb4878958, L_0xbb4cbe4e0;
L_0xbb504fde0 .array/port v0xbb4d306e0, L_0xbb504fe80;
L_0xbb4cbe580 .concat [ 4 28 0 0], L_0xbb50e5a40, L_0xbb4878a30;
L_0xbb504fe80 .arith/sum 32, L_0xbb48789e8, L_0xbb4cbe580;
L_0xbb508c820 .functor MUXZ 8, L_0xbb504fde0, L_0xbb504fca0, L_0xbb504fc00, C4<>;
S_0xbb4d28000 .scope generate, "GEN_RESP[4]" "GEN_RESP[4]" 4 193, 4 193 0, S_0x101086660;
 .timescale -9 -12;
P_0xbb4cf9340 .param/l "gi" 1 4 193, +C4<0100>;
v0xbb4cebde0_0 .net *"_ivl_1", 7 0, L_0xbb504ff20;  1 drivers
v0xbb4cebe80_0 .net *"_ivl_11", 7 0, L_0xbb50e40a0;  1 drivers
L_0xbb4878b08 .functor BUFT 1, C4<00000000000000000000000010010000>, C4<0>, C4<0>, C4<0>;
v0xbb4cebf20_0 .net/2u *"_ivl_13", 31 0, L_0xbb4878b08;  1 drivers
v0xbb4d2c000_0 .net *"_ivl_15", 31 0, L_0xbb4cbe6c0;  1 drivers
L_0xbb4878b50 .functor BUFT 1, C4<0000000000000000000000000000>, C4<0>, C4<0>, C4<0>;
v0xbb4d2c0a0_0 .net *"_ivl_18", 27 0, L_0xbb4878b50;  1 drivers
v0xbb4d2c140_0 .net *"_ivl_19", 31 0, L_0xbb50e4140;  1 drivers
v0xbb4d2c1e0_0 .net *"_ivl_21", 0 0, L_0xbb50e41e0;  1 drivers
v0xbb4d2c280_0 .net *"_ivl_23", 7 0, L_0xbb50e4280;  1 drivers
L_0xbb4878b98 .functor BUFT 1, C4<00000000000000000000000010000000>, C4<0>, C4<0>, C4<0>;
v0xbb4d2c320_0 .net/2u *"_ivl_25", 31 0, L_0xbb4878b98;  1 drivers
v0xbb4d2c3c0_0 .net *"_ivl_27", 31 0, L_0xbb4cbe760;  1 drivers
L_0xbb4878a78 .functor BUFT 1, C4<00000000000000000000000010000000>, C4<0>, C4<0>, C4<0>;
v0xbb4d2c460_0 .net/2u *"_ivl_3", 31 0, L_0xbb4878a78;  1 drivers
L_0xbb4878be0 .functor BUFT 1, C4<0000000000000000000000000000>, C4<0>, C4<0>, C4<0>;
v0xbb4d2c500_0 .net *"_ivl_30", 27 0, L_0xbb4878be0;  1 drivers
v0xbb4d2c5a0_0 .net *"_ivl_31", 31 0, L_0xbb50e4320;  1 drivers
v0xbb4d2c640_0 .net *"_ivl_33", 7 0, L_0xbb50e43c0;  1 drivers
L_0xbb4878c28 .functor BUFT 1, C4<00000000000000000000000010010000>, C4<0>, C4<0>, C4<0>;
v0xbb4d2c6e0_0 .net/2u *"_ivl_35", 31 0, L_0xbb4878c28;  1 drivers
v0xbb4d2c780_0 .net *"_ivl_37", 31 0, L_0xbb4cbe800;  1 drivers
L_0xbb4878c70 .functor BUFT 1, C4<0000000000000000000000000000>, C4<0>, C4<0>, C4<0>;
v0xbb4d2c820_0 .net *"_ivl_40", 27 0, L_0xbb4878c70;  1 drivers
v0xbb4d2c8c0_0 .net *"_ivl_41", 31 0, L_0xbb50e4460;  1 drivers
v0xbb4d2c960_0 .net *"_ivl_5", 31 0, L_0xbb4cbe620;  1 drivers
L_0xbb4878ac0 .functor BUFT 1, C4<0000000000000000000000000000>, C4<0>, C4<0>, C4<0>;
v0xbb4d2ca00_0 .net *"_ivl_8", 27 0, L_0xbb4878ac0;  1 drivers
v0xbb4d2caa0_0 .net *"_ivl_9", 31 0, L_0xbb50e4000;  1 drivers
L_0xbb504ff20 .array/port v0xbb4d306e0, L_0xbb50e4000;
L_0xbb4cbe620 .concat [ 4 28 0 0], L_0xbb50e59a0, L_0xbb4878ac0;
L_0xbb50e4000 .arith/sum 32, L_0xbb4878a78, L_0xbb4cbe620;
L_0xbb50e40a0 .array/port v0xbb4d306e0, L_0xbb50e4140;
L_0xbb4cbe6c0 .concat [ 4 28 0 0], L_0xbb50e5a40, L_0xbb4878b50;
L_0xbb50e4140 .arith/sum 32, L_0xbb4878b08, L_0xbb4cbe6c0;
L_0xbb50e41e0 .cmp/gt 8, L_0xbb504ff20, L_0xbb50e40a0;
L_0xbb50e4280 .array/port v0xbb4d306e0, L_0xbb50e4320;
L_0xbb4cbe760 .concat [ 4 28 0 0], L_0xbb50e59a0, L_0xbb4878be0;
L_0xbb50e4320 .arith/sum 32, L_0xbb4878b98, L_0xbb4cbe760;
L_0xbb50e43c0 .array/port v0xbb4d306e0, L_0xbb50e4460;
L_0xbb4cbe800 .concat [ 4 28 0 0], L_0xbb50e5a40, L_0xbb4878c70;
L_0xbb50e4460 .arith/sum 32, L_0xbb4878c28, L_0xbb4cbe800;
L_0xbb508ca00 .functor MUXZ 8, L_0xbb50e43c0, L_0xbb50e4280, L_0xbb50e41e0, C4<>;
S_0xbb4d28180 .scope generate, "GEN_RESP[5]" "GEN_RESP[5]" 4 193, 4 193 0, S_0x101086660;
 .timescale -9 -12;
P_0xbb4cf9380 .param/l "gi" 1 4 193, +C4<0101>;
v0xbb4d2cb40_0 .net *"_ivl_1", 7 0, L_0xbb50e4500;  1 drivers
v0xbb4d2cbe0_0 .net *"_ivl_11", 7 0, L_0xbb50e4640;  1 drivers
L_0xbb4878d48 .functor BUFT 1, C4<00000000000000000000000010110000>, C4<0>, C4<0>, C4<0>;
v0xbb4d2cc80_0 .net/2u *"_ivl_13", 31 0, L_0xbb4878d48;  1 drivers
v0xbb4d2cd20_0 .net *"_ivl_15", 31 0, L_0xbb4cbe940;  1 drivers
L_0xbb4878d90 .functor BUFT 1, C4<0000000000000000000000000000>, C4<0>, C4<0>, C4<0>;
v0xbb4d2cdc0_0 .net *"_ivl_18", 27 0, L_0xbb4878d90;  1 drivers
v0xbb4d2ce60_0 .net *"_ivl_19", 31 0, L_0xbb50e46e0;  1 drivers
v0xbb4d2cf00_0 .net *"_ivl_21", 0 0, L_0xbb50e4780;  1 drivers
v0xbb4d2cfa0_0 .net *"_ivl_23", 7 0, L_0xbb50e4820;  1 drivers
L_0xbb4878dd8 .functor BUFT 1, C4<00000000000000000000000010100000>, C4<0>, C4<0>, C4<0>;
v0xbb4d2d040_0 .net/2u *"_ivl_25", 31 0, L_0xbb4878dd8;  1 drivers
v0xbb4d2d0e0_0 .net *"_ivl_27", 31 0, L_0xbb4cbe9e0;  1 drivers
L_0xbb4878cb8 .functor BUFT 1, C4<00000000000000000000000010100000>, C4<0>, C4<0>, C4<0>;
v0xbb4d2d180_0 .net/2u *"_ivl_3", 31 0, L_0xbb4878cb8;  1 drivers
L_0xbb4878e20 .functor BUFT 1, C4<0000000000000000000000000000>, C4<0>, C4<0>, C4<0>;
v0xbb4d2d220_0 .net *"_ivl_30", 27 0, L_0xbb4878e20;  1 drivers
v0xbb4d2d2c0_0 .net *"_ivl_31", 31 0, L_0xbb50e48c0;  1 drivers
v0xbb4d2d360_0 .net *"_ivl_33", 7 0, L_0xbb50e4960;  1 drivers
L_0xbb4878e68 .functor BUFT 1, C4<00000000000000000000000010110000>, C4<0>, C4<0>, C4<0>;
v0xbb4d2d400_0 .net/2u *"_ivl_35", 31 0, L_0xbb4878e68;  1 drivers
v0xbb4d2d4a0_0 .net *"_ivl_37", 31 0, L_0xbb4cbea80;  1 drivers
L_0xbb4878eb0 .functor BUFT 1, C4<0000000000000000000000000000>, C4<0>, C4<0>, C4<0>;
v0xbb4d2d540_0 .net *"_ivl_40", 27 0, L_0xbb4878eb0;  1 drivers
v0xbb4d2d5e0_0 .net *"_ivl_41", 31 0, L_0xbb50e4a00;  1 drivers
v0xbb4d2d680_0 .net *"_ivl_5", 31 0, L_0xbb4cbe8a0;  1 drivers
L_0xbb4878d00 .functor BUFT 1, C4<0000000000000000000000000000>, C4<0>, C4<0>, C4<0>;
v0xbb4d2d720_0 .net *"_ivl_8", 27 0, L_0xbb4878d00;  1 drivers
v0xbb4d2d7c0_0 .net *"_ivl_9", 31 0, L_0xbb50e45a0;  1 drivers
L_0xbb50e4500 .array/port v0xbb4d306e0, L_0xbb50e45a0;
L_0xbb4cbe8a0 .concat [ 4 28 0 0], L_0xbb50e59a0, L_0xbb4878d00;
L_0xbb50e45a0 .arith/sum 32, L_0xbb4878cb8, L_0xbb4cbe8a0;
L_0xbb50e4640 .array/port v0xbb4d306e0, L_0xbb50e46e0;
L_0xbb4cbe940 .concat [ 4 28 0 0], L_0xbb50e5a40, L_0xbb4878d90;
L_0xbb50e46e0 .arith/sum 32, L_0xbb4878d48, L_0xbb4cbe940;
L_0xbb50e4780 .cmp/gt 8, L_0xbb50e4500, L_0xbb50e4640;
L_0xbb50e4820 .array/port v0xbb4d306e0, L_0xbb50e48c0;
L_0xbb4cbe9e0 .concat [ 4 28 0 0], L_0xbb50e59a0, L_0xbb4878e20;
L_0xbb50e48c0 .arith/sum 32, L_0xbb4878dd8, L_0xbb4cbe9e0;
L_0xbb50e4960 .array/port v0xbb4d306e0, L_0xbb50e4a00;
L_0xbb4cbea80 .concat [ 4 28 0 0], L_0xbb50e5a40, L_0xbb4878eb0;
L_0xbb50e4a00 .arith/sum 32, L_0xbb4878e68, L_0xbb4cbea80;
L_0xbb508caa0 .functor MUXZ 8, L_0xbb50e4960, L_0xbb50e4820, L_0xbb50e4780, C4<>;
S_0xbb4d28300 .scope generate, "GEN_RESP[6]" "GEN_RESP[6]" 4 193, 4 193 0, S_0x101086660;
 .timescale -9 -12;
P_0xbb4cf93c0 .param/l "gi" 1 4 193, +C4<0110>;
v0xbb4d2d860_0 .net *"_ivl_1", 7 0, L_0xbb50e4aa0;  1 drivers
v0xbb4d2d900_0 .net *"_ivl_11", 7 0, L_0xbb50e4be0;  1 drivers
L_0xbb4878f88 .functor BUFT 1, C4<00000000000000000000000011010000>, C4<0>, C4<0>, C4<0>;
v0xbb4d2d9a0_0 .net/2u *"_ivl_13", 31 0, L_0xbb4878f88;  1 drivers
v0xbb4d2da40_0 .net *"_ivl_15", 31 0, L_0xbb4cbebc0;  1 drivers
L_0xbb4878fd0 .functor BUFT 1, C4<0000000000000000000000000000>, C4<0>, C4<0>, C4<0>;
v0xbb4d2dae0_0 .net *"_ivl_18", 27 0, L_0xbb4878fd0;  1 drivers
v0xbb4d2db80_0 .net *"_ivl_19", 31 0, L_0xbb50e4c80;  1 drivers
v0xbb4d2dc20_0 .net *"_ivl_21", 0 0, L_0xbb50e4d20;  1 drivers
v0xbb4d2dcc0_0 .net *"_ivl_23", 7 0, L_0xbb50e4dc0;  1 drivers
L_0xbb4879018 .functor BUFT 1, C4<00000000000000000000000011000000>, C4<0>, C4<0>, C4<0>;
v0xbb4d2dd60_0 .net/2u *"_ivl_25", 31 0, L_0xbb4879018;  1 drivers
v0xbb4d2de00_0 .net *"_ivl_27", 31 0, L_0xbb4cbec60;  1 drivers
L_0xbb4878ef8 .functor BUFT 1, C4<00000000000000000000000011000000>, C4<0>, C4<0>, C4<0>;
v0xbb4d2dea0_0 .net/2u *"_ivl_3", 31 0, L_0xbb4878ef8;  1 drivers
L_0xbb4879060 .functor BUFT 1, C4<0000000000000000000000000000>, C4<0>, C4<0>, C4<0>;
v0xbb4d2df40_0 .net *"_ivl_30", 27 0, L_0xbb4879060;  1 drivers
v0xbb4d2dfe0_0 .net *"_ivl_31", 31 0, L_0xbb50e4e60;  1 drivers
v0xbb4d2e080_0 .net *"_ivl_33", 7 0, L_0xbb50e4f00;  1 drivers
L_0xbb48790a8 .functor BUFT 1, C4<00000000000000000000000011010000>, C4<0>, C4<0>, C4<0>;
v0xbb4d2e120_0 .net/2u *"_ivl_35", 31 0, L_0xbb48790a8;  1 drivers
v0xbb4d2e1c0_0 .net *"_ivl_37", 31 0, L_0xbb4cbed00;  1 drivers
L_0xbb48790f0 .functor BUFT 1, C4<0000000000000000000000000000>, C4<0>, C4<0>, C4<0>;
v0xbb4d2e260_0 .net *"_ivl_40", 27 0, L_0xbb48790f0;  1 drivers
v0xbb4d2e300_0 .net *"_ivl_41", 31 0, L_0xbb50e4fa0;  1 drivers
v0xbb4d2e3a0_0 .net *"_ivl_5", 31 0, L_0xbb4cbeb20;  1 drivers
L_0xbb4878f40 .functor BUFT 1, C4<0000000000000000000000000000>, C4<0>, C4<0>, C4<0>;
v0xbb4d2e440_0 .net *"_ivl_8", 27 0, L_0xbb4878f40;  1 drivers
v0xbb4d2e4e0_0 .net *"_ivl_9", 31 0, L_0xbb50e4b40;  1 drivers
L_0xbb50e4aa0 .array/port v0xbb4d306e0, L_0xbb50e4b40;
L_0xbb4cbeb20 .concat [ 4 28 0 0], L_0xbb50e59a0, L_0xbb4878f40;
L_0xbb50e4b40 .arith/sum 32, L_0xbb4878ef8, L_0xbb4cbeb20;
L_0xbb50e4be0 .array/port v0xbb4d306e0, L_0xbb50e4c80;
L_0xbb4cbebc0 .concat [ 4 28 0 0], L_0xbb50e5a40, L_0xbb4878fd0;
L_0xbb50e4c80 .arith/sum 32, L_0xbb4878f88, L_0xbb4cbebc0;
L_0xbb50e4d20 .cmp/gt 8, L_0xbb50e4aa0, L_0xbb50e4be0;
L_0xbb50e4dc0 .array/port v0xbb4d306e0, L_0xbb50e4e60;
L_0xbb4cbec60 .concat [ 4 28 0 0], L_0xbb50e59a0, L_0xbb4879060;
L_0xbb50e4e60 .arith/sum 32, L_0xbb4879018, L_0xbb4cbec60;
L_0xbb50e4f00 .array/port v0xbb4d306e0, L_0xbb50e4fa0;
L_0xbb4cbed00 .concat [ 4 28 0 0], L_0xbb50e5a40, L_0xbb48790f0;
L_0xbb50e4fa0 .arith/sum 32, L_0xbb48790a8, L_0xbb4cbed00;
L_0xbb508cb40 .functor MUXZ 8, L_0xbb50e4f00, L_0xbb50e4dc0, L_0xbb50e4d20, C4<>;
S_0xbb4d28480 .scope generate, "GEN_RESP[7]" "GEN_RESP[7]" 4 193, 4 193 0, S_0x101086660;
 .timescale -9 -12;
P_0xbb4cf9400 .param/l "gi" 1 4 193, +C4<0111>;
v0xbb4d2e580_0 .net *"_ivl_1", 7 0, L_0xbb50e5040;  1 drivers
v0xbb4d2e620_0 .net *"_ivl_11", 7 0, L_0xbb50e5180;  1 drivers
L_0xbb48791c8 .functor BUFT 1, C4<00000000000000000000000011110000>, C4<0>, C4<0>, C4<0>;
v0xbb4d2e6c0_0 .net/2u *"_ivl_13", 31 0, L_0xbb48791c8;  1 drivers
v0xbb4d2e760_0 .net *"_ivl_15", 31 0, L_0xbb4cbee40;  1 drivers
L_0xbb4879210 .functor BUFT 1, C4<0000000000000000000000000000>, C4<0>, C4<0>, C4<0>;
v0xbb4d2e800_0 .net *"_ivl_18", 27 0, L_0xbb4879210;  1 drivers
v0xbb4d2e8a0_0 .net *"_ivl_19", 31 0, L_0xbb50e5220;  1 drivers
v0xbb4d2e940_0 .net *"_ivl_21", 0 0, L_0xbb50e52c0;  1 drivers
v0xbb4d2e9e0_0 .net *"_ivl_23", 7 0, L_0xbb50e5360;  1 drivers
L_0xbb4879258 .functor BUFT 1, C4<00000000000000000000000011100000>, C4<0>, C4<0>, C4<0>;
v0xbb4d2ea80_0 .net/2u *"_ivl_25", 31 0, L_0xbb4879258;  1 drivers
v0xbb4d2eb20_0 .net *"_ivl_27", 31 0, L_0xbb4cbeee0;  1 drivers
L_0xbb4879138 .functor BUFT 1, C4<00000000000000000000000011100000>, C4<0>, C4<0>, C4<0>;
v0xbb4d2ebc0_0 .net/2u *"_ivl_3", 31 0, L_0xbb4879138;  1 drivers
L_0xbb48792a0 .functor BUFT 1, C4<0000000000000000000000000000>, C4<0>, C4<0>, C4<0>;
v0xbb4d2ec60_0 .net *"_ivl_30", 27 0, L_0xbb48792a0;  1 drivers
v0xbb4d2ed00_0 .net *"_ivl_31", 31 0, L_0xbb50e5400;  1 drivers
v0xbb4d2eda0_0 .net *"_ivl_33", 7 0, L_0xbb50e54a0;  1 drivers
L_0xbb48792e8 .functor BUFT 1, C4<00000000000000000000000011110000>, C4<0>, C4<0>, C4<0>;
v0xbb4d2ee40_0 .net/2u *"_ivl_35", 31 0, L_0xbb48792e8;  1 drivers
v0xbb4d2eee0_0 .net *"_ivl_37", 31 0, L_0xbb4cbef80;  1 drivers
L_0xbb4879330 .functor BUFT 1, C4<0000000000000000000000000000>, C4<0>, C4<0>, C4<0>;
v0xbb4d2ef80_0 .net *"_ivl_40", 27 0, L_0xbb4879330;  1 drivers
v0xbb4d2f020_0 .net *"_ivl_41", 31 0, L_0xbb50e5540;  1 drivers
v0xbb4d2f0c0_0 .net *"_ivl_5", 31 0, L_0xbb4cbeda0;  1 drivers
L_0xbb4879180 .functor BUFT 1, C4<0000000000000000000000000000>, C4<0>, C4<0>, C4<0>;
v0xbb4d2f160_0 .net *"_ivl_8", 27 0, L_0xbb4879180;  1 drivers
v0xbb4d2f200_0 .net *"_ivl_9", 31 0, L_0xbb50e50e0;  1 drivers
L_0xbb50e5040 .array/port v0xbb4d306e0, L_0xbb50e50e0;
L_0xbb4cbeda0 .concat [ 4 28 0 0], L_0xbb50e59a0, L_0xbb4879180;
L_0xbb50e50e0 .arith/sum 32, L_0xbb4879138, L_0xbb4cbeda0;
L_0xbb50e5180 .array/port v0xbb4d306e0, L_0xbb50e5220;
L_0xbb4cbee40 .concat [ 4 28 0 0], L_0xbb50e5a40, L_0xbb4879210;
L_0xbb50e5220 .arith/sum 32, L_0xbb48791c8, L_0xbb4cbee40;
L_0xbb50e52c0 .cmp/gt 8, L_0xbb50e5040, L_0xbb50e5180;
L_0xbb50e5360 .array/port v0xbb4d306e0, L_0xbb50e5400;
L_0xbb4cbeee0 .concat [ 4 28 0 0], L_0xbb50e59a0, L_0xbb48792a0;
L_0xbb50e5400 .arith/sum 32, L_0xbb4879258, L_0xbb4cbeee0;
L_0xbb50e54a0 .array/port v0xbb4d306e0, L_0xbb50e5540;
L_0xbb4cbef80 .concat [ 4 28 0 0], L_0xbb50e5a40, L_0xbb4879330;
L_0xbb50e5540 .arith/sum 32, L_0xbb48792e8, L_0xbb4cbef80;
L_0xbb508cbe0 .functor MUXZ 8, L_0xbb50e54a0, L_0xbb50e5360, L_0xbb50e52c0, C4<>;
S_0xbb4d28600 .scope module, "u_bank0" "xpm_memory_sdpram" 4 267, 5 18 0, S_0x101086660;
 .timescale -9 -12;
    .port_info 0 /INPUT 1 "clka";
    .port_info 1 /INPUT 1 "ena";
    .port_info 2 /INPUT 1 "wea";
    .port_info 3 /INPUT 32 "addra";
    .port_info 4 /INPUT 64 "dina";
    .port_info 5 /INPUT 1 "clkb";
    .port_info 6 /INPUT 1 "enb";
    .port_info 7 /INPUT 32 "addrb";
    .port_info 8 /OUTPUT 64 "doutb";
P_0x101072d40 .param/l "DEPTH" 1 5 37, +C4<000000000000000000000000000000000000000000000000000000000000000000000000000000000000001000000000>;
P_0x101072d80 .param/str "MEMORY_PRIMITIVE" 0 5 20, "block";
P_0x101072dc0 .param/l "MEMORY_SIZE" 0 5 19, +C4<000000000000000000000000000000000000000000000000000000000000000000000000000000001000000000000000>;
P_0x101072e00 .param/l "READ_DATA_WIDTH_B" 0 5 22, +C4<00000000000000000000000001000000>;
P_0x101072e40 .param/l "READ_LATENCY_B" 0 5 23, +C4<00000000000000000000000000000001>;
P_0x101072e80 .param/l "SIM_ASSERT_CHK" 0 5 25, +C4<00000000000000000000000000000000>;
P_0x101072ec0 .param/l "WRITE_DATA_WIDTH_A" 0 5 21, +C4<00000000000000000000000001000000>;
P_0x101072f00 .param/str "WRITE_MODE_A" 0 5 24, "read_first";
L_0xbb4879a38 .functor BUFT 1, C4<1>, C4<0>, C4<0>, C4<0>;
L_0xbb4c77e90 .functor AND 1, L_0xbb4879a38, L_0xbb4d44000, C4<1>, C4<1>;
L_0xbb4c77f00 .functor AND 1, L_0xbb4c77e90, L_0xbb50e61c0, C4<1>, C4<1>;
v0xbb4d2fac0_0 .array/port v0xbb4d2fac0, 0;
L_0xbb5078bd0 .functor BUFZ 64, v0xbb4d2fac0_0, C4<0000000000000000000000000000000000000000000000000000000000000000>, C4<0000000000000000000000000000000000000000000000000000000000000000>, C4<0000000000000000000000000000000000000000000000000000000000000000>;
v0xbb4d2f2a0_0 .net *"_ivl_1", 0 0, L_0xbb4c77e90;  1 drivers
v0xbb4d2f340_0 .net *"_ivl_2", 0 0, L_0xbb50e61c0;  1 drivers
v0xbb4d2f3e0_0 .net "addra", 31 0, L_0xbb4cbf660;  1 drivers
v0xbb4d2f480_0 .net "addrb", 31 0, L_0xbb4cbf7a0;  1 drivers
v0xbb4d2f520_0 .net "clka", 0 0, v0xbb4d38500_0;  alias, 1 drivers
v0xbb4d2f5c0_0 .net "clkb", 0 0, v0xbb4d38500_0;  alias, 1 drivers
v0xbb4d2f660_0 .net "dina", 63 0, L_0xbb4cbf200;  alias, 1 drivers
v0xbb4d2f700_0 .net "doutb", 63 0, L_0xbb5078bd0;  alias, 1 drivers
v0xbb4d2f7a0_0 .net "ena", 0 0, L_0xbb4879a38;  1 drivers
v0xbb4d2f840_0 .net "enb", 0 0, L_0xbb4d48070;  1 drivers
v0xbb4d2f8e0_0 .var/i "i", 31 0;
v0xbb4d2f980_0 .var/i "k", 31 0;
v0xbb4d2fa20 .array "mem", 511 0, 63 0;
v0xbb4d2fac0 .array "pipe", 3 0, 63 0;
v0xbb4d2fb60_0 .net "w_collision", 0 0, L_0xbb4c77f00;  1 drivers
v0xbb4d2fc00_0 .net "wea", 0 0, L_0xbb4d44000;  1 drivers
E_0xbb509b200 .event posedge, v0xbb4d2f520_0;
L_0xbb50e61c0 .cmp/eq 32, L_0xbb4cbf660, L_0xbb4cbf7a0;
S_0xbb4d28780 .scope module, "u_bank1" "xpm_memory_sdpram" 4 276, 5 18 0, S_0x101086660;
 .timescale -9 -12;
    .port_info 0 /INPUT 1 "clka";
    .port_info 1 /INPUT 1 "ena";
    .port_info 2 /INPUT 1 "wea";
    .port_info 3 /INPUT 32 "addra";
    .port_info 4 /INPUT 64 "dina";
    .port_info 5 /INPUT 1 "clkb";
    .port_info 6 /INPUT 1 "enb";
    .port_info 7 /INPUT 32 "addrb";
    .port_info 8 /OUTPUT 64 "doutb";
P_0x10107e370 .param/l "DEPTH" 1 5 37, +C4<000000000000000000000000000000000000000000000000000000000000000000000000000000000000001000000000>;
P_0x10107e3b0 .param/str "MEMORY_PRIMITIVE" 0 5 20, "block";
P_0x10107e3f0 .param/l "MEMORY_SIZE" 0 5 19, +C4<000000000000000000000000000000000000000000000000000000000000000000000000000000001000000000000000>;
P_0x10107e430 .param/l "READ_DATA_WIDTH_B" 0 5 22, +C4<00000000000000000000000001000000>;
P_0x10107e470 .param/l "READ_LATENCY_B" 0 5 23, +C4<00000000000000000000000000000001>;
P_0x10107e4b0 .param/l "SIM_ASSERT_CHK" 0 5 25, +C4<00000000000000000000000000000000>;
P_0x10107e4f0 .param/l "WRITE_DATA_WIDTH_A" 0 5 21, +C4<00000000000000000000000001000000>;
P_0x10107e530 .param/str "WRITE_MODE_A" 0 5 24, "read_first";
L_0xbb4879ba0 .functor BUFT 1, C4<1>, C4<0>, C4<0>, C4<0>;
L_0xbb4d480e0 .functor AND 1, L_0xbb4879ba0, L_0xbb4d48230, C4<1>, C4<1>;
L_0xbb4d48150 .functor AND 1, L_0xbb4d480e0, L_0xbb50e6260, C4<1>, C4<1>;
v0xbb4d30500_0 .array/port v0xbb4d30500, 0;
L_0xbb5078c40 .functor BUFZ 64, v0xbb4d30500_0, C4<0000000000000000000000000000000000000000000000000000000000000000>, C4<0000000000000000000000000000000000000000000000000000000000000000>, C4<0000000000000000000000000000000000000000000000000000000000000000>;
v0xbb4d2fca0_0 .net *"_ivl_1", 0 0, L_0xbb4d480e0;  1 drivers
v0xbb4d2fd40_0 .net *"_ivl_2", 0 0, L_0xbb50e6260;  1 drivers
v0xbb4d2fde0_0 .net "addra", 31 0, L_0xbb4cbf840;  1 drivers
v0xbb4d2fe80_0 .net "addrb", 31 0, L_0xbb4cbf700;  1 drivers
v0xbb4d2ff20_0 .net "clka", 0 0, v0xbb4d38500_0;  alias, 1 drivers
v0xbb4d30000_0 .net "clkb", 0 0, v0xbb4d38500_0;  alias, 1 drivers
v0xbb4d300a0_0 .net "dina", 63 0, L_0xbb4cbf200;  alias, 1 drivers
v0xbb4d30140_0 .net "doutb", 63 0, L_0xbb5078c40;  alias, 1 drivers
v0xbb4d301e0_0 .net "ena", 0 0, L_0xbb4879ba0;  1 drivers
v0xbb4d30280_0 .net "enb", 0 0, L_0xbb4d48310;  1 drivers
v0xbb4d30320_0 .var/i "i", 31 0;
v0xbb4d303c0_0 .var/i "k", 31 0;
v0xbb4d30460 .array "mem", 511 0, 63 0;
v0xbb4d30500 .array "pipe", 3 0, 63 0;
v0xbb4d305a0_0 .net "w_collision", 0 0, L_0xbb4d48150;  1 drivers
v0xbb4d30640_0 .net "wea", 0 0, L_0xbb4d48230;  1 drivers
L_0xbb50e6260 .cmp/eq 32, L_0xbb4cbf840, L_0xbb4cbf700;
S_0xbb4d28900 .scope task, "fill_img" "fill_img" 3 70, 3 70 0, S_0xbb5030180;
 .timescale -9 -12;
v0xbb4d37e80_0 .var/i "i", 31 0;
TD_tb_sbm_alg9_cosim.fill_img ;
    %pushi/vec4 44257, 0, 16;
    %store/vec4 v0xbb4d38a00_0, 0, 16;
    %pushi/vec4 0, 0, 32;
    %store/vec4 v0xbb4d37e80_0, 0, 32;
T_0.0 ; Top of for-loop
    %load/vec4 v0xbb4d37e80_0;
    %cmpi/s 4096, 0, 32;
	  %jmp/0xz T_0.1, 5;
    %load/vec4 v0xbb4d38a00_0;
    %parti/s 15, 0, 2;
    %load/vec4 v0xbb4d38a00_0;
    %parti/s 1, 15, 5;
    %load/vec4 v0xbb4d38a00_0;
    %parti/s 1, 13, 5;
    %xor;
    %load/vec4 v0xbb4d38a00_0;
    %parti/s 1, 12, 5;
    %xor;
    %load/vec4 v0xbb4d38a00_0;
    %parti/s 1, 10, 5;
    %xor;
    %concat/vec4; draw_concat_vec4
    %store/vec4 v0xbb4d38a00_0, 0, 16;
    %load/vec4 v0xbb4d38a00_0;
    %parti/s 8, 0, 2;
    %load/vec4 v0xbb4d37e80_0;
    %pushi/vec4 64, 0, 32;
    %div/s;
    %pad/s 45;
    %pad/s 57;
    %muli 4096, 0, 57;
    %pad/s 58;
    %load/vec4 v0xbb4d37e80_0;
    %pushi/vec4 64, 0, 32;
    %mod/s;
    %pad/s 58;
    %add;
    %ix/vec4/s 4;
    %store/vec4a v0xbb4d38820, 4, 0;
T_0.2 ; for-loop step statement
    %load/vec4 v0xbb4d37e80_0;
    %addi 1, 0, 32;
    %store/vec4 v0xbb4d37e80_0, 0, 32;
    %jmp T_0.0;
T_0.1 ; for-loop exit label
    %end;
S_0xbb4d28a80 .scope task, "send_frame" "send_frame" 3 92, 3 92 0, S_0xbb5030180;
 .timescale -9 -12;
v0xbb4d37f20_0 .var/i "i", 31 0;
TD_tb_sbm_alg9_cosim.send_frame ;
    %pushi/vec4 0, 0, 32;
    %store/vec4 v0xbb4d37f20_0, 0, 32;
T_1.3 ; Top of for-loop
    %load/vec4 v0xbb4d37f20_0;
    %cmpi/s 4096, 0, 32;
	  %jmp/0xz T_1.4, 5;
    %pushi/vec4 1, 0, 1;
    %store/vec4 v0xbb4d399a0_0, 0, 1;
    %load/vec4 v0xbb4d37f20_0;
    %pushi/vec4 64, 0, 32;
    %div/s;
    %pad/s 45;
    %pad/s 57;
    %muli 4096, 0, 57;
    %pad/s 58;
    %load/vec4 v0xbb4d37f20_0;
    %pushi/vec4 64, 0, 32;
    %mod/s;
    %pad/s 58;
    %add;
    %ix/vec4/s 4;
    %load/vec4a v0xbb4d38820, 4;
    %store/vec4 v0xbb4d39720_0, 0, 8;
    %load/vec4 v0xbb4d37f20_0;
    %pushi/vec4 0, 0, 32;
    %cmp/e;
    %flag_get/vec4 4;
    %store/vec4 v0xbb4d39900_0, 0, 1;
    %load/vec4 v0xbb4d37f20_0;
    %pushi/vec4 4095, 0, 32;
    %cmp/e;
    %flag_get/vec4 4;
    %store/vec4 v0xbb4d397c0_0, 0, 1;
    %wait E_0xbb509b200;
T_1.6 ;
    %load/vec4 v0xbb4d39860_0;
    %cmpi/ne 1, 0, 1;
    %jmp/0xz T_1.7, 6;
    %wait E_0xbb509b200;
    %jmp T_1.6;
T_1.7 ;
T_1.5 ; for-loop step statement
    %load/vec4 v0xbb4d37f20_0;
    %addi 1, 0, 32;
    %store/vec4 v0xbb4d37f20_0, 0, 32;
    %jmp T_1.3;
T_1.4 ; for-loop exit label
    %pushi/vec4 0, 0, 1;
    %store/vec4 v0xbb4d399a0_0, 0, 1;
    %wait E_0xbb509b200;
    %end;
S_0xbb4d28c00 .scope task, "send_two_frames" "send_two_frames" 3 109, 3 109 0, S_0xbb5030180;
 .timescale -9 -12;
v0xbb4d38000_0 .var/i "i", 31 0;
TD_tb_sbm_alg9_cosim.send_two_frames ;
    %pushi/vec4 2, 0, 32;
T_2.8 %dup/vec4;
    %cmpi/s 0, 0, 32;
    %jmp/1xz T_2.9, 5;
    %jmp/1 T_2.9, 4;
    %subi 1, 0, 32;
    %pushi/vec4 0, 0, 32;
    %store/vec4 v0xbb4d38000_0, 0, 32;
T_2.10 ; Top of for-loop
    %load/vec4 v0xbb4d38000_0;
    %cmpi/s 4096, 0, 32;
	  %jmp/0xz T_2.11, 5;
    %pushi/vec4 1, 0, 1;
    %store/vec4 v0xbb4d399a0_0, 0, 1;
    %load/vec4 v0xbb4d38000_0;
    %pushi/vec4 64, 0, 32;
    %div/s;
    %pad/s 45;
    %pad/s 57;
    %muli 4096, 0, 57;
    %pad/s 58;
    %load/vec4 v0xbb4d38000_0;
    %pushi/vec4 64, 0, 32;
    %mod/s;
    %pad/s 58;
    %add;
    %ix/vec4/s 4;
    %load/vec4a v0xbb4d38820, 4;
    %store/vec4 v0xbb4d39720_0, 0, 8;
    %load/vec4 v0xbb4d38000_0;
    %pushi/vec4 0, 0, 32;
    %cmp/e;
    %flag_get/vec4 4;
    %store/vec4 v0xbb4d39900_0, 0, 1;
    %load/vec4 v0xbb4d38000_0;
    %pushi/vec4 4095, 0, 32;
    %cmp/e;
    %flag_get/vec4 4;
    %store/vec4 v0xbb4d397c0_0, 0, 1;
    %wait E_0xbb509b200;
T_2.13 ;
    %load/vec4 v0xbb4d39860_0;
    %cmpi/ne 1, 0, 1;
    %jmp/0xz T_2.14, 6;
    %wait E_0xbb509b200;
    %jmp T_2.13;
T_2.14 ;
T_2.12 ; for-loop step statement
    %load/vec4 v0xbb4d38000_0;
    %addi 1, 0, 32;
    %store/vec4 v0xbb4d38000_0, 0, 32;
    %jmp T_2.10;
T_2.11 ; for-loop exit label
    %jmp T_2.8;
T_2.9 ;
    %pop/vec4 1;
    %pushi/vec4 0, 0, 1;
    %store/vec4 v0xbb4d399a0_0, 0, 1;
    %wait E_0xbb509b200;
    %end;
S_0xbb4d28d80 .scope begin, "wait_done" "wait_done" 3 138, 3 138 0, S_0xbb5030180;
 .timescale -9 -12;
v0xbb4d380a0_0 .var/i "wcnt", 31 0;
    .scope S_0xbb4d28600;
T_3 ;
    %pushi/vec4 0, 0, 32;
    %store/vec4 v0xbb4d2f8e0_0, 0, 32;
T_3.0 ; Top of for-loop
    %load/vec4 v0xbb4d2f8e0_0;
    %pad/s 96;
    %cmpi/s 512, 0, 96;
	  %jmp/0xz T_3.1, 5;
    %pushi/vec4 0, 0, 64;
    %ix/getv/s 4, v0xbb4d2f8e0_0;
    %store/vec4a v0xbb4d2fa20, 4, 0;
T_3.2 ; for-loop step statement
    %load/vec4 v0xbb4d2f8e0_0;
    %addi 1, 0, 32;
    %store/vec4 v0xbb4d2f8e0_0, 0, 32;
    %jmp T_3.0;
T_3.1 ; for-loop exit label
    %end;
    .thread T_3;
    .scope S_0xbb4d28600;
T_4 ;
    %wait E_0xbb509b200;
    %load/vec4 v0xbb4d2f7a0_0;
    %flag_set/vec4 9;
    %flag_get/vec4 9;
    %jmp/0 T_4.2, 9;
    %load/vec4 v0xbb4d2fc00_0;
    %and;
T_4.2;
    %flag_set/vec4 8;
    %jmp/0xz  T_4.0, 8;
    %load/vec4 v0xbb4d2f660_0;
    %ix/getv 3, v0xbb4d2f3e0_0;
    %ix/load 4, 0, 0; Constant delay
    %assign/vec4/a/d v0xbb4d2fa20, 0, 4;
T_4.0 ;
    %jmp T_4;
    .thread T_4;
    .scope S_0xbb4d28600;
T_5 ;
    %wait E_0xbb509b200;
    %load/vec4 v0xbb4d2f840_0;
    %flag_set/vec4 8;
    %jmp/0xz  T_5.0, 8;
    %load/vec4 v0xbb4d2fb60_0;
    %flag_set/vec4 9;
    %flag_get/vec4 9;
    %jmp/0 T_5.4, 9;
    %pushi/vec4 0, 0, 1;
    %and;
T_5.4;
    %flag_set/vec4 8;
    %jmp/0xz  T_5.2, 8;
    %ix/load 4, 0, 0;
    %flag_set/imm 4, 0;
    %load/vec4a v0xbb4d2fac0, 4;
    %ix/load 3, 0, 0;
    %flag_set/imm 4, 0;
    %ix/load 4, 0, 0; Constant delay
    %assign/vec4/a/d v0xbb4d2fac0, 0, 4;
    %jmp T_5.3;
T_5.2 ;
    %load/vec4 v0xbb4d2fb60_0;
    %flag_set/vec4 9;
    %flag_get/vec4 9;
    %jmp/0 T_5.7, 9;
    %pushi/vec4 0, 0, 1;
    %and;
T_5.7;
    %flag_set/vec4 8;
    %jmp/0xz  T_5.5, 8;
    %load/vec4 v0xbb4d2f660_0;
    %ix/load 3, 0, 0;
    %flag_set/imm 4, 0;
    %ix/load 4, 0, 0; Constant delay
    %assign/vec4/a/d v0xbb4d2fac0, 0, 4;
    %jmp T_5.6;
T_5.5 ;
    %ix/getv 4, v0xbb4d2f480_0;
    %load/vec4a v0xbb4d2fa20, 4;
    %ix/load 3, 0, 0;
    %flag_set/imm 4, 0;
    %ix/load 4, 0, 0; Constant delay
    %assign/vec4/a/d v0xbb4d2fac0, 0, 4;
T_5.6 ;
T_5.3 ;
    %pushi/vec4 1, 0, 32;
    %store/vec4 v0xbb4d2f980_0, 0, 32;
T_5.8 ; Top of for-loop
    %load/vec4 v0xbb4d2f980_0;
    %cmpi/s 1, 0, 32;
    %flag_get/vec4 5;
    %jmp/0 T_5.11, 5;
    %load/vec4 v0xbb4d2f980_0;
    %cmpi/s 4, 0, 32;
    %flag_get/vec4 5;
    %and;
T_5.11;
    %flag_set/vec4 8;
	  %jmp/0xz T_5.9, 8;
    %load/vec4 v0xbb4d2f980_0;
    %subi 1, 0, 32;
    %ix/vec4/s 4;
    %load/vec4a v0xbb4d2fac0, 4;
    %ix/getv/s 3, v0xbb4d2f980_0;
    %ix/load 4, 0, 0; Constant delay
    %assign/vec4/a/d v0xbb4d2fac0, 0, 4;
T_5.10 ; for-loop step statement
    %load/vec4 v0xbb4d2f980_0;
    %addi 1, 0, 32;
    %store/vec4 v0xbb4d2f980_0, 0, 32;
    %jmp T_5.8;
T_5.9 ; for-loop exit label
T_5.0 ;
    %jmp T_5;
    .thread T_5;
    .scope S_0xbb4d28780;
T_6 ;
    %pushi/vec4 0, 0, 32;
    %store/vec4 v0xbb4d30320_0, 0, 32;
T_6.0 ; Top of for-loop
    %load/vec4 v0xbb4d30320_0;
    %pad/s 96;
    %cmpi/s 512, 0, 96;
	  %jmp/0xz T_6.1, 5;
    %pushi/vec4 0, 0, 64;
    %ix/getv/s 4, v0xbb4d30320_0;
    %store/vec4a v0xbb4d30460, 4, 0;
T_6.2 ; for-loop step statement
    %load/vec4 v0xbb4d30320_0;
    %addi 1, 0, 32;
    %store/vec4 v0xbb4d30320_0, 0, 32;
    %jmp T_6.0;
T_6.1 ; for-loop exit label
    %end;
    .thread T_6;
    .scope S_0xbb4d28780;
T_7 ;
    %wait E_0xbb509b200;
    %load/vec4 v0xbb4d301e0_0;
    %flag_set/vec4 9;
    %flag_get/vec4 9;
    %jmp/0 T_7.2, 9;
    %load/vec4 v0xbb4d30640_0;
    %and;
T_7.2;
    %flag_set/vec4 8;
    %jmp/0xz  T_7.0, 8;
    %load/vec4 v0xbb4d300a0_0;
    %ix/getv 3, v0xbb4d2fde0_0;
    %ix/load 4, 0, 0; Constant delay
    %assign/vec4/a/d v0xbb4d30460, 0, 4;
T_7.0 ;
    %jmp T_7;
    .thread T_7;
    .scope S_0xbb4d28780;
T_8 ;
    %wait E_0xbb509b200;
    %load/vec4 v0xbb4d30280_0;
    %flag_set/vec4 8;
    %jmp/0xz  T_8.0, 8;
    %load/vec4 v0xbb4d305a0_0;
    %flag_set/vec4 9;
    %flag_get/vec4 9;
    %jmp/0 T_8.4, 9;
    %pushi/vec4 0, 0, 1;
    %and;
T_8.4;
    %flag_set/vec4 8;
    %jmp/0xz  T_8.2, 8;
    %ix/load 4, 0, 0;
    %flag_set/imm 4, 0;
    %load/vec4a v0xbb4d30500, 4;
    %ix/load 3, 0, 0;
    %flag_set/imm 4, 0;
    %ix/load 4, 0, 0; Constant delay
    %assign/vec4/a/d v0xbb4d30500, 0, 4;
    %jmp T_8.3;
T_8.2 ;
    %load/vec4 v0xbb4d305a0_0;
    %flag_set/vec4 9;
    %flag_get/vec4 9;
    %jmp/0 T_8.7, 9;
    %pushi/vec4 0, 0, 1;
    %and;
T_8.7;
    %flag_set/vec4 8;
    %jmp/0xz  T_8.5, 8;
    %load/vec4 v0xbb4d300a0_0;
    %ix/load 3, 0, 0;
    %flag_set/imm 4, 0;
    %ix/load 4, 0, 0; Constant delay
    %assign/vec4/a/d v0xbb4d30500, 0, 4;
    %jmp T_8.6;
T_8.5 ;
    %ix/getv 4, v0xbb4d2fe80_0;
    %load/vec4a v0xbb4d30460, 4;
    %ix/load 3, 0, 0;
    %flag_set/imm 4, 0;
    %ix/load 4, 0, 0; Constant delay
    %assign/vec4/a/d v0xbb4d30500, 0, 4;
T_8.6 ;
T_8.3 ;
    %pushi/vec4 1, 0, 32;
    %store/vec4 v0xbb4d303c0_0, 0, 32;
T_8.8 ; Top of for-loop
    %load/vec4 v0xbb4d303c0_0;
    %cmpi/s 1, 0, 32;
    %flag_get/vec4 5;
    %jmp/0 T_8.11, 5;
    %load/vec4 v0xbb4d303c0_0;
    %cmpi/s 4, 0, 32;
    %flag_get/vec4 5;
    %and;
T_8.11;
    %flag_set/vec4 8;
	  %jmp/0xz T_8.9, 8;
    %load/vec4 v0xbb4d303c0_0;
    %subi 1, 0, 32;
    %ix/vec4/s 4;
    %load/vec4a v0xbb4d30500, 4;
    %ix/getv/s 3, v0xbb4d303c0_0;
    %ix/load 4, 0, 0; Constant delay
    %assign/vec4/a/d v0xbb4d30500, 0, 4;
T_8.10 ; for-loop step statement
    %load/vec4 v0xbb4d303c0_0;
    %addi 1, 0, 32;
    %store/vec4 v0xbb4d303c0_0, 0, 32;
    %jmp T_8.8;
T_8.9 ; for-loop exit label
T_8.0 ;
    %jmp T_8;
    .thread T_8;
    .scope S_0x101086660;
T_9 ;
    %wait E_0xbb509ad40;
    %load/vec4 v0xbb4d36bc0_0;
    %nor/r;
    %flag_set/vec4 8;
    %jmp/0xz  T_9.0, 8;
    %pushi/vec4 0, 0, 12;
    %assign/vec4 v0xbb4d35d60_0, 0;
    %pushi/vec4 0, 0, 7;
    %assign/vec4 v0xbb4d34640_0, 0;
    %pushi/vec4 0, 0, 7;
    %assign/vec4 v0xbb4d346e0_0, 0;
    %pushi/vec4 0, 0, 10;
    %assign/vec4 v0xbb4d341e0_0, 0;
    %pushi/vec4 0, 0, 1;
    %assign/vec4 v0xbb4d34460_0, 0;
    %pushi/vec4 0, 0, 4;
    %assign/vec4 v0xbb4d34280_0, 0;
    %pushi/vec4 0, 0, 1;
    %assign/vec4 v0xbb4d34f00_0, 0;
    %pushi/vec4 0, 0, 2;
    %assign/vec4 v0xbb4d34320_0, 0;
    %pushi/vec4 0, 0, 4;
    %ix/load 3, 0, 0;
    %flag_set/imm 4, 0;
    %ix/load 4, 0, 0; Constant delay
    %assign/vec4/a/d v0xbb4d34500, 0, 4;
    %pushi/vec4 0, 0, 4;
    %ix/load 3, 1, 0;
    %flag_set/imm 4, 0;
    %ix/load 4, 0, 0; Constant delay
    %assign/vec4/a/d v0xbb4d34500, 0, 4;
    %jmp T_9.1;
T_9.0 ;
    %load/vec4 v0xbb4d35180_0;
    %flag_set/vec4 8;
    %jmp/0xz  T_9.2, 8;
    %pushi/vec4 1, 0, 12;
    %assign/vec4 v0xbb4d35d60_0, 0;
    %pushi/vec4 1, 0, 7;
    %assign/vec4 v0xbb4d34640_0, 0;
    %pushi/vec4 0, 0, 7;
    %assign/vec4 v0xbb4d346e0_0, 0;
    %pushi/vec4 1, 0, 10;
    %assign/vec4 v0xbb4d341e0_0, 0;
    %pushi/vec4 0, 0, 1;
    %assign/vec4 v0xbb4d34460_0, 0;
    %pushi/vec4 0, 0, 4;
    %assign/vec4 v0xbb4d34280_0, 0;
    %pushi/vec4 1, 0, 1;
    %assign/vec4 v0xbb4d34f00_0, 0;
    %pushi/vec4 0, 0, 2;
    %assign/vec4 v0xbb4d34320_0, 0;
    %jmp T_9.3;
T_9.2 ;
    %load/vec4 v0xbb4d34f00_0;
    %flag_set/vec4 9;
    %flag_get/vec4 9;
    %jmp/0 T_9.6, 9;
    %load/vec4 v0xbb4d35cc0_0;
    %and;
T_9.6;
    %flag_set/vec4 8;
    %jmp/0xz  T_9.4, 8;
    %load/vec4 v0xbb4d35e00_0;
    %flag_set/vec4 8;
    %jmp/0xz  T_9.7, 8;
    %pushi/vec4 1, 0, 1;
    %ix/load 5, 0, 0;
    %ix/getv 4, v0xbb4d34460_0;
    %assign/vec4/off/d v0xbb4d34320_0, 4, 5;
    %load/vec4 v0xbb4d34280_0;
    %load/vec4 v0xbb4d34460_0;
    %pad/u 3;
    %ix/vec4 3;
    %ix/load 4, 0, 0; Constant delay
    %assign/vec4/a/d v0xbb4d34500, 0, 4;
    %pushi/vec4 0, 0, 10;
    %assign/vec4 v0xbb4d341e0_0, 0;
    %load/vec4 v0xbb4d34460_0;
    %inv;
    %assign/vec4 v0xbb4d34460_0, 0;
    %load/vec4 v0xbb4d34280_0;
    %pad/u 32;
    %cmpi/e 7, 0, 32;
    %flag_mov 8, 4;
    %jmp/0 T_9.9, 8;
    %pushi/vec4 0, 0, 4;
    %jmp/1 T_9.10, 8;
T_9.9 ; End of true expr.
    %load/vec4 v0xbb4d34280_0;
    %addi 1, 0, 4;
    %jmp/0 T_9.10, 8;
 ; End of false expr.
    %blend;
T_9.10;
    %assign/vec4 v0xbb4d34280_0, 0;
    %jmp T_9.8;
T_9.7 ;
    %load/vec4 v0xbb4d341e0_0;
    %addi 1, 0, 10;
    %assign/vec4 v0xbb4d341e0_0, 0;
T_9.8 ;
    %load/vec4 v0xbb4d35040_0;
    %flag_set/vec4 8;
    %jmp/0xz  T_9.11, 8;
    %pushi/vec4 0, 0, 1;
    %assign/vec4 v0xbb4d34f00_0, 0;
    %jmp T_9.12;
T_9.11 ;
    %load/vec4 v0xbb4d35d60_0;
    %addi 1, 0, 12;
    %assign/vec4 v0xbb4d35d60_0, 0;
    %load/vec4 v0xbb4d34640_0;
    %pad/u 32;
    %cmpi/e 63, 0, 32;
    %jmp/0xz  T_9.13, 4;
    %pushi/vec4 0, 0, 7;
    %assign/vec4 v0xbb4d34640_0, 0;
    %load/vec4 v0xbb4d346e0_0;
    %addi 1, 0, 7;
    %assign/vec4 v0xbb4d346e0_0, 0;
    %jmp T_9.14;
T_9.13 ;
    %load/vec4 v0xbb4d34640_0;
    %addi 1, 0, 7;
    %assign/vec4 v0xbb4d34640_0, 0;
T_9.14 ;
T_9.12 ;
T_9.4 ;
T_9.3 ;
T_9.1 ;
    %load/vec4 v0xbb4d37160_0;
    %flag_set/vec4 8;
    %jmp/0xz  T_9.15, 8;
    %pushi/vec4 0, 0, 1;
    %ix/load 5, 0, 0;
    %ix/load 4, 0, 0;
    %flag_set/imm 4, 0;
    %assign/vec4/off/d v0xbb4d34320_0, 4, 5;
T_9.15 ;
    %load/vec4 v0xbb4d37200_0;
    %flag_set/vec4 8;
    %jmp/0xz  T_9.17, 8;
    %pushi/vec4 0, 0, 1;
    %ix/load 5, 0, 0;
    %ix/load 4, 1, 0;
    %flag_set/imm 4, 0;
    %assign/vec4/off/d v0xbb4d34320_0, 4, 5;
T_9.17 ;
    %jmp T_9;
    .thread T_9;
    .scope S_0x101086660;
T_10 ;
    %wait E_0xbb509ad40;
    %load/vec4 v0xbb4d36bc0_0;
    %nor/r;
    %flag_set/vec4 8;
    %jmp/0xz  T_10.0, 8;
    %pushi/vec4 0, 0, 1;
    %assign/vec4 v0xbb4d350e0_0, 0;
    %jmp T_10.1;
T_10.0 ;
    %load/vec4 v0xbb4d35180_0;
    %flag_set/vec4 8;
    %jmp/0xz  T_10.2, 8;
    %pushi/vec4 1, 0, 1;
    %assign/vec4 v0xbb4d350e0_0, 0;
T_10.2 ;
T_10.1 ;
    %jmp T_10;
    .thread T_10;
    .scope S_0x101086660;
T_11 ;
    %vpi_call/w 4 185 "$readmemh", "similarity_lut.mem", v0xbb4d306e0 {0 0 0};
    %end;
    .thread T_11;
    .scope S_0x101086660;
T_12 ;
    %wait E_0xbb509ad40;
    %load/vec4 v0xbb4d36bc0_0;
    %nor/r;
    %flag_set/vec4 8;
    %jmp/0xz  T_12.0, 8;
    %pushi/vec4 0, 0, 1;
    %assign/vec4 v0xbb4d34aa0_0, 0;
    %pushi/vec4 0, 0, 1;
    %assign/vec4 v0xbb4d348c0_0, 0;
    %pushi/vec4 0, 0, 4;
    %assign/vec4 v0xbb4d34820_0, 0;
    %pushi/vec4 0, 0, 3;
    %assign/vec4 v0xbb4d36580_0, 0;
    %pushi/vec4 0, 0, 3;
    %assign/vec4 v0xbb4d364e0_0, 0;
    %pushi/vec4 0, 0, 4;
    %assign/vec4 v0xbb4d36120_0, 0;
    %pushi/vec4 0, 0, 10;
    %assign/vec4 v0xbb4d34960_0, 0;
    %pushi/vec4 0, 0, 2;
    %assign/vec4 v0xbb4d34b40_0, 0;
    %jmp T_12.1;
T_12.0 ;
    %load/vec4 v0xbb4d34aa0_0;
    %nor/r;
    %flag_set/vec4 8;
    %jmp/0xz  T_12.2, 8;
    %load/vec4 v0xbb4d34320_0;
    %parti/s 1, 0, 2;
    %flag_set/vec4 8;
    %jmp/0xz  T_12.4, 8;
    %pushi/vec4 1, 0, 1;
    %assign/vec4 v0xbb4d34aa0_0, 0;
    %pushi/vec4 0, 0, 1;
    %assign/vec4 v0xbb4d348c0_0, 0;
    %ix/load 4, 0, 0;
    %flag_set/imm 4, 0;
    %load/vec4a v0xbb4d34500, 4;
    %assign/vec4 v0xbb4d34820_0, 0;
    %pushi/vec4 1, 0, 1;
    %ix/load 5, 0, 0;
    %ix/load 4, 0, 0;
    %flag_set/imm 4, 0;
    %assign/vec4/off/d v0xbb4d34b40_0, 4, 5;
    %pushi/vec4 0, 0, 3;
    %assign/vec4 v0xbb4d36580_0, 0;
    %pushi/vec4 0, 0, 3;
    %assign/vec4 v0xbb4d364e0_0, 0;
    %pushi/vec4 0, 0, 4;
    %assign/vec4 v0xbb4d36120_0, 0;
    %pushi/vec4 0, 0, 10;
    %assign/vec4 v0xbb4d34960_0, 0;
    %jmp T_12.5;
T_12.4 ;
    %load/vec4 v0xbb4d34320_0;
    %parti/s 1, 1, 2;
    %flag_set/vec4 8;
    %jmp/0xz  T_12.6, 8;
    %pushi/vec4 1, 0, 1;
    %assign/vec4 v0xbb4d34aa0_0, 0;
    %pushi/vec4 1, 0, 1;
    %assign/vec4 v0xbb4d348c0_0, 0;
    %ix/load 4, 1, 0;
    %flag_set/imm 4, 0;
    %load/vec4a v0xbb4d34500, 4;
    %assign/vec4 v0xbb4d34820_0, 0;
    %pushi/vec4 1, 0, 1;
    %ix/load 5, 0, 0;
    %ix/load 4, 1, 0;
    %flag_set/imm 4, 0;
    %assign/vec4/off/d v0xbb4d34b40_0, 4, 5;
    %pushi/vec4 0, 0, 3;
    %assign/vec4 v0xbb4d36580_0, 0;
    %pushi/vec4 0, 0, 3;
    %assign/vec4 v0xbb4d364e0_0, 0;
    %pushi/vec4 0, 0, 4;
    %assign/vec4 v0xbb4d36120_0, 0;
    %pushi/vec4 0, 0, 10;
    %assign/vec4 v0xbb4d34960_0, 0;
T_12.6 ;
T_12.5 ;
    %jmp T_12.3;
T_12.2 ;
    %load/vec4 v0xbb4d34a00_0;
    %flag_set/vec4 8;
    %jmp/0xz  T_12.8, 8;
    %load/vec4 v0xbb4d34960_0;
    %pad/u 96;
    %cmpi/e 511, 0, 96;
    %jmp/0xz  T_12.10, 4;
    %pushi/vec4 0, 0, 1;
    %assign/vec4 v0xbb4d34aa0_0, 0;
    %pushi/vec4 0, 0, 1;
    %ix/load 5, 0, 0;
    %ix/getv 4, v0xbb4d348c0_0;
    %assign/vec4/off/d v0xbb4d34b40_0, 4, 5;
    %pushi/vec4 0, 0, 10;
    %assign/vec4 v0xbb4d34960_0, 0;
    %jmp T_12.11;
T_12.10 ;
    %load/vec4 v0xbb4d34960_0;
    %addi 1, 0, 10;
    %assign/vec4 v0xbb4d34960_0, 0;
    %load/vec4 v0xbb4d36120_0;
    %pad/u 32;
    %cmpi/e 7, 0, 32;
    %jmp/0xz  T_12.12, 4;
    %pushi/vec4 0, 0, 4;
    %assign/vec4 v0xbb4d36120_0, 0;
    %load/vec4 v0xbb4d364e0_0;
    %pad/u 32;
    %cmpi/e 7, 0, 32;
    %jmp/0xz  T_12.14, 4;
    %pushi/vec4 0, 0, 3;
    %assign/vec4 v0xbb4d364e0_0, 0;
    %load/vec4 v0xbb4d36580_0;
    %pad/u 32;
    %cmpi/e 7, 0, 32;
    %flag_mov 8, 4;
    %jmp/0 T_12.16, 8;
    %pushi/vec4 0, 0, 3;
    %jmp/1 T_12.17, 8;
T_12.16 ; End of true expr.
    %load/vec4 v0xbb4d36580_0;
    %addi 1, 0, 3;
    %jmp/0 T_12.17, 8;
 ; End of false expr.
    %blend;
T_12.17;
    %assign/vec4 v0xbb4d36580_0, 0;
    %jmp T_12.15;
T_12.14 ;
    %load/vec4 v0xbb4d364e0_0;
    %addi 1, 0, 3;
    %assign/vec4 v0xbb4d364e0_0, 0;
T_12.15 ;
    %jmp T_12.13;
T_12.12 ;
    %load/vec4 v0xbb4d36120_0;
    %addi 1, 0, 4;
    %assign/vec4 v0xbb4d36120_0, 0;
T_12.13 ;
T_12.11 ;
T_12.8 ;
T_12.3 ;
T_12.1 ;
    %jmp T_12;
    .thread T_12;
    .scope S_0x101086660;
T_13 ;
    %wait E_0xbb509ad40;
    %load/vec4 v0xbb4d36bc0_0;
    %nor/r;
    %flag_set/vec4 8;
    %jmp/0xz  T_13.0, 8;
    %pushi/vec4 0, 0, 6;
    %assign/vec4 v0xbb4d36080_0, 0;
    %pushi/vec4 0, 0, 4;
    %assign/vec4 v0xbb4d35f40_0, 0;
    %pushi/vec4 0, 0, 4;
    %assign/vec4 v0xbb4d36260_0, 0;
    %pushi/vec4 0, 0, 1;
    %assign/vec4 v0xbb4d366c0_0, 0;
    %jmp T_13.1;
T_13.0 ;
    %load/vec4 v0xbb4d36580_0;
    %pad/u 32;
    %muli 8, 0, 32;
    %load/vec4 v0xbb4d364e0_0;
    %pad/u 32;
    %add;
    %pad/u 6;
    %assign/vec4 v0xbb4d36080_0, 0;
    %load/vec4 v0xbb4d34820_0;
    %assign/vec4 v0xbb4d35f40_0, 0;
    %load/vec4 v0xbb4d36120_0;
    %assign/vec4 v0xbb4d36260_0, 0;
    %load/vec4 v0xbb4d34a00_0;
    %assign/vec4 v0xbb4d366c0_0, 0;
T_13.1 ;
    %jmp T_13;
    .thread T_13;
    .scope S_0x101086660;
T_14 ;
    %wait E_0xbb509ad40;
    %load/vec4 v0xbb4d36bc0_0;
    %nor/r;
    %flag_set/vec4 8;
    %jmp/0xz  T_14.0, 8;
    %pushi/vec4 0, 0, 64;
    %assign/vec4 v0xbb4d36440_0, 0;
    %pushi/vec4 0, 0, 6;
    %assign/vec4 v0xbb4d35fe0_0, 0;
    %pushi/vec4 0, 0, 4;
    %assign/vec4 v0xbb4d35ea0_0, 0;
    %pushi/vec4 0, 0, 4;
    %assign/vec4 v0xbb4d361c0_0, 0;
    %pushi/vec4 0, 0, 1;
    %assign/vec4 v0xbb4d36620_0, 0;
    %jmp T_14.1;
T_14.0 ;
    %load/vec4 v0xbb4d348c0_0;
    %flag_set/vec4 8;
    %jmp/0 T_14.2, 8;
    %load/vec4 v0xbb4d363a0_0;
    %jmp/1 T_14.3, 8;
T_14.2 ; End of true expr.
    %load/vec4 v0xbb4d36300_0;
    %jmp/0 T_14.3, 8;
 ; End of false expr.
    %blend;
T_14.3;
    %assign/vec4 v0xbb4d36440_0, 0;
    %load/vec4 v0xbb4d36080_0;
    %assign/vec4 v0xbb4d35fe0_0, 0;
    %load/vec4 v0xbb4d35f40_0;
    %assign/vec4 v0xbb4d35ea0_0, 0;
    %load/vec4 v0xbb4d36260_0;
    %assign/vec4 v0xbb4d361c0_0, 0;
    %load/vec4 v0xbb4d366c0_0;
    %assign/vec4 v0xbb4d36620_0, 0;
T_14.1 ;
    %jmp T_14;
    .thread T_14;
    .scope S_0x101086660;
T_15 ;
    %wait E_0xbb509ad40;
    %load/vec4 v0xbb4d36bc0_0;
    %nor/r;
    %flag_set/vec4 8;
    %jmp/0xz  T_15.0, 8;
    %pushi/vec4 0, 0, 2;
    %assign/vec4 v0xbb4d37020_0, 0;
    %jmp T_15.1;
T_15.0 ;
    %load/vec4 v0xbb4d36620_0;
    %flag_set/vec4 8;
    %jmp/0xz  T_15.2, 8;
    %pushi/vec4 0, 0, 32;
    %store/vec4 v0xbb4d35ae0_0, 0, 32;
T_15.4 ; Top of for-loop
    %load/vec4 v0xbb4d35ae0_0;
    %cmpi/s 8, 0, 32;
	  %jmp/0xz T_15.5, 5;
    %load/vec4 v0xbb4d36440_0;
    %load/vec4 v0xbb4d35ae0_0;
    %muli 8, 0, 32;
    %part/s 8;
    %load/vec4 v0xbb4d35ae0_0;
    %pad/s 38;
    %pad/s 43;
    %muli 32, 0, 43;
    %pad/s 44;
    %load/vec4 v0xbb4d37020_0;
    %pad/u 8;
    %pad/u 11;
    %muli 8, 0, 11;
    %pad/u 44;
    %add;
    %pad/u 45;
    %load/vec4 v0xbb4d361c0_0;
    %pad/u 5;
    %pad/u 45;
    %add;
    %ix/vec4 3;
    %ix/load 4, 0, 0; Constant delay
    %assign/vec4/a/d v0xbb4d36f80, 0, 4;
T_15.6 ; for-loop step statement
    %load/vec4 v0xbb4d35ae0_0;
    %addi 1, 0, 32;
    %store/vec4 v0xbb4d35ae0_0, 0, 32;
    %jmp T_15.4;
T_15.5 ; for-loop exit label
    %load/vec4 v0xbb4d361c0_0;
    %pad/u 32;
    %cmpi/e 7, 0, 32;
    %jmp/0xz  T_15.7, 4;
    %load/vec4 v0xbb4d37020_0;
    %pad/u 32;
    %cmpi/e 3, 0, 32;
    %flag_mov 8, 4;
    %jmp/0 T_15.9, 8;
    %pushi/vec4 0, 0, 2;
    %jmp/1 T_15.10, 8;
T_15.9 ; End of true expr.
    %load/vec4 v0xbb4d37020_0;
    %addi 1, 0, 2;
    %jmp/0 T_15.10, 8;
 ; End of false expr.
    %blend;
T_15.10;
    %assign/vec4 v0xbb4d37020_0, 0;
T_15.7 ;
T_15.2 ;
T_15.1 ;
    %jmp T_15;
    .thread T_15;
    .scope S_0x101086660;
T_16 ;
    %wait E_0xbb509ad40;
    %load/vec4 v0xbb4d36bc0_0;
    %nor/r;
    %flag_set/vec4 8;
    %jmp/0xz  T_16.0, 8;
    %pushi/vec4 0, 0, 6;
    %assign/vec4 v0xbb4d36a80_0, 0;
    %pushi/vec4 0, 0, 6;
    %assign/vec4 v0xbb4d369e0_0, 0;
    %pushi/vec4 0, 0, 6;
    %assign/vec4 v0xbb4d36760_0, 0;
    %pushi/vec4 0, 0, 15;
    %assign/vec4 v0xbb4d377a0_0, 0;
    %jmp T_16.1;
T_16.0 ;
    %load/vec4 v0xbb4d36620_0;
    %flag_set/vec4 9;
    %flag_get/vec4 9;
    %jmp/0 T_16.3, 9;
    %load/vec4 v0xbb4d361c0_0;
    %pad/u 32;
    %pushi/vec4 7, 0, 32;
    %cmp/e;
    %flag_get/vec4 4;
    %and;
T_16.3;
    %flag_set/vec4 8;
    %flag_get/vec4 8;
    %jmp/0 T_16.2, 8;
    %load/vec4 v0xbb4d36760_0;
    %pad/u 32;
    %cmpi/u 24, 0, 32;
    %flag_get/vec4 4;
    %flag_get/vec4 5;
    %or;
    %and;
T_16.2;
    %store/vec4 v0xbb4d35c20_0, 0, 1;
    %load/vec4 v0xbb4d36620_0;
    %flag_set/vec4 10;
    %flag_get/vec4 10;
    %jmp/0 T_16.7, 10;
    %load/vec4 v0xbb4d361c0_0;
    %pad/u 32;
    %pushi/vec4 7, 0, 32;
    %cmp/e;
    %flag_get/vec4 4;
    %and;
T_16.7;
    %flag_set/vec4 9;
    %flag_get/vec4 9;
    %jmp/0 T_16.6, 9;
    %pushi/vec4 24, 0, 32;
    %load/vec4 v0xbb4d36760_0;
    %pad/u 32;
    %cmp/u;
    %flag_get/vec4 5;
    %and;
T_16.6;
    %flag_set/vec4 8;
    %jmp/0xz  T_16.4, 8;
    %vpi_call/w 4 335 "$error", "alg9: push \345\256\271\351\207\217\351\227\250\346\216\247\350\247\246\345\217\221(drain \350\212\202\346\265\201\345\244\261\346\225\210?), req_cnt=%0d", v0xbb4d36760_0 {0 0 0};
T_16.4 ;
    %load/vec4 v0xbb4d37ca0_0;
    %flag_set/vec4 8;
    %flag_get/vec4 8;
    %jmp/0 T_16.8, 8;
    %load/vec4 v0xbb4d36800_0;
    %nor/r;
    %and;
T_16.8;
    %store/vec4 v0xbb4d35b80_0, 0, 1;
    %load/vec4 v0xbb4d35c20_0;
    %flag_set/vec4 8;
    %jmp/0xz  T_16.9, 8;
    %pushi/vec4 0, 0, 32;
    %store/vec4 v0xbb4d35ae0_0, 0, 32;
T_16.11 ; Top of for-loop
    %load/vec4 v0xbb4d35ae0_0;
    %cmpi/s 8, 0, 32;
	  %jmp/0xz T_16.12, 5;
    %load/vec4 v0xbb4d37020_0;
    %load/vec4 v0xbb4d35ae0_0;
    %parti/s 3, 0, 2;
    %concat/vec4; draw_concat_vec4
    %load/vec4 v0xbb4d35fe0_0;
    %concat/vec4; draw_concat_vec4
    %load/vec4 v0xbb4d35ea0_0;
    %concat/vec4; draw_concat_vec4
    %load/vec4 v0xbb4d36a80_0;
    %pad/u 32;
    %load/vec4 v0xbb4d35ae0_0;
    %add;
    %pushi/vec4 32, 0, 32;
    %mod;
    %ix/vec4 3;
    %ix/load 4, 0, 0; Constant delay
    %assign/vec4/a/d v0xbb4d368a0, 0, 4;
T_16.13 ; for-loop step statement
    %load/vec4 v0xbb4d35ae0_0;
    %addi 1, 0, 32;
    %store/vec4 v0xbb4d35ae0_0, 0, 32;
    %jmp T_16.11;
T_16.12 ; for-loop exit label
    %load/vec4 v0xbb4d36a80_0;
    %addi 8, 0, 6;
    %assign/vec4 v0xbb4d36a80_0, 0;
T_16.9 ;
    %load/vec4 v0xbb4d35b80_0;
    %flag_set/vec4 8;
    %jmp/0xz  T_16.14, 8;
    %load/vec4 v0xbb4d369e0_0;
    %addi 1, 0, 6;
    %assign/vec4 v0xbb4d369e0_0, 0;
    %load/vec4 v0xbb4d369e0_0;
    %pad/u 32;
    %pushi/vec4 32, 0, 32;
    %mod;
    %ix/vec4 4;
    %load/vec4a v0xbb4d368a0, 4;
    %assign/vec4 v0xbb4d377a0_0, 0;
T_16.14 ;
    %load/vec4 v0xbb4d36760_0;
    %load/vec4 v0xbb4d35c20_0;
    %flag_set/vec4 8;
    %jmp/0 T_16.16, 8;
    %pushi/vec4 8, 0, 6;
    %jmp/1 T_16.17, 8;
T_16.16 ; End of true expr.
    %pushi/vec4 0, 0, 6;
    %jmp/0 T_16.17, 8;
 ; End of false expr.
    %blend;
T_16.17;
    %add;
    %load/vec4 v0xbb4d35b80_0;
    %flag_set/vec4 8;
    %jmp/0 T_16.18, 8;
    %pushi/vec4 1, 0, 6;
    %jmp/1 T_16.19, 8;
T_16.18 ; End of true expr.
    %pushi/vec4 0, 0, 6;
    %jmp/0 T_16.19, 8;
 ; End of false expr.
    %blend;
T_16.19;
    %sub;
    %assign/vec4 v0xbb4d36760_0, 0;
T_16.1 ;
    %jmp T_16;
    .thread T_16;
    .scope S_0x101086660;
T_17 ;
    %wait E_0xbb509ad40;
    %load/vec4 v0xbb4d36bc0_0;
    %nor/r;
    %flag_set/vec4 8;
    %jmp/0xz  T_17.0, 8;
    %pushi/vec4 0, 0, 3;
    %assign/vec4 v0xbb4d37d40_0, 0;
    %pushi/vec4 0, 0, 8;
    %assign/vec4 v0xbb4d37c00_0, 0;
    %pushi/vec4 0, 0, 1;
    %assign/vec4 v0xbb4d37ca0_0, 0;
    %jmp T_17.1;
T_17.0 ;
    %load/vec4 v0xbb4d37d40_0;
    %dup/vec4;
    %pushi/vec4 0, 0, 3;
    %cmp/u;
    %jmp/1 T_17.2, 6;
    %dup/vec4;
    %pushi/vec4 1, 0, 3;
    %cmp/u;
    %jmp/1 T_17.3, 6;
    %dup/vec4;
    %pushi/vec4 2, 0, 3;
    %cmp/u;
    %jmp/1 T_17.4, 6;
    %dup/vec4;
    %pushi/vec4 3, 0, 3;
    %cmp/u;
    %jmp/1 T_17.5, 6;
    %pushi/vec4 0, 0, 3;
    %assign/vec4 v0xbb4d37d40_0, 0;
    %jmp T_17.7;
T_17.2 ;
    %pushi/vec4 0, 0, 1;
    %assign/vec4 v0xbb4d37ca0_0, 0;
    %load/vec4 v0xbb4d36800_0;
    %nor/r;
    %flag_set/vec4 8;
    %jmp/0xz  T_17.8, 8;
    %pushi/vec4 1, 0, 1;
    %assign/vec4 v0xbb4d37ca0_0, 0;
    %pushi/vec4 0, 0, 8;
    %assign/vec4 v0xbb4d37c00_0, 0;
    %pushi/vec4 1, 0, 3;
    %assign/vec4 v0xbb4d37d40_0, 0;
T_17.8 ;
    %jmp T_17.7;
T_17.3 ;
    %pushi/vec4 0, 0, 1;
    %assign/vec4 v0xbb4d37ca0_0, 0;
    %load/vec4 v0xbb4d354a0_0;
    %flag_set/vec4 8;
    %jmp/0xz  T_17.10, 8;
    %pushi/vec4 2, 0, 3;
    %assign/vec4 v0xbb4d37d40_0, 0;
T_17.10 ;
    %jmp T_17.7;
T_17.4 ;
    %load/vec4 v0xbb4d35900_0;
    %flag_set/vec4 8;
    %jmp/0xz  T_17.12, 8;
    %load/vec4 v0xbb4d37c00_0;
    %pad/u 33;
    %cmpi/e 0, 0, 33;
    %jmp/0xz  T_17.14, 4;
    %pushi/vec4 3, 0, 3;
    %assign/vec4 v0xbb4d37d40_0, 0;
    %jmp T_17.15;
T_17.14 ;
    %load/vec4 v0xbb4d37c00_0;
    %addi 1, 0, 8;
    %assign/vec4 v0xbb4d37c00_0, 0;
T_17.15 ;
T_17.12 ;
    %jmp T_17.7;
T_17.5 ;
    %load/vec4 v0xbb4d35720_0;
    %flag_set/vec4 8;
    %jmp/0xz  T_17.16, 8;
    %pushi/vec4 0, 0, 3;
    %assign/vec4 v0xbb4d37d40_0, 0;
T_17.16 ;
    %jmp T_17.7;
T_17.7 ;
    %pop/vec4 1;
T_17.1 ;
    %jmp T_17;
    .thread T_17;
    .scope S_0x101086660;
T_18 ;
    %wait E_0xbb509adc0;
    %pushi/vec4 0, 0, 32;
    %store/vec4 v0xbb4d37a20_0, 0, 32;
T_18.0 ; Top of for-loop
    %load/vec4 v0xbb4d37a20_0;
    %cmpi/s 8, 0, 32;
	  %jmp/0xz T_18.1, 5;
    %load/vec4 v0xbb4d37c00_0;
    %pad/u 32;
    %muli 8, 0, 32;
    %load/vec4 v0xbb4d37a20_0;
    %add;
    %cmpi/u 8, 0, 32;
    %jmp/0xz  T_18.3, 5;
    %load/vec4 v0xbb4d37700_0;
    %pad/u 11;
    %pad/u 16;
    %muli 32, 0, 16;
    %pad/u 17;
    %load/vec4 v0xbb4d37840_0;
    %pad/u 8;
    %pad/u 11;
    %muli 8, 0, 11;
    %pad/u 17;
    %add;
    %pad/u 18;
    %load/vec4 v0xbb4d37c00_0;
    %pad/u 32;
    %muli 8, 0, 32;
    %load/vec4 v0xbb4d37a20_0;
    %add;
    %pad/u 18;
    %add;
    %ix/vec4 4;
    %load/vec4a v0xbb4d36f80, 4;
    %load/vec4 v0xbb4d37a20_0;
    %muli 8, 0, 32;
    %ix/vec4/s 4;
    %store/vec4 v0xbb4d37ac0_0, 4, 8;
    %jmp T_18.4;
T_18.3 ;
    %pushi/vec4 0, 0, 8;
    %load/vec4 v0xbb4d37a20_0;
    %muli 8, 0, 32;
    %ix/vec4/s 4;
    %store/vec4 v0xbb4d37ac0_0, 4, 8;
T_18.4 ;
T_18.2 ; for-loop step statement
    %load/vec4 v0xbb4d37a20_0;
    %addi 1, 0, 32;
    %store/vec4 v0xbb4d37a20_0, 0, 32;
    %jmp T_18.0;
T_18.1 ; for-loop exit label
    %jmp T_18;
    .thread T_18, $push;
    .scope S_0x101086660;
T_19 ;
    %wait E_0xbb509ad80;
    %pushi/vec4 255, 0, 8;
    %store/vec4 v0xbb4d37de0_0, 0, 8;
    %load/vec4 v0xbb4d37c00_0;
    %pad/u 33;
    %cmpi/e 0, 0, 33;
    %jmp/0xz  T_19.0, 4;
    %pushi/vec4 0, 0, 32;
    %store/vec4 v0xbb4d37a20_0, 0, 32;
T_19.2 ; Top of for-loop
    %load/vec4 v0xbb4d37a20_0;
    %cmpi/s 8, 0, 32;
	  %jmp/0xz T_19.3, 5;
    %load/vec4 v0xbb4d37c00_0;
    %pad/u 32;
    %muli 8, 0, 32;
    %load/vec4 v0xbb4d37a20_0;
    %add;
    %cmpi/u 8, 0, 32;
    %flag_inv 5; GE is !LT
    %jmp/0xz  T_19.5, 5;
    %pushi/vec4 0, 0, 1;
    %ix/getv/s 4, v0xbb4d37a20_0;
    %store/vec4 v0xbb4d37de0_0, 4, 1;
T_19.5 ;
T_19.4 ; for-loop step statement
    %load/vec4 v0xbb4d37a20_0;
    %addi 1, 0, 32;
    %store/vec4 v0xbb4d37a20_0, 0, 32;
    %jmp T_19.2;
T_19.3 ; for-loop exit label
T_19.0 ;
    %jmp T_19;
    .thread T_19, $push;
    .scope S_0x101086660;
T_20 ;
    %wait E_0xbb509ad40;
    %load/vec4 v0xbb4d36bc0_0;
    %nor/r;
    %flag_set/vec4 8;
    %jmp/0xz  T_20.0, 8;
    %pushi/vec4 0, 0, 1;
    %assign/vec4 v0xbb4d34780_0, 0;
    %jmp T_20.1;
T_20.0 ;
    %load/vec4 v0xbb4d35180_0;
    %flag_set/vec4 8;
    %jmp/0xz  T_20.2, 8;
    %pushi/vec4 0, 0, 1;
    %assign/vec4 v0xbb4d34780_0, 0;
    %jmp T_20.3;
T_20.2 ;
    %load/vec4 v0xbb4d34f00_0;
    %nor/r;
    %flag_set/vec4 13;
    %flag_get/vec4 13;
    %jmp/0 T_20.10, 13;
    %load/vec4 v0xbb4d34aa0_0;
    %nor/r;
    %and;
T_20.10;
    %flag_set/vec4 12;
    %flag_get/vec4 12;
    %jmp/0 T_20.9, 12;
    %load/vec4 v0xbb4d34320_0;
    %pushi/vec4 0, 0, 2;
    %cmp/e;
    %flag_get/vec4 4;
    %and;
T_20.9;
    %flag_set/vec4 11;
    %flag_get/vec4 11;
    %jmp/0 T_20.8, 11;
    %load/vec4 v0xbb4d36800_0;
    %and;
T_20.8;
    %flag_set/vec4 10;
    %flag_get/vec4 10;
    %jmp/0 T_20.7, 10;
    %load/vec4 v0xbb4d37d40_0;
    %pushi/vec4 0, 0, 3;
    %cmp/e;
    %flag_get/vec4 4;
    %and;
T_20.7;
    %flag_set/vec4 9;
    %flag_get/vec4 9;
    %jmp/0 T_20.6, 9;
    %load/vec4 v0xbb4d350e0_0;
    %and;
T_20.6;
    %flag_set/vec4 8;
    %jmp/0xz  T_20.4, 8;
    %pushi/vec4 1, 0, 1;
    %assign/vec4 v0xbb4d34780_0, 0;
T_20.4 ;
T_20.3 ;
T_20.1 ;
    %jmp T_20;
    .thread T_20;
    .scope S_0xbb5030180;
T_21 ;
    %vpi_call/w 3 64 "$readmemh", "similarity_lut.mem", v0xbb4d38140 {0 0 0};
    %end;
    .thread T_21;
    .scope S_0xbb5030180;
T_22 ;
    %delay 5000, 0;
    %load/vec4 v0xbb4d38500_0;
    %inv;
    %store/vec4 v0xbb4d38500_0, 0, 1;
    %jmp T_22;
    .thread T_22;
    .scope S_0xbb5030180;
T_23 ;
    %wait E_0xbb509ad40;
    %load/vec4 v0xbb4d39680_0;
    %nor/r;
    %flag_set/vec4 8;
    %jmp/0xz  T_23.0, 8;
    %pushi/vec4 0, 0, 1;
    %assign/vec4 v0xbb4d38280_0, 0;
    %jmp T_23.1;
T_23.0 ;
    %load/vec4 v0xbb4d392c0_0;
    %flag_set/vec4 10;
    %flag_get/vec4 10;
    %jmp/0 T_23.5, 10;
    %load/vec4 v0xbb4d39180_0;
    %and;
T_23.5;
    %flag_set/vec4 9;
    %flag_get/vec4 9;
    %jmp/0 T_23.4, 9;
    %load/vec4 v0xbb4d390e0_0;
    %and;
T_23.4;
    %flag_set/vec4 8;
    %jmp/0xz  T_23.2, 8;
    %pushi/vec4 1, 0, 1;
    %assign/vec4 v0xbb4d38280_0, 0;
    %jmp T_23.3;
T_23.2 ;
    %load/vec4 v0xbb4d38fa0_0;
    %flag_set/vec4 8;
    %jmp/0xz  T_23.6, 8;
    %pushi/vec4 0, 0, 1;
    %assign/vec4 v0xbb4d38280_0, 0;
T_23.6 ;
T_23.3 ;
T_23.1 ;
    %jmp T_23;
    .thread T_23;
    .scope S_0xbb5030180;
T_24 ;
    %pushi/vec4 0, 0, 1;
    %store/vec4 v0xbb4d38500_0, 0, 1;
    %pushi/vec4 0, 0, 1;
    %store/vec4 v0xbb4d39680_0, 0, 1;
    %pushi/vec4 0, 0, 1;
    %store/vec4 v0xbb4d399a0_0, 0, 1;
    %pushi/vec4 0, 0, 8;
    %store/vec4 v0xbb4d39720_0, 0, 8;
    %pushi/vec4 0, 0, 1;
    %store/vec4 v0xbb4d39900_0, 0, 1;
    %pushi/vec4 0, 0, 1;
    %store/vec4 v0xbb4d397c0_0, 0, 1;
    %pushi/vec4 0, 0, 6;
    %store/vec4 v0xbb4d38320_0, 0, 6;
    %pushi/vec4 0, 0, 1;
    %store/vec4 v0xbb4d38280_0, 0, 1;
    %pushi/vec4 0, 0, 32;
    %store/vec4 v0xbb4d386e0_0, 0, 32;
    %pushi/vec4 0, 0, 32;
    %store/vec4 v0xbb4d39a40_0, 0, 32;
    %pushi/vec4 0, 0, 32;
    %store/vec4 v0xbb4d39400_0, 0, 32;
    %fork TD_tb_sbm_alg9_cosim.fill_img, S_0xbb4d28900;
    %join;
    %delay 100000, 0;
    %pushi/vec4 1, 0, 1;
    %store/vec4 v0xbb4d39680_0, 0, 1;
    %fork TD_tb_sbm_alg9_cosim.send_two_frames, S_0xbb4d28c00;
    %join;
    %fork t_1, S_0xbb4d28d80;
    %jmp t_0;
    .scope S_0xbb4d28d80;
t_1 ;
    %pushi/vec4 0, 0, 32;
    %store/vec4 v0xbb4d380a0_0, 0, 32;
T_24.0 ;
    %load/vec4 v0xbb4d35220_0;
    %nor/r;
    %flag_set/vec4 9;
    %flag_get/vec4 9;
    %jmp/0 T_24.2, 9;
    %load/vec4 v0xbb4d380a0_0;
    %cmpi/s 2000000, 0, 32;
    %flag_get/vec4 5;
    %and;
T_24.2;
    %flag_set/vec4 8;
    %jmp/0xz T_24.1, 8;
    %wait E_0xbb509b200;
    %load/vec4 v0xbb4d380a0_0;
    %addi 1, 0, 32;
    %store/vec4 v0xbb4d380a0_0, 0, 32;
    %jmp T_24.0;
T_24.1 ;
    %load/vec4 v0xbb4d35220_0;
    %nor/r;
    %flag_set/vec4 8;
    %jmp/0xz  T_24.3, 8;
    %vpi_call/w 3 142 "$display", "WARNING: irq_done \346\234\252\347\275\256\344\275\215, wcnt=%0d", v0xbb4d380a0_0 {0 0 0};
T_24.3 ;
    %pushi/vec4 200, 0, 32;
T_24.5 %dup/vec4;
    %cmpi/s 0, 0, 32;
    %jmp/1xz T_24.6, 5;
    %jmp/1 T_24.6, 4;
    %subi 1, 0, 32;
    %wait E_0xbb509b200;
    %jmp T_24.5;
T_24.6 ;
    %pop/vec4 1;
    %end;
    .scope S_0xbb5030180;
t_0 %join;
    %vpi_call/w 3 145 "$display", "AXI writes: tot=%0d err=%0d oob=%0d  expected=%0d", v0xbb4d39a40_0, v0xbb4d386e0_0, v0xbb4d39400_0, 160'sb0000000000000000000000000000000000000000000000000000000000000000000000000000000000000000000000000000000000000000000000000000000000000000000000010000000000000000 {0 0 0};
    %load/vec4 v0xbb4d386e0_0;
    %cmpi/e 0, 0, 32;
    %flag_get/vec4 4;
    %jmp/0 T_24.10, 4;
    %load/vec4 v0xbb4d39400_0;
    %pushi/vec4 0, 0, 32;
    %cmp/e;
    %flag_get/vec4 4;
    %and;
T_24.10;
    %flag_set/vec4 9;
    %flag_get/vec4 9;
    %jmp/0 T_24.9, 9;
    %load/vec4 v0xbb4d39a40_0;
    %pad/s 160;
    %pushi/vec4 65536, 0, 160;
    %cmp/e;
    %flag_get/vec4 4;
    %and;
T_24.9;
    %flag_set/vec4 8;
    %jmp/0xz  T_24.7, 8;
    %vpi_call/w 3 147 "$display", "RESULT: PASS (alg9 F4 response-map layout matches alg11 readback)" {0 0 0};
    %jmp T_24.8;
T_24.7 ;
    %vpi_call/w 3 149 "$display", "RESULT: FAIL (alg9 F4, err=%0d oob=%0d tot=%0d exp=%0d)", v0xbb4d386e0_0, v0xbb4d39400_0, v0xbb4d39a40_0, 160'sb0000000000000000000000000000000000000000000000000000000000000000000000000000000000000000000000000000000000000000000000000000000000000000000000010000000000000000 {0 0 0};
T_24.8 ;
    %vpi_call/w 3 150 "$finish" {0 0 0};
    %end;
    .thread T_24;
    .scope S_0xbb5030180;
T_25 ;
    %wait E_0xbb509ad40;
    %load/vec4 v0xbb4d39680_0;
    %nor/r;
    %flag_set/vec4 8;
    %jmp/0xz  T_25.0, 8;
    %pushi/vec4 0, 0, 6;
    %assign/vec4 v0xbb4d38320_0, 0;
    %jmp T_25.1;
T_25.0 ;
    %load/vec4 v0xbb4d392c0_0;
    %flag_set/vec4 9;
    %flag_get/vec4 9;
    %jmp/0 T_25.4, 9;
    %load/vec4 v0xbb4d39180_0;
    %and;
T_25.4;
    %flag_set/vec4 8;
    %jmp/0xz  T_25.2, 8;
    %load/vec4 v0xbb4d390e0_0;
    %flag_set/vec4 8;
    %jmp/0xz  T_25.5, 8;
    %pushi/vec4 0, 0, 6;
    %assign/vec4 v0xbb4d38320_0, 0;
    %jmp T_25.6;
T_25.5 ;
    %load/vec4 v0xbb4d38320_0;
    %addi 1, 0, 6;
    %assign/vec4 v0xbb4d38320_0, 0;
T_25.6 ;
T_25.2 ;
T_25.1 ;
    %jmp T_25;
    .thread T_25;
    .scope S_0xbb5030180;
T_26 ;
    %wait E_0xbb509b200;
    %load/vec4 v0xbb4d392c0_0;
    %flag_set/vec4 9;
    %flag_get/vec4 9;
    %jmp/0 T_26.2, 9;
    %load/vec4 v0xbb4d39180_0;
    %and;
T_26.2;
    %flag_set/vec4 8;
    %jmp/0xz  T_26.0, 8;
    %load/vec4 v0xbb4d38320_0;
    %cmpi/e 0, 0, 6;
    %flag_get/vec4 4;
    %jmp/0 T_26.5, 4;
    %load/vec4 v0xbb4d38b40_0;
    %parti/s 3, 0, 2;
    %cmpi/ne 0, 0, 3;
    %flag_get/vec4 6;
    %jmp/1 T_26.6, 6;
    %load/vec4 v0xbb4d38dc0_0;
    %pushi/vec4 3, 0, 3;
    %cmp/ne;
    %flag_get/vec4 6;
    %or;
T_26.6;
    %and;
T_26.5;
    %flag_set/vec4 8;
    %jmp/0xz  T_26.3, 8;
    %vpi_call/w 3 166 "$display", "  AXI ALIGN ERR: awaddr=%08X awsize=%0d", v0xbb4d38b40_0, v0xbb4d38dc0_0 {0 0 0};
    %load/vec4 v0xbb4d386e0_0;
    %addi 1, 0, 32;
    %store/vec4 v0xbb4d386e0_0, 0, 32;
T_26.3 ;
    %load/vec4 v0xbb4d38b40_0;
    %xor/r;
    %cmpi/e 1, 1, 1;
    %jmp/1 T_26.9, 6;
    %flag_mov 8, 6;
    %load/vec4 v0xbb4d39040_0;
    %xor/r;
    %cmpi/e 1, 1, 1;
    %flag_or 6, 8;
T_26.9;
    %jmp/0xz  T_26.7, 6;
    %load/vec4 v0xbb4d386e0_0;
    %addi 8, 0, 32;
    %store/vec4 v0xbb4d386e0_0, 0, 32;
    %jmp T_26.8;
T_26.7 ;
    %pushi/vec4 0, 0, 32;
    %store/vec4 v0xbb4d38960_0, 0, 32;
T_26.10 ; Top of for-loop
    %load/vec4 v0xbb4d38960_0;
    %cmpi/s 8, 0, 32;
	  %jmp/0xz T_26.11, 5;
    %load/vec4 v0xbb4d39220_0;
    %load/vec4 v0xbb4d38960_0;
    %part/s 1;
    %nor/r;
    %flag_set/vec4 8;
    %jmp/0xz  T_26.13, 8;
    %jmp T_26.14;
T_26.13 ;
    %load/vec4 v0xbb4d38b40_0;
    %subi 134217728, 0, 32;
    %load/vec4 v0xbb4d38320_0;
    %pad/u 32;
    %muli 8, 0, 32;
    %add;
    %load/vec4 v0xbb4d38960_0;
    %add;
    %store/vec4 v0xbb4d385a0_0, 0, 32;
    %load/vec4 v0xbb4d385a0_0;
    %pad/s 64;
    %pushi/vec4 4096, 0, 64;
    %div/s;
    %pad/s 32;
    %store/vec4 v0xbb4d394a0_0, 0, 32;
    %load/vec4 v0xbb4d385a0_0;
    %pad/s 64;
    %pushi/vec4 4096, 0, 64;
    %mod/s;
    %pad/s 32;
    %store/vec4 v0xbb4d395e0_0, 0, 32;
    %load/vec4 v0xbb4d395e0_0;
    %pad/s 64;
    %pushi/vec4 64, 0, 64;
    %div/s;
    %pad/s 32;
    %store/vec4 v0xbb4d383c0_0, 0, 32;
    %load/vec4 v0xbb4d395e0_0;
    %pad/s 64;
    %pushi/vec4 64, 0, 64;
    %mod/s;
    %pad/s 32;
    %store/vec4 v0xbb4d39540_0, 0, 32;
    %load/vec4 v0xbb4d39540_0;
    %pushi/vec4 8, 0, 32;
    %div/s;
    %store/vec4 v0xbb4d38460_0, 0, 32;
    %load/vec4 v0xbb4d38320_0;
    %pad/u 32;
    %muli 8, 0, 32;
    %load/vec4 v0xbb4d38960_0;
    %add;
    %store/vec4 v0xbb4d38640_0, 0, 32;
    %load/vec4 v0xbb4d38460_0;
    %muli 8, 0, 32;
    %load/vec4 v0xbb4d383c0_0;
    %pushi/vec4 8, 0, 32;
    %div/s;
    %add;
    %store/vec4 v0xbb4d39b80_0, 0, 32;
    %load/vec4 v0xbb4d38640_0;
    %muli 8, 0, 32;
    %load/vec4 v0xbb4d383c0_0;
    %pushi/vec4 8, 0, 32;
    %mod/s;
    %add;
    %store/vec4 v0xbb4d39ae0_0, 0, 32;
    %load/vec4 v0xbb4d39b80_0;
    %pad/s 45;
    %pad/s 57;
    %muli 4096, 0, 57;
    %pad/s 58;
    %load/vec4 v0xbb4d39ae0_0;
    %pad/s 58;
    %add;
    %ix/vec4/s 4;
    %load/vec4a v0xbb4d38820, 4;
    %parti/s 4, 0, 2;
    %pad/u 32;
    %store/vec4 v0xbb4d38aa0_0, 0, 32;
    %load/vec4 v0xbb4d39b80_0;
    %pad/s 45;
    %pad/s 57;
    %muli 4096, 0, 57;
    %pad/s 58;
    %load/vec4 v0xbb4d39ae0_0;
    %pad/s 58;
    %add;
    %ix/vec4/s 4;
    %load/vec4a v0xbb4d38820, 4;
    %parti/s 4, 4, 4;
    %pad/u 32;
    %store/vec4 v0xbb4d39360_0, 0, 32;
    %load/vec4 v0xbb4d394a0_0;
    %muli 32, 0, 32;
    %addi 16, 0, 32;
    %load/vec4 v0xbb4d39360_0;
    %add;
    %ix/vec4/s 4;
    %load/vec4a v0xbb4d38140, 4;
    %load/vec4 v0xbb4d394a0_0;
    %muli 32, 0, 32;
    %load/vec4 v0xbb4d38aa0_0;
    %add;
    %ix/vec4/s 4;
    %load/vec4a v0xbb4d38140, 4;
    %cmp/u;
    %flag_mov 8, 5;
    %jmp/0 T_26.15, 8;
    %load/vec4 v0xbb4d394a0_0;
    %muli 32, 0, 32;
    %load/vec4 v0xbb4d38aa0_0;
    %add;
    %ix/vec4/s 4;
    %load/vec4a v0xbb4d38140, 4;
    %pad/u 32;
    %jmp/1 T_26.16, 8;
T_26.15 ; End of true expr.
    %load/vec4 v0xbb4d394a0_0;
    %muli 32, 0, 32;
    %addi 16, 0, 32;
    %load/vec4 v0xbb4d39360_0;
    %add;
    %ix/vec4/s 4;
    %load/vec4a v0xbb4d38140, 4;
    %pad/u 32;
    %jmp/0 T_26.16, 8;
 ; End of false expr.
    %blend;
T_26.16;
    %store/vec4 v0xbb4d38780_0, 0, 32;
    %load/vec4 v0xbb4d39040_0;
    %load/vec4 v0xbb4d38960_0;
    %muli 8, 0, 32;
    %part/s 8;
    %pad/u 32;
    %store/vec4 v0xbb4d381e0_0, 0, 32;
    %load/vec4 v0xbb4d39a40_0;
    %addi 1, 0, 32;
    %store/vec4 v0xbb4d39a40_0, 0, 32;
    %load/vec4 v0xbb4d394a0_0;
    %cmpi/s 7, 0, 32;
    %flag_or 5, 4; GT is !LE
    %flag_inv 5;
    %jmp/1 T_26.22, 5;
    %flag_mov 8, 5;
    %load/vec4 v0xbb4d383c0_0;
    %cmpi/s 63, 0, 32;
    %flag_or 5, 4; GT is !LE
    %flag_inv 5;
    %flag_or 5, 8;
T_26.22;
    %jmp/1 T_26.21, 5;
    %flag_mov 8, 5;
    %load/vec4 v0xbb4d38460_0;
    %cmpi/s 7, 0, 32;
    %flag_or 5, 4; GT is !LE
    %flag_inv 5;
    %flag_or 5, 8;
T_26.21;
    %jmp/1 T_26.20, 5;
    %flag_mov 8, 5;
    %load/vec4 v0xbb4d38640_0;
    %cmpi/s 7, 0, 32;
    %flag_or 5, 4; GT is !LE
    %flag_inv 5;
    %flag_or 5, 8;
T_26.20;
    %jmp/1 T_26.19, 5;
    %flag_mov 8, 5;
    %load/vec4 v0xbb4d38b40_0;
    %cmpi/u 134217728, 0, 32;
    %flag_or 5, 8;
T_26.19;
    %jmp/0xz  T_26.17, 5;
    %load/vec4 v0xbb4d39400_0;
    %addi 1, 0, 32;
    %store/vec4 v0xbb4d39400_0, 0, 32;
    %jmp T_26.18;
T_26.17 ;
    %load/vec4 v0xbb4d38780_0;
    %load/vec4 v0xbb4d381e0_0;
    %cmp/ne;
    %jmp/0xz  T_26.23, 4;
    %load/vec4 v0xbb4d386e0_0;
    %cmpi/s 12, 0, 32;
    %jmp/0xz  T_26.25, 5;
    %vpi_call/w 3 193 "$display", "  ERR cell=%0d ori=%0d blk=%0d bnd=%0d cx=%0d (y=%0d,x=%0d) exp=%02X act=%02X", v0xbb4d385a0_0, v0xbb4d394a0_0, v0xbb4d383c0_0, v0xbb4d38460_0, v0xbb4d38640_0, v0xbb4d39b80_0, v0xbb4d39ae0_0, v0xbb4d38780_0, v0xbb4d381e0_0 {0 0 0};
T_26.25 ;
    %load/vec4 v0xbb4d386e0_0;
    %addi 1, 0, 32;
    %store/vec4 v0xbb4d386e0_0, 0, 32;
T_26.23 ;
T_26.18 ;
T_26.14 ;
T_26.12 ; for-loop step statement
    %load/vec4 v0xbb4d38960_0;
    %addi 1, 0, 32;
    %store/vec4 v0xbb4d38960_0, 0, 32;
    %jmp T_26.10;
T_26.11 ; for-loop exit label
T_26.8 ;
T_26.0 ;
    %jmp T_26;
    .thread T_26;
# The file index is used to find the file name in the following table.
:file_names 6;
    "N/A";
    "<interactive>";
    "-";
    "tb_sbm_alg9_cosim.v";
    "sbm_alg9_lut.v";
    "xpm_memory_sdpram_beh.v";
