#! /opt/homebrew/Cellar/icarus-verilog/13.0/bin/vvp
:ivl_version "13.0 (stable)" "(v13_0)";
:ivl_delay_selection "TYPICAL";
:vpi_time_precision - 12;
:vpi_module "/opt/homebrew/Cellar/icarus-verilog/13.0/lib/ivl/system.vpi";
:vpi_module "/opt/homebrew/Cellar/icarus-verilog/13.0/lib/ivl/vhdl_sys.vpi";
:vpi_module "/opt/homebrew/Cellar/icarus-verilog/13.0/lib/ivl/vhdl_textio.vpi";
:vpi_module "/opt/homebrew/Cellar/icarus-verilog/13.0/lib/ivl/v2005_math.vpi";
:vpi_module "/opt/homebrew/Cellar/icarus-verilog/13.0/lib/ivl/va_math.vpi";
:vpi_module "/opt/homebrew/Cellar/icarus-verilog/13.0/lib/ivl/v2009.vpi";
S_0x8be07c180 .scope package, "$unit" "$unit" 2 1;
 .timescale 0 0;
S_0x8be07c000 .scope module, "tb_sbm_alg9_cosim" "tb_sbm_alg9_cosim" 3 24;
 .timescale -9 -12;
P_0x8be034a00 .param/l "CELLS" 1 3 32, +C4<0000000000000000000000000000000000000000000000000001000000000000>;
P_0x8be034a40 .param/l "FRAMES" 1 3 38, +C4<00000000000000000000000000000001>;
P_0x8be034a80 .param/l "HC" 1 3 31, +C4<00000000000000000000000001000000>;
P_0x8be034ac0 .param/l "IMG_H" 0 3 26, +C4<00000000000000000000001000000000>;
P_0x8be034b00 .param/l "IMG_W" 0 3 25, +C4<00000000000000000000001000000000>;
P_0x8be034b40 .param/l "RESP_BASE" 0 3 28, C4<00001000000000000000000000000000>;
P_0x8be034b80 .param/l "SEG_BEATS" 1 3 33, +C4<000000000000000000000000000001000>;
P_0x8be034bc0 .param/l "T" 0 3 27, +C4<00000000000000000000000000001000>;
P_0x8be034c00 .param/l "TOT_BYTES" 1 3 34, +C4<0000000000000000000000000000000000000000000000000000000000000000000000000000000000000000000000000000000000000000000000000000000000000000001000000000000000000000>;
P_0x8be034c40 .param/l "WC" 1 3 30, +C4<00000000000000000000000001000000>;
L_0x8bf0116c0 .functor BUFZ 1, v0x8bf1006e0_0, C4<0>, C4<0>, C4<0>;
v0x8bf1005a0 .array "SIM", 255 0, 7 0;
v0x8bf100640_0 .var/i "actv", 31 0;
v0x8bf1006e0_0 .var "b_pend", 0 0;
v0x8bf100780_0 .var "beat_cnt", 5 0;
v0x8bf100820_0 .var/i "blk", 31 0;
v0x8bf1008c0_0 .var/i "bnd", 31 0;
v0x8bf100960_0 .var "clk", 0 0;
v0x8bf100a00_0 .var/i "cll", 31 0;
v0x8bf100aa0_0 .var/i "cx", 31 0;
v0x8bf100b40_0 .var/i "err", 31 0;
v0x8bf100be0_0 .var/i "exv", 31 0;
v0x8bf100c80 .array "in_mag", 16777215 0, 7 0;
v0x8bf100d20_0 .net "irq_done", 0 0, L_0x8bf0119d0;  1 drivers
v0x8bf100dc0_0 .var/i "j", 31 0;
v0x8bf100e60_0 .var "lfsr", 15 0;
v0x8bf100f00_0 .var/i "lsb", 31 0;
v0x8bf100fa0_0 .net "m_axi_awaddr", 31 0, L_0x8bf011880;  1 drivers
L_0x8be47e068 .functor BUFT 1, C4<01>, C4<0>, C4<0>, C4<0>;
v0x8bf101040_0 .net "m_axi_awburst", 1 0, L_0x8be47e068;  1 drivers
L_0x8be47dfd8 .functor BUFT 1, C4<00000111>, C4<0>, C4<0>, C4<0>;
v0x8bf1010e0_0 .net "m_axi_awlen", 7 0, L_0x8be47dfd8;  1 drivers
L_0x8be47c010 .functor BUFT 1, C4<1>, C4<0>, C4<0>, C4<0>;
L_0x8be47c0a0 .functor BUFT 1, C4<1>, C4<0>, C4<0>, C4<0>;
RS_0x8be44be80 .resolv tri, L_0x8be47c010, L_0x8be47c0a0;
v0x8bf101180_0 .net8 "m_axi_awready", 0 0, RS_0x8be44be80;  2 drivers
L_0x8be47e020 .functor BUFT 1, C4<011>, C4<0>, C4<0>, C4<0>;
v0x8bf101220_0 .net "m_axi_awsize", 2 0, L_0x8be47e020;  1 drivers
v0x8bf1012c0_0 .net "m_axi_awvalid", 0 0, L_0x8bf103840;  1 drivers
L_0x8be47c130 .functor BUFT 1, C4<1>, C4<0>, C4<0>, C4<0>;
L_0x8be47e1d0 .functor BUFT 1, C4<1>, C4<0>, C4<0>, C4<0>;
RS_0x8be44bf10 .resolv tri, L_0x8be47c130, L_0x8be47e1d0;
v0x8bf101360_0 .net8 "m_axi_bready", 0 0, RS_0x8be44bf10;  2 drivers
v0x8bf101400_0 .net "m_axi_bvalid", 0 0, L_0x8bf0116c0;  1 drivers
v0x8bf1014a0_0 .net "m_axi_wdata", 63 0, L_0x8bf0118f0;  1 drivers
v0x8bf101540_0 .net "m_axi_wlast", 0 0, L_0x8bf0a4a10;  1 drivers
L_0x8be47c058 .functor BUFT 1, C4<1>, C4<0>, C4<0>, C4<0>;
L_0x8be47c0e8 .functor BUFT 1, C4<1>, C4<0>, C4<0>, C4<0>;
RS_0x8be44bfd0 .resolv tri, L_0x8be47c058, L_0x8be47c0e8;
v0x8bf1015e0_0 .net8 "m_axi_wready", 0 0, RS_0x8be44bfd0;  2 drivers
v0x8bf101680_0 .net "m_axi_wstrb", 7 0, L_0x8bf011960;  1 drivers
v0x8bf101720_0 .net "m_axi_wvalid", 0 0, L_0x8bf1038e0;  1 drivers
v0x8bf1017c0_0 .var/i "msb", 31 0;
v0x8bf101860_0 .var/i "oob", 31 0;
v0x8bf101900_0 .var/i "ori", 31 0;
v0x8bf1019a0_0 .var/i "rem2", 31 0;
v0x8bf101a40_0 .var/i "rm", 31 0;
v0x8bf101ae0_0 .var "rst_n", 0 0;
v0x8bf101b80_0 .var "s_axis_tdata", 7 0;
v0x8bf101c20_0 .var "s_axis_tlast", 0 0;
v0x8bf101cc0_0 .net "s_axis_tready", 0 0, L_0x8bf103200;  1 drivers
v0x8bf101d60_0 .var "s_axis_tuser", 0 0;
v0x8bf101e00_0 .var "s_axis_tvalid", 0 0;
v0x8bf101ea0_0 .var/i "tot", 31 0;
v0x8bf101f40_0 .var/i "xx", 31 0;
v0x8bf101fe0_0 .var/i "yy", 31 0;
S_0x1015e8650 .scope module, "dut" "sbm_alg9_lut" 3 203, 4 42 0, S_0x8be07c000;
 .timescale -9 -12;
    .port_info 0 /INPUT 1 "clk";
    .port_info 1 /INPUT 1 "rst_n";
    .port_info 2 /INPUT 1 "s_axis_tvalid";
    .port_info 3 /OUTPUT 1 "s_axis_tready";
    .port_info 4 /INPUT 8 "s_axis_tdata";
    .port_info 5 /INPUT 1 "s_axis_tuser";
    .port_info 6 /INPUT 1 "s_axis_tlast";
    .port_info 7 /OUTPUT 1 "m_axi_awvalid";
    .port_info 8 /INPUT 1 "m_axi_awready";
    .port_info 9 /OUTPUT 32 "m_axi_awaddr";
    .port_info 10 /OUTPUT 8 "m_axi_awlen";
    .port_info 11 /OUTPUT 3 "m_axi_awsize";
    .port_info 12 /OUTPUT 2 "m_axi_awburst";
    .port_info 13 /OUTPUT 1 "m_axi_wvalid";
    .port_info 14 /INPUT 1 "m_axi_wready";
    .port_info 15 /OUTPUT 64 "m_axi_wdata";
    .port_info 16 /OUTPUT 8 "m_axi_wstrb";
    .port_info 17 /OUTPUT 1 "m_axi_wlast";
    .port_info 18 /INPUT 1 "m_axi_bvalid";
    .port_info 19 /OUTPUT 1 "m_axi_bready";
    .port_info 20 /OUTPUT 1 "irq_done";
P_0x8be17c000 .param/l "BAND_DEPTH" 1 4 74, +C4<0000000000000000000000000000000000000000000000000001000000000000>;
P_0x8be17c040 .param/l "BAW" 1 4 82, +C4<00000000000000000000000000001101>;
P_0x8be17c080 .param/l "BCW" 1 4 83, +C4<00000000000000000000000000001101>;
P_0x8be17c0c0 .param/l "CELLS" 1 4 73, +C4<0000000000000000000000000000000000000000000000000001000000000000>;
P_0x8be17c100 .param/l "CW" 1 4 80, +C4<00000000000000000000000000001010>;
P_0x8be17c140 .param/l "CXW" 1 4 86, +C4<00000000000000000000000000000111>;
P_0x8be17c180 .param/l "DCW" 1 4 85, +C4<00000000000000000000000000001101>;
P_0x8be17c1c0 .param/l "DRAIN_CYCLES" 1 4 75, +C4<000000000000000000000000000000000000000000000000000000000000000000000000000000000001000000000000>;
P_0x8be17c200 .param/l "HC" 1 4 72, +C4<00000000000000000000000001000000>;
P_0x8be17c240 .param/l "HCW" 1 4 84, +C4<00000000000000000000000000000111>;
P_0x8be17c280 .param/l "IMG_H" 0 4 44, +C4<00000000000000000000001000000000>;
P_0x8be17c2c0 .param/l "IMG_W" 0 4 43, +C4<00000000000000000000001000000000>;
P_0x8be17c300 .param/l "PFW" 1 4 89, +C4<00000000000000000000000000000010010>;
P_0x8be17c340 .param/l "PW" 1 4 79, +C4<00000000000000000000000000010010>;
P_0x8be17c380 .param/l "QW" 1 4 87, +C4<00000000000000000000000000000110>;
P_0x8be17c3c0 .param/l "REQ_FIFO_DEPTH" 0 4 47, +C4<00000000000000000000000000100000>;
P_0x8be17c400 .param/l "RESP_BASE" 0 4 46, C4<00001000000000000000000000000000>;
P_0x8be17c440 .param/l "RIDXW" 1 4 88, +C4<00000000000000000000000000000010>;
P_0x8be17c480 .param/l "RW" 1 4 81, +C4<00000000000000000000000000001010>;
P_0x8be17c4c0 .param/l "SEG_BEATS" 1 4 77, +C4<000000000000000000000000000001000>;
P_0x8be17c500 .param/l "SEG_BUFS" 0 4 48, +C4<00000000000000000000000000000100>;
P_0x8be17c540 .param/l "SEG_LEN" 1 4 76, +C4<00000000000000000000000001000000>;
P_0x8be17c580 .param/l "T" 0 4 45, +C4<00000000000000000000000000001000>;
P_0x8be17c5c0 .param/l "WC" 1 4 71, +C4<00000000000000000000000001000000>;
P_0x8be17c600 .param/l "WR_AW" 1 4 359, C4<001>;
P_0x8be17c640 .param/l "WR_B" 1 4 359, C4<011>;
P_0x8be17c680 .param/l "WR_IDLE" 1 4 359, C4<000>;
P_0x8be17c6c0 .param/l "WR_W" 1 4 359, C4<010>;
L_0x8bf0a40e0 .functor AND 1, v0x8bf101e00_0, L_0x8bf103200, C4<1>, C4<1>;
L_0x8bf0a4230 .functor AND 1, L_0x8bf0a40e0, v0x8bf101d60_0, C4<1>, C4<1>;
L_0x8bf0a42a0 .functor AND 1, L_0x8bf102620, L_0x8bf1026c0, C4<1>, C4<1>;
L_0x8bf0a4150 .functor OR 1, L_0x8bf102580, L_0x8bf0a42a0, C4<0>, C4<0>;
L_0x8bf0a41c0 .functor OR 1, v0x8bf0f5360_0, L_0x8bf0a4230, C4<0>, C4<0>;
L_0x8bf0a4310 .functor AND 1, L_0x8bf0a41c0, L_0x8bf0a40e0, C4<1>, C4<1>;
L_0x8bf0a4380 .functor AND 1, L_0x8bf102760, L_0x8bf102800, C4<1>, C4<1>;
L_0x8bf0a43f0 .functor AND 1, L_0x8bf1028a0, L_0x8bf1029e0, C4<1>, C4<1>;
L_0x8bf0a4460 .functor AND 1, L_0x8bf0a43f0, L_0x8bf102a80, C4<1>, C4<1>;
L_0x8be47d720 .functor BUFT 1, C4<00000000000000000000000000000111>, C4<0>, C4<0>, C4<0>;
L_0x8bf0a44d0 .functor AND 32, L_0x8bf105ae0, L_0x8be47d720, C4<11111111111111111111111111111111>, C4<11111111111111111111111111111111>;
L_0x8bf0a4540 .functor AND 1, v0x8bf0f4f00_0, L_0x8bf102e40, C4<1>, C4<1>;
L_0x8bf0a45b0 .functor AND 1, v0x8bf101e00_0, v0x8bf101d60_0, C4<1>, C4<1>;
L_0x8bf0a4620 .functor OR 1, L_0x8bf1030c0, L_0x8bf103160, C4<0>, C4<0>;
L_0x8be47da80 .functor BUFT 1, C4<0>, C4<0>, C4<0>, C4<0>;
L_0x8bf0a4700 .functor XNOR 1, L_0x8bf105680, L_0x8be47da80, C4<0>, C4<0>;
L_0x8bf0a4770 .functor AND 1, L_0x8bf0a4310, L_0x8bf0a4700, C4<1>, C4<1>;
L_0x8be47db10 .functor BUFT 1, C4<0>, C4<0>, C4<0>, C4<0>;
L_0x8bf0a4690 .functor XNOR 1, v0x8bf0f4d20_0, L_0x8be47db10, C4<0>, C4<0>;
L_0x8bf0a47e0 .functor AND 1, L_0x8bf0a4540, L_0x8bf0a4690, C4<1>, C4<1>;
L_0x8be47dbe8 .functor BUFT 1, C4<1>, C4<0>, C4<0>, C4<0>;
L_0x8bf0a4850 .functor XNOR 1, L_0x8bf105680, L_0x8be47dbe8, C4<0>, C4<0>;
L_0x8bf0a48c0 .functor AND 1, L_0x8bf0a4310, L_0x8bf0a4850, C4<1>, C4<1>;
L_0x8be47dc78 .functor BUFT 1, C4<1>, C4<0>, C4<0>, C4<0>;
L_0x8bf0a4930 .functor XNOR 1, v0x8bf0f4d20_0, L_0x8be47dc78, C4<0>, C4<0>;
L_0x8bf0a49a0 .functor AND 1, L_0x8bf0a4540, L_0x8bf0a4930, C4<1>, C4<1>;
L_0x8bf011880 .functor BUFZ 32, L_0x8bf1037a0, C4<00000000000000000000000000000000>, C4<00000000000000000000000000000000>, C4<00000000000000000000000000000000>;
L_0x8bf0118f0 .functor BUFZ 64, v0x8bf0f7f20_0, C4<0000000000000000000000000000000000000000000000000000000000000000>, C4<0000000000000000000000000000000000000000000000000000000000000000>, C4<0000000000000000000000000000000000000000000000000000000000000000>;
L_0x8bf011960 .functor BUFZ 8, v0x8bf100280_0, C4<00000000>, C4<00000000>, C4<00000000>;
L_0x8bf0a4a10 .functor AND 1, L_0x8bf103980, L_0x8bf103a20, C4<1>, C4<1>;
L_0x8bf0119d0 .functor BUFZ 1, v0x8bf0f4be0_0, C4<0>, C4<0>, C4<0>;
v0x8bf0f0b40 .array "SIM", 255 0, 7 0;
v0x8bf0f0be0_0 .net *"_ivl_101", 31 0, L_0x8bf102c60;  1 drivers
v0x8bf0f0c80_0 .net *"_ivl_102", 31 0, L_0x8bf105b80;  1 drivers
L_0x8be47d7b0 .functor BUFT 1, C4<0000000000000000000000>, C4<0>, C4<0>, C4<0>;
v0x8bf0f0d20_0 .net *"_ivl_105", 21 0, L_0x8be47d7b0;  1 drivers
v0x8bf0f0dc0_0 .net *"_ivl_106", 31 0, L_0x8be1b5040;  1 drivers
v0x8bf0f0e60_0 .net *"_ivl_110", 31 0, L_0x8bf105c20;  1 drivers
L_0x8be47d7f8 .functor BUFT 1, C4<00000000000000000000000000>, C4<0>, C4<0>, C4<0>;
v0x8bf0f0f00_0 .net *"_ivl_113", 25 0, L_0x8be47d7f8;  1 drivers
L_0x8be47d840 .functor BUFT 1, C4<00000000000000000000000000001000>, C4<0>, C4<0>, C4<0>;
v0x8bf0f0fa0_0 .net/2u *"_ivl_114", 31 0, L_0x8be47d840;  1 drivers
v0x8bf0f1040_0 .net *"_ivl_119", 0 0, L_0x8bf102e40;  1 drivers
L_0x8be47d408 .functor BUFT 1, C4<0>, C4<0>, C4<0>, C4<0>;
v0x8bf0f10e0_0 .net/2u *"_ivl_12", 0 0, L_0x8be47d408;  1 drivers
v0x8bf0f1180_0 .net *"_ivl_122", 31 0, L_0x8bf105cc0;  1 drivers
L_0x8be47d888 .functor BUFT 1, C4<00000000000000000000000000000>, C4<0>, C4<0>, C4<0>;
v0x8bf0f1220_0 .net *"_ivl_125", 28 0, L_0x8be47d888;  1 drivers
L_0x8be47d8d0 .functor BUFT 1, C4<00000000000000000000001000000000>, C4<0>, C4<0>, C4<0>;
v0x8bf0f12c0_0 .net/2u *"_ivl_126", 31 0, L_0x8be47d8d0;  1 drivers
v0x8bf0f1360_0 .net *"_ivl_129", 31 0, L_0x8bf102ee0;  1 drivers
v0x8bf0f1400_0 .net *"_ivl_130", 31 0, L_0x8bf105d60;  1 drivers
L_0x8be47d918 .functor BUFT 1, C4<0000000000000000000000000>, C4<0>, C4<0>, C4<0>;
v0x8bf0f14a0_0 .net *"_ivl_133", 24 0, L_0x8be47d918;  1 drivers
L_0x8be47d960 .functor BUFT 1, C4<00000000000000000000000000001000>, C4<0>, C4<0>, C4<0>;
v0x8bf0f1540_0 .net/2u *"_ivl_134", 31 0, L_0x8be47d960;  1 drivers
v0x8bf0f15e0_0 .net *"_ivl_137", 31 0, L_0x8bf102f80;  1 drivers
v0x8bf0f1680_0 .net *"_ivl_138", 31 0, L_0x8be1b50e0;  1 drivers
v0x8bf0f1720_0 .net *"_ivl_140", 31 0, L_0x8bf105e00;  1 drivers
L_0x8be47d9a8 .functor BUFT 1, C4<00000000000000000000000000000>, C4<0>, C4<0>, C4<0>;
v0x8bf0f17c0_0 .net *"_ivl_143", 28 0, L_0x8be47d9a8;  1 drivers
v0x8bf0f1860_0 .net *"_ivl_144", 31 0, L_0x8be1b5180;  1 drivers
L_0x8be47d9f0 .functor BUFT 1, C4<0>, C4<0>, C4<0>, C4<0>;
v0x8bf0f1900_0 .net/2u *"_ivl_150", 0 0, L_0x8be47d9f0;  1 drivers
v0x8bf0f19a0_0 .net *"_ivl_155", 0 0, L_0x8bf1030c0;  1 drivers
v0x8bf0f1a40_0 .net *"_ivl_157", 0 0, L_0x8bf103160;  1 drivers
v0x8bf0f1ae0_0 .net *"_ivl_159", 0 0, L_0x8bf0a4620;  1 drivers
L_0x8be47d450 .functor BUFT 1, C4<0>, C4<0>, C4<0>, C4<0>;
v0x8bf0f1b80_0 .net/2u *"_ivl_16", 0 0, L_0x8be47d450;  1 drivers
v0x8bf0f1c20_0 .net/2u *"_ivl_164", 0 0, L_0x8be47da80;  1 drivers
v0x8bf0f1cc0_0 .net *"_ivl_166", 0 0, L_0x8bf0a4700;  1 drivers
L_0x8be47dac8 .functor BUFT 1, C4<0000000000000000000>, C4<0>, C4<0>, C4<0>;
v0x8bf0f1d60_0 .net *"_ivl_173", 18 0, L_0x8be47dac8;  1 drivers
v0x8bf0f1e00_0 .net/2u *"_ivl_175", 0 0, L_0x8be47db10;  1 drivers
v0x8bf0f1ea0_0 .net *"_ivl_177", 0 0, L_0x8bf0a4690;  1 drivers
L_0x8be47d498 .functor BUFT 1, C4<1>, C4<0>, C4<0>, C4<0>;
v0x8bf0f1f40_0 .net/2u *"_ivl_18", 0 0, L_0x8be47d498;  1 drivers
L_0x8be47db58 .functor BUFT 1, C4<0000000000000000000>, C4<0>, C4<0>, C4<0>;
v0x8bf0f1fe0_0 .net *"_ivl_184", 18 0, L_0x8be47db58;  1 drivers
v0x8bf0f2080_0 .net/2u *"_ivl_188", 0 0, L_0x8be47dbe8;  1 drivers
v0x8bf0f2120_0 .net *"_ivl_190", 0 0, L_0x8bf0a4850;  1 drivers
L_0x8be47dc30 .functor BUFT 1, C4<0000000000000000000>, C4<0>, C4<0>, C4<0>;
v0x8bf0f21c0_0 .net *"_ivl_197", 18 0, L_0x8be47dc30;  1 drivers
v0x8bf0f2260_0 .net/2u *"_ivl_199", 0 0, L_0x8be47dc78;  1 drivers
v0x8bf0f2300_0 .net *"_ivl_201", 0 0, L_0x8bf0a4930;  1 drivers
L_0x8be47dcc0 .functor BUFT 1, C4<0000000000000000000>, C4<0>, C4<0>, C4<0>;
v0x8bf0f23a0_0 .net *"_ivl_208", 18 0, L_0x8be47dcc0;  1 drivers
L_0x8be47dd08 .functor BUFT 1, C4<000000>, C4<0>, C4<0>, C4<0>;
v0x8bf0f2440_0 .net/2u *"_ivl_210", 5 0, L_0x8be47dd08;  1 drivers
L_0x8be47d4e0 .functor BUFT 1, C4<0000000>, C4<0>, C4<0>, C4<0>;
v0x8bf0f24e0_0 .net/2u *"_ivl_22", 6 0, L_0x8be47d4e0;  1 drivers
L_0x8be47dd50 .functor BUFT 1, C4<0000000000000000000000000000000000001000000000000000000000000000>, C4<0>, C4<0>, C4<0>;
v0x8bf0f2580_0 .net/2u *"_ivl_224", 63 0, L_0x8be47dd50;  1 drivers
L_0x8be47dd98 .functor BUFT 1, C4<00000000000000000000000>, C4<0>, C4<0>, C4<0>;
v0x8bf0f2620_0 .net/2u *"_ivl_226", 22 0, L_0x8be47dd98;  1 drivers
v0x8bf0f26c0_0 .net *"_ivl_228", 25 0, L_0x8bf1061c0;  1 drivers
v0x8bf0f2760_0 .net *"_ivl_230", 63 0, L_0x8bf106260;  1 drivers
L_0x8be47dde0 .functor BUFT 1, C4<00000000000000000000000000000000000000>, C4<0>, C4<0>, C4<0>;
v0x8bf0f2800_0 .net *"_ivl_233", 37 0, L_0x8be47dde0;  1 drivers
L_0x8be47de28 .functor BUFT 1, C4<0000000000000000000000000000000000000000000000000000000001000000>, C4<0>, C4<0>, C4<0>;
v0x8bf0f28a0_0 .net/2u *"_ivl_234", 63 0, L_0x8be47de28;  1 drivers
v0x8bf0f2940_0 .net *"_ivl_237", 63 0, L_0x8bf1035c0;  1 drivers
v0x8bf0f29e0_0 .net *"_ivl_238", 63 0, L_0x8bf106300;  1 drivers
L_0x8be47de70 .functor BUFT 1, C4<0000000000000000000000000000000000000000000000000000000000>, C4<0>, C4<0>, C4<0>;
v0x8bf0f2a80_0 .net *"_ivl_241", 57 0, L_0x8be47de70;  1 drivers
v0x8bf0f2b20_0 .net *"_ivl_242", 63 0, L_0x8be1b5220;  1 drivers
L_0x8be47deb8 .functor BUFT 1, C4<0000000000000000000000000000000000000000000000000001000000000000>, C4<0>, C4<0>, C4<0>;
v0x8bf0f2bc0_0 .net/2u *"_ivl_244", 63 0, L_0x8be47deb8;  1 drivers
v0x8bf0f2c60_0 .net *"_ivl_247", 63 0, L_0x8bf103660;  1 drivers
v0x8bf0f2d00_0 .net *"_ivl_248", 63 0, L_0x8be1b52c0;  1 drivers
v0x8bf0f2da0_0 .net *"_ivl_250", 63 0, L_0x8bf1063a0;  1 drivers
L_0x8be47df00 .functor BUFT 1, C4<000000000000000000000000000000000000000000000000000000000>, C4<0>, C4<0>, C4<0>;
v0x8bf0f2e40_0 .net *"_ivl_253", 56 0, L_0x8be47df00;  1 drivers
L_0x8be47df48 .functor BUFT 1, C4<0000000000000000000000000000000000000000000000000000000001000000>, C4<0>, C4<0>, C4<0>;
v0x8bf0f2ee0_0 .net/2u *"_ivl_254", 63 0, L_0x8be47df48;  1 drivers
v0x8bf0f2f80_0 .net *"_ivl_257", 63 0, L_0x8bf103700;  1 drivers
v0x8bf0f3020_0 .net *"_ivl_258", 63 0, L_0x8be1b5360;  1 drivers
v0x8bf0f30c0_0 .net *"_ivl_26", 63 0, L_0x8bf105860;  1 drivers
L_0x8be47df90 .functor BUFT 1, C4<001>, C4<0>, C4<0>, C4<0>;
v0x8bf0f3160_0 .net/2u *"_ivl_262", 2 0, L_0x8be47df90;  1 drivers
L_0x8be47e0b0 .functor BUFT 1, C4<010>, C4<0>, C4<0>, C4<0>;
v0x8bf0f3200_0 .net/2u *"_ivl_274", 2 0, L_0x8be47e0b0;  1 drivers
L_0x8be47e0f8 .functor BUFT 1, C4<010>, C4<0>, C4<0>, C4<0>;
v0x8bf0f32a0_0 .net/2u *"_ivl_282", 2 0, L_0x8be47e0f8;  1 drivers
v0x8bf0f3340_0 .net *"_ivl_284", 0 0, L_0x8bf103980;  1 drivers
v0x8bf0f33e0_0 .net *"_ivl_286", 32 0, L_0x8bf106440;  1 drivers
L_0x8be47e140 .functor BUFT 1, C4<0000000000000000000000000>, C4<0>, C4<0>, C4<0>;
v0x8bf0f3480_0 .net *"_ivl_289", 24 0, L_0x8be47e140;  1 drivers
L_0x8be47d528 .functor BUFT 1, C4<000000000000000000000000000000000000000000000000000>, C4<0>, C4<0>, C4<0>;
v0x8bf0f3520_0 .net *"_ivl_29", 50 0, L_0x8be47d528;  1 drivers
L_0x8be47e188 .functor BUFT 1, C4<000000000000000000000000000000111>, C4<0>, C4<0>, C4<0>;
v0x8bf0f35c0_0 .net/2u *"_ivl_290", 32 0, L_0x8be47e188;  1 drivers
v0x8bf0f3660_0 .net *"_ivl_292", 0 0, L_0x8bf103a20;  1 drivers
L_0x8be47d570 .functor BUFT 1, C4<0000000000000000000000000000000000000000000000000000111111111111>, C4<0>, C4<0>, C4<0>;
v0x8bf0f3700_0 .net/2u *"_ivl_30", 63 0, L_0x8be47d570;  1 drivers
v0x8bf0f37a0_0 .net *"_ivl_34", 31 0, L_0x8bf105900;  1 drivers
L_0x8be47d5b8 .functor BUFT 1, C4<0000000000000000000000>, C4<0>, C4<0>, C4<0>;
v0x8bf0f3840_0 .net *"_ivl_37", 21 0, L_0x8be47d5b8;  1 drivers
L_0x8be47d600 .functor BUFT 1, C4<00000000000000000000000111111111>, C4<0>, C4<0>, C4<0>;
v0x8bf0f38e0_0 .net/2u *"_ivl_38", 31 0, L_0x8be47d600;  1 drivers
L_0x8be47d378 .functor BUFT 1, C4<0000000000>, C4<0>, C4<0>, C4<0>;
v0x8bf0f3980_0 .net/2u *"_ivl_4", 9 0, L_0x8be47d378;  1 drivers
v0x8bf0f3a20_0 .net *"_ivl_40", 0 0, L_0x8bf102620;  1 drivers
v0x8bf0f3ac0_0 .net *"_ivl_42", 31 0, L_0x8bf1059a0;  1 drivers
L_0x8be47d648 .functor BUFT 1, C4<0000000000000000000000>, C4<0>, C4<0>, C4<0>;
v0x8bf0f3b60_0 .net *"_ivl_45", 21 0, L_0x8be47d648;  1 drivers
L_0x8be47d690 .functor BUFT 1, C4<00000000000000000000000111111111>, C4<0>, C4<0>, C4<0>;
v0x8bf0f3c00_0 .net/2u *"_ivl_46", 31 0, L_0x8be47d690;  1 drivers
v0x8bf0f3ca0_0 .net *"_ivl_48", 0 0, L_0x8bf1026c0;  1 drivers
v0x8bf0f3d40_0 .net *"_ivl_55", 0 0, L_0x8bf0a41c0;  1 drivers
v0x8bf0f3de0_0 .net *"_ivl_59", 0 0, L_0x8bf102760;  1 drivers
v0x8bf0f3e80_0 .net *"_ivl_61", 0 0, L_0x8bf102800;  1 drivers
v0x8bf0f3f20_0 .net *"_ivl_65", 0 0, L_0x8bf1028a0;  1 drivers
v0x8bf0f4000_0 .net *"_ivl_67", 0 0, L_0x8bf102940;  1 drivers
v0x8bf0f40a0_0 .net *"_ivl_69", 0 0, L_0x8bf1029e0;  1 drivers
v0x8bf0f4140_0 .net *"_ivl_71", 0 0, L_0x8bf0a43f0;  1 drivers
v0x8bf0f41e0_0 .net *"_ivl_73", 0 0, L_0x8bf102a80;  1 drivers
L_0x8be47d3c0 .functor BUFT 1, C4<0000000000>, C4<0>, C4<0>, C4<0>;
v0x8bf0f4280_0 .net/2u *"_ivl_8", 9 0, L_0x8be47d3c0;  1 drivers
v0x8bf0f4320_0 .net *"_ivl_90", 31 0, L_0x8bf105ae0;  1 drivers
L_0x8be47d6d8 .functor BUFT 1, C4<0000000000000000000000>, C4<0>, C4<0>, C4<0>;
v0x8bf0f43c0_0 .net *"_ivl_93", 21 0, L_0x8be47d6d8;  1 drivers
v0x8bf0f4460_0 .net/2u *"_ivl_94", 31 0, L_0x8be47d720;  1 drivers
v0x8bf0f4500_0 .net *"_ivl_96", 31 0, L_0x8bf0a44d0;  1 drivers
L_0x8be47d768 .functor BUFT 1, C4<00000000000000000000001000000000>, C4<0>, C4<0>, C4<0>;
v0x8bf0f45a0_0 .net/2u *"_ivl_98", 31 0, L_0x8be47d768;  1 drivers
v0x8bf0f4640_0 .var "band_cnt", 12 0;
v0x8bf0f46e0_0 .var "band_cur", 6 0;
v0x8bf0f4780_0 .var "band_filled", 1 0;
v0x8bf0f4820_0 .net "band_last", 0 0, L_0x8bf102580;  1 drivers
v0x8bf0f48c0_0 .var "band_par", 0 0;
v0x8bf0f4960 .array "bank_band", 1 0, 6 0;
v0x8bf0f4a00_0 .net "clk", 0 0, v0x8bf100960_0;  1 drivers
v0x8bf0f4aa0_0 .var "cur_col", 9 0;
v0x8bf0f4b40_0 .var "cur_row", 9 0;
v0x8bf0f4be0_0 .var "done_r", 0 0;
v0x8bf0f4c80_0 .var "drain_band", 6 0;
v0x8bf0f4d20_0 .var "drain_bank", 0 0;
v0x8bf0f4dc0_0 .var "drain_cnt", 12 0;
v0x8bf0f4e60_0 .net "drain_go", 0 0, L_0x8bf0a4540;  1 drivers
v0x8bf0f4f00_0 .var "drain_on", 0 0;
v0x8bf0f4fa0_0 .var "draining", 1 0;
v0x8bf0f5040_0 .net "eff_bcur", 6 0, L_0x8bf1057c0;  1 drivers
v0x8bf0f50e0_0 .net "eff_bcur_", 0 0, L_0x8bf105720;  1 drivers
v0x8bf0f5180_0 .net "eff_bpar", 0 0, L_0x8bf105680;  1 drivers
v0x8bf0f5220_0 .net "eff_col", 9 0, L_0x8bf105540;  1 drivers
v0x8bf0f52c0_0 .net "eff_row", 9 0, L_0x8bf1055e0;  1 drivers
v0x8bf0f5360_0 .var "fill_active", 0 0;
v0x8bf0f5400_0 .net "frame_head", 0 0, L_0x8bf0a45b0;  1 drivers
v0x8bf0f54a0_0 .net "frame_last", 0 0, L_0x8bf0a42a0;  1 drivers
v0x8bf0f5540_0 .var "frame_seen", 0 0;
v0x8bf0f55e0_0 .net "frame_start", 0 0, L_0x8bf0a4230;  1 drivers
v0x8bf0f5680_0 .net "irq_done", 0 0, L_0x8bf0119d0;  alias, 1 drivers
v0x8bf0f5720_0 .net "m_axi_awaddr", 31 0, L_0x8bf011880;  alias, 1 drivers
v0x8bf0f57c0_0 .net "m_axi_awburst", 1 0, L_0x8be47e068;  alias, 1 drivers
v0x8bf0f5860_0 .net "m_axi_awlen", 7 0, L_0x8be47dfd8;  alias, 1 drivers
v0x8bf0f5900_0 .net8 "m_axi_awready", 0 0, RS_0x8be44be80;  alias, 2 drivers
v0x8bf0f59a0_0 .net "m_axi_awsize", 2 0, L_0x8be47e020;  alias, 1 drivers
v0x8bf0f5a40_0 .net "m_axi_awvalid", 0 0, L_0x8bf103840;  alias, 1 drivers
v0x8bf0f5ae0_0 .net8 "m_axi_bready", 0 0, RS_0x8be44bf10;  alias, 2 drivers
v0x8bf0f5b80_0 .net "m_axi_bvalid", 0 0, L_0x8bf0116c0;  alias, 1 drivers
v0x8bf0f5c20_0 .net "m_axi_wdata", 63 0, L_0x8bf0118f0;  alias, 1 drivers
v0x8bf0f5cc0_0 .net "m_axi_wlast", 0 0, L_0x8bf0a4a10;  alias, 1 drivers
v0x8bf0f5d60_0 .net8 "m_axi_wready", 0 0, RS_0x8be44bfd0;  alias, 2 drivers
v0x8bf0f5e00_0 .net "m_axi_wstrb", 7 0, L_0x8bf011960;  alias, 1 drivers
v0x8bf0f5ea0_0 .net "m_axi_wvalid", 0 0, L_0x8bf1038e0;  alias, 1 drivers
v0x8bf0f5f40_0 .var/i "oi", 31 0;
v0x8bf0f5fe0_0 .var "pop_en", 0 0;
v0x8bf0f6080_0 .var "push_en", 0 0;
v0x8bf0f6120_0 .net "px_accept", 0 0, L_0x8bf0a40e0;  1 drivers
v0x8bf0f61c0_0 .var "px_cnt", 17 0;
v0x8bf0f6260_0 .net "px_tail", 0 0, L_0x8bf0a4150;  1 drivers
v0x8bf0f6300_0 .var "rd_band_d", 6 0;
v0x8bf0f63a0_0 .var "rd_band_r", 6 0;
v0x8bf0f6440_0 .var "rd_block_d", 5 0;
v0x8bf0f64e0_0 .var "rd_block_r", 5 0;
v0x8bf0f6580_0 .var "rd_cx", 6 0;
v0x8bf0f6620_0 .var "rd_cx_d", 6 0;
v0x8bf0f66c0_0 .var "rd_cx_r", 6 0;
v0x8bf0f6760_0 .net "rd_data0", 63 0, L_0x8bf011730;  1 drivers
v0x8bf0f6800_0 .net "rd_data1", 63 0, L_0x8bf0117a0;  1 drivers
v0x8bf0f68a0_0 .var "rd_data_d", 63 0;
v0x8bf0f6940_0 .var "rd_gx", 2 0;
v0x8bf0f69e0_0 .var "rd_gy", 2 0;
v0x8bf0f6a80_0 .var "rd_vld_d", 0 0;
v0x8bf0f6b20_0 .var "rd_vld_r", 0 0;
v0x8bf0f6bc0_0 .var "req_cnt", 5 0;
v0x8bf0f6c60_0 .net "req_empty", 0 0, L_0x8bf1032a0;  1 drivers
v0x8bf0f6d00 .array "req_fifo", 31 0, 17 0;
v0x8bf0f6da0_0 .net "req_full", 0 0, L_0x8bf102da0;  1 drivers
v0x8bf0f6e40_0 .var "req_rd", 5 0;
v0x8bf0f6ee0_0 .var "req_wr", 5 0;
v0x8bf0f6f80 .array "resp", 7 0;
v0x8bf0f6f80_0 .net v0x8bf0f6f80 0, 7 0, L_0x8bf02be80; 1 drivers
v0x8bf0f6f80_1 .net v0x8bf0f6f80 1, 7 0, L_0x8bf1041e0; 1 drivers
v0x8bf0f6f80_2 .net v0x8bf0f6f80 2, 7 0, L_0x8bf104500; 1 drivers
v0x8bf0f6f80_3 .net v0x8bf0f6f80 3, 7 0, L_0x8bf104820; 1 drivers
v0x8bf0f6f80_4 .net v0x8bf0f6f80 4, 7 0, L_0x8bf104b40; 1 drivers
v0x8bf0f6f80_5 .net v0x8bf0f6f80 5, 7 0, L_0x8bf104e60; 1 drivers
v0x8bf0f6f80_6 .net v0x8bf0f6f80 6, 7 0, L_0x8bf105180; 1 drivers
v0x8bf0f6f80_7 .net v0x8bf0f6f80 7, 7 0, L_0x8bf1054a0; 1 drivers
v0x8bf0f7020_0 .net "rst_n", 0 0, v0x8bf101ae0_0;  1 drivers
v0x8bf0f70c0_0 .net "s_axis_tdata", 7 0, v0x8bf101b80_0;  1 drivers
v0x8bf0f7160_0 .net "s_axis_tlast", 0 0, v0x8bf101c20_0;  1 drivers
v0x8bf0f7200_0 .net "s_axis_tready", 0 0, L_0x8bf103200;  alias, 1 drivers
v0x8bf0f72a0_0 .net "s_axis_tuser", 0 0, v0x8bf101d60_0;  1 drivers
v0x8bf0f7340_0 .net "s_axis_tvalid", 0 0, v0x8bf101e00_0;  1 drivers
v0x8bf0f73e0 .array "seg_buf", 2047 0, 7 0;
v0x8bf0f7480_0 .var "seg_slot", 1 0;
v0x8bf0f7520_0 .net "tready_bpar", 0 0, L_0x8bf105ea0;  1 drivers
v0x8bf0f75c0_0 .net "w_drain_req0", 0 0, L_0x8bf0a4380;  1 drivers
v0x8bf0f7660_0 .net "w_drain_req1", 0 0, L_0x8bf0a4460;  1 drivers
v0x8bf0f7700_0 .net "w_lsb", 3 0, L_0x8bf102b20;  1 drivers
v0x8bf0f77a0_0 .net "w_msb", 3 0, L_0x8bf102bc0;  1 drivers
v0x8bf0f7840_0 .net "w_rdaddr", 12 0, L_0x8bf103020;  1 drivers
v0x8bf0f78e0_0 .net "w_req", 17 0, v0x8bf0f7c00_0;  1 drivers
v0x8bf0f7980_0 .net "w_req_addr", 31 0, L_0x8bf1037a0;  1 drivers
v0x8bf0f7a20_0 .net "w_req_band", 6 0, L_0x8bf103520;  1 drivers
v0x8bf0f7ac0_0 .net "w_req_blk", 5 0, L_0x8bf103480;  1 drivers
v0x8bf0f7b60_0 .net "w_req_ori", 2 0, L_0x8bf1033e0;  1 drivers
v0x8bf0f7c00_0 .var "w_req_r", 17 0;
v0x8bf0f7ca0_0 .net "w_req_slot", 1 0, L_0x8bf103340;  1 drivers
v0x8bf0f7d40_0 .net "w_wraddr", 12 0, L_0x8bf102d00;  1 drivers
v0x8bf0f7de0_0 .net "w_wrdata", 63 0, L_0x8bf105a40;  1 drivers
v0x8bf0f7e80_0 .var/i "wb", 31 0;
v0x8bf0f7f20_0 .var "wdata_r", 63 0;
v0x8bf100000_0 .net "wen", 0 0, L_0x8bf0a4310;  1 drivers
v0x8bf1000a0_0 .var "wr_beat", 7 0;
v0x8bf100140_0 .var "wr_pop", 0 0;
v0x8bf1001e0_0 .var "wr_state", 2 0;
v0x8bf100280_0 .var "wstrb_r", 7 0;
E_0x8be175440/0 .event negedge, v0x8bf0f7020_0;
E_0x8be175440/1 .event posedge, v0x8bf0ebc00_0;
E_0x8be175440 .event/or E_0x8be175440/0, E_0x8be175440/1;
E_0x8be175480 .event anyedge, v0x8bf1000a0_0;
v0x8bf0f73e0_0 .array/port v0x8bf0f73e0, 0;
E_0x8be1754c0/0 .event anyedge, v0x8bf1000a0_0, v0x8bf0f7b60_0, v0x8bf0f7ca0_0, v0x8bf0f73e0_0;
v0x8bf0f73e0_1 .array/port v0x8bf0f73e0, 1;
v0x8bf0f73e0_2 .array/port v0x8bf0f73e0, 2;
v0x8bf0f73e0_3 .array/port v0x8bf0f73e0, 3;
v0x8bf0f73e0_4 .array/port v0x8bf0f73e0, 4;
E_0x8be1754c0/1 .event anyedge, v0x8bf0f73e0_1, v0x8bf0f73e0_2, v0x8bf0f73e0_3, v0x8bf0f73e0_4;
v0x8bf0f73e0_5 .array/port v0x8bf0f73e0, 5;
v0x8bf0f73e0_6 .array/port v0x8bf0f73e0, 6;
v0x8bf0f73e0_7 .array/port v0x8bf0f73e0, 7;
v0x8bf0f73e0_8 .array/port v0x8bf0f73e0, 8;
E_0x8be1754c0/2 .event anyedge, v0x8bf0f73e0_5, v0x8bf0f73e0_6, v0x8bf0f73e0_7, v0x8bf0f73e0_8;
v0x8bf0f73e0_9 .array/port v0x8bf0f73e0, 9;
v0x8bf0f73e0_10 .array/port v0x8bf0f73e0, 10;
v0x8bf0f73e0_11 .array/port v0x8bf0f73e0, 11;
v0x8bf0f73e0_12 .array/port v0x8bf0f73e0, 12;
E_0x8be1754c0/3 .event anyedge, v0x8bf0f73e0_9, v0x8bf0f73e0_10, v0x8bf0f73e0_11, v0x8bf0f73e0_12;
v0x8bf0f73e0_13 .array/port v0x8bf0f73e0, 13;
v0x8bf0f73e0_14 .array/port v0x8bf0f73e0, 14;
v0x8bf0f73e0_15 .array/port v0x8bf0f73e0, 15;
v0x8bf0f73e0_16 .array/port v0x8bf0f73e0, 16;
E_0x8be1754c0/4 .event anyedge, v0x8bf0f73e0_13, v0x8bf0f73e0_14, v0x8bf0f73e0_15, v0x8bf0f73e0_16;
v0x8bf0f73e0_17 .array/port v0x8bf0f73e0, 17;
v0x8bf0f73e0_18 .array/port v0x8bf0f73e0, 18;
v0x8bf0f73e0_19 .array/port v0x8bf0f73e0, 19;
v0x8bf0f73e0_20 .array/port v0x8bf0f73e0, 20;
E_0x8be1754c0/5 .event anyedge, v0x8bf0f73e0_17, v0x8bf0f73e0_18, v0x8bf0f73e0_19, v0x8bf0f73e0_20;
v0x8bf0f73e0_21 .array/port v0x8bf0f73e0, 21;
v0x8bf0f73e0_22 .array/port v0x8bf0f73e0, 22;
v0x8bf0f73e0_23 .array/port v0x8bf0f73e0, 23;
v0x8bf0f73e0_24 .array/port v0x8bf0f73e0, 24;
E_0x8be1754c0/6 .event anyedge, v0x8bf0f73e0_21, v0x8bf0f73e0_22, v0x8bf0f73e0_23, v0x8bf0f73e0_24;
v0x8bf0f73e0_25 .array/port v0x8bf0f73e0, 25;
v0x8bf0f73e0_26 .array/port v0x8bf0f73e0, 26;
v0x8bf0f73e0_27 .array/port v0x8bf0f73e0, 27;
v0x8bf0f73e0_28 .array/port v0x8bf0f73e0, 28;
E_0x8be1754c0/7 .event anyedge, v0x8bf0f73e0_25, v0x8bf0f73e0_26, v0x8bf0f73e0_27, v0x8bf0f73e0_28;
v0x8bf0f73e0_29 .array/port v0x8bf0f73e0, 29;
v0x8bf0f73e0_30 .array/port v0x8bf0f73e0, 30;
v0x8bf0f73e0_31 .array/port v0x8bf0f73e0, 31;
v0x8bf0f73e0_32 .array/port v0x8bf0f73e0, 32;
E_0x8be1754c0/8 .event anyedge, v0x8bf0f73e0_29, v0x8bf0f73e0_30, v0x8bf0f73e0_31, v0x8bf0f73e0_32;
v0x8bf0f73e0_33 .array/port v0x8bf0f73e0, 33;
v0x8bf0f73e0_34 .array/port v0x8bf0f73e0, 34;
v0x8bf0f73e0_35 .array/port v0x8bf0f73e0, 35;
v0x8bf0f73e0_36 .array/port v0x8bf0f73e0, 36;
E_0x8be1754c0/9 .event anyedge, v0x8bf0f73e0_33, v0x8bf0f73e0_34, v0x8bf0f73e0_35, v0x8bf0f73e0_36;
v0x8bf0f73e0_37 .array/port v0x8bf0f73e0, 37;
v0x8bf0f73e0_38 .array/port v0x8bf0f73e0, 38;
v0x8bf0f73e0_39 .array/port v0x8bf0f73e0, 39;
v0x8bf0f73e0_40 .array/port v0x8bf0f73e0, 40;
E_0x8be1754c0/10 .event anyedge, v0x8bf0f73e0_37, v0x8bf0f73e0_38, v0x8bf0f73e0_39, v0x8bf0f73e0_40;
v0x8bf0f73e0_41 .array/port v0x8bf0f73e0, 41;
v0x8bf0f73e0_42 .array/port v0x8bf0f73e0, 42;
v0x8bf0f73e0_43 .array/port v0x8bf0f73e0, 43;
v0x8bf0f73e0_44 .array/port v0x8bf0f73e0, 44;
E_0x8be1754c0/11 .event anyedge, v0x8bf0f73e0_41, v0x8bf0f73e0_42, v0x8bf0f73e0_43, v0x8bf0f73e0_44;
v0x8bf0f73e0_45 .array/port v0x8bf0f73e0, 45;
v0x8bf0f73e0_46 .array/port v0x8bf0f73e0, 46;
v0x8bf0f73e0_47 .array/port v0x8bf0f73e0, 47;
v0x8bf0f73e0_48 .array/port v0x8bf0f73e0, 48;
E_0x8be1754c0/12 .event anyedge, v0x8bf0f73e0_45, v0x8bf0f73e0_46, v0x8bf0f73e0_47, v0x8bf0f73e0_48;
v0x8bf0f73e0_49 .array/port v0x8bf0f73e0, 49;
v0x8bf0f73e0_50 .array/port v0x8bf0f73e0, 50;
v0x8bf0f73e0_51 .array/port v0x8bf0f73e0, 51;
v0x8bf0f73e0_52 .array/port v0x8bf0f73e0, 52;
E_0x8be1754c0/13 .event anyedge, v0x8bf0f73e0_49, v0x8bf0f73e0_50, v0x8bf0f73e0_51, v0x8bf0f73e0_52;
v0x8bf0f73e0_53 .array/port v0x8bf0f73e0, 53;
v0x8bf0f73e0_54 .array/port v0x8bf0f73e0, 54;
v0x8bf0f73e0_55 .array/port v0x8bf0f73e0, 55;
v0x8bf0f73e0_56 .array/port v0x8bf0f73e0, 56;
E_0x8be1754c0/14 .event anyedge, v0x8bf0f73e0_53, v0x8bf0f73e0_54, v0x8bf0f73e0_55, v0x8bf0f73e0_56;
v0x8bf0f73e0_57 .array/port v0x8bf0f73e0, 57;
v0x8bf0f73e0_58 .array/port v0x8bf0f73e0, 58;
v0x8bf0f73e0_59 .array/port v0x8bf0f73e0, 59;
v0x8bf0f73e0_60 .array/port v0x8bf0f73e0, 60;
E_0x8be1754c0/15 .event anyedge, v0x8bf0f73e0_57, v0x8bf0f73e0_58, v0x8bf0f73e0_59, v0x8bf0f73e0_60;
v0x8bf0f73e0_61 .array/port v0x8bf0f73e0, 61;
v0x8bf0f73e0_62 .array/port v0x8bf0f73e0, 62;
v0x8bf0f73e0_63 .array/port v0x8bf0f73e0, 63;
v0x8bf0f73e0_64 .array/port v0x8bf0f73e0, 64;
E_0x8be1754c0/16 .event anyedge, v0x8bf0f73e0_61, v0x8bf0f73e0_62, v0x8bf0f73e0_63, v0x8bf0f73e0_64;
v0x8bf0f73e0_65 .array/port v0x8bf0f73e0, 65;
v0x8bf0f73e0_66 .array/port v0x8bf0f73e0, 66;
v0x8bf0f73e0_67 .array/port v0x8bf0f73e0, 67;
v0x8bf0f73e0_68 .array/port v0x8bf0f73e0, 68;
E_0x8be1754c0/17 .event anyedge, v0x8bf0f73e0_65, v0x8bf0f73e0_66, v0x8bf0f73e0_67, v0x8bf0f73e0_68;
v0x8bf0f73e0_69 .array/port v0x8bf0f73e0, 69;
v0x8bf0f73e0_70 .array/port v0x8bf0f73e0, 70;
v0x8bf0f73e0_71 .array/port v0x8bf0f73e0, 71;
v0x8bf0f73e0_72 .array/port v0x8bf0f73e0, 72;
E_0x8be1754c0/18 .event anyedge, v0x8bf0f73e0_69, v0x8bf0f73e0_70, v0x8bf0f73e0_71, v0x8bf0f73e0_72;
v0x8bf0f73e0_73 .array/port v0x8bf0f73e0, 73;
v0x8bf0f73e0_74 .array/port v0x8bf0f73e0, 74;
v0x8bf0f73e0_75 .array/port v0x8bf0f73e0, 75;
v0x8bf0f73e0_76 .array/port v0x8bf0f73e0, 76;
E_0x8be1754c0/19 .event anyedge, v0x8bf0f73e0_73, v0x8bf0f73e0_74, v0x8bf0f73e0_75, v0x8bf0f73e0_76;
v0x8bf0f73e0_77 .array/port v0x8bf0f73e0, 77;
v0x8bf0f73e0_78 .array/port v0x8bf0f73e0, 78;
v0x8bf0f73e0_79 .array/port v0x8bf0f73e0, 79;
v0x8bf0f73e0_80 .array/port v0x8bf0f73e0, 80;
E_0x8be1754c0/20 .event anyedge, v0x8bf0f73e0_77, v0x8bf0f73e0_78, v0x8bf0f73e0_79, v0x8bf0f73e0_80;
v0x8bf0f73e0_81 .array/port v0x8bf0f73e0, 81;
v0x8bf0f73e0_82 .array/port v0x8bf0f73e0, 82;
v0x8bf0f73e0_83 .array/port v0x8bf0f73e0, 83;
v0x8bf0f73e0_84 .array/port v0x8bf0f73e0, 84;
E_0x8be1754c0/21 .event anyedge, v0x8bf0f73e0_81, v0x8bf0f73e0_82, v0x8bf0f73e0_83, v0x8bf0f73e0_84;
v0x8bf0f73e0_85 .array/port v0x8bf0f73e0, 85;
v0x8bf0f73e0_86 .array/port v0x8bf0f73e0, 86;
v0x8bf0f73e0_87 .array/port v0x8bf0f73e0, 87;
v0x8bf0f73e0_88 .array/port v0x8bf0f73e0, 88;
E_0x8be1754c0/22 .event anyedge, v0x8bf0f73e0_85, v0x8bf0f73e0_86, v0x8bf0f73e0_87, v0x8bf0f73e0_88;
v0x8bf0f73e0_89 .array/port v0x8bf0f73e0, 89;
v0x8bf0f73e0_90 .array/port v0x8bf0f73e0, 90;
v0x8bf0f73e0_91 .array/port v0x8bf0f73e0, 91;
v0x8bf0f73e0_92 .array/port v0x8bf0f73e0, 92;
E_0x8be1754c0/23 .event anyedge, v0x8bf0f73e0_89, v0x8bf0f73e0_90, v0x8bf0f73e0_91, v0x8bf0f73e0_92;
v0x8bf0f73e0_93 .array/port v0x8bf0f73e0, 93;
v0x8bf0f73e0_94 .array/port v0x8bf0f73e0, 94;
v0x8bf0f73e0_95 .array/port v0x8bf0f73e0, 95;
v0x8bf0f73e0_96 .array/port v0x8bf0f73e0, 96;
E_0x8be1754c0/24 .event anyedge, v0x8bf0f73e0_93, v0x8bf0f73e0_94, v0x8bf0f73e0_95, v0x8bf0f73e0_96;
v0x8bf0f73e0_97 .array/port v0x8bf0f73e0, 97;
v0x8bf0f73e0_98 .array/port v0x8bf0f73e0, 98;
v0x8bf0f73e0_99 .array/port v0x8bf0f73e0, 99;
v0x8bf0f73e0_100 .array/port v0x8bf0f73e0, 100;
E_0x8be1754c0/25 .event anyedge, v0x8bf0f73e0_97, v0x8bf0f73e0_98, v0x8bf0f73e0_99, v0x8bf0f73e0_100;
v0x8bf0f73e0_101 .array/port v0x8bf0f73e0, 101;
v0x8bf0f73e0_102 .array/port v0x8bf0f73e0, 102;
v0x8bf0f73e0_103 .array/port v0x8bf0f73e0, 103;
v0x8bf0f73e0_104 .array/port v0x8bf0f73e0, 104;
E_0x8be1754c0/26 .event anyedge, v0x8bf0f73e0_101, v0x8bf0f73e0_102, v0x8bf0f73e0_103, v0x8bf0f73e0_104;
v0x8bf0f73e0_105 .array/port v0x8bf0f73e0, 105;
v0x8bf0f73e0_106 .array/port v0x8bf0f73e0, 106;
v0x8bf0f73e0_107 .array/port v0x8bf0f73e0, 107;
v0x8bf0f73e0_108 .array/port v0x8bf0f73e0, 108;
E_0x8be1754c0/27 .event anyedge, v0x8bf0f73e0_105, v0x8bf0f73e0_106, v0x8bf0f73e0_107, v0x8bf0f73e0_108;
v0x8bf0f73e0_109 .array/port v0x8bf0f73e0, 109;
v0x8bf0f73e0_110 .array/port v0x8bf0f73e0, 110;
v0x8bf0f73e0_111 .array/port v0x8bf0f73e0, 111;
v0x8bf0f73e0_112 .array/port v0x8bf0f73e0, 112;
E_0x8be1754c0/28 .event anyedge, v0x8bf0f73e0_109, v0x8bf0f73e0_110, v0x8bf0f73e0_111, v0x8bf0f73e0_112;
v0x8bf0f73e0_113 .array/port v0x8bf0f73e0, 113;
v0x8bf0f73e0_114 .array/port v0x8bf0f73e0, 114;
v0x8bf0f73e0_115 .array/port v0x8bf0f73e0, 115;
v0x8bf0f73e0_116 .array/port v0x8bf0f73e0, 116;
E_0x8be1754c0/29 .event anyedge, v0x8bf0f73e0_113, v0x8bf0f73e0_114, v0x8bf0f73e0_115, v0x8bf0f73e0_116;
v0x8bf0f73e0_117 .array/port v0x8bf0f73e0, 117;
v0x8bf0f73e0_118 .array/port v0x8bf0f73e0, 118;
v0x8bf0f73e0_119 .array/port v0x8bf0f73e0, 119;
v0x8bf0f73e0_120 .array/port v0x8bf0f73e0, 120;
E_0x8be1754c0/30 .event anyedge, v0x8bf0f73e0_117, v0x8bf0f73e0_118, v0x8bf0f73e0_119, v0x8bf0f73e0_120;
v0x8bf0f73e0_121 .array/port v0x8bf0f73e0, 121;
v0x8bf0f73e0_122 .array/port v0x8bf0f73e0, 122;
v0x8bf0f73e0_123 .array/port v0x8bf0f73e0, 123;
v0x8bf0f73e0_124 .array/port v0x8bf0f73e0, 124;
E_0x8be1754c0/31 .event anyedge, v0x8bf0f73e0_121, v0x8bf0f73e0_122, v0x8bf0f73e0_123, v0x8bf0f73e0_124;
v0x8bf0f73e0_125 .array/port v0x8bf0f73e0, 125;
v0x8bf0f73e0_126 .array/port v0x8bf0f73e0, 126;
v0x8bf0f73e0_127 .array/port v0x8bf0f73e0, 127;
v0x8bf0f73e0_128 .array/port v0x8bf0f73e0, 128;
E_0x8be1754c0/32 .event anyedge, v0x8bf0f73e0_125, v0x8bf0f73e0_126, v0x8bf0f73e0_127, v0x8bf0f73e0_128;
v0x8bf0f73e0_129 .array/port v0x8bf0f73e0, 129;
v0x8bf0f73e0_130 .array/port v0x8bf0f73e0, 130;
v0x8bf0f73e0_131 .array/port v0x8bf0f73e0, 131;
v0x8bf0f73e0_132 .array/port v0x8bf0f73e0, 132;
E_0x8be1754c0/33 .event anyedge, v0x8bf0f73e0_129, v0x8bf0f73e0_130, v0x8bf0f73e0_131, v0x8bf0f73e0_132;
v0x8bf0f73e0_133 .array/port v0x8bf0f73e0, 133;
v0x8bf0f73e0_134 .array/port v0x8bf0f73e0, 134;
v0x8bf0f73e0_135 .array/port v0x8bf0f73e0, 135;
v0x8bf0f73e0_136 .array/port v0x8bf0f73e0, 136;
E_0x8be1754c0/34 .event anyedge, v0x8bf0f73e0_133, v0x8bf0f73e0_134, v0x8bf0f73e0_135, v0x8bf0f73e0_136;
v0x8bf0f73e0_137 .array/port v0x8bf0f73e0, 137;
v0x8bf0f73e0_138 .array/port v0x8bf0f73e0, 138;
v0x8bf0f73e0_139 .array/port v0x8bf0f73e0, 139;
v0x8bf0f73e0_140 .array/port v0x8bf0f73e0, 140;
E_0x8be1754c0/35 .event anyedge, v0x8bf0f73e0_137, v0x8bf0f73e0_138, v0x8bf0f73e0_139, v0x8bf0f73e0_140;
v0x8bf0f73e0_141 .array/port v0x8bf0f73e0, 141;
v0x8bf0f73e0_142 .array/port v0x8bf0f73e0, 142;
v0x8bf0f73e0_143 .array/port v0x8bf0f73e0, 143;
v0x8bf0f73e0_144 .array/port v0x8bf0f73e0, 144;
E_0x8be1754c0/36 .event anyedge, v0x8bf0f73e0_141, v0x8bf0f73e0_142, v0x8bf0f73e0_143, v0x8bf0f73e0_144;
v0x8bf0f73e0_145 .array/port v0x8bf0f73e0, 145;
v0x8bf0f73e0_146 .array/port v0x8bf0f73e0, 146;
v0x8bf0f73e0_147 .array/port v0x8bf0f73e0, 147;
v0x8bf0f73e0_148 .array/port v0x8bf0f73e0, 148;
E_0x8be1754c0/37 .event anyedge, v0x8bf0f73e0_145, v0x8bf0f73e0_146, v0x8bf0f73e0_147, v0x8bf0f73e0_148;
v0x8bf0f73e0_149 .array/port v0x8bf0f73e0, 149;
v0x8bf0f73e0_150 .array/port v0x8bf0f73e0, 150;
v0x8bf0f73e0_151 .array/port v0x8bf0f73e0, 151;
v0x8bf0f73e0_152 .array/port v0x8bf0f73e0, 152;
E_0x8be1754c0/38 .event anyedge, v0x8bf0f73e0_149, v0x8bf0f73e0_150, v0x8bf0f73e0_151, v0x8bf0f73e0_152;
v0x8bf0f73e0_153 .array/port v0x8bf0f73e0, 153;
v0x8bf0f73e0_154 .array/port v0x8bf0f73e0, 154;
v0x8bf0f73e0_155 .array/port v0x8bf0f73e0, 155;
v0x8bf0f73e0_156 .array/port v0x8bf0f73e0, 156;
E_0x8be1754c0/39 .event anyedge, v0x8bf0f73e0_153, v0x8bf0f73e0_154, v0x8bf0f73e0_155, v0x8bf0f73e0_156;
v0x8bf0f73e0_157 .array/port v0x8bf0f73e0, 157;
v0x8bf0f73e0_158 .array/port v0x8bf0f73e0, 158;
v0x8bf0f73e0_159 .array/port v0x8bf0f73e0, 159;
v0x8bf0f73e0_160 .array/port v0x8bf0f73e0, 160;
E_0x8be1754c0/40 .event anyedge, v0x8bf0f73e0_157, v0x8bf0f73e0_158, v0x8bf0f73e0_159, v0x8bf0f73e0_160;
v0x8bf0f73e0_161 .array/port v0x8bf0f73e0, 161;
v0x8bf0f73e0_162 .array/port v0x8bf0f73e0, 162;
v0x8bf0f73e0_163 .array/port v0x8bf0f73e0, 163;
v0x8bf0f73e0_164 .array/port v0x8bf0f73e0, 164;
E_0x8be1754c0/41 .event anyedge, v0x8bf0f73e0_161, v0x8bf0f73e0_162, v0x8bf0f73e0_163, v0x8bf0f73e0_164;
v0x8bf0f73e0_165 .array/port v0x8bf0f73e0, 165;
v0x8bf0f73e0_166 .array/port v0x8bf0f73e0, 166;
v0x8bf0f73e0_167 .array/port v0x8bf0f73e0, 167;
v0x8bf0f73e0_168 .array/port v0x8bf0f73e0, 168;
E_0x8be1754c0/42 .event anyedge, v0x8bf0f73e0_165, v0x8bf0f73e0_166, v0x8bf0f73e0_167, v0x8bf0f73e0_168;
v0x8bf0f73e0_169 .array/port v0x8bf0f73e0, 169;
v0x8bf0f73e0_170 .array/port v0x8bf0f73e0, 170;
v0x8bf0f73e0_171 .array/port v0x8bf0f73e0, 171;
v0x8bf0f73e0_172 .array/port v0x8bf0f73e0, 172;
E_0x8be1754c0/43 .event anyedge, v0x8bf0f73e0_169, v0x8bf0f73e0_170, v0x8bf0f73e0_171, v0x8bf0f73e0_172;
v0x8bf0f73e0_173 .array/port v0x8bf0f73e0, 173;
v0x8bf0f73e0_174 .array/port v0x8bf0f73e0, 174;
v0x8bf0f73e0_175 .array/port v0x8bf0f73e0, 175;
v0x8bf0f73e0_176 .array/port v0x8bf0f73e0, 176;
E_0x8be1754c0/44 .event anyedge, v0x8bf0f73e0_173, v0x8bf0f73e0_174, v0x8bf0f73e0_175, v0x8bf0f73e0_176;
v0x8bf0f73e0_177 .array/port v0x8bf0f73e0, 177;
v0x8bf0f73e0_178 .array/port v0x8bf0f73e0, 178;
v0x8bf0f73e0_179 .array/port v0x8bf0f73e0, 179;
v0x8bf0f73e0_180 .array/port v0x8bf0f73e0, 180;
E_0x8be1754c0/45 .event anyedge, v0x8bf0f73e0_177, v0x8bf0f73e0_178, v0x8bf0f73e0_179, v0x8bf0f73e0_180;
v0x8bf0f73e0_181 .array/port v0x8bf0f73e0, 181;
v0x8bf0f73e0_182 .array/port v0x8bf0f73e0, 182;
v0x8bf0f73e0_183 .array/port v0x8bf0f73e0, 183;
v0x8bf0f73e0_184 .array/port v0x8bf0f73e0, 184;
E_0x8be1754c0/46 .event anyedge, v0x8bf0f73e0_181, v0x8bf0f73e0_182, v0x8bf0f73e0_183, v0x8bf0f73e0_184;
v0x8bf0f73e0_185 .array/port v0x8bf0f73e0, 185;
v0x8bf0f73e0_186 .array/port v0x8bf0f73e0, 186;
v0x8bf0f73e0_187 .array/port v0x8bf0f73e0, 187;
v0x8bf0f73e0_188 .array/port v0x8bf0f73e0, 188;
E_0x8be1754c0/47 .event anyedge, v0x8bf0f73e0_185, v0x8bf0f73e0_186, v0x8bf0f73e0_187, v0x8bf0f73e0_188;
v0x8bf0f73e0_189 .array/port v0x8bf0f73e0, 189;
v0x8bf0f73e0_190 .array/port v0x8bf0f73e0, 190;
v0x8bf0f73e0_191 .array/port v0x8bf0f73e0, 191;
v0x8bf0f73e0_192 .array/port v0x8bf0f73e0, 192;
E_0x8be1754c0/48 .event anyedge, v0x8bf0f73e0_189, v0x8bf0f73e0_190, v0x8bf0f73e0_191, v0x8bf0f73e0_192;
v0x8bf0f73e0_193 .array/port v0x8bf0f73e0, 193;
v0x8bf0f73e0_194 .array/port v0x8bf0f73e0, 194;
v0x8bf0f73e0_195 .array/port v0x8bf0f73e0, 195;
v0x8bf0f73e0_196 .array/port v0x8bf0f73e0, 196;
E_0x8be1754c0/49 .event anyedge, v0x8bf0f73e0_193, v0x8bf0f73e0_194, v0x8bf0f73e0_195, v0x8bf0f73e0_196;
v0x8bf0f73e0_197 .array/port v0x8bf0f73e0, 197;
v0x8bf0f73e0_198 .array/port v0x8bf0f73e0, 198;
v0x8bf0f73e0_199 .array/port v0x8bf0f73e0, 199;
v0x8bf0f73e0_200 .array/port v0x8bf0f73e0, 200;
E_0x8be1754c0/50 .event anyedge, v0x8bf0f73e0_197, v0x8bf0f73e0_198, v0x8bf0f73e0_199, v0x8bf0f73e0_200;
v0x8bf0f73e0_201 .array/port v0x8bf0f73e0, 201;
v0x8bf0f73e0_202 .array/port v0x8bf0f73e0, 202;
v0x8bf0f73e0_203 .array/port v0x8bf0f73e0, 203;
v0x8bf0f73e0_204 .array/port v0x8bf0f73e0, 204;
E_0x8be1754c0/51 .event anyedge, v0x8bf0f73e0_201, v0x8bf0f73e0_202, v0x8bf0f73e0_203, v0x8bf0f73e0_204;
v0x8bf0f73e0_205 .array/port v0x8bf0f73e0, 205;
v0x8bf0f73e0_206 .array/port v0x8bf0f73e0, 206;
v0x8bf0f73e0_207 .array/port v0x8bf0f73e0, 207;
v0x8bf0f73e0_208 .array/port v0x8bf0f73e0, 208;
E_0x8be1754c0/52 .event anyedge, v0x8bf0f73e0_205, v0x8bf0f73e0_206, v0x8bf0f73e0_207, v0x8bf0f73e0_208;
v0x8bf0f73e0_209 .array/port v0x8bf0f73e0, 209;
v0x8bf0f73e0_210 .array/port v0x8bf0f73e0, 210;
v0x8bf0f73e0_211 .array/port v0x8bf0f73e0, 211;
v0x8bf0f73e0_212 .array/port v0x8bf0f73e0, 212;
E_0x8be1754c0/53 .event anyedge, v0x8bf0f73e0_209, v0x8bf0f73e0_210, v0x8bf0f73e0_211, v0x8bf0f73e0_212;
v0x8bf0f73e0_213 .array/port v0x8bf0f73e0, 213;
v0x8bf0f73e0_214 .array/port v0x8bf0f73e0, 214;
v0x8bf0f73e0_215 .array/port v0x8bf0f73e0, 215;
v0x8bf0f73e0_216 .array/port v0x8bf0f73e0, 216;
E_0x8be1754c0/54 .event anyedge, v0x8bf0f73e0_213, v0x8bf0f73e0_214, v0x8bf0f73e0_215, v0x8bf0f73e0_216;
v0x8bf0f73e0_217 .array/port v0x8bf0f73e0, 217;
v0x8bf0f73e0_218 .array/port v0x8bf0f73e0, 218;
v0x8bf0f73e0_219 .array/port v0x8bf0f73e0, 219;
v0x8bf0f73e0_220 .array/port v0x8bf0f73e0, 220;
E_0x8be1754c0/55 .event anyedge, v0x8bf0f73e0_217, v0x8bf0f73e0_218, v0x8bf0f73e0_219, v0x8bf0f73e0_220;
v0x8bf0f73e0_221 .array/port v0x8bf0f73e0, 221;
v0x8bf0f73e0_222 .array/port v0x8bf0f73e0, 222;
v0x8bf0f73e0_223 .array/port v0x8bf0f73e0, 223;
v0x8bf0f73e0_224 .array/port v0x8bf0f73e0, 224;
E_0x8be1754c0/56 .event anyedge, v0x8bf0f73e0_221, v0x8bf0f73e0_222, v0x8bf0f73e0_223, v0x8bf0f73e0_224;
v0x8bf0f73e0_225 .array/port v0x8bf0f73e0, 225;
v0x8bf0f73e0_226 .array/port v0x8bf0f73e0, 226;
v0x8bf0f73e0_227 .array/port v0x8bf0f73e0, 227;
v0x8bf0f73e0_228 .array/port v0x8bf0f73e0, 228;
E_0x8be1754c0/57 .event anyedge, v0x8bf0f73e0_225, v0x8bf0f73e0_226, v0x8bf0f73e0_227, v0x8bf0f73e0_228;
v0x8bf0f73e0_229 .array/port v0x8bf0f73e0, 229;
v0x8bf0f73e0_230 .array/port v0x8bf0f73e0, 230;
v0x8bf0f73e0_231 .array/port v0x8bf0f73e0, 231;
v0x8bf0f73e0_232 .array/port v0x8bf0f73e0, 232;
E_0x8be1754c0/58 .event anyedge, v0x8bf0f73e0_229, v0x8bf0f73e0_230, v0x8bf0f73e0_231, v0x8bf0f73e0_232;
v0x8bf0f73e0_233 .array/port v0x8bf0f73e0, 233;
v0x8bf0f73e0_234 .array/port v0x8bf0f73e0, 234;
v0x8bf0f73e0_235 .array/port v0x8bf0f73e0, 235;
v0x8bf0f73e0_236 .array/port v0x8bf0f73e0, 236;
E_0x8be1754c0/59 .event anyedge, v0x8bf0f73e0_233, v0x8bf0f73e0_234, v0x8bf0f73e0_235, v0x8bf0f73e0_236;
v0x8bf0f73e0_237 .array/port v0x8bf0f73e0, 237;
v0x8bf0f73e0_238 .array/port v0x8bf0f73e0, 238;
v0x8bf0f73e0_239 .array/port v0x8bf0f73e0, 239;
v0x8bf0f73e0_240 .array/port v0x8bf0f73e0, 240;
E_0x8be1754c0/60 .event anyedge, v0x8bf0f73e0_237, v0x8bf0f73e0_238, v0x8bf0f73e0_239, v0x8bf0f73e0_240;
v0x8bf0f73e0_241 .array/port v0x8bf0f73e0, 241;
v0x8bf0f73e0_242 .array/port v0x8bf0f73e0, 242;
v0x8bf0f73e0_243 .array/port v0x8bf0f73e0, 243;
v0x8bf0f73e0_244 .array/port v0x8bf0f73e0, 244;
E_0x8be1754c0/61 .event anyedge, v0x8bf0f73e0_241, v0x8bf0f73e0_242, v0x8bf0f73e0_243, v0x8bf0f73e0_244;
v0x8bf0f73e0_245 .array/port v0x8bf0f73e0, 245;
v0x8bf0f73e0_246 .array/port v0x8bf0f73e0, 246;
v0x8bf0f73e0_247 .array/port v0x8bf0f73e0, 247;
v0x8bf0f73e0_248 .array/port v0x8bf0f73e0, 248;
E_0x8be1754c0/62 .event anyedge, v0x8bf0f73e0_245, v0x8bf0f73e0_246, v0x8bf0f73e0_247, v0x8bf0f73e0_248;
v0x8bf0f73e0_249 .array/port v0x8bf0f73e0, 249;
v0x8bf0f73e0_250 .array/port v0x8bf0f73e0, 250;
v0x8bf0f73e0_251 .array/port v0x8bf0f73e0, 251;
v0x8bf0f73e0_252 .array/port v0x8bf0f73e0, 252;
E_0x8be1754c0/63 .event anyedge, v0x8bf0f73e0_249, v0x8bf0f73e0_250, v0x8bf0f73e0_251, v0x8bf0f73e0_252;
v0x8bf0f73e0_253 .array/port v0x8bf0f73e0, 253;
v0x8bf0f73e0_254 .array/port v0x8bf0f73e0, 254;
v0x8bf0f73e0_255 .array/port v0x8bf0f73e0, 255;
v0x8bf0f73e0_256 .array/port v0x8bf0f73e0, 256;
E_0x8be1754c0/64 .event anyedge, v0x8bf0f73e0_253, v0x8bf0f73e0_254, v0x8bf0f73e0_255, v0x8bf0f73e0_256;
v0x8bf0f73e0_257 .array/port v0x8bf0f73e0, 257;
v0x8bf0f73e0_258 .array/port v0x8bf0f73e0, 258;
v0x8bf0f73e0_259 .array/port v0x8bf0f73e0, 259;
v0x8bf0f73e0_260 .array/port v0x8bf0f73e0, 260;
E_0x8be1754c0/65 .event anyedge, v0x8bf0f73e0_257, v0x8bf0f73e0_258, v0x8bf0f73e0_259, v0x8bf0f73e0_260;
v0x8bf0f73e0_261 .array/port v0x8bf0f73e0, 261;
v0x8bf0f73e0_262 .array/port v0x8bf0f73e0, 262;
v0x8bf0f73e0_263 .array/port v0x8bf0f73e0, 263;
v0x8bf0f73e0_264 .array/port v0x8bf0f73e0, 264;
E_0x8be1754c0/66 .event anyedge, v0x8bf0f73e0_261, v0x8bf0f73e0_262, v0x8bf0f73e0_263, v0x8bf0f73e0_264;
v0x8bf0f73e0_265 .array/port v0x8bf0f73e0, 265;
v0x8bf0f73e0_266 .array/port v0x8bf0f73e0, 266;
v0x8bf0f73e0_267 .array/port v0x8bf0f73e0, 267;
v0x8bf0f73e0_268 .array/port v0x8bf0f73e0, 268;
E_0x8be1754c0/67 .event anyedge, v0x8bf0f73e0_265, v0x8bf0f73e0_266, v0x8bf0f73e0_267, v0x8bf0f73e0_268;
v0x8bf0f73e0_269 .array/port v0x8bf0f73e0, 269;
v0x8bf0f73e0_270 .array/port v0x8bf0f73e0, 270;
v0x8bf0f73e0_271 .array/port v0x8bf0f73e0, 271;
v0x8bf0f73e0_272 .array/port v0x8bf0f73e0, 272;
E_0x8be1754c0/68 .event anyedge, v0x8bf0f73e0_269, v0x8bf0f73e0_270, v0x8bf0f73e0_271, v0x8bf0f73e0_272;
v0x8bf0f73e0_273 .array/port v0x8bf0f73e0, 273;
v0x8bf0f73e0_274 .array/port v0x8bf0f73e0, 274;
v0x8bf0f73e0_275 .array/port v0x8bf0f73e0, 275;
v0x8bf0f73e0_276 .array/port v0x8bf0f73e0, 276;
E_0x8be1754c0/69 .event anyedge, v0x8bf0f73e0_273, v0x8bf0f73e0_274, v0x8bf0f73e0_275, v0x8bf0f73e0_276;
v0x8bf0f73e0_277 .array/port v0x8bf0f73e0, 277;
v0x8bf0f73e0_278 .array/port v0x8bf0f73e0, 278;
v0x8bf0f73e0_279 .array/port v0x8bf0f73e0, 279;
v0x8bf0f73e0_280 .array/port v0x8bf0f73e0, 280;
E_0x8be1754c0/70 .event anyedge, v0x8bf0f73e0_277, v0x8bf0f73e0_278, v0x8bf0f73e0_279, v0x8bf0f73e0_280;
v0x8bf0f73e0_281 .array/port v0x8bf0f73e0, 281;
v0x8bf0f73e0_282 .array/port v0x8bf0f73e0, 282;
v0x8bf0f73e0_283 .array/port v0x8bf0f73e0, 283;
v0x8bf0f73e0_284 .array/port v0x8bf0f73e0, 284;
E_0x8be1754c0/71 .event anyedge, v0x8bf0f73e0_281, v0x8bf0f73e0_282, v0x8bf0f73e0_283, v0x8bf0f73e0_284;
v0x8bf0f73e0_285 .array/port v0x8bf0f73e0, 285;
v0x8bf0f73e0_286 .array/port v0x8bf0f73e0, 286;
v0x8bf0f73e0_287 .array/port v0x8bf0f73e0, 287;
v0x8bf0f73e0_288 .array/port v0x8bf0f73e0, 288;
E_0x8be1754c0/72 .event anyedge, v0x8bf0f73e0_285, v0x8bf0f73e0_286, v0x8bf0f73e0_287, v0x8bf0f73e0_288;
v0x8bf0f73e0_289 .array/port v0x8bf0f73e0, 289;
v0x8bf0f73e0_290 .array/port v0x8bf0f73e0, 290;
v0x8bf0f73e0_291 .array/port v0x8bf0f73e0, 291;
v0x8bf0f73e0_292 .array/port v0x8bf0f73e0, 292;
E_0x8be1754c0/73 .event anyedge, v0x8bf0f73e0_289, v0x8bf0f73e0_290, v0x8bf0f73e0_291, v0x8bf0f73e0_292;
v0x8bf0f73e0_293 .array/port v0x8bf0f73e0, 293;
v0x8bf0f73e0_294 .array/port v0x8bf0f73e0, 294;
v0x8bf0f73e0_295 .array/port v0x8bf0f73e0, 295;
v0x8bf0f73e0_296 .array/port v0x8bf0f73e0, 296;
E_0x8be1754c0/74 .event anyedge, v0x8bf0f73e0_293, v0x8bf0f73e0_294, v0x8bf0f73e0_295, v0x8bf0f73e0_296;
v0x8bf0f73e0_297 .array/port v0x8bf0f73e0, 297;
v0x8bf0f73e0_298 .array/port v0x8bf0f73e0, 298;
v0x8bf0f73e0_299 .array/port v0x8bf0f73e0, 299;
v0x8bf0f73e0_300 .array/port v0x8bf0f73e0, 300;
E_0x8be1754c0/75 .event anyedge, v0x8bf0f73e0_297, v0x8bf0f73e0_298, v0x8bf0f73e0_299, v0x8bf0f73e0_300;
v0x8bf0f73e0_301 .array/port v0x8bf0f73e0, 301;
v0x8bf0f73e0_302 .array/port v0x8bf0f73e0, 302;
v0x8bf0f73e0_303 .array/port v0x8bf0f73e0, 303;
v0x8bf0f73e0_304 .array/port v0x8bf0f73e0, 304;
E_0x8be1754c0/76 .event anyedge, v0x8bf0f73e0_301, v0x8bf0f73e0_302, v0x8bf0f73e0_303, v0x8bf0f73e0_304;
v0x8bf0f73e0_305 .array/port v0x8bf0f73e0, 305;
v0x8bf0f73e0_306 .array/port v0x8bf0f73e0, 306;
v0x8bf0f73e0_307 .array/port v0x8bf0f73e0, 307;
v0x8bf0f73e0_308 .array/port v0x8bf0f73e0, 308;
E_0x8be1754c0/77 .event anyedge, v0x8bf0f73e0_305, v0x8bf0f73e0_306, v0x8bf0f73e0_307, v0x8bf0f73e0_308;
v0x8bf0f73e0_309 .array/port v0x8bf0f73e0, 309;
v0x8bf0f73e0_310 .array/port v0x8bf0f73e0, 310;
v0x8bf0f73e0_311 .array/port v0x8bf0f73e0, 311;
v0x8bf0f73e0_312 .array/port v0x8bf0f73e0, 312;
E_0x8be1754c0/78 .event anyedge, v0x8bf0f73e0_309, v0x8bf0f73e0_310, v0x8bf0f73e0_311, v0x8bf0f73e0_312;
v0x8bf0f73e0_313 .array/port v0x8bf0f73e0, 313;
v0x8bf0f73e0_314 .array/port v0x8bf0f73e0, 314;
v0x8bf0f73e0_315 .array/port v0x8bf0f73e0, 315;
v0x8bf0f73e0_316 .array/port v0x8bf0f73e0, 316;
E_0x8be1754c0/79 .event anyedge, v0x8bf0f73e0_313, v0x8bf0f73e0_314, v0x8bf0f73e0_315, v0x8bf0f73e0_316;
v0x8bf0f73e0_317 .array/port v0x8bf0f73e0, 317;
v0x8bf0f73e0_318 .array/port v0x8bf0f73e0, 318;
v0x8bf0f73e0_319 .array/port v0x8bf0f73e0, 319;
v0x8bf0f73e0_320 .array/port v0x8bf0f73e0, 320;
E_0x8be1754c0/80 .event anyedge, v0x8bf0f73e0_317, v0x8bf0f73e0_318, v0x8bf0f73e0_319, v0x8bf0f73e0_320;
v0x8bf0f73e0_321 .array/port v0x8bf0f73e0, 321;
v0x8bf0f73e0_322 .array/port v0x8bf0f73e0, 322;
v0x8bf0f73e0_323 .array/port v0x8bf0f73e0, 323;
v0x8bf0f73e0_324 .array/port v0x8bf0f73e0, 324;
E_0x8be1754c0/81 .event anyedge, v0x8bf0f73e0_321, v0x8bf0f73e0_322, v0x8bf0f73e0_323, v0x8bf0f73e0_324;
v0x8bf0f73e0_325 .array/port v0x8bf0f73e0, 325;
v0x8bf0f73e0_326 .array/port v0x8bf0f73e0, 326;
v0x8bf0f73e0_327 .array/port v0x8bf0f73e0, 327;
v0x8bf0f73e0_328 .array/port v0x8bf0f73e0, 328;
E_0x8be1754c0/82 .event anyedge, v0x8bf0f73e0_325, v0x8bf0f73e0_326, v0x8bf0f73e0_327, v0x8bf0f73e0_328;
v0x8bf0f73e0_329 .array/port v0x8bf0f73e0, 329;
v0x8bf0f73e0_330 .array/port v0x8bf0f73e0, 330;
v0x8bf0f73e0_331 .array/port v0x8bf0f73e0, 331;
v0x8bf0f73e0_332 .array/port v0x8bf0f73e0, 332;
E_0x8be1754c0/83 .event anyedge, v0x8bf0f73e0_329, v0x8bf0f73e0_330, v0x8bf0f73e0_331, v0x8bf0f73e0_332;
v0x8bf0f73e0_333 .array/port v0x8bf0f73e0, 333;
v0x8bf0f73e0_334 .array/port v0x8bf0f73e0, 334;
v0x8bf0f73e0_335 .array/port v0x8bf0f73e0, 335;
v0x8bf0f73e0_336 .array/port v0x8bf0f73e0, 336;
E_0x8be1754c0/84 .event anyedge, v0x8bf0f73e0_333, v0x8bf0f73e0_334, v0x8bf0f73e0_335, v0x8bf0f73e0_336;
v0x8bf0f73e0_337 .array/port v0x8bf0f73e0, 337;
v0x8bf0f73e0_338 .array/port v0x8bf0f73e0, 338;
v0x8bf0f73e0_339 .array/port v0x8bf0f73e0, 339;
v0x8bf0f73e0_340 .array/port v0x8bf0f73e0, 340;
E_0x8be1754c0/85 .event anyedge, v0x8bf0f73e0_337, v0x8bf0f73e0_338, v0x8bf0f73e0_339, v0x8bf0f73e0_340;
v0x8bf0f73e0_341 .array/port v0x8bf0f73e0, 341;
v0x8bf0f73e0_342 .array/port v0x8bf0f73e0, 342;
v0x8bf0f73e0_343 .array/port v0x8bf0f73e0, 343;
v0x8bf0f73e0_344 .array/port v0x8bf0f73e0, 344;
E_0x8be1754c0/86 .event anyedge, v0x8bf0f73e0_341, v0x8bf0f73e0_342, v0x8bf0f73e0_343, v0x8bf0f73e0_344;
v0x8bf0f73e0_345 .array/port v0x8bf0f73e0, 345;
v0x8bf0f73e0_346 .array/port v0x8bf0f73e0, 346;
v0x8bf0f73e0_347 .array/port v0x8bf0f73e0, 347;
v0x8bf0f73e0_348 .array/port v0x8bf0f73e0, 348;
E_0x8be1754c0/87 .event anyedge, v0x8bf0f73e0_345, v0x8bf0f73e0_346, v0x8bf0f73e0_347, v0x8bf0f73e0_348;
v0x8bf0f73e0_349 .array/port v0x8bf0f73e0, 349;
v0x8bf0f73e0_350 .array/port v0x8bf0f73e0, 350;
v0x8bf0f73e0_351 .array/port v0x8bf0f73e0, 351;
v0x8bf0f73e0_352 .array/port v0x8bf0f73e0, 352;
E_0x8be1754c0/88 .event anyedge, v0x8bf0f73e0_349, v0x8bf0f73e0_350, v0x8bf0f73e0_351, v0x8bf0f73e0_352;
v0x8bf0f73e0_353 .array/port v0x8bf0f73e0, 353;
v0x8bf0f73e0_354 .array/port v0x8bf0f73e0, 354;
v0x8bf0f73e0_355 .array/port v0x8bf0f73e0, 355;
v0x8bf0f73e0_356 .array/port v0x8bf0f73e0, 356;
E_0x8be1754c0/89 .event anyedge, v0x8bf0f73e0_353, v0x8bf0f73e0_354, v0x8bf0f73e0_355, v0x8bf0f73e0_356;
v0x8bf0f73e0_357 .array/port v0x8bf0f73e0, 357;
v0x8bf0f73e0_358 .array/port v0x8bf0f73e0, 358;
v0x8bf0f73e0_359 .array/port v0x8bf0f73e0, 359;
v0x8bf0f73e0_360 .array/port v0x8bf0f73e0, 360;
E_0x8be1754c0/90 .event anyedge, v0x8bf0f73e0_357, v0x8bf0f73e0_358, v0x8bf0f73e0_359, v0x8bf0f73e0_360;
v0x8bf0f73e0_361 .array/port v0x8bf0f73e0, 361;
v0x8bf0f73e0_362 .array/port v0x8bf0f73e0, 362;
v0x8bf0f73e0_363 .array/port v0x8bf0f73e0, 363;
v0x8bf0f73e0_364 .array/port v0x8bf0f73e0, 364;
E_0x8be1754c0/91 .event anyedge, v0x8bf0f73e0_361, v0x8bf0f73e0_362, v0x8bf0f73e0_363, v0x8bf0f73e0_364;
v0x8bf0f73e0_365 .array/port v0x8bf0f73e0, 365;
v0x8bf0f73e0_366 .array/port v0x8bf0f73e0, 366;
v0x8bf0f73e0_367 .array/port v0x8bf0f73e0, 367;
v0x8bf0f73e0_368 .array/port v0x8bf0f73e0, 368;
E_0x8be1754c0/92 .event anyedge, v0x8bf0f73e0_365, v0x8bf0f73e0_366, v0x8bf0f73e0_367, v0x8bf0f73e0_368;
v0x8bf0f73e0_369 .array/port v0x8bf0f73e0, 369;
v0x8bf0f73e0_370 .array/port v0x8bf0f73e0, 370;
v0x8bf0f73e0_371 .array/port v0x8bf0f73e0, 371;
v0x8bf0f73e0_372 .array/port v0x8bf0f73e0, 372;
E_0x8be1754c0/93 .event anyedge, v0x8bf0f73e0_369, v0x8bf0f73e0_370, v0x8bf0f73e0_371, v0x8bf0f73e0_372;
v0x8bf0f73e0_373 .array/port v0x8bf0f73e0, 373;
v0x8bf0f73e0_374 .array/port v0x8bf0f73e0, 374;
v0x8bf0f73e0_375 .array/port v0x8bf0f73e0, 375;
v0x8bf0f73e0_376 .array/port v0x8bf0f73e0, 376;
E_0x8be1754c0/94 .event anyedge, v0x8bf0f73e0_373, v0x8bf0f73e0_374, v0x8bf0f73e0_375, v0x8bf0f73e0_376;
v0x8bf0f73e0_377 .array/port v0x8bf0f73e0, 377;
v0x8bf0f73e0_378 .array/port v0x8bf0f73e0, 378;
v0x8bf0f73e0_379 .array/port v0x8bf0f73e0, 379;
v0x8bf0f73e0_380 .array/port v0x8bf0f73e0, 380;
E_0x8be1754c0/95 .event anyedge, v0x8bf0f73e0_377, v0x8bf0f73e0_378, v0x8bf0f73e0_379, v0x8bf0f73e0_380;
v0x8bf0f73e0_381 .array/port v0x8bf0f73e0, 381;
v0x8bf0f73e0_382 .array/port v0x8bf0f73e0, 382;
v0x8bf0f73e0_383 .array/port v0x8bf0f73e0, 383;
v0x8bf0f73e0_384 .array/port v0x8bf0f73e0, 384;
E_0x8be1754c0/96 .event anyedge, v0x8bf0f73e0_381, v0x8bf0f73e0_382, v0x8bf0f73e0_383, v0x8bf0f73e0_384;
v0x8bf0f73e0_385 .array/port v0x8bf0f73e0, 385;
v0x8bf0f73e0_386 .array/port v0x8bf0f73e0, 386;
v0x8bf0f73e0_387 .array/port v0x8bf0f73e0, 387;
v0x8bf0f73e0_388 .array/port v0x8bf0f73e0, 388;
E_0x8be1754c0/97 .event anyedge, v0x8bf0f73e0_385, v0x8bf0f73e0_386, v0x8bf0f73e0_387, v0x8bf0f73e0_388;
v0x8bf0f73e0_389 .array/port v0x8bf0f73e0, 389;
v0x8bf0f73e0_390 .array/port v0x8bf0f73e0, 390;
v0x8bf0f73e0_391 .array/port v0x8bf0f73e0, 391;
v0x8bf0f73e0_392 .array/port v0x8bf0f73e0, 392;
E_0x8be1754c0/98 .event anyedge, v0x8bf0f73e0_389, v0x8bf0f73e0_390, v0x8bf0f73e0_391, v0x8bf0f73e0_392;
v0x8bf0f73e0_393 .array/port v0x8bf0f73e0, 393;
v0x8bf0f73e0_394 .array/port v0x8bf0f73e0, 394;
v0x8bf0f73e0_395 .array/port v0x8bf0f73e0, 395;
v0x8bf0f73e0_396 .array/port v0x8bf0f73e0, 396;
E_0x8be1754c0/99 .event anyedge, v0x8bf0f73e0_393, v0x8bf0f73e0_394, v0x8bf0f73e0_395, v0x8bf0f73e0_396;
v0x8bf0f73e0_397 .array/port v0x8bf0f73e0, 397;
v0x8bf0f73e0_398 .array/port v0x8bf0f73e0, 398;
v0x8bf0f73e0_399 .array/port v0x8bf0f73e0, 399;
v0x8bf0f73e0_400 .array/port v0x8bf0f73e0, 400;
E_0x8be1754c0/100 .event anyedge, v0x8bf0f73e0_397, v0x8bf0f73e0_398, v0x8bf0f73e0_399, v0x8bf0f73e0_400;
v0x8bf0f73e0_401 .array/port v0x8bf0f73e0, 401;
v0x8bf0f73e0_402 .array/port v0x8bf0f73e0, 402;
v0x8bf0f73e0_403 .array/port v0x8bf0f73e0, 403;
v0x8bf0f73e0_404 .array/port v0x8bf0f73e0, 404;
E_0x8be1754c0/101 .event anyedge, v0x8bf0f73e0_401, v0x8bf0f73e0_402, v0x8bf0f73e0_403, v0x8bf0f73e0_404;
v0x8bf0f73e0_405 .array/port v0x8bf0f73e0, 405;
v0x8bf0f73e0_406 .array/port v0x8bf0f73e0, 406;
v0x8bf0f73e0_407 .array/port v0x8bf0f73e0, 407;
v0x8bf0f73e0_408 .array/port v0x8bf0f73e0, 408;
E_0x8be1754c0/102 .event anyedge, v0x8bf0f73e0_405, v0x8bf0f73e0_406, v0x8bf0f73e0_407, v0x8bf0f73e0_408;
v0x8bf0f73e0_409 .array/port v0x8bf0f73e0, 409;
v0x8bf0f73e0_410 .array/port v0x8bf0f73e0, 410;
v0x8bf0f73e0_411 .array/port v0x8bf0f73e0, 411;
v0x8bf0f73e0_412 .array/port v0x8bf0f73e0, 412;
E_0x8be1754c0/103 .event anyedge, v0x8bf0f73e0_409, v0x8bf0f73e0_410, v0x8bf0f73e0_411, v0x8bf0f73e0_412;
v0x8bf0f73e0_413 .array/port v0x8bf0f73e0, 413;
v0x8bf0f73e0_414 .array/port v0x8bf0f73e0, 414;
v0x8bf0f73e0_415 .array/port v0x8bf0f73e0, 415;
v0x8bf0f73e0_416 .array/port v0x8bf0f73e0, 416;
E_0x8be1754c0/104 .event anyedge, v0x8bf0f73e0_413, v0x8bf0f73e0_414, v0x8bf0f73e0_415, v0x8bf0f73e0_416;
v0x8bf0f73e0_417 .array/port v0x8bf0f73e0, 417;
v0x8bf0f73e0_418 .array/port v0x8bf0f73e0, 418;
v0x8bf0f73e0_419 .array/port v0x8bf0f73e0, 419;
v0x8bf0f73e0_420 .array/port v0x8bf0f73e0, 420;
E_0x8be1754c0/105 .event anyedge, v0x8bf0f73e0_417, v0x8bf0f73e0_418, v0x8bf0f73e0_419, v0x8bf0f73e0_420;
v0x8bf0f73e0_421 .array/port v0x8bf0f73e0, 421;
v0x8bf0f73e0_422 .array/port v0x8bf0f73e0, 422;
v0x8bf0f73e0_423 .array/port v0x8bf0f73e0, 423;
v0x8bf0f73e0_424 .array/port v0x8bf0f73e0, 424;
E_0x8be1754c0/106 .event anyedge, v0x8bf0f73e0_421, v0x8bf0f73e0_422, v0x8bf0f73e0_423, v0x8bf0f73e0_424;
v0x8bf0f73e0_425 .array/port v0x8bf0f73e0, 425;
v0x8bf0f73e0_426 .array/port v0x8bf0f73e0, 426;
v0x8bf0f73e0_427 .array/port v0x8bf0f73e0, 427;
v0x8bf0f73e0_428 .array/port v0x8bf0f73e0, 428;
E_0x8be1754c0/107 .event anyedge, v0x8bf0f73e0_425, v0x8bf0f73e0_426, v0x8bf0f73e0_427, v0x8bf0f73e0_428;
v0x8bf0f73e0_429 .array/port v0x8bf0f73e0, 429;
v0x8bf0f73e0_430 .array/port v0x8bf0f73e0, 430;
v0x8bf0f73e0_431 .array/port v0x8bf0f73e0, 431;
v0x8bf0f73e0_432 .array/port v0x8bf0f73e0, 432;
E_0x8be1754c0/108 .event anyedge, v0x8bf0f73e0_429, v0x8bf0f73e0_430, v0x8bf0f73e0_431, v0x8bf0f73e0_432;
v0x8bf0f73e0_433 .array/port v0x8bf0f73e0, 433;
v0x8bf0f73e0_434 .array/port v0x8bf0f73e0, 434;
v0x8bf0f73e0_435 .array/port v0x8bf0f73e0, 435;
v0x8bf0f73e0_436 .array/port v0x8bf0f73e0, 436;
E_0x8be1754c0/109 .event anyedge, v0x8bf0f73e0_433, v0x8bf0f73e0_434, v0x8bf0f73e0_435, v0x8bf0f73e0_436;
v0x8bf0f73e0_437 .array/port v0x8bf0f73e0, 437;
v0x8bf0f73e0_438 .array/port v0x8bf0f73e0, 438;
v0x8bf0f73e0_439 .array/port v0x8bf0f73e0, 439;
v0x8bf0f73e0_440 .array/port v0x8bf0f73e0, 440;
E_0x8be1754c0/110 .event anyedge, v0x8bf0f73e0_437, v0x8bf0f73e0_438, v0x8bf0f73e0_439, v0x8bf0f73e0_440;
v0x8bf0f73e0_441 .array/port v0x8bf0f73e0, 441;
v0x8bf0f73e0_442 .array/port v0x8bf0f73e0, 442;
v0x8bf0f73e0_443 .array/port v0x8bf0f73e0, 443;
v0x8bf0f73e0_444 .array/port v0x8bf0f73e0, 444;
E_0x8be1754c0/111 .event anyedge, v0x8bf0f73e0_441, v0x8bf0f73e0_442, v0x8bf0f73e0_443, v0x8bf0f73e0_444;
v0x8bf0f73e0_445 .array/port v0x8bf0f73e0, 445;
v0x8bf0f73e0_446 .array/port v0x8bf0f73e0, 446;
v0x8bf0f73e0_447 .array/port v0x8bf0f73e0, 447;
v0x8bf0f73e0_448 .array/port v0x8bf0f73e0, 448;
E_0x8be1754c0/112 .event anyedge, v0x8bf0f73e0_445, v0x8bf0f73e0_446, v0x8bf0f73e0_447, v0x8bf0f73e0_448;
v0x8bf0f73e0_449 .array/port v0x8bf0f73e0, 449;
v0x8bf0f73e0_450 .array/port v0x8bf0f73e0, 450;
v0x8bf0f73e0_451 .array/port v0x8bf0f73e0, 451;
v0x8bf0f73e0_452 .array/port v0x8bf0f73e0, 452;
E_0x8be1754c0/113 .event anyedge, v0x8bf0f73e0_449, v0x8bf0f73e0_450, v0x8bf0f73e0_451, v0x8bf0f73e0_452;
v0x8bf0f73e0_453 .array/port v0x8bf0f73e0, 453;
v0x8bf0f73e0_454 .array/port v0x8bf0f73e0, 454;
v0x8bf0f73e0_455 .array/port v0x8bf0f73e0, 455;
v0x8bf0f73e0_456 .array/port v0x8bf0f73e0, 456;
E_0x8be1754c0/114 .event anyedge, v0x8bf0f73e0_453, v0x8bf0f73e0_454, v0x8bf0f73e0_455, v0x8bf0f73e0_456;
v0x8bf0f73e0_457 .array/port v0x8bf0f73e0, 457;
v0x8bf0f73e0_458 .array/port v0x8bf0f73e0, 458;
v0x8bf0f73e0_459 .array/port v0x8bf0f73e0, 459;
v0x8bf0f73e0_460 .array/port v0x8bf0f73e0, 460;
E_0x8be1754c0/115 .event anyedge, v0x8bf0f73e0_457, v0x8bf0f73e0_458, v0x8bf0f73e0_459, v0x8bf0f73e0_460;
v0x8bf0f73e0_461 .array/port v0x8bf0f73e0, 461;
v0x8bf0f73e0_462 .array/port v0x8bf0f73e0, 462;
v0x8bf0f73e0_463 .array/port v0x8bf0f73e0, 463;
v0x8bf0f73e0_464 .array/port v0x8bf0f73e0, 464;
E_0x8be1754c0/116 .event anyedge, v0x8bf0f73e0_461, v0x8bf0f73e0_462, v0x8bf0f73e0_463, v0x8bf0f73e0_464;
v0x8bf0f73e0_465 .array/port v0x8bf0f73e0, 465;
v0x8bf0f73e0_466 .array/port v0x8bf0f73e0, 466;
v0x8bf0f73e0_467 .array/port v0x8bf0f73e0, 467;
v0x8bf0f73e0_468 .array/port v0x8bf0f73e0, 468;
E_0x8be1754c0/117 .event anyedge, v0x8bf0f73e0_465, v0x8bf0f73e0_466, v0x8bf0f73e0_467, v0x8bf0f73e0_468;
v0x8bf0f73e0_469 .array/port v0x8bf0f73e0, 469;
v0x8bf0f73e0_470 .array/port v0x8bf0f73e0, 470;
v0x8bf0f73e0_471 .array/port v0x8bf0f73e0, 471;
v0x8bf0f73e0_472 .array/port v0x8bf0f73e0, 472;
E_0x8be1754c0/118 .event anyedge, v0x8bf0f73e0_469, v0x8bf0f73e0_470, v0x8bf0f73e0_471, v0x8bf0f73e0_472;
v0x8bf0f73e0_473 .array/port v0x8bf0f73e0, 473;
v0x8bf0f73e0_474 .array/port v0x8bf0f73e0, 474;
v0x8bf0f73e0_475 .array/port v0x8bf0f73e0, 475;
v0x8bf0f73e0_476 .array/port v0x8bf0f73e0, 476;
E_0x8be1754c0/119 .event anyedge, v0x8bf0f73e0_473, v0x8bf0f73e0_474, v0x8bf0f73e0_475, v0x8bf0f73e0_476;
v0x8bf0f73e0_477 .array/port v0x8bf0f73e0, 477;
v0x8bf0f73e0_478 .array/port v0x8bf0f73e0, 478;
v0x8bf0f73e0_479 .array/port v0x8bf0f73e0, 479;
v0x8bf0f73e0_480 .array/port v0x8bf0f73e0, 480;
E_0x8be1754c0/120 .event anyedge, v0x8bf0f73e0_477, v0x8bf0f73e0_478, v0x8bf0f73e0_479, v0x8bf0f73e0_480;
v0x8bf0f73e0_481 .array/port v0x8bf0f73e0, 481;
v0x8bf0f73e0_482 .array/port v0x8bf0f73e0, 482;
v0x8bf0f73e0_483 .array/port v0x8bf0f73e0, 483;
v0x8bf0f73e0_484 .array/port v0x8bf0f73e0, 484;
E_0x8be1754c0/121 .event anyedge, v0x8bf0f73e0_481, v0x8bf0f73e0_482, v0x8bf0f73e0_483, v0x8bf0f73e0_484;
v0x8bf0f73e0_485 .array/port v0x8bf0f73e0, 485;
v0x8bf0f73e0_486 .array/port v0x8bf0f73e0, 486;
v0x8bf0f73e0_487 .array/port v0x8bf0f73e0, 487;
v0x8bf0f73e0_488 .array/port v0x8bf0f73e0, 488;
E_0x8be1754c0/122 .event anyedge, v0x8bf0f73e0_485, v0x8bf0f73e0_486, v0x8bf0f73e0_487, v0x8bf0f73e0_488;
v0x8bf0f73e0_489 .array/port v0x8bf0f73e0, 489;
v0x8bf0f73e0_490 .array/port v0x8bf0f73e0, 490;
v0x8bf0f73e0_491 .array/port v0x8bf0f73e0, 491;
v0x8bf0f73e0_492 .array/port v0x8bf0f73e0, 492;
E_0x8be1754c0/123 .event anyedge, v0x8bf0f73e0_489, v0x8bf0f73e0_490, v0x8bf0f73e0_491, v0x8bf0f73e0_492;
v0x8bf0f73e0_493 .array/port v0x8bf0f73e0, 493;
v0x8bf0f73e0_494 .array/port v0x8bf0f73e0, 494;
v0x8bf0f73e0_495 .array/port v0x8bf0f73e0, 495;
v0x8bf0f73e0_496 .array/port v0x8bf0f73e0, 496;
E_0x8be1754c0/124 .event anyedge, v0x8bf0f73e0_493, v0x8bf0f73e0_494, v0x8bf0f73e0_495, v0x8bf0f73e0_496;
v0x8bf0f73e0_497 .array/port v0x8bf0f73e0, 497;
v0x8bf0f73e0_498 .array/port v0x8bf0f73e0, 498;
v0x8bf0f73e0_499 .array/port v0x8bf0f73e0, 499;
v0x8bf0f73e0_500 .array/port v0x8bf0f73e0, 500;
E_0x8be1754c0/125 .event anyedge, v0x8bf0f73e0_497, v0x8bf0f73e0_498, v0x8bf0f73e0_499, v0x8bf0f73e0_500;
v0x8bf0f73e0_501 .array/port v0x8bf0f73e0, 501;
v0x8bf0f73e0_502 .array/port v0x8bf0f73e0, 502;
v0x8bf0f73e0_503 .array/port v0x8bf0f73e0, 503;
v0x8bf0f73e0_504 .array/port v0x8bf0f73e0, 504;
E_0x8be1754c0/126 .event anyedge, v0x8bf0f73e0_501, v0x8bf0f73e0_502, v0x8bf0f73e0_503, v0x8bf0f73e0_504;
v0x8bf0f73e0_505 .array/port v0x8bf0f73e0, 505;
v0x8bf0f73e0_506 .array/port v0x8bf0f73e0, 506;
v0x8bf0f73e0_507 .array/port v0x8bf0f73e0, 507;
v0x8bf0f73e0_508 .array/port v0x8bf0f73e0, 508;
E_0x8be1754c0/127 .event anyedge, v0x8bf0f73e0_505, v0x8bf0f73e0_506, v0x8bf0f73e0_507, v0x8bf0f73e0_508;
v0x8bf0f73e0_509 .array/port v0x8bf0f73e0, 509;
v0x8bf0f73e0_510 .array/port v0x8bf0f73e0, 510;
v0x8bf0f73e0_511 .array/port v0x8bf0f73e0, 511;
v0x8bf0f73e0_512 .array/port v0x8bf0f73e0, 512;
E_0x8be1754c0/128 .event anyedge, v0x8bf0f73e0_509, v0x8bf0f73e0_510, v0x8bf0f73e0_511, v0x8bf0f73e0_512;
v0x8bf0f73e0_513 .array/port v0x8bf0f73e0, 513;
v0x8bf0f73e0_514 .array/port v0x8bf0f73e0, 514;
v0x8bf0f73e0_515 .array/port v0x8bf0f73e0, 515;
v0x8bf0f73e0_516 .array/port v0x8bf0f73e0, 516;
E_0x8be1754c0/129 .event anyedge, v0x8bf0f73e0_513, v0x8bf0f73e0_514, v0x8bf0f73e0_515, v0x8bf0f73e0_516;
v0x8bf0f73e0_517 .array/port v0x8bf0f73e0, 517;
v0x8bf0f73e0_518 .array/port v0x8bf0f73e0, 518;
v0x8bf0f73e0_519 .array/port v0x8bf0f73e0, 519;
v0x8bf0f73e0_520 .array/port v0x8bf0f73e0, 520;
E_0x8be1754c0/130 .event anyedge, v0x8bf0f73e0_517, v0x8bf0f73e0_518, v0x8bf0f73e0_519, v0x8bf0f73e0_520;
v0x8bf0f73e0_521 .array/port v0x8bf0f73e0, 521;
v0x8bf0f73e0_522 .array/port v0x8bf0f73e0, 522;
v0x8bf0f73e0_523 .array/port v0x8bf0f73e0, 523;
v0x8bf0f73e0_524 .array/port v0x8bf0f73e0, 524;
E_0x8be1754c0/131 .event anyedge, v0x8bf0f73e0_521, v0x8bf0f73e0_522, v0x8bf0f73e0_523, v0x8bf0f73e0_524;
v0x8bf0f73e0_525 .array/port v0x8bf0f73e0, 525;
v0x8bf0f73e0_526 .array/port v0x8bf0f73e0, 526;
v0x8bf0f73e0_527 .array/port v0x8bf0f73e0, 527;
v0x8bf0f73e0_528 .array/port v0x8bf0f73e0, 528;
E_0x8be1754c0/132 .event anyedge, v0x8bf0f73e0_525, v0x8bf0f73e0_526, v0x8bf0f73e0_527, v0x8bf0f73e0_528;
v0x8bf0f73e0_529 .array/port v0x8bf0f73e0, 529;
v0x8bf0f73e0_530 .array/port v0x8bf0f73e0, 530;
v0x8bf0f73e0_531 .array/port v0x8bf0f73e0, 531;
v0x8bf0f73e0_532 .array/port v0x8bf0f73e0, 532;
E_0x8be1754c0/133 .event anyedge, v0x8bf0f73e0_529, v0x8bf0f73e0_530, v0x8bf0f73e0_531, v0x8bf0f73e0_532;
v0x8bf0f73e0_533 .array/port v0x8bf0f73e0, 533;
v0x8bf0f73e0_534 .array/port v0x8bf0f73e0, 534;
v0x8bf0f73e0_535 .array/port v0x8bf0f73e0, 535;
v0x8bf0f73e0_536 .array/port v0x8bf0f73e0, 536;
E_0x8be1754c0/134 .event anyedge, v0x8bf0f73e0_533, v0x8bf0f73e0_534, v0x8bf0f73e0_535, v0x8bf0f73e0_536;
v0x8bf0f73e0_537 .array/port v0x8bf0f73e0, 537;
v0x8bf0f73e0_538 .array/port v0x8bf0f73e0, 538;
v0x8bf0f73e0_539 .array/port v0x8bf0f73e0, 539;
v0x8bf0f73e0_540 .array/port v0x8bf0f73e0, 540;
E_0x8be1754c0/135 .event anyedge, v0x8bf0f73e0_537, v0x8bf0f73e0_538, v0x8bf0f73e0_539, v0x8bf0f73e0_540;
v0x8bf0f73e0_541 .array/port v0x8bf0f73e0, 541;
v0x8bf0f73e0_542 .array/port v0x8bf0f73e0, 542;
v0x8bf0f73e0_543 .array/port v0x8bf0f73e0, 543;
v0x8bf0f73e0_544 .array/port v0x8bf0f73e0, 544;
E_0x8be1754c0/136 .event anyedge, v0x8bf0f73e0_541, v0x8bf0f73e0_542, v0x8bf0f73e0_543, v0x8bf0f73e0_544;
v0x8bf0f73e0_545 .array/port v0x8bf0f73e0, 545;
v0x8bf0f73e0_546 .array/port v0x8bf0f73e0, 546;
v0x8bf0f73e0_547 .array/port v0x8bf0f73e0, 547;
v0x8bf0f73e0_548 .array/port v0x8bf0f73e0, 548;
E_0x8be1754c0/137 .event anyedge, v0x8bf0f73e0_545, v0x8bf0f73e0_546, v0x8bf0f73e0_547, v0x8bf0f73e0_548;
v0x8bf0f73e0_549 .array/port v0x8bf0f73e0, 549;
v0x8bf0f73e0_550 .array/port v0x8bf0f73e0, 550;
v0x8bf0f73e0_551 .array/port v0x8bf0f73e0, 551;
v0x8bf0f73e0_552 .array/port v0x8bf0f73e0, 552;
E_0x8be1754c0/138 .event anyedge, v0x8bf0f73e0_549, v0x8bf0f73e0_550, v0x8bf0f73e0_551, v0x8bf0f73e0_552;
v0x8bf0f73e0_553 .array/port v0x8bf0f73e0, 553;
v0x8bf0f73e0_554 .array/port v0x8bf0f73e0, 554;
v0x8bf0f73e0_555 .array/port v0x8bf0f73e0, 555;
v0x8bf0f73e0_556 .array/port v0x8bf0f73e0, 556;
E_0x8be1754c0/139 .event anyedge, v0x8bf0f73e0_553, v0x8bf0f73e0_554, v0x8bf0f73e0_555, v0x8bf0f73e0_556;
v0x8bf0f73e0_557 .array/port v0x8bf0f73e0, 557;
v0x8bf0f73e0_558 .array/port v0x8bf0f73e0, 558;
v0x8bf0f73e0_559 .array/port v0x8bf0f73e0, 559;
v0x8bf0f73e0_560 .array/port v0x8bf0f73e0, 560;
E_0x8be1754c0/140 .event anyedge, v0x8bf0f73e0_557, v0x8bf0f73e0_558, v0x8bf0f73e0_559, v0x8bf0f73e0_560;
v0x8bf0f73e0_561 .array/port v0x8bf0f73e0, 561;
v0x8bf0f73e0_562 .array/port v0x8bf0f73e0, 562;
v0x8bf0f73e0_563 .array/port v0x8bf0f73e0, 563;
v0x8bf0f73e0_564 .array/port v0x8bf0f73e0, 564;
E_0x8be1754c0/141 .event anyedge, v0x8bf0f73e0_561, v0x8bf0f73e0_562, v0x8bf0f73e0_563, v0x8bf0f73e0_564;
v0x8bf0f73e0_565 .array/port v0x8bf0f73e0, 565;
v0x8bf0f73e0_566 .array/port v0x8bf0f73e0, 566;
v0x8bf0f73e0_567 .array/port v0x8bf0f73e0, 567;
v0x8bf0f73e0_568 .array/port v0x8bf0f73e0, 568;
E_0x8be1754c0/142 .event anyedge, v0x8bf0f73e0_565, v0x8bf0f73e0_566, v0x8bf0f73e0_567, v0x8bf0f73e0_568;
v0x8bf0f73e0_569 .array/port v0x8bf0f73e0, 569;
v0x8bf0f73e0_570 .array/port v0x8bf0f73e0, 570;
v0x8bf0f73e0_571 .array/port v0x8bf0f73e0, 571;
v0x8bf0f73e0_572 .array/port v0x8bf0f73e0, 572;
E_0x8be1754c0/143 .event anyedge, v0x8bf0f73e0_569, v0x8bf0f73e0_570, v0x8bf0f73e0_571, v0x8bf0f73e0_572;
v0x8bf0f73e0_573 .array/port v0x8bf0f73e0, 573;
v0x8bf0f73e0_574 .array/port v0x8bf0f73e0, 574;
v0x8bf0f73e0_575 .array/port v0x8bf0f73e0, 575;
v0x8bf0f73e0_576 .array/port v0x8bf0f73e0, 576;
E_0x8be1754c0/144 .event anyedge, v0x8bf0f73e0_573, v0x8bf0f73e0_574, v0x8bf0f73e0_575, v0x8bf0f73e0_576;
v0x8bf0f73e0_577 .array/port v0x8bf0f73e0, 577;
v0x8bf0f73e0_578 .array/port v0x8bf0f73e0, 578;
v0x8bf0f73e0_579 .array/port v0x8bf0f73e0, 579;
v0x8bf0f73e0_580 .array/port v0x8bf0f73e0, 580;
E_0x8be1754c0/145 .event anyedge, v0x8bf0f73e0_577, v0x8bf0f73e0_578, v0x8bf0f73e0_579, v0x8bf0f73e0_580;
v0x8bf0f73e0_581 .array/port v0x8bf0f73e0, 581;
v0x8bf0f73e0_582 .array/port v0x8bf0f73e0, 582;
v0x8bf0f73e0_583 .array/port v0x8bf0f73e0, 583;
v0x8bf0f73e0_584 .array/port v0x8bf0f73e0, 584;
E_0x8be1754c0/146 .event anyedge, v0x8bf0f73e0_581, v0x8bf0f73e0_582, v0x8bf0f73e0_583, v0x8bf0f73e0_584;
v0x8bf0f73e0_585 .array/port v0x8bf0f73e0, 585;
v0x8bf0f73e0_586 .array/port v0x8bf0f73e0, 586;
v0x8bf0f73e0_587 .array/port v0x8bf0f73e0, 587;
v0x8bf0f73e0_588 .array/port v0x8bf0f73e0, 588;
E_0x8be1754c0/147 .event anyedge, v0x8bf0f73e0_585, v0x8bf0f73e0_586, v0x8bf0f73e0_587, v0x8bf0f73e0_588;
v0x8bf0f73e0_589 .array/port v0x8bf0f73e0, 589;
v0x8bf0f73e0_590 .array/port v0x8bf0f73e0, 590;
v0x8bf0f73e0_591 .array/port v0x8bf0f73e0, 591;
v0x8bf0f73e0_592 .array/port v0x8bf0f73e0, 592;
E_0x8be1754c0/148 .event anyedge, v0x8bf0f73e0_589, v0x8bf0f73e0_590, v0x8bf0f73e0_591, v0x8bf0f73e0_592;
v0x8bf0f73e0_593 .array/port v0x8bf0f73e0, 593;
v0x8bf0f73e0_594 .array/port v0x8bf0f73e0, 594;
v0x8bf0f73e0_595 .array/port v0x8bf0f73e0, 595;
v0x8bf0f73e0_596 .array/port v0x8bf0f73e0, 596;
E_0x8be1754c0/149 .event anyedge, v0x8bf0f73e0_593, v0x8bf0f73e0_594, v0x8bf0f73e0_595, v0x8bf0f73e0_596;
v0x8bf0f73e0_597 .array/port v0x8bf0f73e0, 597;
v0x8bf0f73e0_598 .array/port v0x8bf0f73e0, 598;
v0x8bf0f73e0_599 .array/port v0x8bf0f73e0, 599;
v0x8bf0f73e0_600 .array/port v0x8bf0f73e0, 600;
E_0x8be1754c0/150 .event anyedge, v0x8bf0f73e0_597, v0x8bf0f73e0_598, v0x8bf0f73e0_599, v0x8bf0f73e0_600;
v0x8bf0f73e0_601 .array/port v0x8bf0f73e0, 601;
v0x8bf0f73e0_602 .array/port v0x8bf0f73e0, 602;
v0x8bf0f73e0_603 .array/port v0x8bf0f73e0, 603;
v0x8bf0f73e0_604 .array/port v0x8bf0f73e0, 604;
E_0x8be1754c0/151 .event anyedge, v0x8bf0f73e0_601, v0x8bf0f73e0_602, v0x8bf0f73e0_603, v0x8bf0f73e0_604;
v0x8bf0f73e0_605 .array/port v0x8bf0f73e0, 605;
v0x8bf0f73e0_606 .array/port v0x8bf0f73e0, 606;
v0x8bf0f73e0_607 .array/port v0x8bf0f73e0, 607;
v0x8bf0f73e0_608 .array/port v0x8bf0f73e0, 608;
E_0x8be1754c0/152 .event anyedge, v0x8bf0f73e0_605, v0x8bf0f73e0_606, v0x8bf0f73e0_607, v0x8bf0f73e0_608;
v0x8bf0f73e0_609 .array/port v0x8bf0f73e0, 609;
v0x8bf0f73e0_610 .array/port v0x8bf0f73e0, 610;
v0x8bf0f73e0_611 .array/port v0x8bf0f73e0, 611;
v0x8bf0f73e0_612 .array/port v0x8bf0f73e0, 612;
E_0x8be1754c0/153 .event anyedge, v0x8bf0f73e0_609, v0x8bf0f73e0_610, v0x8bf0f73e0_611, v0x8bf0f73e0_612;
v0x8bf0f73e0_613 .array/port v0x8bf0f73e0, 613;
v0x8bf0f73e0_614 .array/port v0x8bf0f73e0, 614;
v0x8bf0f73e0_615 .array/port v0x8bf0f73e0, 615;
v0x8bf0f73e0_616 .array/port v0x8bf0f73e0, 616;
E_0x8be1754c0/154 .event anyedge, v0x8bf0f73e0_613, v0x8bf0f73e0_614, v0x8bf0f73e0_615, v0x8bf0f73e0_616;
v0x8bf0f73e0_617 .array/port v0x8bf0f73e0, 617;
v0x8bf0f73e0_618 .array/port v0x8bf0f73e0, 618;
v0x8bf0f73e0_619 .array/port v0x8bf0f73e0, 619;
v0x8bf0f73e0_620 .array/port v0x8bf0f73e0, 620;
E_0x8be1754c0/155 .event anyedge, v0x8bf0f73e0_617, v0x8bf0f73e0_618, v0x8bf0f73e0_619, v0x8bf0f73e0_620;
v0x8bf0f73e0_621 .array/port v0x8bf0f73e0, 621;
v0x8bf0f73e0_622 .array/port v0x8bf0f73e0, 622;
v0x8bf0f73e0_623 .array/port v0x8bf0f73e0, 623;
v0x8bf0f73e0_624 .array/port v0x8bf0f73e0, 624;
E_0x8be1754c0/156 .event anyedge, v0x8bf0f73e0_621, v0x8bf0f73e0_622, v0x8bf0f73e0_623, v0x8bf0f73e0_624;
v0x8bf0f73e0_625 .array/port v0x8bf0f73e0, 625;
v0x8bf0f73e0_626 .array/port v0x8bf0f73e0, 626;
v0x8bf0f73e0_627 .array/port v0x8bf0f73e0, 627;
v0x8bf0f73e0_628 .array/port v0x8bf0f73e0, 628;
E_0x8be1754c0/157 .event anyedge, v0x8bf0f73e0_625, v0x8bf0f73e0_626, v0x8bf0f73e0_627, v0x8bf0f73e0_628;
v0x8bf0f73e0_629 .array/port v0x8bf0f73e0, 629;
v0x8bf0f73e0_630 .array/port v0x8bf0f73e0, 630;
v0x8bf0f73e0_631 .array/port v0x8bf0f73e0, 631;
v0x8bf0f73e0_632 .array/port v0x8bf0f73e0, 632;
E_0x8be1754c0/158 .event anyedge, v0x8bf0f73e0_629, v0x8bf0f73e0_630, v0x8bf0f73e0_631, v0x8bf0f73e0_632;
v0x8bf0f73e0_633 .array/port v0x8bf0f73e0, 633;
v0x8bf0f73e0_634 .array/port v0x8bf0f73e0, 634;
v0x8bf0f73e0_635 .array/port v0x8bf0f73e0, 635;
v0x8bf0f73e0_636 .array/port v0x8bf0f73e0, 636;
E_0x8be1754c0/159 .event anyedge, v0x8bf0f73e0_633, v0x8bf0f73e0_634, v0x8bf0f73e0_635, v0x8bf0f73e0_636;
v0x8bf0f73e0_637 .array/port v0x8bf0f73e0, 637;
v0x8bf0f73e0_638 .array/port v0x8bf0f73e0, 638;
v0x8bf0f73e0_639 .array/port v0x8bf0f73e0, 639;
v0x8bf0f73e0_640 .array/port v0x8bf0f73e0, 640;
E_0x8be1754c0/160 .event anyedge, v0x8bf0f73e0_637, v0x8bf0f73e0_638, v0x8bf0f73e0_639, v0x8bf0f73e0_640;
v0x8bf0f73e0_641 .array/port v0x8bf0f73e0, 641;
v0x8bf0f73e0_642 .array/port v0x8bf0f73e0, 642;
v0x8bf0f73e0_643 .array/port v0x8bf0f73e0, 643;
v0x8bf0f73e0_644 .array/port v0x8bf0f73e0, 644;
E_0x8be1754c0/161 .event anyedge, v0x8bf0f73e0_641, v0x8bf0f73e0_642, v0x8bf0f73e0_643, v0x8bf0f73e0_644;
v0x8bf0f73e0_645 .array/port v0x8bf0f73e0, 645;
v0x8bf0f73e0_646 .array/port v0x8bf0f73e0, 646;
v0x8bf0f73e0_647 .array/port v0x8bf0f73e0, 647;
v0x8bf0f73e0_648 .array/port v0x8bf0f73e0, 648;
E_0x8be1754c0/162 .event anyedge, v0x8bf0f73e0_645, v0x8bf0f73e0_646, v0x8bf0f73e0_647, v0x8bf0f73e0_648;
v0x8bf0f73e0_649 .array/port v0x8bf0f73e0, 649;
v0x8bf0f73e0_650 .array/port v0x8bf0f73e0, 650;
v0x8bf0f73e0_651 .array/port v0x8bf0f73e0, 651;
v0x8bf0f73e0_652 .array/port v0x8bf0f73e0, 652;
E_0x8be1754c0/163 .event anyedge, v0x8bf0f73e0_649, v0x8bf0f73e0_650, v0x8bf0f73e0_651, v0x8bf0f73e0_652;
v0x8bf0f73e0_653 .array/port v0x8bf0f73e0, 653;
v0x8bf0f73e0_654 .array/port v0x8bf0f73e0, 654;
v0x8bf0f73e0_655 .array/port v0x8bf0f73e0, 655;
v0x8bf0f73e0_656 .array/port v0x8bf0f73e0, 656;
E_0x8be1754c0/164 .event anyedge, v0x8bf0f73e0_653, v0x8bf0f73e0_654, v0x8bf0f73e0_655, v0x8bf0f73e0_656;
v0x8bf0f73e0_657 .array/port v0x8bf0f73e0, 657;
v0x8bf0f73e0_658 .array/port v0x8bf0f73e0, 658;
v0x8bf0f73e0_659 .array/port v0x8bf0f73e0, 659;
v0x8bf0f73e0_660 .array/port v0x8bf0f73e0, 660;
E_0x8be1754c0/165 .event anyedge, v0x8bf0f73e0_657, v0x8bf0f73e0_658, v0x8bf0f73e0_659, v0x8bf0f73e0_660;
v0x8bf0f73e0_661 .array/port v0x8bf0f73e0, 661;
v0x8bf0f73e0_662 .array/port v0x8bf0f73e0, 662;
v0x8bf0f73e0_663 .array/port v0x8bf0f73e0, 663;
v0x8bf0f73e0_664 .array/port v0x8bf0f73e0, 664;
E_0x8be1754c0/166 .event anyedge, v0x8bf0f73e0_661, v0x8bf0f73e0_662, v0x8bf0f73e0_663, v0x8bf0f73e0_664;
v0x8bf0f73e0_665 .array/port v0x8bf0f73e0, 665;
v0x8bf0f73e0_666 .array/port v0x8bf0f73e0, 666;
v0x8bf0f73e0_667 .array/port v0x8bf0f73e0, 667;
v0x8bf0f73e0_668 .array/port v0x8bf0f73e0, 668;
E_0x8be1754c0/167 .event anyedge, v0x8bf0f73e0_665, v0x8bf0f73e0_666, v0x8bf0f73e0_667, v0x8bf0f73e0_668;
v0x8bf0f73e0_669 .array/port v0x8bf0f73e0, 669;
v0x8bf0f73e0_670 .array/port v0x8bf0f73e0, 670;
v0x8bf0f73e0_671 .array/port v0x8bf0f73e0, 671;
v0x8bf0f73e0_672 .array/port v0x8bf0f73e0, 672;
E_0x8be1754c0/168 .event anyedge, v0x8bf0f73e0_669, v0x8bf0f73e0_670, v0x8bf0f73e0_671, v0x8bf0f73e0_672;
v0x8bf0f73e0_673 .array/port v0x8bf0f73e0, 673;
v0x8bf0f73e0_674 .array/port v0x8bf0f73e0, 674;
v0x8bf0f73e0_675 .array/port v0x8bf0f73e0, 675;
v0x8bf0f73e0_676 .array/port v0x8bf0f73e0, 676;
E_0x8be1754c0/169 .event anyedge, v0x8bf0f73e0_673, v0x8bf0f73e0_674, v0x8bf0f73e0_675, v0x8bf0f73e0_676;
v0x8bf0f73e0_677 .array/port v0x8bf0f73e0, 677;
v0x8bf0f73e0_678 .array/port v0x8bf0f73e0, 678;
v0x8bf0f73e0_679 .array/port v0x8bf0f73e0, 679;
v0x8bf0f73e0_680 .array/port v0x8bf0f73e0, 680;
E_0x8be1754c0/170 .event anyedge, v0x8bf0f73e0_677, v0x8bf0f73e0_678, v0x8bf0f73e0_679, v0x8bf0f73e0_680;
v0x8bf0f73e0_681 .array/port v0x8bf0f73e0, 681;
v0x8bf0f73e0_682 .array/port v0x8bf0f73e0, 682;
v0x8bf0f73e0_683 .array/port v0x8bf0f73e0, 683;
v0x8bf0f73e0_684 .array/port v0x8bf0f73e0, 684;
E_0x8be1754c0/171 .event anyedge, v0x8bf0f73e0_681, v0x8bf0f73e0_682, v0x8bf0f73e0_683, v0x8bf0f73e0_684;
v0x8bf0f73e0_685 .array/port v0x8bf0f73e0, 685;
v0x8bf0f73e0_686 .array/port v0x8bf0f73e0, 686;
v0x8bf0f73e0_687 .array/port v0x8bf0f73e0, 687;
v0x8bf0f73e0_688 .array/port v0x8bf0f73e0, 688;
E_0x8be1754c0/172 .event anyedge, v0x8bf0f73e0_685, v0x8bf0f73e0_686, v0x8bf0f73e0_687, v0x8bf0f73e0_688;
v0x8bf0f73e0_689 .array/port v0x8bf0f73e0, 689;
v0x8bf0f73e0_690 .array/port v0x8bf0f73e0, 690;
v0x8bf0f73e0_691 .array/port v0x8bf0f73e0, 691;
v0x8bf0f73e0_692 .array/port v0x8bf0f73e0, 692;
E_0x8be1754c0/173 .event anyedge, v0x8bf0f73e0_689, v0x8bf0f73e0_690, v0x8bf0f73e0_691, v0x8bf0f73e0_692;
v0x8bf0f73e0_693 .array/port v0x8bf0f73e0, 693;
v0x8bf0f73e0_694 .array/port v0x8bf0f73e0, 694;
v0x8bf0f73e0_695 .array/port v0x8bf0f73e0, 695;
v0x8bf0f73e0_696 .array/port v0x8bf0f73e0, 696;
E_0x8be1754c0/174 .event anyedge, v0x8bf0f73e0_693, v0x8bf0f73e0_694, v0x8bf0f73e0_695, v0x8bf0f73e0_696;
v0x8bf0f73e0_697 .array/port v0x8bf0f73e0, 697;
v0x8bf0f73e0_698 .array/port v0x8bf0f73e0, 698;
v0x8bf0f73e0_699 .array/port v0x8bf0f73e0, 699;
v0x8bf0f73e0_700 .array/port v0x8bf0f73e0, 700;
E_0x8be1754c0/175 .event anyedge, v0x8bf0f73e0_697, v0x8bf0f73e0_698, v0x8bf0f73e0_699, v0x8bf0f73e0_700;
v0x8bf0f73e0_701 .array/port v0x8bf0f73e0, 701;
v0x8bf0f73e0_702 .array/port v0x8bf0f73e0, 702;
v0x8bf0f73e0_703 .array/port v0x8bf0f73e0, 703;
v0x8bf0f73e0_704 .array/port v0x8bf0f73e0, 704;
E_0x8be1754c0/176 .event anyedge, v0x8bf0f73e0_701, v0x8bf0f73e0_702, v0x8bf0f73e0_703, v0x8bf0f73e0_704;
v0x8bf0f73e0_705 .array/port v0x8bf0f73e0, 705;
v0x8bf0f73e0_706 .array/port v0x8bf0f73e0, 706;
v0x8bf0f73e0_707 .array/port v0x8bf0f73e0, 707;
v0x8bf0f73e0_708 .array/port v0x8bf0f73e0, 708;
E_0x8be1754c0/177 .event anyedge, v0x8bf0f73e0_705, v0x8bf0f73e0_706, v0x8bf0f73e0_707, v0x8bf0f73e0_708;
v0x8bf0f73e0_709 .array/port v0x8bf0f73e0, 709;
v0x8bf0f73e0_710 .array/port v0x8bf0f73e0, 710;
v0x8bf0f73e0_711 .array/port v0x8bf0f73e0, 711;
v0x8bf0f73e0_712 .array/port v0x8bf0f73e0, 712;
E_0x8be1754c0/178 .event anyedge, v0x8bf0f73e0_709, v0x8bf0f73e0_710, v0x8bf0f73e0_711, v0x8bf0f73e0_712;
v0x8bf0f73e0_713 .array/port v0x8bf0f73e0, 713;
v0x8bf0f73e0_714 .array/port v0x8bf0f73e0, 714;
v0x8bf0f73e0_715 .array/port v0x8bf0f73e0, 715;
v0x8bf0f73e0_716 .array/port v0x8bf0f73e0, 716;
E_0x8be1754c0/179 .event anyedge, v0x8bf0f73e0_713, v0x8bf0f73e0_714, v0x8bf0f73e0_715, v0x8bf0f73e0_716;
v0x8bf0f73e0_717 .array/port v0x8bf0f73e0, 717;
v0x8bf0f73e0_718 .array/port v0x8bf0f73e0, 718;
v0x8bf0f73e0_719 .array/port v0x8bf0f73e0, 719;
v0x8bf0f73e0_720 .array/port v0x8bf0f73e0, 720;
E_0x8be1754c0/180 .event anyedge, v0x8bf0f73e0_717, v0x8bf0f73e0_718, v0x8bf0f73e0_719, v0x8bf0f73e0_720;
v0x8bf0f73e0_721 .array/port v0x8bf0f73e0, 721;
v0x8bf0f73e0_722 .array/port v0x8bf0f73e0, 722;
v0x8bf0f73e0_723 .array/port v0x8bf0f73e0, 723;
v0x8bf0f73e0_724 .array/port v0x8bf0f73e0, 724;
E_0x8be1754c0/181 .event anyedge, v0x8bf0f73e0_721, v0x8bf0f73e0_722, v0x8bf0f73e0_723, v0x8bf0f73e0_724;
v0x8bf0f73e0_725 .array/port v0x8bf0f73e0, 725;
v0x8bf0f73e0_726 .array/port v0x8bf0f73e0, 726;
v0x8bf0f73e0_727 .array/port v0x8bf0f73e0, 727;
v0x8bf0f73e0_728 .array/port v0x8bf0f73e0, 728;
E_0x8be1754c0/182 .event anyedge, v0x8bf0f73e0_725, v0x8bf0f73e0_726, v0x8bf0f73e0_727, v0x8bf0f73e0_728;
v0x8bf0f73e0_729 .array/port v0x8bf0f73e0, 729;
v0x8bf0f73e0_730 .array/port v0x8bf0f73e0, 730;
v0x8bf0f73e0_731 .array/port v0x8bf0f73e0, 731;
v0x8bf0f73e0_732 .array/port v0x8bf0f73e0, 732;
E_0x8be1754c0/183 .event anyedge, v0x8bf0f73e0_729, v0x8bf0f73e0_730, v0x8bf0f73e0_731, v0x8bf0f73e0_732;
v0x8bf0f73e0_733 .array/port v0x8bf0f73e0, 733;
v0x8bf0f73e0_734 .array/port v0x8bf0f73e0, 734;
v0x8bf0f73e0_735 .array/port v0x8bf0f73e0, 735;
v0x8bf0f73e0_736 .array/port v0x8bf0f73e0, 736;
E_0x8be1754c0/184 .event anyedge, v0x8bf0f73e0_733, v0x8bf0f73e0_734, v0x8bf0f73e0_735, v0x8bf0f73e0_736;
v0x8bf0f73e0_737 .array/port v0x8bf0f73e0, 737;
v0x8bf0f73e0_738 .array/port v0x8bf0f73e0, 738;
v0x8bf0f73e0_739 .array/port v0x8bf0f73e0, 739;
v0x8bf0f73e0_740 .array/port v0x8bf0f73e0, 740;
E_0x8be1754c0/185 .event anyedge, v0x8bf0f73e0_737, v0x8bf0f73e0_738, v0x8bf0f73e0_739, v0x8bf0f73e0_740;
v0x8bf0f73e0_741 .array/port v0x8bf0f73e0, 741;
v0x8bf0f73e0_742 .array/port v0x8bf0f73e0, 742;
v0x8bf0f73e0_743 .array/port v0x8bf0f73e0, 743;
v0x8bf0f73e0_744 .array/port v0x8bf0f73e0, 744;
E_0x8be1754c0/186 .event anyedge, v0x8bf0f73e0_741, v0x8bf0f73e0_742, v0x8bf0f73e0_743, v0x8bf0f73e0_744;
v0x8bf0f73e0_745 .array/port v0x8bf0f73e0, 745;
v0x8bf0f73e0_746 .array/port v0x8bf0f73e0, 746;
v0x8bf0f73e0_747 .array/port v0x8bf0f73e0, 747;
v0x8bf0f73e0_748 .array/port v0x8bf0f73e0, 748;
E_0x8be1754c0/187 .event anyedge, v0x8bf0f73e0_745, v0x8bf0f73e0_746, v0x8bf0f73e0_747, v0x8bf0f73e0_748;
v0x8bf0f73e0_749 .array/port v0x8bf0f73e0, 749;
v0x8bf0f73e0_750 .array/port v0x8bf0f73e0, 750;
v0x8bf0f73e0_751 .array/port v0x8bf0f73e0, 751;
v0x8bf0f73e0_752 .array/port v0x8bf0f73e0, 752;
E_0x8be1754c0/188 .event anyedge, v0x8bf0f73e0_749, v0x8bf0f73e0_750, v0x8bf0f73e0_751, v0x8bf0f73e0_752;
v0x8bf0f73e0_753 .array/port v0x8bf0f73e0, 753;
v0x8bf0f73e0_754 .array/port v0x8bf0f73e0, 754;
v0x8bf0f73e0_755 .array/port v0x8bf0f73e0, 755;
v0x8bf0f73e0_756 .array/port v0x8bf0f73e0, 756;
E_0x8be1754c0/189 .event anyedge, v0x8bf0f73e0_753, v0x8bf0f73e0_754, v0x8bf0f73e0_755, v0x8bf0f73e0_756;
v0x8bf0f73e0_757 .array/port v0x8bf0f73e0, 757;
v0x8bf0f73e0_758 .array/port v0x8bf0f73e0, 758;
v0x8bf0f73e0_759 .array/port v0x8bf0f73e0, 759;
v0x8bf0f73e0_760 .array/port v0x8bf0f73e0, 760;
E_0x8be1754c0/190 .event anyedge, v0x8bf0f73e0_757, v0x8bf0f73e0_758, v0x8bf0f73e0_759, v0x8bf0f73e0_760;
v0x8bf0f73e0_761 .array/port v0x8bf0f73e0, 761;
v0x8bf0f73e0_762 .array/port v0x8bf0f73e0, 762;
v0x8bf0f73e0_763 .array/port v0x8bf0f73e0, 763;
v0x8bf0f73e0_764 .array/port v0x8bf0f73e0, 764;
E_0x8be1754c0/191 .event anyedge, v0x8bf0f73e0_761, v0x8bf0f73e0_762, v0x8bf0f73e0_763, v0x8bf0f73e0_764;
v0x8bf0f73e0_765 .array/port v0x8bf0f73e0, 765;
v0x8bf0f73e0_766 .array/port v0x8bf0f73e0, 766;
v0x8bf0f73e0_767 .array/port v0x8bf0f73e0, 767;
v0x8bf0f73e0_768 .array/port v0x8bf0f73e0, 768;
E_0x8be1754c0/192 .event anyedge, v0x8bf0f73e0_765, v0x8bf0f73e0_766, v0x8bf0f73e0_767, v0x8bf0f73e0_768;
v0x8bf0f73e0_769 .array/port v0x8bf0f73e0, 769;
v0x8bf0f73e0_770 .array/port v0x8bf0f73e0, 770;
v0x8bf0f73e0_771 .array/port v0x8bf0f73e0, 771;
v0x8bf0f73e0_772 .array/port v0x8bf0f73e0, 772;
E_0x8be1754c0/193 .event anyedge, v0x8bf0f73e0_769, v0x8bf0f73e0_770, v0x8bf0f73e0_771, v0x8bf0f73e0_772;
v0x8bf0f73e0_773 .array/port v0x8bf0f73e0, 773;
v0x8bf0f73e0_774 .array/port v0x8bf0f73e0, 774;
v0x8bf0f73e0_775 .array/port v0x8bf0f73e0, 775;
v0x8bf0f73e0_776 .array/port v0x8bf0f73e0, 776;
E_0x8be1754c0/194 .event anyedge, v0x8bf0f73e0_773, v0x8bf0f73e0_774, v0x8bf0f73e0_775, v0x8bf0f73e0_776;
v0x8bf0f73e0_777 .array/port v0x8bf0f73e0, 777;
v0x8bf0f73e0_778 .array/port v0x8bf0f73e0, 778;
v0x8bf0f73e0_779 .array/port v0x8bf0f73e0, 779;
v0x8bf0f73e0_780 .array/port v0x8bf0f73e0, 780;
E_0x8be1754c0/195 .event anyedge, v0x8bf0f73e0_777, v0x8bf0f73e0_778, v0x8bf0f73e0_779, v0x8bf0f73e0_780;
v0x8bf0f73e0_781 .array/port v0x8bf0f73e0, 781;
v0x8bf0f73e0_782 .array/port v0x8bf0f73e0, 782;
v0x8bf0f73e0_783 .array/port v0x8bf0f73e0, 783;
v0x8bf0f73e0_784 .array/port v0x8bf0f73e0, 784;
E_0x8be1754c0/196 .event anyedge, v0x8bf0f73e0_781, v0x8bf0f73e0_782, v0x8bf0f73e0_783, v0x8bf0f73e0_784;
v0x8bf0f73e0_785 .array/port v0x8bf0f73e0, 785;
v0x8bf0f73e0_786 .array/port v0x8bf0f73e0, 786;
v0x8bf0f73e0_787 .array/port v0x8bf0f73e0, 787;
v0x8bf0f73e0_788 .array/port v0x8bf0f73e0, 788;
E_0x8be1754c0/197 .event anyedge, v0x8bf0f73e0_785, v0x8bf0f73e0_786, v0x8bf0f73e0_787, v0x8bf0f73e0_788;
v0x8bf0f73e0_789 .array/port v0x8bf0f73e0, 789;
v0x8bf0f73e0_790 .array/port v0x8bf0f73e0, 790;
v0x8bf0f73e0_791 .array/port v0x8bf0f73e0, 791;
v0x8bf0f73e0_792 .array/port v0x8bf0f73e0, 792;
E_0x8be1754c0/198 .event anyedge, v0x8bf0f73e0_789, v0x8bf0f73e0_790, v0x8bf0f73e0_791, v0x8bf0f73e0_792;
v0x8bf0f73e0_793 .array/port v0x8bf0f73e0, 793;
v0x8bf0f73e0_794 .array/port v0x8bf0f73e0, 794;
v0x8bf0f73e0_795 .array/port v0x8bf0f73e0, 795;
v0x8bf0f73e0_796 .array/port v0x8bf0f73e0, 796;
E_0x8be1754c0/199 .event anyedge, v0x8bf0f73e0_793, v0x8bf0f73e0_794, v0x8bf0f73e0_795, v0x8bf0f73e0_796;
v0x8bf0f73e0_797 .array/port v0x8bf0f73e0, 797;
v0x8bf0f73e0_798 .array/port v0x8bf0f73e0, 798;
v0x8bf0f73e0_799 .array/port v0x8bf0f73e0, 799;
v0x8bf0f73e0_800 .array/port v0x8bf0f73e0, 800;
E_0x8be1754c0/200 .event anyedge, v0x8bf0f73e0_797, v0x8bf0f73e0_798, v0x8bf0f73e0_799, v0x8bf0f73e0_800;
v0x8bf0f73e0_801 .array/port v0x8bf0f73e0, 801;
v0x8bf0f73e0_802 .array/port v0x8bf0f73e0, 802;
v0x8bf0f73e0_803 .array/port v0x8bf0f73e0, 803;
v0x8bf0f73e0_804 .array/port v0x8bf0f73e0, 804;
E_0x8be1754c0/201 .event anyedge, v0x8bf0f73e0_801, v0x8bf0f73e0_802, v0x8bf0f73e0_803, v0x8bf0f73e0_804;
v0x8bf0f73e0_805 .array/port v0x8bf0f73e0, 805;
v0x8bf0f73e0_806 .array/port v0x8bf0f73e0, 806;
v0x8bf0f73e0_807 .array/port v0x8bf0f73e0, 807;
v0x8bf0f73e0_808 .array/port v0x8bf0f73e0, 808;
E_0x8be1754c0/202 .event anyedge, v0x8bf0f73e0_805, v0x8bf0f73e0_806, v0x8bf0f73e0_807, v0x8bf0f73e0_808;
v0x8bf0f73e0_809 .array/port v0x8bf0f73e0, 809;
v0x8bf0f73e0_810 .array/port v0x8bf0f73e0, 810;
v0x8bf0f73e0_811 .array/port v0x8bf0f73e0, 811;
v0x8bf0f73e0_812 .array/port v0x8bf0f73e0, 812;
E_0x8be1754c0/203 .event anyedge, v0x8bf0f73e0_809, v0x8bf0f73e0_810, v0x8bf0f73e0_811, v0x8bf0f73e0_812;
v0x8bf0f73e0_813 .array/port v0x8bf0f73e0, 813;
v0x8bf0f73e0_814 .array/port v0x8bf0f73e0, 814;
v0x8bf0f73e0_815 .array/port v0x8bf0f73e0, 815;
v0x8bf0f73e0_816 .array/port v0x8bf0f73e0, 816;
E_0x8be1754c0/204 .event anyedge, v0x8bf0f73e0_813, v0x8bf0f73e0_814, v0x8bf0f73e0_815, v0x8bf0f73e0_816;
v0x8bf0f73e0_817 .array/port v0x8bf0f73e0, 817;
v0x8bf0f73e0_818 .array/port v0x8bf0f73e0, 818;
v0x8bf0f73e0_819 .array/port v0x8bf0f73e0, 819;
v0x8bf0f73e0_820 .array/port v0x8bf0f73e0, 820;
E_0x8be1754c0/205 .event anyedge, v0x8bf0f73e0_817, v0x8bf0f73e0_818, v0x8bf0f73e0_819, v0x8bf0f73e0_820;
v0x8bf0f73e0_821 .array/port v0x8bf0f73e0, 821;
v0x8bf0f73e0_822 .array/port v0x8bf0f73e0, 822;
v0x8bf0f73e0_823 .array/port v0x8bf0f73e0, 823;
v0x8bf0f73e0_824 .array/port v0x8bf0f73e0, 824;
E_0x8be1754c0/206 .event anyedge, v0x8bf0f73e0_821, v0x8bf0f73e0_822, v0x8bf0f73e0_823, v0x8bf0f73e0_824;
v0x8bf0f73e0_825 .array/port v0x8bf0f73e0, 825;
v0x8bf0f73e0_826 .array/port v0x8bf0f73e0, 826;
v0x8bf0f73e0_827 .array/port v0x8bf0f73e0, 827;
v0x8bf0f73e0_828 .array/port v0x8bf0f73e0, 828;
E_0x8be1754c0/207 .event anyedge, v0x8bf0f73e0_825, v0x8bf0f73e0_826, v0x8bf0f73e0_827, v0x8bf0f73e0_828;
v0x8bf0f73e0_829 .array/port v0x8bf0f73e0, 829;
v0x8bf0f73e0_830 .array/port v0x8bf0f73e0, 830;
v0x8bf0f73e0_831 .array/port v0x8bf0f73e0, 831;
v0x8bf0f73e0_832 .array/port v0x8bf0f73e0, 832;
E_0x8be1754c0/208 .event anyedge, v0x8bf0f73e0_829, v0x8bf0f73e0_830, v0x8bf0f73e0_831, v0x8bf0f73e0_832;
v0x8bf0f73e0_833 .array/port v0x8bf0f73e0, 833;
v0x8bf0f73e0_834 .array/port v0x8bf0f73e0, 834;
v0x8bf0f73e0_835 .array/port v0x8bf0f73e0, 835;
v0x8bf0f73e0_836 .array/port v0x8bf0f73e0, 836;
E_0x8be1754c0/209 .event anyedge, v0x8bf0f73e0_833, v0x8bf0f73e0_834, v0x8bf0f73e0_835, v0x8bf0f73e0_836;
v0x8bf0f73e0_837 .array/port v0x8bf0f73e0, 837;
v0x8bf0f73e0_838 .array/port v0x8bf0f73e0, 838;
v0x8bf0f73e0_839 .array/port v0x8bf0f73e0, 839;
v0x8bf0f73e0_840 .array/port v0x8bf0f73e0, 840;
E_0x8be1754c0/210 .event anyedge, v0x8bf0f73e0_837, v0x8bf0f73e0_838, v0x8bf0f73e0_839, v0x8bf0f73e0_840;
v0x8bf0f73e0_841 .array/port v0x8bf0f73e0, 841;
v0x8bf0f73e0_842 .array/port v0x8bf0f73e0, 842;
v0x8bf0f73e0_843 .array/port v0x8bf0f73e0, 843;
v0x8bf0f73e0_844 .array/port v0x8bf0f73e0, 844;
E_0x8be1754c0/211 .event anyedge, v0x8bf0f73e0_841, v0x8bf0f73e0_842, v0x8bf0f73e0_843, v0x8bf0f73e0_844;
v0x8bf0f73e0_845 .array/port v0x8bf0f73e0, 845;
v0x8bf0f73e0_846 .array/port v0x8bf0f73e0, 846;
v0x8bf0f73e0_847 .array/port v0x8bf0f73e0, 847;
v0x8bf0f73e0_848 .array/port v0x8bf0f73e0, 848;
E_0x8be1754c0/212 .event anyedge, v0x8bf0f73e0_845, v0x8bf0f73e0_846, v0x8bf0f73e0_847, v0x8bf0f73e0_848;
v0x8bf0f73e0_849 .array/port v0x8bf0f73e0, 849;
v0x8bf0f73e0_850 .array/port v0x8bf0f73e0, 850;
v0x8bf0f73e0_851 .array/port v0x8bf0f73e0, 851;
v0x8bf0f73e0_852 .array/port v0x8bf0f73e0, 852;
E_0x8be1754c0/213 .event anyedge, v0x8bf0f73e0_849, v0x8bf0f73e0_850, v0x8bf0f73e0_851, v0x8bf0f73e0_852;
v0x8bf0f73e0_853 .array/port v0x8bf0f73e0, 853;
v0x8bf0f73e0_854 .array/port v0x8bf0f73e0, 854;
v0x8bf0f73e0_855 .array/port v0x8bf0f73e0, 855;
v0x8bf0f73e0_856 .array/port v0x8bf0f73e0, 856;
E_0x8be1754c0/214 .event anyedge, v0x8bf0f73e0_853, v0x8bf0f73e0_854, v0x8bf0f73e0_855, v0x8bf0f73e0_856;
v0x8bf0f73e0_857 .array/port v0x8bf0f73e0, 857;
v0x8bf0f73e0_858 .array/port v0x8bf0f73e0, 858;
v0x8bf0f73e0_859 .array/port v0x8bf0f73e0, 859;
v0x8bf0f73e0_860 .array/port v0x8bf0f73e0, 860;
E_0x8be1754c0/215 .event anyedge, v0x8bf0f73e0_857, v0x8bf0f73e0_858, v0x8bf0f73e0_859, v0x8bf0f73e0_860;
v0x8bf0f73e0_861 .array/port v0x8bf0f73e0, 861;
v0x8bf0f73e0_862 .array/port v0x8bf0f73e0, 862;
v0x8bf0f73e0_863 .array/port v0x8bf0f73e0, 863;
v0x8bf0f73e0_864 .array/port v0x8bf0f73e0, 864;
E_0x8be1754c0/216 .event anyedge, v0x8bf0f73e0_861, v0x8bf0f73e0_862, v0x8bf0f73e0_863, v0x8bf0f73e0_864;
v0x8bf0f73e0_865 .array/port v0x8bf0f73e0, 865;
v0x8bf0f73e0_866 .array/port v0x8bf0f73e0, 866;
v0x8bf0f73e0_867 .array/port v0x8bf0f73e0, 867;
v0x8bf0f73e0_868 .array/port v0x8bf0f73e0, 868;
E_0x8be1754c0/217 .event anyedge, v0x8bf0f73e0_865, v0x8bf0f73e0_866, v0x8bf0f73e0_867, v0x8bf0f73e0_868;
v0x8bf0f73e0_869 .array/port v0x8bf0f73e0, 869;
v0x8bf0f73e0_870 .array/port v0x8bf0f73e0, 870;
v0x8bf0f73e0_871 .array/port v0x8bf0f73e0, 871;
v0x8bf0f73e0_872 .array/port v0x8bf0f73e0, 872;
E_0x8be1754c0/218 .event anyedge, v0x8bf0f73e0_869, v0x8bf0f73e0_870, v0x8bf0f73e0_871, v0x8bf0f73e0_872;
v0x8bf0f73e0_873 .array/port v0x8bf0f73e0, 873;
v0x8bf0f73e0_874 .array/port v0x8bf0f73e0, 874;
v0x8bf0f73e0_875 .array/port v0x8bf0f73e0, 875;
v0x8bf0f73e0_876 .array/port v0x8bf0f73e0, 876;
E_0x8be1754c0/219 .event anyedge, v0x8bf0f73e0_873, v0x8bf0f73e0_874, v0x8bf0f73e0_875, v0x8bf0f73e0_876;
v0x8bf0f73e0_877 .array/port v0x8bf0f73e0, 877;
v0x8bf0f73e0_878 .array/port v0x8bf0f73e0, 878;
v0x8bf0f73e0_879 .array/port v0x8bf0f73e0, 879;
v0x8bf0f73e0_880 .array/port v0x8bf0f73e0, 880;
E_0x8be1754c0/220 .event anyedge, v0x8bf0f73e0_877, v0x8bf0f73e0_878, v0x8bf0f73e0_879, v0x8bf0f73e0_880;
v0x8bf0f73e0_881 .array/port v0x8bf0f73e0, 881;
v0x8bf0f73e0_882 .array/port v0x8bf0f73e0, 882;
v0x8bf0f73e0_883 .array/port v0x8bf0f73e0, 883;
v0x8bf0f73e0_884 .array/port v0x8bf0f73e0, 884;
E_0x8be1754c0/221 .event anyedge, v0x8bf0f73e0_881, v0x8bf0f73e0_882, v0x8bf0f73e0_883, v0x8bf0f73e0_884;
v0x8bf0f73e0_885 .array/port v0x8bf0f73e0, 885;
v0x8bf0f73e0_886 .array/port v0x8bf0f73e0, 886;
v0x8bf0f73e0_887 .array/port v0x8bf0f73e0, 887;
v0x8bf0f73e0_888 .array/port v0x8bf0f73e0, 888;
E_0x8be1754c0/222 .event anyedge, v0x8bf0f73e0_885, v0x8bf0f73e0_886, v0x8bf0f73e0_887, v0x8bf0f73e0_888;
v0x8bf0f73e0_889 .array/port v0x8bf0f73e0, 889;
v0x8bf0f73e0_890 .array/port v0x8bf0f73e0, 890;
v0x8bf0f73e0_891 .array/port v0x8bf0f73e0, 891;
v0x8bf0f73e0_892 .array/port v0x8bf0f73e0, 892;
E_0x8be1754c0/223 .event anyedge, v0x8bf0f73e0_889, v0x8bf0f73e0_890, v0x8bf0f73e0_891, v0x8bf0f73e0_892;
v0x8bf0f73e0_893 .array/port v0x8bf0f73e0, 893;
v0x8bf0f73e0_894 .array/port v0x8bf0f73e0, 894;
v0x8bf0f73e0_895 .array/port v0x8bf0f73e0, 895;
v0x8bf0f73e0_896 .array/port v0x8bf0f73e0, 896;
E_0x8be1754c0/224 .event anyedge, v0x8bf0f73e0_893, v0x8bf0f73e0_894, v0x8bf0f73e0_895, v0x8bf0f73e0_896;
v0x8bf0f73e0_897 .array/port v0x8bf0f73e0, 897;
v0x8bf0f73e0_898 .array/port v0x8bf0f73e0, 898;
v0x8bf0f73e0_899 .array/port v0x8bf0f73e0, 899;
v0x8bf0f73e0_900 .array/port v0x8bf0f73e0, 900;
E_0x8be1754c0/225 .event anyedge, v0x8bf0f73e0_897, v0x8bf0f73e0_898, v0x8bf0f73e0_899, v0x8bf0f73e0_900;
v0x8bf0f73e0_901 .array/port v0x8bf0f73e0, 901;
v0x8bf0f73e0_902 .array/port v0x8bf0f73e0, 902;
v0x8bf0f73e0_903 .array/port v0x8bf0f73e0, 903;
v0x8bf0f73e0_904 .array/port v0x8bf0f73e0, 904;
E_0x8be1754c0/226 .event anyedge, v0x8bf0f73e0_901, v0x8bf0f73e0_902, v0x8bf0f73e0_903, v0x8bf0f73e0_904;
v0x8bf0f73e0_905 .array/port v0x8bf0f73e0, 905;
v0x8bf0f73e0_906 .array/port v0x8bf0f73e0, 906;
v0x8bf0f73e0_907 .array/port v0x8bf0f73e0, 907;
v0x8bf0f73e0_908 .array/port v0x8bf0f73e0, 908;
E_0x8be1754c0/227 .event anyedge, v0x8bf0f73e0_905, v0x8bf0f73e0_906, v0x8bf0f73e0_907, v0x8bf0f73e0_908;
v0x8bf0f73e0_909 .array/port v0x8bf0f73e0, 909;
v0x8bf0f73e0_910 .array/port v0x8bf0f73e0, 910;
v0x8bf0f73e0_911 .array/port v0x8bf0f73e0, 911;
v0x8bf0f73e0_912 .array/port v0x8bf0f73e0, 912;
E_0x8be1754c0/228 .event anyedge, v0x8bf0f73e0_909, v0x8bf0f73e0_910, v0x8bf0f73e0_911, v0x8bf0f73e0_912;
v0x8bf0f73e0_913 .array/port v0x8bf0f73e0, 913;
v0x8bf0f73e0_914 .array/port v0x8bf0f73e0, 914;
v0x8bf0f73e0_915 .array/port v0x8bf0f73e0, 915;
v0x8bf0f73e0_916 .array/port v0x8bf0f73e0, 916;
E_0x8be1754c0/229 .event anyedge, v0x8bf0f73e0_913, v0x8bf0f73e0_914, v0x8bf0f73e0_915, v0x8bf0f73e0_916;
v0x8bf0f73e0_917 .array/port v0x8bf0f73e0, 917;
v0x8bf0f73e0_918 .array/port v0x8bf0f73e0, 918;
v0x8bf0f73e0_919 .array/port v0x8bf0f73e0, 919;
v0x8bf0f73e0_920 .array/port v0x8bf0f73e0, 920;
E_0x8be1754c0/230 .event anyedge, v0x8bf0f73e0_917, v0x8bf0f73e0_918, v0x8bf0f73e0_919, v0x8bf0f73e0_920;
v0x8bf0f73e0_921 .array/port v0x8bf0f73e0, 921;
v0x8bf0f73e0_922 .array/port v0x8bf0f73e0, 922;
v0x8bf0f73e0_923 .array/port v0x8bf0f73e0, 923;
v0x8bf0f73e0_924 .array/port v0x8bf0f73e0, 924;
E_0x8be1754c0/231 .event anyedge, v0x8bf0f73e0_921, v0x8bf0f73e0_922, v0x8bf0f73e0_923, v0x8bf0f73e0_924;
v0x8bf0f73e0_925 .array/port v0x8bf0f73e0, 925;
v0x8bf0f73e0_926 .array/port v0x8bf0f73e0, 926;
v0x8bf0f73e0_927 .array/port v0x8bf0f73e0, 927;
v0x8bf0f73e0_928 .array/port v0x8bf0f73e0, 928;
E_0x8be1754c0/232 .event anyedge, v0x8bf0f73e0_925, v0x8bf0f73e0_926, v0x8bf0f73e0_927, v0x8bf0f73e0_928;
v0x8bf0f73e0_929 .array/port v0x8bf0f73e0, 929;
v0x8bf0f73e0_930 .array/port v0x8bf0f73e0, 930;
v0x8bf0f73e0_931 .array/port v0x8bf0f73e0, 931;
v0x8bf0f73e0_932 .array/port v0x8bf0f73e0, 932;
E_0x8be1754c0/233 .event anyedge, v0x8bf0f73e0_929, v0x8bf0f73e0_930, v0x8bf0f73e0_931, v0x8bf0f73e0_932;
v0x8bf0f73e0_933 .array/port v0x8bf0f73e0, 933;
v0x8bf0f73e0_934 .array/port v0x8bf0f73e0, 934;
v0x8bf0f73e0_935 .array/port v0x8bf0f73e0, 935;
v0x8bf0f73e0_936 .array/port v0x8bf0f73e0, 936;
E_0x8be1754c0/234 .event anyedge, v0x8bf0f73e0_933, v0x8bf0f73e0_934, v0x8bf0f73e0_935, v0x8bf0f73e0_936;
v0x8bf0f73e0_937 .array/port v0x8bf0f73e0, 937;
v0x8bf0f73e0_938 .array/port v0x8bf0f73e0, 938;
v0x8bf0f73e0_939 .array/port v0x8bf0f73e0, 939;
v0x8bf0f73e0_940 .array/port v0x8bf0f73e0, 940;
E_0x8be1754c0/235 .event anyedge, v0x8bf0f73e0_937, v0x8bf0f73e0_938, v0x8bf0f73e0_939, v0x8bf0f73e0_940;
v0x8bf0f73e0_941 .array/port v0x8bf0f73e0, 941;
v0x8bf0f73e0_942 .array/port v0x8bf0f73e0, 942;
v0x8bf0f73e0_943 .array/port v0x8bf0f73e0, 943;
v0x8bf0f73e0_944 .array/port v0x8bf0f73e0, 944;
E_0x8be1754c0/236 .event anyedge, v0x8bf0f73e0_941, v0x8bf0f73e0_942, v0x8bf0f73e0_943, v0x8bf0f73e0_944;
v0x8bf0f73e0_945 .array/port v0x8bf0f73e0, 945;
v0x8bf0f73e0_946 .array/port v0x8bf0f73e0, 946;
v0x8bf0f73e0_947 .array/port v0x8bf0f73e0, 947;
v0x8bf0f73e0_948 .array/port v0x8bf0f73e0, 948;
E_0x8be1754c0/237 .event anyedge, v0x8bf0f73e0_945, v0x8bf0f73e0_946, v0x8bf0f73e0_947, v0x8bf0f73e0_948;
v0x8bf0f73e0_949 .array/port v0x8bf0f73e0, 949;
v0x8bf0f73e0_950 .array/port v0x8bf0f73e0, 950;
v0x8bf0f73e0_951 .array/port v0x8bf0f73e0, 951;
v0x8bf0f73e0_952 .array/port v0x8bf0f73e0, 952;
E_0x8be1754c0/238 .event anyedge, v0x8bf0f73e0_949, v0x8bf0f73e0_950, v0x8bf0f73e0_951, v0x8bf0f73e0_952;
v0x8bf0f73e0_953 .array/port v0x8bf0f73e0, 953;
v0x8bf0f73e0_954 .array/port v0x8bf0f73e0, 954;
v0x8bf0f73e0_955 .array/port v0x8bf0f73e0, 955;
v0x8bf0f73e0_956 .array/port v0x8bf0f73e0, 956;
E_0x8be1754c0/239 .event anyedge, v0x8bf0f73e0_953, v0x8bf0f73e0_954, v0x8bf0f73e0_955, v0x8bf0f73e0_956;
v0x8bf0f73e0_957 .array/port v0x8bf0f73e0, 957;
v0x8bf0f73e0_958 .array/port v0x8bf0f73e0, 958;
v0x8bf0f73e0_959 .array/port v0x8bf0f73e0, 959;
v0x8bf0f73e0_960 .array/port v0x8bf0f73e0, 960;
E_0x8be1754c0/240 .event anyedge, v0x8bf0f73e0_957, v0x8bf0f73e0_958, v0x8bf0f73e0_959, v0x8bf0f73e0_960;
v0x8bf0f73e0_961 .array/port v0x8bf0f73e0, 961;
v0x8bf0f73e0_962 .array/port v0x8bf0f73e0, 962;
v0x8bf0f73e0_963 .array/port v0x8bf0f73e0, 963;
v0x8bf0f73e0_964 .array/port v0x8bf0f73e0, 964;
E_0x8be1754c0/241 .event anyedge, v0x8bf0f73e0_961, v0x8bf0f73e0_962, v0x8bf0f73e0_963, v0x8bf0f73e0_964;
v0x8bf0f73e0_965 .array/port v0x8bf0f73e0, 965;
v0x8bf0f73e0_966 .array/port v0x8bf0f73e0, 966;
v0x8bf0f73e0_967 .array/port v0x8bf0f73e0, 967;
v0x8bf0f73e0_968 .array/port v0x8bf0f73e0, 968;
E_0x8be1754c0/242 .event anyedge, v0x8bf0f73e0_965, v0x8bf0f73e0_966, v0x8bf0f73e0_967, v0x8bf0f73e0_968;
v0x8bf0f73e0_969 .array/port v0x8bf0f73e0, 969;
v0x8bf0f73e0_970 .array/port v0x8bf0f73e0, 970;
v0x8bf0f73e0_971 .array/port v0x8bf0f73e0, 971;
v0x8bf0f73e0_972 .array/port v0x8bf0f73e0, 972;
E_0x8be1754c0/243 .event anyedge, v0x8bf0f73e0_969, v0x8bf0f73e0_970, v0x8bf0f73e0_971, v0x8bf0f73e0_972;
v0x8bf0f73e0_973 .array/port v0x8bf0f73e0, 973;
v0x8bf0f73e0_974 .array/port v0x8bf0f73e0, 974;
v0x8bf0f73e0_975 .array/port v0x8bf0f73e0, 975;
v0x8bf0f73e0_976 .array/port v0x8bf0f73e0, 976;
E_0x8be1754c0/244 .event anyedge, v0x8bf0f73e0_973, v0x8bf0f73e0_974, v0x8bf0f73e0_975, v0x8bf0f73e0_976;
v0x8bf0f73e0_977 .array/port v0x8bf0f73e0, 977;
v0x8bf0f73e0_978 .array/port v0x8bf0f73e0, 978;
v0x8bf0f73e0_979 .array/port v0x8bf0f73e0, 979;
v0x8bf0f73e0_980 .array/port v0x8bf0f73e0, 980;
E_0x8be1754c0/245 .event anyedge, v0x8bf0f73e0_977, v0x8bf0f73e0_978, v0x8bf0f73e0_979, v0x8bf0f73e0_980;
v0x8bf0f73e0_981 .array/port v0x8bf0f73e0, 981;
v0x8bf0f73e0_982 .array/port v0x8bf0f73e0, 982;
v0x8bf0f73e0_983 .array/port v0x8bf0f73e0, 983;
v0x8bf0f73e0_984 .array/port v0x8bf0f73e0, 984;
E_0x8be1754c0/246 .event anyedge, v0x8bf0f73e0_981, v0x8bf0f73e0_982, v0x8bf0f73e0_983, v0x8bf0f73e0_984;
v0x8bf0f73e0_985 .array/port v0x8bf0f73e0, 985;
v0x8bf0f73e0_986 .array/port v0x8bf0f73e0, 986;
v0x8bf0f73e0_987 .array/port v0x8bf0f73e0, 987;
v0x8bf0f73e0_988 .array/port v0x8bf0f73e0, 988;
E_0x8be1754c0/247 .event anyedge, v0x8bf0f73e0_985, v0x8bf0f73e0_986, v0x8bf0f73e0_987, v0x8bf0f73e0_988;
v0x8bf0f73e0_989 .array/port v0x8bf0f73e0, 989;
v0x8bf0f73e0_990 .array/port v0x8bf0f73e0, 990;
v0x8bf0f73e0_991 .array/port v0x8bf0f73e0, 991;
v0x8bf0f73e0_992 .array/port v0x8bf0f73e0, 992;
E_0x8be1754c0/248 .event anyedge, v0x8bf0f73e0_989, v0x8bf0f73e0_990, v0x8bf0f73e0_991, v0x8bf0f73e0_992;
v0x8bf0f73e0_993 .array/port v0x8bf0f73e0, 993;
v0x8bf0f73e0_994 .array/port v0x8bf0f73e0, 994;
v0x8bf0f73e0_995 .array/port v0x8bf0f73e0, 995;
v0x8bf0f73e0_996 .array/port v0x8bf0f73e0, 996;
E_0x8be1754c0/249 .event anyedge, v0x8bf0f73e0_993, v0x8bf0f73e0_994, v0x8bf0f73e0_995, v0x8bf0f73e0_996;
v0x8bf0f73e0_997 .array/port v0x8bf0f73e0, 997;
v0x8bf0f73e0_998 .array/port v0x8bf0f73e0, 998;
v0x8bf0f73e0_999 .array/port v0x8bf0f73e0, 999;
v0x8bf0f73e0_1000 .array/port v0x8bf0f73e0, 1000;
E_0x8be1754c0/250 .event anyedge, v0x8bf0f73e0_997, v0x8bf0f73e0_998, v0x8bf0f73e0_999, v0x8bf0f73e0_1000;
v0x8bf0f73e0_1001 .array/port v0x8bf0f73e0, 1001;
v0x8bf0f73e0_1002 .array/port v0x8bf0f73e0, 1002;
v0x8bf0f73e0_1003 .array/port v0x8bf0f73e0, 1003;
v0x8bf0f73e0_1004 .array/port v0x8bf0f73e0, 1004;
E_0x8be1754c0/251 .event anyedge, v0x8bf0f73e0_1001, v0x8bf0f73e0_1002, v0x8bf0f73e0_1003, v0x8bf0f73e0_1004;
v0x8bf0f73e0_1005 .array/port v0x8bf0f73e0, 1005;
v0x8bf0f73e0_1006 .array/port v0x8bf0f73e0, 1006;
v0x8bf0f73e0_1007 .array/port v0x8bf0f73e0, 1007;
v0x8bf0f73e0_1008 .array/port v0x8bf0f73e0, 1008;
E_0x8be1754c0/252 .event anyedge, v0x8bf0f73e0_1005, v0x8bf0f73e0_1006, v0x8bf0f73e0_1007, v0x8bf0f73e0_1008;
v0x8bf0f73e0_1009 .array/port v0x8bf0f73e0, 1009;
v0x8bf0f73e0_1010 .array/port v0x8bf0f73e0, 1010;
v0x8bf0f73e0_1011 .array/port v0x8bf0f73e0, 1011;
v0x8bf0f73e0_1012 .array/port v0x8bf0f73e0, 1012;
E_0x8be1754c0/253 .event anyedge, v0x8bf0f73e0_1009, v0x8bf0f73e0_1010, v0x8bf0f73e0_1011, v0x8bf0f73e0_1012;
v0x8bf0f73e0_1013 .array/port v0x8bf0f73e0, 1013;
v0x8bf0f73e0_1014 .array/port v0x8bf0f73e0, 1014;
v0x8bf0f73e0_1015 .array/port v0x8bf0f73e0, 1015;
v0x8bf0f73e0_1016 .array/port v0x8bf0f73e0, 1016;
E_0x8be1754c0/254 .event anyedge, v0x8bf0f73e0_1013, v0x8bf0f73e0_1014, v0x8bf0f73e0_1015, v0x8bf0f73e0_1016;
v0x8bf0f73e0_1017 .array/port v0x8bf0f73e0, 1017;
v0x8bf0f73e0_1018 .array/port v0x8bf0f73e0, 1018;
v0x8bf0f73e0_1019 .array/port v0x8bf0f73e0, 1019;
v0x8bf0f73e0_1020 .array/port v0x8bf0f73e0, 1020;
E_0x8be1754c0/255 .event anyedge, v0x8bf0f73e0_1017, v0x8bf0f73e0_1018, v0x8bf0f73e0_1019, v0x8bf0f73e0_1020;
v0x8bf0f73e0_1021 .array/port v0x8bf0f73e0, 1021;
v0x8bf0f73e0_1022 .array/port v0x8bf0f73e0, 1022;
v0x8bf0f73e0_1023 .array/port v0x8bf0f73e0, 1023;
v0x8bf0f73e0_1024 .array/port v0x8bf0f73e0, 1024;
E_0x8be1754c0/256 .event anyedge, v0x8bf0f73e0_1021, v0x8bf0f73e0_1022, v0x8bf0f73e0_1023, v0x8bf0f73e0_1024;
v0x8bf0f73e0_1025 .array/port v0x8bf0f73e0, 1025;
v0x8bf0f73e0_1026 .array/port v0x8bf0f73e0, 1026;
v0x8bf0f73e0_1027 .array/port v0x8bf0f73e0, 1027;
v0x8bf0f73e0_1028 .array/port v0x8bf0f73e0, 1028;
E_0x8be1754c0/257 .event anyedge, v0x8bf0f73e0_1025, v0x8bf0f73e0_1026, v0x8bf0f73e0_1027, v0x8bf0f73e0_1028;
v0x8bf0f73e0_1029 .array/port v0x8bf0f73e0, 1029;
v0x8bf0f73e0_1030 .array/port v0x8bf0f73e0, 1030;
v0x8bf0f73e0_1031 .array/port v0x8bf0f73e0, 1031;
v0x8bf0f73e0_1032 .array/port v0x8bf0f73e0, 1032;
E_0x8be1754c0/258 .event anyedge, v0x8bf0f73e0_1029, v0x8bf0f73e0_1030, v0x8bf0f73e0_1031, v0x8bf0f73e0_1032;
v0x8bf0f73e0_1033 .array/port v0x8bf0f73e0, 1033;
v0x8bf0f73e0_1034 .array/port v0x8bf0f73e0, 1034;
v0x8bf0f73e0_1035 .array/port v0x8bf0f73e0, 1035;
v0x8bf0f73e0_1036 .array/port v0x8bf0f73e0, 1036;
E_0x8be1754c0/259 .event anyedge, v0x8bf0f73e0_1033, v0x8bf0f73e0_1034, v0x8bf0f73e0_1035, v0x8bf0f73e0_1036;
v0x8bf0f73e0_1037 .array/port v0x8bf0f73e0, 1037;
v0x8bf0f73e0_1038 .array/port v0x8bf0f73e0, 1038;
v0x8bf0f73e0_1039 .array/port v0x8bf0f73e0, 1039;
v0x8bf0f73e0_1040 .array/port v0x8bf0f73e0, 1040;
E_0x8be1754c0/260 .event anyedge, v0x8bf0f73e0_1037, v0x8bf0f73e0_1038, v0x8bf0f73e0_1039, v0x8bf0f73e0_1040;
v0x8bf0f73e0_1041 .array/port v0x8bf0f73e0, 1041;
v0x8bf0f73e0_1042 .array/port v0x8bf0f73e0, 1042;
v0x8bf0f73e0_1043 .array/port v0x8bf0f73e0, 1043;
v0x8bf0f73e0_1044 .array/port v0x8bf0f73e0, 1044;
E_0x8be1754c0/261 .event anyedge, v0x8bf0f73e0_1041, v0x8bf0f73e0_1042, v0x8bf0f73e0_1043, v0x8bf0f73e0_1044;
v0x8bf0f73e0_1045 .array/port v0x8bf0f73e0, 1045;
v0x8bf0f73e0_1046 .array/port v0x8bf0f73e0, 1046;
v0x8bf0f73e0_1047 .array/port v0x8bf0f73e0, 1047;
v0x8bf0f73e0_1048 .array/port v0x8bf0f73e0, 1048;
E_0x8be1754c0/262 .event anyedge, v0x8bf0f73e0_1045, v0x8bf0f73e0_1046, v0x8bf0f73e0_1047, v0x8bf0f73e0_1048;
v0x8bf0f73e0_1049 .array/port v0x8bf0f73e0, 1049;
v0x8bf0f73e0_1050 .array/port v0x8bf0f73e0, 1050;
v0x8bf0f73e0_1051 .array/port v0x8bf0f73e0, 1051;
v0x8bf0f73e0_1052 .array/port v0x8bf0f73e0, 1052;
E_0x8be1754c0/263 .event anyedge, v0x8bf0f73e0_1049, v0x8bf0f73e0_1050, v0x8bf0f73e0_1051, v0x8bf0f73e0_1052;
v0x8bf0f73e0_1053 .array/port v0x8bf0f73e0, 1053;
v0x8bf0f73e0_1054 .array/port v0x8bf0f73e0, 1054;
v0x8bf0f73e0_1055 .array/port v0x8bf0f73e0, 1055;
v0x8bf0f73e0_1056 .array/port v0x8bf0f73e0, 1056;
E_0x8be1754c0/264 .event anyedge, v0x8bf0f73e0_1053, v0x8bf0f73e0_1054, v0x8bf0f73e0_1055, v0x8bf0f73e0_1056;
v0x8bf0f73e0_1057 .array/port v0x8bf0f73e0, 1057;
v0x8bf0f73e0_1058 .array/port v0x8bf0f73e0, 1058;
v0x8bf0f73e0_1059 .array/port v0x8bf0f73e0, 1059;
v0x8bf0f73e0_1060 .array/port v0x8bf0f73e0, 1060;
E_0x8be1754c0/265 .event anyedge, v0x8bf0f73e0_1057, v0x8bf0f73e0_1058, v0x8bf0f73e0_1059, v0x8bf0f73e0_1060;
v0x8bf0f73e0_1061 .array/port v0x8bf0f73e0, 1061;
v0x8bf0f73e0_1062 .array/port v0x8bf0f73e0, 1062;
v0x8bf0f73e0_1063 .array/port v0x8bf0f73e0, 1063;
v0x8bf0f73e0_1064 .array/port v0x8bf0f73e0, 1064;
E_0x8be1754c0/266 .event anyedge, v0x8bf0f73e0_1061, v0x8bf0f73e0_1062, v0x8bf0f73e0_1063, v0x8bf0f73e0_1064;
v0x8bf0f73e0_1065 .array/port v0x8bf0f73e0, 1065;
v0x8bf0f73e0_1066 .array/port v0x8bf0f73e0, 1066;
v0x8bf0f73e0_1067 .array/port v0x8bf0f73e0, 1067;
v0x8bf0f73e0_1068 .array/port v0x8bf0f73e0, 1068;
E_0x8be1754c0/267 .event anyedge, v0x8bf0f73e0_1065, v0x8bf0f73e0_1066, v0x8bf0f73e0_1067, v0x8bf0f73e0_1068;
v0x8bf0f73e0_1069 .array/port v0x8bf0f73e0, 1069;
v0x8bf0f73e0_1070 .array/port v0x8bf0f73e0, 1070;
v0x8bf0f73e0_1071 .array/port v0x8bf0f73e0, 1071;
v0x8bf0f73e0_1072 .array/port v0x8bf0f73e0, 1072;
E_0x8be1754c0/268 .event anyedge, v0x8bf0f73e0_1069, v0x8bf0f73e0_1070, v0x8bf0f73e0_1071, v0x8bf0f73e0_1072;
v0x8bf0f73e0_1073 .array/port v0x8bf0f73e0, 1073;
v0x8bf0f73e0_1074 .array/port v0x8bf0f73e0, 1074;
v0x8bf0f73e0_1075 .array/port v0x8bf0f73e0, 1075;
v0x8bf0f73e0_1076 .array/port v0x8bf0f73e0, 1076;
E_0x8be1754c0/269 .event anyedge, v0x8bf0f73e0_1073, v0x8bf0f73e0_1074, v0x8bf0f73e0_1075, v0x8bf0f73e0_1076;
v0x8bf0f73e0_1077 .array/port v0x8bf0f73e0, 1077;
v0x8bf0f73e0_1078 .array/port v0x8bf0f73e0, 1078;
v0x8bf0f73e0_1079 .array/port v0x8bf0f73e0, 1079;
v0x8bf0f73e0_1080 .array/port v0x8bf0f73e0, 1080;
E_0x8be1754c0/270 .event anyedge, v0x8bf0f73e0_1077, v0x8bf0f73e0_1078, v0x8bf0f73e0_1079, v0x8bf0f73e0_1080;
v0x8bf0f73e0_1081 .array/port v0x8bf0f73e0, 1081;
v0x8bf0f73e0_1082 .array/port v0x8bf0f73e0, 1082;
v0x8bf0f73e0_1083 .array/port v0x8bf0f73e0, 1083;
v0x8bf0f73e0_1084 .array/port v0x8bf0f73e0, 1084;
E_0x8be1754c0/271 .event anyedge, v0x8bf0f73e0_1081, v0x8bf0f73e0_1082, v0x8bf0f73e0_1083, v0x8bf0f73e0_1084;
v0x8bf0f73e0_1085 .array/port v0x8bf0f73e0, 1085;
v0x8bf0f73e0_1086 .array/port v0x8bf0f73e0, 1086;
v0x8bf0f73e0_1087 .array/port v0x8bf0f73e0, 1087;
v0x8bf0f73e0_1088 .array/port v0x8bf0f73e0, 1088;
E_0x8be1754c0/272 .event anyedge, v0x8bf0f73e0_1085, v0x8bf0f73e0_1086, v0x8bf0f73e0_1087, v0x8bf0f73e0_1088;
v0x8bf0f73e0_1089 .array/port v0x8bf0f73e0, 1089;
v0x8bf0f73e0_1090 .array/port v0x8bf0f73e0, 1090;
v0x8bf0f73e0_1091 .array/port v0x8bf0f73e0, 1091;
v0x8bf0f73e0_1092 .array/port v0x8bf0f73e0, 1092;
E_0x8be1754c0/273 .event anyedge, v0x8bf0f73e0_1089, v0x8bf0f73e0_1090, v0x8bf0f73e0_1091, v0x8bf0f73e0_1092;
v0x8bf0f73e0_1093 .array/port v0x8bf0f73e0, 1093;
v0x8bf0f73e0_1094 .array/port v0x8bf0f73e0, 1094;
v0x8bf0f73e0_1095 .array/port v0x8bf0f73e0, 1095;
v0x8bf0f73e0_1096 .array/port v0x8bf0f73e0, 1096;
E_0x8be1754c0/274 .event anyedge, v0x8bf0f73e0_1093, v0x8bf0f73e0_1094, v0x8bf0f73e0_1095, v0x8bf0f73e0_1096;
v0x8bf0f73e0_1097 .array/port v0x8bf0f73e0, 1097;
v0x8bf0f73e0_1098 .array/port v0x8bf0f73e0, 1098;
v0x8bf0f73e0_1099 .array/port v0x8bf0f73e0, 1099;
v0x8bf0f73e0_1100 .array/port v0x8bf0f73e0, 1100;
E_0x8be1754c0/275 .event anyedge, v0x8bf0f73e0_1097, v0x8bf0f73e0_1098, v0x8bf0f73e0_1099, v0x8bf0f73e0_1100;
v0x8bf0f73e0_1101 .array/port v0x8bf0f73e0, 1101;
v0x8bf0f73e0_1102 .array/port v0x8bf0f73e0, 1102;
v0x8bf0f73e0_1103 .array/port v0x8bf0f73e0, 1103;
v0x8bf0f73e0_1104 .array/port v0x8bf0f73e0, 1104;
E_0x8be1754c0/276 .event anyedge, v0x8bf0f73e0_1101, v0x8bf0f73e0_1102, v0x8bf0f73e0_1103, v0x8bf0f73e0_1104;
v0x8bf0f73e0_1105 .array/port v0x8bf0f73e0, 1105;
v0x8bf0f73e0_1106 .array/port v0x8bf0f73e0, 1106;
v0x8bf0f73e0_1107 .array/port v0x8bf0f73e0, 1107;
v0x8bf0f73e0_1108 .array/port v0x8bf0f73e0, 1108;
E_0x8be1754c0/277 .event anyedge, v0x8bf0f73e0_1105, v0x8bf0f73e0_1106, v0x8bf0f73e0_1107, v0x8bf0f73e0_1108;
v0x8bf0f73e0_1109 .array/port v0x8bf0f73e0, 1109;
v0x8bf0f73e0_1110 .array/port v0x8bf0f73e0, 1110;
v0x8bf0f73e0_1111 .array/port v0x8bf0f73e0, 1111;
v0x8bf0f73e0_1112 .array/port v0x8bf0f73e0, 1112;
E_0x8be1754c0/278 .event anyedge, v0x8bf0f73e0_1109, v0x8bf0f73e0_1110, v0x8bf0f73e0_1111, v0x8bf0f73e0_1112;
v0x8bf0f73e0_1113 .array/port v0x8bf0f73e0, 1113;
v0x8bf0f73e0_1114 .array/port v0x8bf0f73e0, 1114;
v0x8bf0f73e0_1115 .array/port v0x8bf0f73e0, 1115;
v0x8bf0f73e0_1116 .array/port v0x8bf0f73e0, 1116;
E_0x8be1754c0/279 .event anyedge, v0x8bf0f73e0_1113, v0x8bf0f73e0_1114, v0x8bf0f73e0_1115, v0x8bf0f73e0_1116;
v0x8bf0f73e0_1117 .array/port v0x8bf0f73e0, 1117;
v0x8bf0f73e0_1118 .array/port v0x8bf0f73e0, 1118;
v0x8bf0f73e0_1119 .array/port v0x8bf0f73e0, 1119;
v0x8bf0f73e0_1120 .array/port v0x8bf0f73e0, 1120;
E_0x8be1754c0/280 .event anyedge, v0x8bf0f73e0_1117, v0x8bf0f73e0_1118, v0x8bf0f73e0_1119, v0x8bf0f73e0_1120;
v0x8bf0f73e0_1121 .array/port v0x8bf0f73e0, 1121;
v0x8bf0f73e0_1122 .array/port v0x8bf0f73e0, 1122;
v0x8bf0f73e0_1123 .array/port v0x8bf0f73e0, 1123;
v0x8bf0f73e0_1124 .array/port v0x8bf0f73e0, 1124;
E_0x8be1754c0/281 .event anyedge, v0x8bf0f73e0_1121, v0x8bf0f73e0_1122, v0x8bf0f73e0_1123, v0x8bf0f73e0_1124;
v0x8bf0f73e0_1125 .array/port v0x8bf0f73e0, 1125;
v0x8bf0f73e0_1126 .array/port v0x8bf0f73e0, 1126;
v0x8bf0f73e0_1127 .array/port v0x8bf0f73e0, 1127;
v0x8bf0f73e0_1128 .array/port v0x8bf0f73e0, 1128;
E_0x8be1754c0/282 .event anyedge, v0x8bf0f73e0_1125, v0x8bf0f73e0_1126, v0x8bf0f73e0_1127, v0x8bf0f73e0_1128;
v0x8bf0f73e0_1129 .array/port v0x8bf0f73e0, 1129;
v0x8bf0f73e0_1130 .array/port v0x8bf0f73e0, 1130;
v0x8bf0f73e0_1131 .array/port v0x8bf0f73e0, 1131;
v0x8bf0f73e0_1132 .array/port v0x8bf0f73e0, 1132;
E_0x8be1754c0/283 .event anyedge, v0x8bf0f73e0_1129, v0x8bf0f73e0_1130, v0x8bf0f73e0_1131, v0x8bf0f73e0_1132;
v0x8bf0f73e0_1133 .array/port v0x8bf0f73e0, 1133;
v0x8bf0f73e0_1134 .array/port v0x8bf0f73e0, 1134;
v0x8bf0f73e0_1135 .array/port v0x8bf0f73e0, 1135;
v0x8bf0f73e0_1136 .array/port v0x8bf0f73e0, 1136;
E_0x8be1754c0/284 .event anyedge, v0x8bf0f73e0_1133, v0x8bf0f73e0_1134, v0x8bf0f73e0_1135, v0x8bf0f73e0_1136;
v0x8bf0f73e0_1137 .array/port v0x8bf0f73e0, 1137;
v0x8bf0f73e0_1138 .array/port v0x8bf0f73e0, 1138;
v0x8bf0f73e0_1139 .array/port v0x8bf0f73e0, 1139;
v0x8bf0f73e0_1140 .array/port v0x8bf0f73e0, 1140;
E_0x8be1754c0/285 .event anyedge, v0x8bf0f73e0_1137, v0x8bf0f73e0_1138, v0x8bf0f73e0_1139, v0x8bf0f73e0_1140;
v0x8bf0f73e0_1141 .array/port v0x8bf0f73e0, 1141;
v0x8bf0f73e0_1142 .array/port v0x8bf0f73e0, 1142;
v0x8bf0f73e0_1143 .array/port v0x8bf0f73e0, 1143;
v0x8bf0f73e0_1144 .array/port v0x8bf0f73e0, 1144;
E_0x8be1754c0/286 .event anyedge, v0x8bf0f73e0_1141, v0x8bf0f73e0_1142, v0x8bf0f73e0_1143, v0x8bf0f73e0_1144;
v0x8bf0f73e0_1145 .array/port v0x8bf0f73e0, 1145;
v0x8bf0f73e0_1146 .array/port v0x8bf0f73e0, 1146;
v0x8bf0f73e0_1147 .array/port v0x8bf0f73e0, 1147;
v0x8bf0f73e0_1148 .array/port v0x8bf0f73e0, 1148;
E_0x8be1754c0/287 .event anyedge, v0x8bf0f73e0_1145, v0x8bf0f73e0_1146, v0x8bf0f73e0_1147, v0x8bf0f73e0_1148;
v0x8bf0f73e0_1149 .array/port v0x8bf0f73e0, 1149;
v0x8bf0f73e0_1150 .array/port v0x8bf0f73e0, 1150;
v0x8bf0f73e0_1151 .array/port v0x8bf0f73e0, 1151;
v0x8bf0f73e0_1152 .array/port v0x8bf0f73e0, 1152;
E_0x8be1754c0/288 .event anyedge, v0x8bf0f73e0_1149, v0x8bf0f73e0_1150, v0x8bf0f73e0_1151, v0x8bf0f73e0_1152;
v0x8bf0f73e0_1153 .array/port v0x8bf0f73e0, 1153;
v0x8bf0f73e0_1154 .array/port v0x8bf0f73e0, 1154;
v0x8bf0f73e0_1155 .array/port v0x8bf0f73e0, 1155;
v0x8bf0f73e0_1156 .array/port v0x8bf0f73e0, 1156;
E_0x8be1754c0/289 .event anyedge, v0x8bf0f73e0_1153, v0x8bf0f73e0_1154, v0x8bf0f73e0_1155, v0x8bf0f73e0_1156;
v0x8bf0f73e0_1157 .array/port v0x8bf0f73e0, 1157;
v0x8bf0f73e0_1158 .array/port v0x8bf0f73e0, 1158;
v0x8bf0f73e0_1159 .array/port v0x8bf0f73e0, 1159;
v0x8bf0f73e0_1160 .array/port v0x8bf0f73e0, 1160;
E_0x8be1754c0/290 .event anyedge, v0x8bf0f73e0_1157, v0x8bf0f73e0_1158, v0x8bf0f73e0_1159, v0x8bf0f73e0_1160;
v0x8bf0f73e0_1161 .array/port v0x8bf0f73e0, 1161;
v0x8bf0f73e0_1162 .array/port v0x8bf0f73e0, 1162;
v0x8bf0f73e0_1163 .array/port v0x8bf0f73e0, 1163;
v0x8bf0f73e0_1164 .array/port v0x8bf0f73e0, 1164;
E_0x8be1754c0/291 .event anyedge, v0x8bf0f73e0_1161, v0x8bf0f73e0_1162, v0x8bf0f73e0_1163, v0x8bf0f73e0_1164;
v0x8bf0f73e0_1165 .array/port v0x8bf0f73e0, 1165;
v0x8bf0f73e0_1166 .array/port v0x8bf0f73e0, 1166;
v0x8bf0f73e0_1167 .array/port v0x8bf0f73e0, 1167;
v0x8bf0f73e0_1168 .array/port v0x8bf0f73e0, 1168;
E_0x8be1754c0/292 .event anyedge, v0x8bf0f73e0_1165, v0x8bf0f73e0_1166, v0x8bf0f73e0_1167, v0x8bf0f73e0_1168;
v0x8bf0f73e0_1169 .array/port v0x8bf0f73e0, 1169;
v0x8bf0f73e0_1170 .array/port v0x8bf0f73e0, 1170;
v0x8bf0f73e0_1171 .array/port v0x8bf0f73e0, 1171;
v0x8bf0f73e0_1172 .array/port v0x8bf0f73e0, 1172;
E_0x8be1754c0/293 .event anyedge, v0x8bf0f73e0_1169, v0x8bf0f73e0_1170, v0x8bf0f73e0_1171, v0x8bf0f73e0_1172;
v0x8bf0f73e0_1173 .array/port v0x8bf0f73e0, 1173;
v0x8bf0f73e0_1174 .array/port v0x8bf0f73e0, 1174;
v0x8bf0f73e0_1175 .array/port v0x8bf0f73e0, 1175;
v0x8bf0f73e0_1176 .array/port v0x8bf0f73e0, 1176;
E_0x8be1754c0/294 .event anyedge, v0x8bf0f73e0_1173, v0x8bf0f73e0_1174, v0x8bf0f73e0_1175, v0x8bf0f73e0_1176;
v0x8bf0f73e0_1177 .array/port v0x8bf0f73e0, 1177;
v0x8bf0f73e0_1178 .array/port v0x8bf0f73e0, 1178;
v0x8bf0f73e0_1179 .array/port v0x8bf0f73e0, 1179;
v0x8bf0f73e0_1180 .array/port v0x8bf0f73e0, 1180;
E_0x8be1754c0/295 .event anyedge, v0x8bf0f73e0_1177, v0x8bf0f73e0_1178, v0x8bf0f73e0_1179, v0x8bf0f73e0_1180;
v0x8bf0f73e0_1181 .array/port v0x8bf0f73e0, 1181;
v0x8bf0f73e0_1182 .array/port v0x8bf0f73e0, 1182;
v0x8bf0f73e0_1183 .array/port v0x8bf0f73e0, 1183;
v0x8bf0f73e0_1184 .array/port v0x8bf0f73e0, 1184;
E_0x8be1754c0/296 .event anyedge, v0x8bf0f73e0_1181, v0x8bf0f73e0_1182, v0x8bf0f73e0_1183, v0x8bf0f73e0_1184;
v0x8bf0f73e0_1185 .array/port v0x8bf0f73e0, 1185;
v0x8bf0f73e0_1186 .array/port v0x8bf0f73e0, 1186;
v0x8bf0f73e0_1187 .array/port v0x8bf0f73e0, 1187;
v0x8bf0f73e0_1188 .array/port v0x8bf0f73e0, 1188;
E_0x8be1754c0/297 .event anyedge, v0x8bf0f73e0_1185, v0x8bf0f73e0_1186, v0x8bf0f73e0_1187, v0x8bf0f73e0_1188;
v0x8bf0f73e0_1189 .array/port v0x8bf0f73e0, 1189;
v0x8bf0f73e0_1190 .array/port v0x8bf0f73e0, 1190;
v0x8bf0f73e0_1191 .array/port v0x8bf0f73e0, 1191;
v0x8bf0f73e0_1192 .array/port v0x8bf0f73e0, 1192;
E_0x8be1754c0/298 .event anyedge, v0x8bf0f73e0_1189, v0x8bf0f73e0_1190, v0x8bf0f73e0_1191, v0x8bf0f73e0_1192;
v0x8bf0f73e0_1193 .array/port v0x8bf0f73e0, 1193;
v0x8bf0f73e0_1194 .array/port v0x8bf0f73e0, 1194;
v0x8bf0f73e0_1195 .array/port v0x8bf0f73e0, 1195;
v0x8bf0f73e0_1196 .array/port v0x8bf0f73e0, 1196;
E_0x8be1754c0/299 .event anyedge, v0x8bf0f73e0_1193, v0x8bf0f73e0_1194, v0x8bf0f73e0_1195, v0x8bf0f73e0_1196;
v0x8bf0f73e0_1197 .array/port v0x8bf0f73e0, 1197;
v0x8bf0f73e0_1198 .array/port v0x8bf0f73e0, 1198;
v0x8bf0f73e0_1199 .array/port v0x8bf0f73e0, 1199;
v0x8bf0f73e0_1200 .array/port v0x8bf0f73e0, 1200;
E_0x8be1754c0/300 .event anyedge, v0x8bf0f73e0_1197, v0x8bf0f73e0_1198, v0x8bf0f73e0_1199, v0x8bf0f73e0_1200;
v0x8bf0f73e0_1201 .array/port v0x8bf0f73e0, 1201;
v0x8bf0f73e0_1202 .array/port v0x8bf0f73e0, 1202;
v0x8bf0f73e0_1203 .array/port v0x8bf0f73e0, 1203;
v0x8bf0f73e0_1204 .array/port v0x8bf0f73e0, 1204;
E_0x8be1754c0/301 .event anyedge, v0x8bf0f73e0_1201, v0x8bf0f73e0_1202, v0x8bf0f73e0_1203, v0x8bf0f73e0_1204;
v0x8bf0f73e0_1205 .array/port v0x8bf0f73e0, 1205;
v0x8bf0f73e0_1206 .array/port v0x8bf0f73e0, 1206;
v0x8bf0f73e0_1207 .array/port v0x8bf0f73e0, 1207;
v0x8bf0f73e0_1208 .array/port v0x8bf0f73e0, 1208;
E_0x8be1754c0/302 .event anyedge, v0x8bf0f73e0_1205, v0x8bf0f73e0_1206, v0x8bf0f73e0_1207, v0x8bf0f73e0_1208;
v0x8bf0f73e0_1209 .array/port v0x8bf0f73e0, 1209;
v0x8bf0f73e0_1210 .array/port v0x8bf0f73e0, 1210;
v0x8bf0f73e0_1211 .array/port v0x8bf0f73e0, 1211;
v0x8bf0f73e0_1212 .array/port v0x8bf0f73e0, 1212;
E_0x8be1754c0/303 .event anyedge, v0x8bf0f73e0_1209, v0x8bf0f73e0_1210, v0x8bf0f73e0_1211, v0x8bf0f73e0_1212;
v0x8bf0f73e0_1213 .array/port v0x8bf0f73e0, 1213;
v0x8bf0f73e0_1214 .array/port v0x8bf0f73e0, 1214;
v0x8bf0f73e0_1215 .array/port v0x8bf0f73e0, 1215;
v0x8bf0f73e0_1216 .array/port v0x8bf0f73e0, 1216;
E_0x8be1754c0/304 .event anyedge, v0x8bf0f73e0_1213, v0x8bf0f73e0_1214, v0x8bf0f73e0_1215, v0x8bf0f73e0_1216;
v0x8bf0f73e0_1217 .array/port v0x8bf0f73e0, 1217;
v0x8bf0f73e0_1218 .array/port v0x8bf0f73e0, 1218;
v0x8bf0f73e0_1219 .array/port v0x8bf0f73e0, 1219;
v0x8bf0f73e0_1220 .array/port v0x8bf0f73e0, 1220;
E_0x8be1754c0/305 .event anyedge, v0x8bf0f73e0_1217, v0x8bf0f73e0_1218, v0x8bf0f73e0_1219, v0x8bf0f73e0_1220;
v0x8bf0f73e0_1221 .array/port v0x8bf0f73e0, 1221;
v0x8bf0f73e0_1222 .array/port v0x8bf0f73e0, 1222;
v0x8bf0f73e0_1223 .array/port v0x8bf0f73e0, 1223;
v0x8bf0f73e0_1224 .array/port v0x8bf0f73e0, 1224;
E_0x8be1754c0/306 .event anyedge, v0x8bf0f73e0_1221, v0x8bf0f73e0_1222, v0x8bf0f73e0_1223, v0x8bf0f73e0_1224;
v0x8bf0f73e0_1225 .array/port v0x8bf0f73e0, 1225;
v0x8bf0f73e0_1226 .array/port v0x8bf0f73e0, 1226;
v0x8bf0f73e0_1227 .array/port v0x8bf0f73e0, 1227;
v0x8bf0f73e0_1228 .array/port v0x8bf0f73e0, 1228;
E_0x8be1754c0/307 .event anyedge, v0x8bf0f73e0_1225, v0x8bf0f73e0_1226, v0x8bf0f73e0_1227, v0x8bf0f73e0_1228;
v0x8bf0f73e0_1229 .array/port v0x8bf0f73e0, 1229;
v0x8bf0f73e0_1230 .array/port v0x8bf0f73e0, 1230;
v0x8bf0f73e0_1231 .array/port v0x8bf0f73e0, 1231;
v0x8bf0f73e0_1232 .array/port v0x8bf0f73e0, 1232;
E_0x8be1754c0/308 .event anyedge, v0x8bf0f73e0_1229, v0x8bf0f73e0_1230, v0x8bf0f73e0_1231, v0x8bf0f73e0_1232;
v0x8bf0f73e0_1233 .array/port v0x8bf0f73e0, 1233;
v0x8bf0f73e0_1234 .array/port v0x8bf0f73e0, 1234;
v0x8bf0f73e0_1235 .array/port v0x8bf0f73e0, 1235;
v0x8bf0f73e0_1236 .array/port v0x8bf0f73e0, 1236;
E_0x8be1754c0/309 .event anyedge, v0x8bf0f73e0_1233, v0x8bf0f73e0_1234, v0x8bf0f73e0_1235, v0x8bf0f73e0_1236;
v0x8bf0f73e0_1237 .array/port v0x8bf0f73e0, 1237;
v0x8bf0f73e0_1238 .array/port v0x8bf0f73e0, 1238;
v0x8bf0f73e0_1239 .array/port v0x8bf0f73e0, 1239;
v0x8bf0f73e0_1240 .array/port v0x8bf0f73e0, 1240;
E_0x8be1754c0/310 .event anyedge, v0x8bf0f73e0_1237, v0x8bf0f73e0_1238, v0x8bf0f73e0_1239, v0x8bf0f73e0_1240;
v0x8bf0f73e0_1241 .array/port v0x8bf0f73e0, 1241;
v0x8bf0f73e0_1242 .array/port v0x8bf0f73e0, 1242;
v0x8bf0f73e0_1243 .array/port v0x8bf0f73e0, 1243;
v0x8bf0f73e0_1244 .array/port v0x8bf0f73e0, 1244;
E_0x8be1754c0/311 .event anyedge, v0x8bf0f73e0_1241, v0x8bf0f73e0_1242, v0x8bf0f73e0_1243, v0x8bf0f73e0_1244;
v0x8bf0f73e0_1245 .array/port v0x8bf0f73e0, 1245;
v0x8bf0f73e0_1246 .array/port v0x8bf0f73e0, 1246;
v0x8bf0f73e0_1247 .array/port v0x8bf0f73e0, 1247;
v0x8bf0f73e0_1248 .array/port v0x8bf0f73e0, 1248;
E_0x8be1754c0/312 .event anyedge, v0x8bf0f73e0_1245, v0x8bf0f73e0_1246, v0x8bf0f73e0_1247, v0x8bf0f73e0_1248;
v0x8bf0f73e0_1249 .array/port v0x8bf0f73e0, 1249;
v0x8bf0f73e0_1250 .array/port v0x8bf0f73e0, 1250;
v0x8bf0f73e0_1251 .array/port v0x8bf0f73e0, 1251;
v0x8bf0f73e0_1252 .array/port v0x8bf0f73e0, 1252;
E_0x8be1754c0/313 .event anyedge, v0x8bf0f73e0_1249, v0x8bf0f73e0_1250, v0x8bf0f73e0_1251, v0x8bf0f73e0_1252;
v0x8bf0f73e0_1253 .array/port v0x8bf0f73e0, 1253;
v0x8bf0f73e0_1254 .array/port v0x8bf0f73e0, 1254;
v0x8bf0f73e0_1255 .array/port v0x8bf0f73e0, 1255;
v0x8bf0f73e0_1256 .array/port v0x8bf0f73e0, 1256;
E_0x8be1754c0/314 .event anyedge, v0x8bf0f73e0_1253, v0x8bf0f73e0_1254, v0x8bf0f73e0_1255, v0x8bf0f73e0_1256;
v0x8bf0f73e0_1257 .array/port v0x8bf0f73e0, 1257;
v0x8bf0f73e0_1258 .array/port v0x8bf0f73e0, 1258;
v0x8bf0f73e0_1259 .array/port v0x8bf0f73e0, 1259;
v0x8bf0f73e0_1260 .array/port v0x8bf0f73e0, 1260;
E_0x8be1754c0/315 .event anyedge, v0x8bf0f73e0_1257, v0x8bf0f73e0_1258, v0x8bf0f73e0_1259, v0x8bf0f73e0_1260;
v0x8bf0f73e0_1261 .array/port v0x8bf0f73e0, 1261;
v0x8bf0f73e0_1262 .array/port v0x8bf0f73e0, 1262;
v0x8bf0f73e0_1263 .array/port v0x8bf0f73e0, 1263;
v0x8bf0f73e0_1264 .array/port v0x8bf0f73e0, 1264;
E_0x8be1754c0/316 .event anyedge, v0x8bf0f73e0_1261, v0x8bf0f73e0_1262, v0x8bf0f73e0_1263, v0x8bf0f73e0_1264;
v0x8bf0f73e0_1265 .array/port v0x8bf0f73e0, 1265;
v0x8bf0f73e0_1266 .array/port v0x8bf0f73e0, 1266;
v0x8bf0f73e0_1267 .array/port v0x8bf0f73e0, 1267;
v0x8bf0f73e0_1268 .array/port v0x8bf0f73e0, 1268;
E_0x8be1754c0/317 .event anyedge, v0x8bf0f73e0_1265, v0x8bf0f73e0_1266, v0x8bf0f73e0_1267, v0x8bf0f73e0_1268;
v0x8bf0f73e0_1269 .array/port v0x8bf0f73e0, 1269;
v0x8bf0f73e0_1270 .array/port v0x8bf0f73e0, 1270;
v0x8bf0f73e0_1271 .array/port v0x8bf0f73e0, 1271;
v0x8bf0f73e0_1272 .array/port v0x8bf0f73e0, 1272;
E_0x8be1754c0/318 .event anyedge, v0x8bf0f73e0_1269, v0x8bf0f73e0_1270, v0x8bf0f73e0_1271, v0x8bf0f73e0_1272;
v0x8bf0f73e0_1273 .array/port v0x8bf0f73e0, 1273;
v0x8bf0f73e0_1274 .array/port v0x8bf0f73e0, 1274;
v0x8bf0f73e0_1275 .array/port v0x8bf0f73e0, 1275;
v0x8bf0f73e0_1276 .array/port v0x8bf0f73e0, 1276;
E_0x8be1754c0/319 .event anyedge, v0x8bf0f73e0_1273, v0x8bf0f73e0_1274, v0x8bf0f73e0_1275, v0x8bf0f73e0_1276;
v0x8bf0f73e0_1277 .array/port v0x8bf0f73e0, 1277;
v0x8bf0f73e0_1278 .array/port v0x8bf0f73e0, 1278;
v0x8bf0f73e0_1279 .array/port v0x8bf0f73e0, 1279;
v0x8bf0f73e0_1280 .array/port v0x8bf0f73e0, 1280;
E_0x8be1754c0/320 .event anyedge, v0x8bf0f73e0_1277, v0x8bf0f73e0_1278, v0x8bf0f73e0_1279, v0x8bf0f73e0_1280;
v0x8bf0f73e0_1281 .array/port v0x8bf0f73e0, 1281;
v0x8bf0f73e0_1282 .array/port v0x8bf0f73e0, 1282;
v0x8bf0f73e0_1283 .array/port v0x8bf0f73e0, 1283;
v0x8bf0f73e0_1284 .array/port v0x8bf0f73e0, 1284;
E_0x8be1754c0/321 .event anyedge, v0x8bf0f73e0_1281, v0x8bf0f73e0_1282, v0x8bf0f73e0_1283, v0x8bf0f73e0_1284;
v0x8bf0f73e0_1285 .array/port v0x8bf0f73e0, 1285;
v0x8bf0f73e0_1286 .array/port v0x8bf0f73e0, 1286;
v0x8bf0f73e0_1287 .array/port v0x8bf0f73e0, 1287;
v0x8bf0f73e0_1288 .array/port v0x8bf0f73e0, 1288;
E_0x8be1754c0/322 .event anyedge, v0x8bf0f73e0_1285, v0x8bf0f73e0_1286, v0x8bf0f73e0_1287, v0x8bf0f73e0_1288;
v0x8bf0f73e0_1289 .array/port v0x8bf0f73e0, 1289;
v0x8bf0f73e0_1290 .array/port v0x8bf0f73e0, 1290;
v0x8bf0f73e0_1291 .array/port v0x8bf0f73e0, 1291;
v0x8bf0f73e0_1292 .array/port v0x8bf0f73e0, 1292;
E_0x8be1754c0/323 .event anyedge, v0x8bf0f73e0_1289, v0x8bf0f73e0_1290, v0x8bf0f73e0_1291, v0x8bf0f73e0_1292;
v0x8bf0f73e0_1293 .array/port v0x8bf0f73e0, 1293;
v0x8bf0f73e0_1294 .array/port v0x8bf0f73e0, 1294;
v0x8bf0f73e0_1295 .array/port v0x8bf0f73e0, 1295;
v0x8bf0f73e0_1296 .array/port v0x8bf0f73e0, 1296;
E_0x8be1754c0/324 .event anyedge, v0x8bf0f73e0_1293, v0x8bf0f73e0_1294, v0x8bf0f73e0_1295, v0x8bf0f73e0_1296;
v0x8bf0f73e0_1297 .array/port v0x8bf0f73e0, 1297;
v0x8bf0f73e0_1298 .array/port v0x8bf0f73e0, 1298;
v0x8bf0f73e0_1299 .array/port v0x8bf0f73e0, 1299;
v0x8bf0f73e0_1300 .array/port v0x8bf0f73e0, 1300;
E_0x8be1754c0/325 .event anyedge, v0x8bf0f73e0_1297, v0x8bf0f73e0_1298, v0x8bf0f73e0_1299, v0x8bf0f73e0_1300;
v0x8bf0f73e0_1301 .array/port v0x8bf0f73e0, 1301;
v0x8bf0f73e0_1302 .array/port v0x8bf0f73e0, 1302;
v0x8bf0f73e0_1303 .array/port v0x8bf0f73e0, 1303;
v0x8bf0f73e0_1304 .array/port v0x8bf0f73e0, 1304;
E_0x8be1754c0/326 .event anyedge, v0x8bf0f73e0_1301, v0x8bf0f73e0_1302, v0x8bf0f73e0_1303, v0x8bf0f73e0_1304;
v0x8bf0f73e0_1305 .array/port v0x8bf0f73e0, 1305;
v0x8bf0f73e0_1306 .array/port v0x8bf0f73e0, 1306;
v0x8bf0f73e0_1307 .array/port v0x8bf0f73e0, 1307;
v0x8bf0f73e0_1308 .array/port v0x8bf0f73e0, 1308;
E_0x8be1754c0/327 .event anyedge, v0x8bf0f73e0_1305, v0x8bf0f73e0_1306, v0x8bf0f73e0_1307, v0x8bf0f73e0_1308;
v0x8bf0f73e0_1309 .array/port v0x8bf0f73e0, 1309;
v0x8bf0f73e0_1310 .array/port v0x8bf0f73e0, 1310;
v0x8bf0f73e0_1311 .array/port v0x8bf0f73e0, 1311;
v0x8bf0f73e0_1312 .array/port v0x8bf0f73e0, 1312;
E_0x8be1754c0/328 .event anyedge, v0x8bf0f73e0_1309, v0x8bf0f73e0_1310, v0x8bf0f73e0_1311, v0x8bf0f73e0_1312;
v0x8bf0f73e0_1313 .array/port v0x8bf0f73e0, 1313;
v0x8bf0f73e0_1314 .array/port v0x8bf0f73e0, 1314;
v0x8bf0f73e0_1315 .array/port v0x8bf0f73e0, 1315;
v0x8bf0f73e0_1316 .array/port v0x8bf0f73e0, 1316;
E_0x8be1754c0/329 .event anyedge, v0x8bf0f73e0_1313, v0x8bf0f73e0_1314, v0x8bf0f73e0_1315, v0x8bf0f73e0_1316;
v0x8bf0f73e0_1317 .array/port v0x8bf0f73e0, 1317;
v0x8bf0f73e0_1318 .array/port v0x8bf0f73e0, 1318;
v0x8bf0f73e0_1319 .array/port v0x8bf0f73e0, 1319;
v0x8bf0f73e0_1320 .array/port v0x8bf0f73e0, 1320;
E_0x8be1754c0/330 .event anyedge, v0x8bf0f73e0_1317, v0x8bf0f73e0_1318, v0x8bf0f73e0_1319, v0x8bf0f73e0_1320;
v0x8bf0f73e0_1321 .array/port v0x8bf0f73e0, 1321;
v0x8bf0f73e0_1322 .array/port v0x8bf0f73e0, 1322;
v0x8bf0f73e0_1323 .array/port v0x8bf0f73e0, 1323;
v0x8bf0f73e0_1324 .array/port v0x8bf0f73e0, 1324;
E_0x8be1754c0/331 .event anyedge, v0x8bf0f73e0_1321, v0x8bf0f73e0_1322, v0x8bf0f73e0_1323, v0x8bf0f73e0_1324;
v0x8bf0f73e0_1325 .array/port v0x8bf0f73e0, 1325;
v0x8bf0f73e0_1326 .array/port v0x8bf0f73e0, 1326;
v0x8bf0f73e0_1327 .array/port v0x8bf0f73e0, 1327;
v0x8bf0f73e0_1328 .array/port v0x8bf0f73e0, 1328;
E_0x8be1754c0/332 .event anyedge, v0x8bf0f73e0_1325, v0x8bf0f73e0_1326, v0x8bf0f73e0_1327, v0x8bf0f73e0_1328;
v0x8bf0f73e0_1329 .array/port v0x8bf0f73e0, 1329;
v0x8bf0f73e0_1330 .array/port v0x8bf0f73e0, 1330;
v0x8bf0f73e0_1331 .array/port v0x8bf0f73e0, 1331;
v0x8bf0f73e0_1332 .array/port v0x8bf0f73e0, 1332;
E_0x8be1754c0/333 .event anyedge, v0x8bf0f73e0_1329, v0x8bf0f73e0_1330, v0x8bf0f73e0_1331, v0x8bf0f73e0_1332;
v0x8bf0f73e0_1333 .array/port v0x8bf0f73e0, 1333;
v0x8bf0f73e0_1334 .array/port v0x8bf0f73e0, 1334;
v0x8bf0f73e0_1335 .array/port v0x8bf0f73e0, 1335;
v0x8bf0f73e0_1336 .array/port v0x8bf0f73e0, 1336;
E_0x8be1754c0/334 .event anyedge, v0x8bf0f73e0_1333, v0x8bf0f73e0_1334, v0x8bf0f73e0_1335, v0x8bf0f73e0_1336;
v0x8bf0f73e0_1337 .array/port v0x8bf0f73e0, 1337;
v0x8bf0f73e0_1338 .array/port v0x8bf0f73e0, 1338;
v0x8bf0f73e0_1339 .array/port v0x8bf0f73e0, 1339;
v0x8bf0f73e0_1340 .array/port v0x8bf0f73e0, 1340;
E_0x8be1754c0/335 .event anyedge, v0x8bf0f73e0_1337, v0x8bf0f73e0_1338, v0x8bf0f73e0_1339, v0x8bf0f73e0_1340;
v0x8bf0f73e0_1341 .array/port v0x8bf0f73e0, 1341;
v0x8bf0f73e0_1342 .array/port v0x8bf0f73e0, 1342;
v0x8bf0f73e0_1343 .array/port v0x8bf0f73e0, 1343;
v0x8bf0f73e0_1344 .array/port v0x8bf0f73e0, 1344;
E_0x8be1754c0/336 .event anyedge, v0x8bf0f73e0_1341, v0x8bf0f73e0_1342, v0x8bf0f73e0_1343, v0x8bf0f73e0_1344;
v0x8bf0f73e0_1345 .array/port v0x8bf0f73e0, 1345;
v0x8bf0f73e0_1346 .array/port v0x8bf0f73e0, 1346;
v0x8bf0f73e0_1347 .array/port v0x8bf0f73e0, 1347;
v0x8bf0f73e0_1348 .array/port v0x8bf0f73e0, 1348;
E_0x8be1754c0/337 .event anyedge, v0x8bf0f73e0_1345, v0x8bf0f73e0_1346, v0x8bf0f73e0_1347, v0x8bf0f73e0_1348;
v0x8bf0f73e0_1349 .array/port v0x8bf0f73e0, 1349;
v0x8bf0f73e0_1350 .array/port v0x8bf0f73e0, 1350;
v0x8bf0f73e0_1351 .array/port v0x8bf0f73e0, 1351;
v0x8bf0f73e0_1352 .array/port v0x8bf0f73e0, 1352;
E_0x8be1754c0/338 .event anyedge, v0x8bf0f73e0_1349, v0x8bf0f73e0_1350, v0x8bf0f73e0_1351, v0x8bf0f73e0_1352;
v0x8bf0f73e0_1353 .array/port v0x8bf0f73e0, 1353;
v0x8bf0f73e0_1354 .array/port v0x8bf0f73e0, 1354;
v0x8bf0f73e0_1355 .array/port v0x8bf0f73e0, 1355;
v0x8bf0f73e0_1356 .array/port v0x8bf0f73e0, 1356;
E_0x8be1754c0/339 .event anyedge, v0x8bf0f73e0_1353, v0x8bf0f73e0_1354, v0x8bf0f73e0_1355, v0x8bf0f73e0_1356;
v0x8bf0f73e0_1357 .array/port v0x8bf0f73e0, 1357;
v0x8bf0f73e0_1358 .array/port v0x8bf0f73e0, 1358;
v0x8bf0f73e0_1359 .array/port v0x8bf0f73e0, 1359;
v0x8bf0f73e0_1360 .array/port v0x8bf0f73e0, 1360;
E_0x8be1754c0/340 .event anyedge, v0x8bf0f73e0_1357, v0x8bf0f73e0_1358, v0x8bf0f73e0_1359, v0x8bf0f73e0_1360;
v0x8bf0f73e0_1361 .array/port v0x8bf0f73e0, 1361;
v0x8bf0f73e0_1362 .array/port v0x8bf0f73e0, 1362;
v0x8bf0f73e0_1363 .array/port v0x8bf0f73e0, 1363;
v0x8bf0f73e0_1364 .array/port v0x8bf0f73e0, 1364;
E_0x8be1754c0/341 .event anyedge, v0x8bf0f73e0_1361, v0x8bf0f73e0_1362, v0x8bf0f73e0_1363, v0x8bf0f73e0_1364;
v0x8bf0f73e0_1365 .array/port v0x8bf0f73e0, 1365;
v0x8bf0f73e0_1366 .array/port v0x8bf0f73e0, 1366;
v0x8bf0f73e0_1367 .array/port v0x8bf0f73e0, 1367;
v0x8bf0f73e0_1368 .array/port v0x8bf0f73e0, 1368;
E_0x8be1754c0/342 .event anyedge, v0x8bf0f73e0_1365, v0x8bf0f73e0_1366, v0x8bf0f73e0_1367, v0x8bf0f73e0_1368;
v0x8bf0f73e0_1369 .array/port v0x8bf0f73e0, 1369;
v0x8bf0f73e0_1370 .array/port v0x8bf0f73e0, 1370;
v0x8bf0f73e0_1371 .array/port v0x8bf0f73e0, 1371;
v0x8bf0f73e0_1372 .array/port v0x8bf0f73e0, 1372;
E_0x8be1754c0/343 .event anyedge, v0x8bf0f73e0_1369, v0x8bf0f73e0_1370, v0x8bf0f73e0_1371, v0x8bf0f73e0_1372;
v0x8bf0f73e0_1373 .array/port v0x8bf0f73e0, 1373;
v0x8bf0f73e0_1374 .array/port v0x8bf0f73e0, 1374;
v0x8bf0f73e0_1375 .array/port v0x8bf0f73e0, 1375;
v0x8bf0f73e0_1376 .array/port v0x8bf0f73e0, 1376;
E_0x8be1754c0/344 .event anyedge, v0x8bf0f73e0_1373, v0x8bf0f73e0_1374, v0x8bf0f73e0_1375, v0x8bf0f73e0_1376;
v0x8bf0f73e0_1377 .array/port v0x8bf0f73e0, 1377;
v0x8bf0f73e0_1378 .array/port v0x8bf0f73e0, 1378;
v0x8bf0f73e0_1379 .array/port v0x8bf0f73e0, 1379;
v0x8bf0f73e0_1380 .array/port v0x8bf0f73e0, 1380;
E_0x8be1754c0/345 .event anyedge, v0x8bf0f73e0_1377, v0x8bf0f73e0_1378, v0x8bf0f73e0_1379, v0x8bf0f73e0_1380;
v0x8bf0f73e0_1381 .array/port v0x8bf0f73e0, 1381;
v0x8bf0f73e0_1382 .array/port v0x8bf0f73e0, 1382;
v0x8bf0f73e0_1383 .array/port v0x8bf0f73e0, 1383;
v0x8bf0f73e0_1384 .array/port v0x8bf0f73e0, 1384;
E_0x8be1754c0/346 .event anyedge, v0x8bf0f73e0_1381, v0x8bf0f73e0_1382, v0x8bf0f73e0_1383, v0x8bf0f73e0_1384;
v0x8bf0f73e0_1385 .array/port v0x8bf0f73e0, 1385;
v0x8bf0f73e0_1386 .array/port v0x8bf0f73e0, 1386;
v0x8bf0f73e0_1387 .array/port v0x8bf0f73e0, 1387;
v0x8bf0f73e0_1388 .array/port v0x8bf0f73e0, 1388;
E_0x8be1754c0/347 .event anyedge, v0x8bf0f73e0_1385, v0x8bf0f73e0_1386, v0x8bf0f73e0_1387, v0x8bf0f73e0_1388;
v0x8bf0f73e0_1389 .array/port v0x8bf0f73e0, 1389;
v0x8bf0f73e0_1390 .array/port v0x8bf0f73e0, 1390;
v0x8bf0f73e0_1391 .array/port v0x8bf0f73e0, 1391;
v0x8bf0f73e0_1392 .array/port v0x8bf0f73e0, 1392;
E_0x8be1754c0/348 .event anyedge, v0x8bf0f73e0_1389, v0x8bf0f73e0_1390, v0x8bf0f73e0_1391, v0x8bf0f73e0_1392;
v0x8bf0f73e0_1393 .array/port v0x8bf0f73e0, 1393;
v0x8bf0f73e0_1394 .array/port v0x8bf0f73e0, 1394;
v0x8bf0f73e0_1395 .array/port v0x8bf0f73e0, 1395;
v0x8bf0f73e0_1396 .array/port v0x8bf0f73e0, 1396;
E_0x8be1754c0/349 .event anyedge, v0x8bf0f73e0_1393, v0x8bf0f73e0_1394, v0x8bf0f73e0_1395, v0x8bf0f73e0_1396;
v0x8bf0f73e0_1397 .array/port v0x8bf0f73e0, 1397;
v0x8bf0f73e0_1398 .array/port v0x8bf0f73e0, 1398;
v0x8bf0f73e0_1399 .array/port v0x8bf0f73e0, 1399;
v0x8bf0f73e0_1400 .array/port v0x8bf0f73e0, 1400;
E_0x8be1754c0/350 .event anyedge, v0x8bf0f73e0_1397, v0x8bf0f73e0_1398, v0x8bf0f73e0_1399, v0x8bf0f73e0_1400;
v0x8bf0f73e0_1401 .array/port v0x8bf0f73e0, 1401;
v0x8bf0f73e0_1402 .array/port v0x8bf0f73e0, 1402;
v0x8bf0f73e0_1403 .array/port v0x8bf0f73e0, 1403;
v0x8bf0f73e0_1404 .array/port v0x8bf0f73e0, 1404;
E_0x8be1754c0/351 .event anyedge, v0x8bf0f73e0_1401, v0x8bf0f73e0_1402, v0x8bf0f73e0_1403, v0x8bf0f73e0_1404;
v0x8bf0f73e0_1405 .array/port v0x8bf0f73e0, 1405;
v0x8bf0f73e0_1406 .array/port v0x8bf0f73e0, 1406;
v0x8bf0f73e0_1407 .array/port v0x8bf0f73e0, 1407;
v0x8bf0f73e0_1408 .array/port v0x8bf0f73e0, 1408;
E_0x8be1754c0/352 .event anyedge, v0x8bf0f73e0_1405, v0x8bf0f73e0_1406, v0x8bf0f73e0_1407, v0x8bf0f73e0_1408;
v0x8bf0f73e0_1409 .array/port v0x8bf0f73e0, 1409;
v0x8bf0f73e0_1410 .array/port v0x8bf0f73e0, 1410;
v0x8bf0f73e0_1411 .array/port v0x8bf0f73e0, 1411;
v0x8bf0f73e0_1412 .array/port v0x8bf0f73e0, 1412;
E_0x8be1754c0/353 .event anyedge, v0x8bf0f73e0_1409, v0x8bf0f73e0_1410, v0x8bf0f73e0_1411, v0x8bf0f73e0_1412;
v0x8bf0f73e0_1413 .array/port v0x8bf0f73e0, 1413;
v0x8bf0f73e0_1414 .array/port v0x8bf0f73e0, 1414;
v0x8bf0f73e0_1415 .array/port v0x8bf0f73e0, 1415;
v0x8bf0f73e0_1416 .array/port v0x8bf0f73e0, 1416;
E_0x8be1754c0/354 .event anyedge, v0x8bf0f73e0_1413, v0x8bf0f73e0_1414, v0x8bf0f73e0_1415, v0x8bf0f73e0_1416;
v0x8bf0f73e0_1417 .array/port v0x8bf0f73e0, 1417;
v0x8bf0f73e0_1418 .array/port v0x8bf0f73e0, 1418;
v0x8bf0f73e0_1419 .array/port v0x8bf0f73e0, 1419;
v0x8bf0f73e0_1420 .array/port v0x8bf0f73e0, 1420;
E_0x8be1754c0/355 .event anyedge, v0x8bf0f73e0_1417, v0x8bf0f73e0_1418, v0x8bf0f73e0_1419, v0x8bf0f73e0_1420;
v0x8bf0f73e0_1421 .array/port v0x8bf0f73e0, 1421;
v0x8bf0f73e0_1422 .array/port v0x8bf0f73e0, 1422;
v0x8bf0f73e0_1423 .array/port v0x8bf0f73e0, 1423;
v0x8bf0f73e0_1424 .array/port v0x8bf0f73e0, 1424;
E_0x8be1754c0/356 .event anyedge, v0x8bf0f73e0_1421, v0x8bf0f73e0_1422, v0x8bf0f73e0_1423, v0x8bf0f73e0_1424;
v0x8bf0f73e0_1425 .array/port v0x8bf0f73e0, 1425;
v0x8bf0f73e0_1426 .array/port v0x8bf0f73e0, 1426;
v0x8bf0f73e0_1427 .array/port v0x8bf0f73e0, 1427;
v0x8bf0f73e0_1428 .array/port v0x8bf0f73e0, 1428;
E_0x8be1754c0/357 .event anyedge, v0x8bf0f73e0_1425, v0x8bf0f73e0_1426, v0x8bf0f73e0_1427, v0x8bf0f73e0_1428;
v0x8bf0f73e0_1429 .array/port v0x8bf0f73e0, 1429;
v0x8bf0f73e0_1430 .array/port v0x8bf0f73e0, 1430;
v0x8bf0f73e0_1431 .array/port v0x8bf0f73e0, 1431;
v0x8bf0f73e0_1432 .array/port v0x8bf0f73e0, 1432;
E_0x8be1754c0/358 .event anyedge, v0x8bf0f73e0_1429, v0x8bf0f73e0_1430, v0x8bf0f73e0_1431, v0x8bf0f73e0_1432;
v0x8bf0f73e0_1433 .array/port v0x8bf0f73e0, 1433;
v0x8bf0f73e0_1434 .array/port v0x8bf0f73e0, 1434;
v0x8bf0f73e0_1435 .array/port v0x8bf0f73e0, 1435;
v0x8bf0f73e0_1436 .array/port v0x8bf0f73e0, 1436;
E_0x8be1754c0/359 .event anyedge, v0x8bf0f73e0_1433, v0x8bf0f73e0_1434, v0x8bf0f73e0_1435, v0x8bf0f73e0_1436;
v0x8bf0f73e0_1437 .array/port v0x8bf0f73e0, 1437;
v0x8bf0f73e0_1438 .array/port v0x8bf0f73e0, 1438;
v0x8bf0f73e0_1439 .array/port v0x8bf0f73e0, 1439;
v0x8bf0f73e0_1440 .array/port v0x8bf0f73e0, 1440;
E_0x8be1754c0/360 .event anyedge, v0x8bf0f73e0_1437, v0x8bf0f73e0_1438, v0x8bf0f73e0_1439, v0x8bf0f73e0_1440;
v0x8bf0f73e0_1441 .array/port v0x8bf0f73e0, 1441;
v0x8bf0f73e0_1442 .array/port v0x8bf0f73e0, 1442;
v0x8bf0f73e0_1443 .array/port v0x8bf0f73e0, 1443;
v0x8bf0f73e0_1444 .array/port v0x8bf0f73e0, 1444;
E_0x8be1754c0/361 .event anyedge, v0x8bf0f73e0_1441, v0x8bf0f73e0_1442, v0x8bf0f73e0_1443, v0x8bf0f73e0_1444;
v0x8bf0f73e0_1445 .array/port v0x8bf0f73e0, 1445;
v0x8bf0f73e0_1446 .array/port v0x8bf0f73e0, 1446;
v0x8bf0f73e0_1447 .array/port v0x8bf0f73e0, 1447;
v0x8bf0f73e0_1448 .array/port v0x8bf0f73e0, 1448;
E_0x8be1754c0/362 .event anyedge, v0x8bf0f73e0_1445, v0x8bf0f73e0_1446, v0x8bf0f73e0_1447, v0x8bf0f73e0_1448;
v0x8bf0f73e0_1449 .array/port v0x8bf0f73e0, 1449;
v0x8bf0f73e0_1450 .array/port v0x8bf0f73e0, 1450;
v0x8bf0f73e0_1451 .array/port v0x8bf0f73e0, 1451;
v0x8bf0f73e0_1452 .array/port v0x8bf0f73e0, 1452;
E_0x8be1754c0/363 .event anyedge, v0x8bf0f73e0_1449, v0x8bf0f73e0_1450, v0x8bf0f73e0_1451, v0x8bf0f73e0_1452;
v0x8bf0f73e0_1453 .array/port v0x8bf0f73e0, 1453;
v0x8bf0f73e0_1454 .array/port v0x8bf0f73e0, 1454;
v0x8bf0f73e0_1455 .array/port v0x8bf0f73e0, 1455;
v0x8bf0f73e0_1456 .array/port v0x8bf0f73e0, 1456;
E_0x8be1754c0/364 .event anyedge, v0x8bf0f73e0_1453, v0x8bf0f73e0_1454, v0x8bf0f73e0_1455, v0x8bf0f73e0_1456;
v0x8bf0f73e0_1457 .array/port v0x8bf0f73e0, 1457;
v0x8bf0f73e0_1458 .array/port v0x8bf0f73e0, 1458;
v0x8bf0f73e0_1459 .array/port v0x8bf0f73e0, 1459;
v0x8bf0f73e0_1460 .array/port v0x8bf0f73e0, 1460;
E_0x8be1754c0/365 .event anyedge, v0x8bf0f73e0_1457, v0x8bf0f73e0_1458, v0x8bf0f73e0_1459, v0x8bf0f73e0_1460;
v0x8bf0f73e0_1461 .array/port v0x8bf0f73e0, 1461;
v0x8bf0f73e0_1462 .array/port v0x8bf0f73e0, 1462;
v0x8bf0f73e0_1463 .array/port v0x8bf0f73e0, 1463;
v0x8bf0f73e0_1464 .array/port v0x8bf0f73e0, 1464;
E_0x8be1754c0/366 .event anyedge, v0x8bf0f73e0_1461, v0x8bf0f73e0_1462, v0x8bf0f73e0_1463, v0x8bf0f73e0_1464;
v0x8bf0f73e0_1465 .array/port v0x8bf0f73e0, 1465;
v0x8bf0f73e0_1466 .array/port v0x8bf0f73e0, 1466;
v0x8bf0f73e0_1467 .array/port v0x8bf0f73e0, 1467;
v0x8bf0f73e0_1468 .array/port v0x8bf0f73e0, 1468;
E_0x8be1754c0/367 .event anyedge, v0x8bf0f73e0_1465, v0x8bf0f73e0_1466, v0x8bf0f73e0_1467, v0x8bf0f73e0_1468;
v0x8bf0f73e0_1469 .array/port v0x8bf0f73e0, 1469;
v0x8bf0f73e0_1470 .array/port v0x8bf0f73e0, 1470;
v0x8bf0f73e0_1471 .array/port v0x8bf0f73e0, 1471;
v0x8bf0f73e0_1472 .array/port v0x8bf0f73e0, 1472;
E_0x8be1754c0/368 .event anyedge, v0x8bf0f73e0_1469, v0x8bf0f73e0_1470, v0x8bf0f73e0_1471, v0x8bf0f73e0_1472;
v0x8bf0f73e0_1473 .array/port v0x8bf0f73e0, 1473;
v0x8bf0f73e0_1474 .array/port v0x8bf0f73e0, 1474;
v0x8bf0f73e0_1475 .array/port v0x8bf0f73e0, 1475;
v0x8bf0f73e0_1476 .array/port v0x8bf0f73e0, 1476;
E_0x8be1754c0/369 .event anyedge, v0x8bf0f73e0_1473, v0x8bf0f73e0_1474, v0x8bf0f73e0_1475, v0x8bf0f73e0_1476;
v0x8bf0f73e0_1477 .array/port v0x8bf0f73e0, 1477;
v0x8bf0f73e0_1478 .array/port v0x8bf0f73e0, 1478;
v0x8bf0f73e0_1479 .array/port v0x8bf0f73e0, 1479;
v0x8bf0f73e0_1480 .array/port v0x8bf0f73e0, 1480;
E_0x8be1754c0/370 .event anyedge, v0x8bf0f73e0_1477, v0x8bf0f73e0_1478, v0x8bf0f73e0_1479, v0x8bf0f73e0_1480;
v0x8bf0f73e0_1481 .array/port v0x8bf0f73e0, 1481;
v0x8bf0f73e0_1482 .array/port v0x8bf0f73e0, 1482;
v0x8bf0f73e0_1483 .array/port v0x8bf0f73e0, 1483;
v0x8bf0f73e0_1484 .array/port v0x8bf0f73e0, 1484;
E_0x8be1754c0/371 .event anyedge, v0x8bf0f73e0_1481, v0x8bf0f73e0_1482, v0x8bf0f73e0_1483, v0x8bf0f73e0_1484;
v0x8bf0f73e0_1485 .array/port v0x8bf0f73e0, 1485;
v0x8bf0f73e0_1486 .array/port v0x8bf0f73e0, 1486;
v0x8bf0f73e0_1487 .array/port v0x8bf0f73e0, 1487;
v0x8bf0f73e0_1488 .array/port v0x8bf0f73e0, 1488;
E_0x8be1754c0/372 .event anyedge, v0x8bf0f73e0_1485, v0x8bf0f73e0_1486, v0x8bf0f73e0_1487, v0x8bf0f73e0_1488;
v0x8bf0f73e0_1489 .array/port v0x8bf0f73e0, 1489;
v0x8bf0f73e0_1490 .array/port v0x8bf0f73e0, 1490;
v0x8bf0f73e0_1491 .array/port v0x8bf0f73e0, 1491;
v0x8bf0f73e0_1492 .array/port v0x8bf0f73e0, 1492;
E_0x8be1754c0/373 .event anyedge, v0x8bf0f73e0_1489, v0x8bf0f73e0_1490, v0x8bf0f73e0_1491, v0x8bf0f73e0_1492;
v0x8bf0f73e0_1493 .array/port v0x8bf0f73e0, 1493;
v0x8bf0f73e0_1494 .array/port v0x8bf0f73e0, 1494;
v0x8bf0f73e0_1495 .array/port v0x8bf0f73e0, 1495;
v0x8bf0f73e0_1496 .array/port v0x8bf0f73e0, 1496;
E_0x8be1754c0/374 .event anyedge, v0x8bf0f73e0_1493, v0x8bf0f73e0_1494, v0x8bf0f73e0_1495, v0x8bf0f73e0_1496;
v0x8bf0f73e0_1497 .array/port v0x8bf0f73e0, 1497;
v0x8bf0f73e0_1498 .array/port v0x8bf0f73e0, 1498;
v0x8bf0f73e0_1499 .array/port v0x8bf0f73e0, 1499;
v0x8bf0f73e0_1500 .array/port v0x8bf0f73e0, 1500;
E_0x8be1754c0/375 .event anyedge, v0x8bf0f73e0_1497, v0x8bf0f73e0_1498, v0x8bf0f73e0_1499, v0x8bf0f73e0_1500;
v0x8bf0f73e0_1501 .array/port v0x8bf0f73e0, 1501;
v0x8bf0f73e0_1502 .array/port v0x8bf0f73e0, 1502;
v0x8bf0f73e0_1503 .array/port v0x8bf0f73e0, 1503;
v0x8bf0f73e0_1504 .array/port v0x8bf0f73e0, 1504;
E_0x8be1754c0/376 .event anyedge, v0x8bf0f73e0_1501, v0x8bf0f73e0_1502, v0x8bf0f73e0_1503, v0x8bf0f73e0_1504;
v0x8bf0f73e0_1505 .array/port v0x8bf0f73e0, 1505;
v0x8bf0f73e0_1506 .array/port v0x8bf0f73e0, 1506;
v0x8bf0f73e0_1507 .array/port v0x8bf0f73e0, 1507;
v0x8bf0f73e0_1508 .array/port v0x8bf0f73e0, 1508;
E_0x8be1754c0/377 .event anyedge, v0x8bf0f73e0_1505, v0x8bf0f73e0_1506, v0x8bf0f73e0_1507, v0x8bf0f73e0_1508;
v0x8bf0f73e0_1509 .array/port v0x8bf0f73e0, 1509;
v0x8bf0f73e0_1510 .array/port v0x8bf0f73e0, 1510;
v0x8bf0f73e0_1511 .array/port v0x8bf0f73e0, 1511;
v0x8bf0f73e0_1512 .array/port v0x8bf0f73e0, 1512;
E_0x8be1754c0/378 .event anyedge, v0x8bf0f73e0_1509, v0x8bf0f73e0_1510, v0x8bf0f73e0_1511, v0x8bf0f73e0_1512;
v0x8bf0f73e0_1513 .array/port v0x8bf0f73e0, 1513;
v0x8bf0f73e0_1514 .array/port v0x8bf0f73e0, 1514;
v0x8bf0f73e0_1515 .array/port v0x8bf0f73e0, 1515;
v0x8bf0f73e0_1516 .array/port v0x8bf0f73e0, 1516;
E_0x8be1754c0/379 .event anyedge, v0x8bf0f73e0_1513, v0x8bf0f73e0_1514, v0x8bf0f73e0_1515, v0x8bf0f73e0_1516;
v0x8bf0f73e0_1517 .array/port v0x8bf0f73e0, 1517;
v0x8bf0f73e0_1518 .array/port v0x8bf0f73e0, 1518;
v0x8bf0f73e0_1519 .array/port v0x8bf0f73e0, 1519;
v0x8bf0f73e0_1520 .array/port v0x8bf0f73e0, 1520;
E_0x8be1754c0/380 .event anyedge, v0x8bf0f73e0_1517, v0x8bf0f73e0_1518, v0x8bf0f73e0_1519, v0x8bf0f73e0_1520;
v0x8bf0f73e0_1521 .array/port v0x8bf0f73e0, 1521;
v0x8bf0f73e0_1522 .array/port v0x8bf0f73e0, 1522;
v0x8bf0f73e0_1523 .array/port v0x8bf0f73e0, 1523;
v0x8bf0f73e0_1524 .array/port v0x8bf0f73e0, 1524;
E_0x8be1754c0/381 .event anyedge, v0x8bf0f73e0_1521, v0x8bf0f73e0_1522, v0x8bf0f73e0_1523, v0x8bf0f73e0_1524;
v0x8bf0f73e0_1525 .array/port v0x8bf0f73e0, 1525;
v0x8bf0f73e0_1526 .array/port v0x8bf0f73e0, 1526;
v0x8bf0f73e0_1527 .array/port v0x8bf0f73e0, 1527;
v0x8bf0f73e0_1528 .array/port v0x8bf0f73e0, 1528;
E_0x8be1754c0/382 .event anyedge, v0x8bf0f73e0_1525, v0x8bf0f73e0_1526, v0x8bf0f73e0_1527, v0x8bf0f73e0_1528;
v0x8bf0f73e0_1529 .array/port v0x8bf0f73e0, 1529;
v0x8bf0f73e0_1530 .array/port v0x8bf0f73e0, 1530;
v0x8bf0f73e0_1531 .array/port v0x8bf0f73e0, 1531;
v0x8bf0f73e0_1532 .array/port v0x8bf0f73e0, 1532;
E_0x8be1754c0/383 .event anyedge, v0x8bf0f73e0_1529, v0x8bf0f73e0_1530, v0x8bf0f73e0_1531, v0x8bf0f73e0_1532;
v0x8bf0f73e0_1533 .array/port v0x8bf0f73e0, 1533;
v0x8bf0f73e0_1534 .array/port v0x8bf0f73e0, 1534;
v0x8bf0f73e0_1535 .array/port v0x8bf0f73e0, 1535;
v0x8bf0f73e0_1536 .array/port v0x8bf0f73e0, 1536;
E_0x8be1754c0/384 .event anyedge, v0x8bf0f73e0_1533, v0x8bf0f73e0_1534, v0x8bf0f73e0_1535, v0x8bf0f73e0_1536;
v0x8bf0f73e0_1537 .array/port v0x8bf0f73e0, 1537;
v0x8bf0f73e0_1538 .array/port v0x8bf0f73e0, 1538;
v0x8bf0f73e0_1539 .array/port v0x8bf0f73e0, 1539;
v0x8bf0f73e0_1540 .array/port v0x8bf0f73e0, 1540;
E_0x8be1754c0/385 .event anyedge, v0x8bf0f73e0_1537, v0x8bf0f73e0_1538, v0x8bf0f73e0_1539, v0x8bf0f73e0_1540;
v0x8bf0f73e0_1541 .array/port v0x8bf0f73e0, 1541;
v0x8bf0f73e0_1542 .array/port v0x8bf0f73e0, 1542;
v0x8bf0f73e0_1543 .array/port v0x8bf0f73e0, 1543;
v0x8bf0f73e0_1544 .array/port v0x8bf0f73e0, 1544;
E_0x8be1754c0/386 .event anyedge, v0x8bf0f73e0_1541, v0x8bf0f73e0_1542, v0x8bf0f73e0_1543, v0x8bf0f73e0_1544;
v0x8bf0f73e0_1545 .array/port v0x8bf0f73e0, 1545;
v0x8bf0f73e0_1546 .array/port v0x8bf0f73e0, 1546;
v0x8bf0f73e0_1547 .array/port v0x8bf0f73e0, 1547;
v0x8bf0f73e0_1548 .array/port v0x8bf0f73e0, 1548;
E_0x8be1754c0/387 .event anyedge, v0x8bf0f73e0_1545, v0x8bf0f73e0_1546, v0x8bf0f73e0_1547, v0x8bf0f73e0_1548;
v0x8bf0f73e0_1549 .array/port v0x8bf0f73e0, 1549;
v0x8bf0f73e0_1550 .array/port v0x8bf0f73e0, 1550;
v0x8bf0f73e0_1551 .array/port v0x8bf0f73e0, 1551;
v0x8bf0f73e0_1552 .array/port v0x8bf0f73e0, 1552;
E_0x8be1754c0/388 .event anyedge, v0x8bf0f73e0_1549, v0x8bf0f73e0_1550, v0x8bf0f73e0_1551, v0x8bf0f73e0_1552;
v0x8bf0f73e0_1553 .array/port v0x8bf0f73e0, 1553;
v0x8bf0f73e0_1554 .array/port v0x8bf0f73e0, 1554;
v0x8bf0f73e0_1555 .array/port v0x8bf0f73e0, 1555;
v0x8bf0f73e0_1556 .array/port v0x8bf0f73e0, 1556;
E_0x8be1754c0/389 .event anyedge, v0x8bf0f73e0_1553, v0x8bf0f73e0_1554, v0x8bf0f73e0_1555, v0x8bf0f73e0_1556;
v0x8bf0f73e0_1557 .array/port v0x8bf0f73e0, 1557;
v0x8bf0f73e0_1558 .array/port v0x8bf0f73e0, 1558;
v0x8bf0f73e0_1559 .array/port v0x8bf0f73e0, 1559;
v0x8bf0f73e0_1560 .array/port v0x8bf0f73e0, 1560;
E_0x8be1754c0/390 .event anyedge, v0x8bf0f73e0_1557, v0x8bf0f73e0_1558, v0x8bf0f73e0_1559, v0x8bf0f73e0_1560;
v0x8bf0f73e0_1561 .array/port v0x8bf0f73e0, 1561;
v0x8bf0f73e0_1562 .array/port v0x8bf0f73e0, 1562;
v0x8bf0f73e0_1563 .array/port v0x8bf0f73e0, 1563;
v0x8bf0f73e0_1564 .array/port v0x8bf0f73e0, 1564;
E_0x8be1754c0/391 .event anyedge, v0x8bf0f73e0_1561, v0x8bf0f73e0_1562, v0x8bf0f73e0_1563, v0x8bf0f73e0_1564;
v0x8bf0f73e0_1565 .array/port v0x8bf0f73e0, 1565;
v0x8bf0f73e0_1566 .array/port v0x8bf0f73e0, 1566;
v0x8bf0f73e0_1567 .array/port v0x8bf0f73e0, 1567;
v0x8bf0f73e0_1568 .array/port v0x8bf0f73e0, 1568;
E_0x8be1754c0/392 .event anyedge, v0x8bf0f73e0_1565, v0x8bf0f73e0_1566, v0x8bf0f73e0_1567, v0x8bf0f73e0_1568;
v0x8bf0f73e0_1569 .array/port v0x8bf0f73e0, 1569;
v0x8bf0f73e0_1570 .array/port v0x8bf0f73e0, 1570;
v0x8bf0f73e0_1571 .array/port v0x8bf0f73e0, 1571;
v0x8bf0f73e0_1572 .array/port v0x8bf0f73e0, 1572;
E_0x8be1754c0/393 .event anyedge, v0x8bf0f73e0_1569, v0x8bf0f73e0_1570, v0x8bf0f73e0_1571, v0x8bf0f73e0_1572;
v0x8bf0f73e0_1573 .array/port v0x8bf0f73e0, 1573;
v0x8bf0f73e0_1574 .array/port v0x8bf0f73e0, 1574;
v0x8bf0f73e0_1575 .array/port v0x8bf0f73e0, 1575;
v0x8bf0f73e0_1576 .array/port v0x8bf0f73e0, 1576;
E_0x8be1754c0/394 .event anyedge, v0x8bf0f73e0_1573, v0x8bf0f73e0_1574, v0x8bf0f73e0_1575, v0x8bf0f73e0_1576;
v0x8bf0f73e0_1577 .array/port v0x8bf0f73e0, 1577;
v0x8bf0f73e0_1578 .array/port v0x8bf0f73e0, 1578;
v0x8bf0f73e0_1579 .array/port v0x8bf0f73e0, 1579;
v0x8bf0f73e0_1580 .array/port v0x8bf0f73e0, 1580;
E_0x8be1754c0/395 .event anyedge, v0x8bf0f73e0_1577, v0x8bf0f73e0_1578, v0x8bf0f73e0_1579, v0x8bf0f73e0_1580;
v0x8bf0f73e0_1581 .array/port v0x8bf0f73e0, 1581;
v0x8bf0f73e0_1582 .array/port v0x8bf0f73e0, 1582;
v0x8bf0f73e0_1583 .array/port v0x8bf0f73e0, 1583;
v0x8bf0f73e0_1584 .array/port v0x8bf0f73e0, 1584;
E_0x8be1754c0/396 .event anyedge, v0x8bf0f73e0_1581, v0x8bf0f73e0_1582, v0x8bf0f73e0_1583, v0x8bf0f73e0_1584;
v0x8bf0f73e0_1585 .array/port v0x8bf0f73e0, 1585;
v0x8bf0f73e0_1586 .array/port v0x8bf0f73e0, 1586;
v0x8bf0f73e0_1587 .array/port v0x8bf0f73e0, 1587;
v0x8bf0f73e0_1588 .array/port v0x8bf0f73e0, 1588;
E_0x8be1754c0/397 .event anyedge, v0x8bf0f73e0_1585, v0x8bf0f73e0_1586, v0x8bf0f73e0_1587, v0x8bf0f73e0_1588;
v0x8bf0f73e0_1589 .array/port v0x8bf0f73e0, 1589;
v0x8bf0f73e0_1590 .array/port v0x8bf0f73e0, 1590;
v0x8bf0f73e0_1591 .array/port v0x8bf0f73e0, 1591;
v0x8bf0f73e0_1592 .array/port v0x8bf0f73e0, 1592;
E_0x8be1754c0/398 .event anyedge, v0x8bf0f73e0_1589, v0x8bf0f73e0_1590, v0x8bf0f73e0_1591, v0x8bf0f73e0_1592;
v0x8bf0f73e0_1593 .array/port v0x8bf0f73e0, 1593;
v0x8bf0f73e0_1594 .array/port v0x8bf0f73e0, 1594;
v0x8bf0f73e0_1595 .array/port v0x8bf0f73e0, 1595;
v0x8bf0f73e0_1596 .array/port v0x8bf0f73e0, 1596;
E_0x8be1754c0/399 .event anyedge, v0x8bf0f73e0_1593, v0x8bf0f73e0_1594, v0x8bf0f73e0_1595, v0x8bf0f73e0_1596;
v0x8bf0f73e0_1597 .array/port v0x8bf0f73e0, 1597;
v0x8bf0f73e0_1598 .array/port v0x8bf0f73e0, 1598;
v0x8bf0f73e0_1599 .array/port v0x8bf0f73e0, 1599;
v0x8bf0f73e0_1600 .array/port v0x8bf0f73e0, 1600;
E_0x8be1754c0/400 .event anyedge, v0x8bf0f73e0_1597, v0x8bf0f73e0_1598, v0x8bf0f73e0_1599, v0x8bf0f73e0_1600;
v0x8bf0f73e0_1601 .array/port v0x8bf0f73e0, 1601;
v0x8bf0f73e0_1602 .array/port v0x8bf0f73e0, 1602;
v0x8bf0f73e0_1603 .array/port v0x8bf0f73e0, 1603;
v0x8bf0f73e0_1604 .array/port v0x8bf0f73e0, 1604;
E_0x8be1754c0/401 .event anyedge, v0x8bf0f73e0_1601, v0x8bf0f73e0_1602, v0x8bf0f73e0_1603, v0x8bf0f73e0_1604;
v0x8bf0f73e0_1605 .array/port v0x8bf0f73e0, 1605;
v0x8bf0f73e0_1606 .array/port v0x8bf0f73e0, 1606;
v0x8bf0f73e0_1607 .array/port v0x8bf0f73e0, 1607;
v0x8bf0f73e0_1608 .array/port v0x8bf0f73e0, 1608;
E_0x8be1754c0/402 .event anyedge, v0x8bf0f73e0_1605, v0x8bf0f73e0_1606, v0x8bf0f73e0_1607, v0x8bf0f73e0_1608;
v0x8bf0f73e0_1609 .array/port v0x8bf0f73e0, 1609;
v0x8bf0f73e0_1610 .array/port v0x8bf0f73e0, 1610;
v0x8bf0f73e0_1611 .array/port v0x8bf0f73e0, 1611;
v0x8bf0f73e0_1612 .array/port v0x8bf0f73e0, 1612;
E_0x8be1754c0/403 .event anyedge, v0x8bf0f73e0_1609, v0x8bf0f73e0_1610, v0x8bf0f73e0_1611, v0x8bf0f73e0_1612;
v0x8bf0f73e0_1613 .array/port v0x8bf0f73e0, 1613;
v0x8bf0f73e0_1614 .array/port v0x8bf0f73e0, 1614;
v0x8bf0f73e0_1615 .array/port v0x8bf0f73e0, 1615;
v0x8bf0f73e0_1616 .array/port v0x8bf0f73e0, 1616;
E_0x8be1754c0/404 .event anyedge, v0x8bf0f73e0_1613, v0x8bf0f73e0_1614, v0x8bf0f73e0_1615, v0x8bf0f73e0_1616;
v0x8bf0f73e0_1617 .array/port v0x8bf0f73e0, 1617;
v0x8bf0f73e0_1618 .array/port v0x8bf0f73e0, 1618;
v0x8bf0f73e0_1619 .array/port v0x8bf0f73e0, 1619;
v0x8bf0f73e0_1620 .array/port v0x8bf0f73e0, 1620;
E_0x8be1754c0/405 .event anyedge, v0x8bf0f73e0_1617, v0x8bf0f73e0_1618, v0x8bf0f73e0_1619, v0x8bf0f73e0_1620;
v0x8bf0f73e0_1621 .array/port v0x8bf0f73e0, 1621;
v0x8bf0f73e0_1622 .array/port v0x8bf0f73e0, 1622;
v0x8bf0f73e0_1623 .array/port v0x8bf0f73e0, 1623;
v0x8bf0f73e0_1624 .array/port v0x8bf0f73e0, 1624;
E_0x8be1754c0/406 .event anyedge, v0x8bf0f73e0_1621, v0x8bf0f73e0_1622, v0x8bf0f73e0_1623, v0x8bf0f73e0_1624;
v0x8bf0f73e0_1625 .array/port v0x8bf0f73e0, 1625;
v0x8bf0f73e0_1626 .array/port v0x8bf0f73e0, 1626;
v0x8bf0f73e0_1627 .array/port v0x8bf0f73e0, 1627;
v0x8bf0f73e0_1628 .array/port v0x8bf0f73e0, 1628;
E_0x8be1754c0/407 .event anyedge, v0x8bf0f73e0_1625, v0x8bf0f73e0_1626, v0x8bf0f73e0_1627, v0x8bf0f73e0_1628;
v0x8bf0f73e0_1629 .array/port v0x8bf0f73e0, 1629;
v0x8bf0f73e0_1630 .array/port v0x8bf0f73e0, 1630;
v0x8bf0f73e0_1631 .array/port v0x8bf0f73e0, 1631;
v0x8bf0f73e0_1632 .array/port v0x8bf0f73e0, 1632;
E_0x8be1754c0/408 .event anyedge, v0x8bf0f73e0_1629, v0x8bf0f73e0_1630, v0x8bf0f73e0_1631, v0x8bf0f73e0_1632;
v0x8bf0f73e0_1633 .array/port v0x8bf0f73e0, 1633;
v0x8bf0f73e0_1634 .array/port v0x8bf0f73e0, 1634;
v0x8bf0f73e0_1635 .array/port v0x8bf0f73e0, 1635;
v0x8bf0f73e0_1636 .array/port v0x8bf0f73e0, 1636;
E_0x8be1754c0/409 .event anyedge, v0x8bf0f73e0_1633, v0x8bf0f73e0_1634, v0x8bf0f73e0_1635, v0x8bf0f73e0_1636;
v0x8bf0f73e0_1637 .array/port v0x8bf0f73e0, 1637;
v0x8bf0f73e0_1638 .array/port v0x8bf0f73e0, 1638;
v0x8bf0f73e0_1639 .array/port v0x8bf0f73e0, 1639;
v0x8bf0f73e0_1640 .array/port v0x8bf0f73e0, 1640;
E_0x8be1754c0/410 .event anyedge, v0x8bf0f73e0_1637, v0x8bf0f73e0_1638, v0x8bf0f73e0_1639, v0x8bf0f73e0_1640;
v0x8bf0f73e0_1641 .array/port v0x8bf0f73e0, 1641;
v0x8bf0f73e0_1642 .array/port v0x8bf0f73e0, 1642;
v0x8bf0f73e0_1643 .array/port v0x8bf0f73e0, 1643;
v0x8bf0f73e0_1644 .array/port v0x8bf0f73e0, 1644;
E_0x8be1754c0/411 .event anyedge, v0x8bf0f73e0_1641, v0x8bf0f73e0_1642, v0x8bf0f73e0_1643, v0x8bf0f73e0_1644;
v0x8bf0f73e0_1645 .array/port v0x8bf0f73e0, 1645;
v0x8bf0f73e0_1646 .array/port v0x8bf0f73e0, 1646;
v0x8bf0f73e0_1647 .array/port v0x8bf0f73e0, 1647;
v0x8bf0f73e0_1648 .array/port v0x8bf0f73e0, 1648;
E_0x8be1754c0/412 .event anyedge, v0x8bf0f73e0_1645, v0x8bf0f73e0_1646, v0x8bf0f73e0_1647, v0x8bf0f73e0_1648;
v0x8bf0f73e0_1649 .array/port v0x8bf0f73e0, 1649;
v0x8bf0f73e0_1650 .array/port v0x8bf0f73e0, 1650;
v0x8bf0f73e0_1651 .array/port v0x8bf0f73e0, 1651;
v0x8bf0f73e0_1652 .array/port v0x8bf0f73e0, 1652;
E_0x8be1754c0/413 .event anyedge, v0x8bf0f73e0_1649, v0x8bf0f73e0_1650, v0x8bf0f73e0_1651, v0x8bf0f73e0_1652;
v0x8bf0f73e0_1653 .array/port v0x8bf0f73e0, 1653;
v0x8bf0f73e0_1654 .array/port v0x8bf0f73e0, 1654;
v0x8bf0f73e0_1655 .array/port v0x8bf0f73e0, 1655;
v0x8bf0f73e0_1656 .array/port v0x8bf0f73e0, 1656;
E_0x8be1754c0/414 .event anyedge, v0x8bf0f73e0_1653, v0x8bf0f73e0_1654, v0x8bf0f73e0_1655, v0x8bf0f73e0_1656;
v0x8bf0f73e0_1657 .array/port v0x8bf0f73e0, 1657;
v0x8bf0f73e0_1658 .array/port v0x8bf0f73e0, 1658;
v0x8bf0f73e0_1659 .array/port v0x8bf0f73e0, 1659;
v0x8bf0f73e0_1660 .array/port v0x8bf0f73e0, 1660;
E_0x8be1754c0/415 .event anyedge, v0x8bf0f73e0_1657, v0x8bf0f73e0_1658, v0x8bf0f73e0_1659, v0x8bf0f73e0_1660;
v0x8bf0f73e0_1661 .array/port v0x8bf0f73e0, 1661;
v0x8bf0f73e0_1662 .array/port v0x8bf0f73e0, 1662;
v0x8bf0f73e0_1663 .array/port v0x8bf0f73e0, 1663;
v0x8bf0f73e0_1664 .array/port v0x8bf0f73e0, 1664;
E_0x8be1754c0/416 .event anyedge, v0x8bf0f73e0_1661, v0x8bf0f73e0_1662, v0x8bf0f73e0_1663, v0x8bf0f73e0_1664;
v0x8bf0f73e0_1665 .array/port v0x8bf0f73e0, 1665;
v0x8bf0f73e0_1666 .array/port v0x8bf0f73e0, 1666;
v0x8bf0f73e0_1667 .array/port v0x8bf0f73e0, 1667;
v0x8bf0f73e0_1668 .array/port v0x8bf0f73e0, 1668;
E_0x8be1754c0/417 .event anyedge, v0x8bf0f73e0_1665, v0x8bf0f73e0_1666, v0x8bf0f73e0_1667, v0x8bf0f73e0_1668;
v0x8bf0f73e0_1669 .array/port v0x8bf0f73e0, 1669;
v0x8bf0f73e0_1670 .array/port v0x8bf0f73e0, 1670;
v0x8bf0f73e0_1671 .array/port v0x8bf0f73e0, 1671;
v0x8bf0f73e0_1672 .array/port v0x8bf0f73e0, 1672;
E_0x8be1754c0/418 .event anyedge, v0x8bf0f73e0_1669, v0x8bf0f73e0_1670, v0x8bf0f73e0_1671, v0x8bf0f73e0_1672;
v0x8bf0f73e0_1673 .array/port v0x8bf0f73e0, 1673;
v0x8bf0f73e0_1674 .array/port v0x8bf0f73e0, 1674;
v0x8bf0f73e0_1675 .array/port v0x8bf0f73e0, 1675;
v0x8bf0f73e0_1676 .array/port v0x8bf0f73e0, 1676;
E_0x8be1754c0/419 .event anyedge, v0x8bf0f73e0_1673, v0x8bf0f73e0_1674, v0x8bf0f73e0_1675, v0x8bf0f73e0_1676;
v0x8bf0f73e0_1677 .array/port v0x8bf0f73e0, 1677;
v0x8bf0f73e0_1678 .array/port v0x8bf0f73e0, 1678;
v0x8bf0f73e0_1679 .array/port v0x8bf0f73e0, 1679;
v0x8bf0f73e0_1680 .array/port v0x8bf0f73e0, 1680;
E_0x8be1754c0/420 .event anyedge, v0x8bf0f73e0_1677, v0x8bf0f73e0_1678, v0x8bf0f73e0_1679, v0x8bf0f73e0_1680;
v0x8bf0f73e0_1681 .array/port v0x8bf0f73e0, 1681;
v0x8bf0f73e0_1682 .array/port v0x8bf0f73e0, 1682;
v0x8bf0f73e0_1683 .array/port v0x8bf0f73e0, 1683;
v0x8bf0f73e0_1684 .array/port v0x8bf0f73e0, 1684;
E_0x8be1754c0/421 .event anyedge, v0x8bf0f73e0_1681, v0x8bf0f73e0_1682, v0x8bf0f73e0_1683, v0x8bf0f73e0_1684;
v0x8bf0f73e0_1685 .array/port v0x8bf0f73e0, 1685;
v0x8bf0f73e0_1686 .array/port v0x8bf0f73e0, 1686;
v0x8bf0f73e0_1687 .array/port v0x8bf0f73e0, 1687;
v0x8bf0f73e0_1688 .array/port v0x8bf0f73e0, 1688;
E_0x8be1754c0/422 .event anyedge, v0x8bf0f73e0_1685, v0x8bf0f73e0_1686, v0x8bf0f73e0_1687, v0x8bf0f73e0_1688;
v0x8bf0f73e0_1689 .array/port v0x8bf0f73e0, 1689;
v0x8bf0f73e0_1690 .array/port v0x8bf0f73e0, 1690;
v0x8bf0f73e0_1691 .array/port v0x8bf0f73e0, 1691;
v0x8bf0f73e0_1692 .array/port v0x8bf0f73e0, 1692;
E_0x8be1754c0/423 .event anyedge, v0x8bf0f73e0_1689, v0x8bf0f73e0_1690, v0x8bf0f73e0_1691, v0x8bf0f73e0_1692;
v0x8bf0f73e0_1693 .array/port v0x8bf0f73e0, 1693;
v0x8bf0f73e0_1694 .array/port v0x8bf0f73e0, 1694;
v0x8bf0f73e0_1695 .array/port v0x8bf0f73e0, 1695;
v0x8bf0f73e0_1696 .array/port v0x8bf0f73e0, 1696;
E_0x8be1754c0/424 .event anyedge, v0x8bf0f73e0_1693, v0x8bf0f73e0_1694, v0x8bf0f73e0_1695, v0x8bf0f73e0_1696;
v0x8bf0f73e0_1697 .array/port v0x8bf0f73e0, 1697;
v0x8bf0f73e0_1698 .array/port v0x8bf0f73e0, 1698;
v0x8bf0f73e0_1699 .array/port v0x8bf0f73e0, 1699;
v0x8bf0f73e0_1700 .array/port v0x8bf0f73e0, 1700;
E_0x8be1754c0/425 .event anyedge, v0x8bf0f73e0_1697, v0x8bf0f73e0_1698, v0x8bf0f73e0_1699, v0x8bf0f73e0_1700;
v0x8bf0f73e0_1701 .array/port v0x8bf0f73e0, 1701;
v0x8bf0f73e0_1702 .array/port v0x8bf0f73e0, 1702;
v0x8bf0f73e0_1703 .array/port v0x8bf0f73e0, 1703;
v0x8bf0f73e0_1704 .array/port v0x8bf0f73e0, 1704;
E_0x8be1754c0/426 .event anyedge, v0x8bf0f73e0_1701, v0x8bf0f73e0_1702, v0x8bf0f73e0_1703, v0x8bf0f73e0_1704;
v0x8bf0f73e0_1705 .array/port v0x8bf0f73e0, 1705;
v0x8bf0f73e0_1706 .array/port v0x8bf0f73e0, 1706;
v0x8bf0f73e0_1707 .array/port v0x8bf0f73e0, 1707;
v0x8bf0f73e0_1708 .array/port v0x8bf0f73e0, 1708;
E_0x8be1754c0/427 .event anyedge, v0x8bf0f73e0_1705, v0x8bf0f73e0_1706, v0x8bf0f73e0_1707, v0x8bf0f73e0_1708;
v0x8bf0f73e0_1709 .array/port v0x8bf0f73e0, 1709;
v0x8bf0f73e0_1710 .array/port v0x8bf0f73e0, 1710;
v0x8bf0f73e0_1711 .array/port v0x8bf0f73e0, 1711;
v0x8bf0f73e0_1712 .array/port v0x8bf0f73e0, 1712;
E_0x8be1754c0/428 .event anyedge, v0x8bf0f73e0_1709, v0x8bf0f73e0_1710, v0x8bf0f73e0_1711, v0x8bf0f73e0_1712;
v0x8bf0f73e0_1713 .array/port v0x8bf0f73e0, 1713;
v0x8bf0f73e0_1714 .array/port v0x8bf0f73e0, 1714;
v0x8bf0f73e0_1715 .array/port v0x8bf0f73e0, 1715;
v0x8bf0f73e0_1716 .array/port v0x8bf0f73e0, 1716;
E_0x8be1754c0/429 .event anyedge, v0x8bf0f73e0_1713, v0x8bf0f73e0_1714, v0x8bf0f73e0_1715, v0x8bf0f73e0_1716;
v0x8bf0f73e0_1717 .array/port v0x8bf0f73e0, 1717;
v0x8bf0f73e0_1718 .array/port v0x8bf0f73e0, 1718;
v0x8bf0f73e0_1719 .array/port v0x8bf0f73e0, 1719;
v0x8bf0f73e0_1720 .array/port v0x8bf0f73e0, 1720;
E_0x8be1754c0/430 .event anyedge, v0x8bf0f73e0_1717, v0x8bf0f73e0_1718, v0x8bf0f73e0_1719, v0x8bf0f73e0_1720;
v0x8bf0f73e0_1721 .array/port v0x8bf0f73e0, 1721;
v0x8bf0f73e0_1722 .array/port v0x8bf0f73e0, 1722;
v0x8bf0f73e0_1723 .array/port v0x8bf0f73e0, 1723;
v0x8bf0f73e0_1724 .array/port v0x8bf0f73e0, 1724;
E_0x8be1754c0/431 .event anyedge, v0x8bf0f73e0_1721, v0x8bf0f73e0_1722, v0x8bf0f73e0_1723, v0x8bf0f73e0_1724;
v0x8bf0f73e0_1725 .array/port v0x8bf0f73e0, 1725;
v0x8bf0f73e0_1726 .array/port v0x8bf0f73e0, 1726;
v0x8bf0f73e0_1727 .array/port v0x8bf0f73e0, 1727;
v0x8bf0f73e0_1728 .array/port v0x8bf0f73e0, 1728;
E_0x8be1754c0/432 .event anyedge, v0x8bf0f73e0_1725, v0x8bf0f73e0_1726, v0x8bf0f73e0_1727, v0x8bf0f73e0_1728;
v0x8bf0f73e0_1729 .array/port v0x8bf0f73e0, 1729;
v0x8bf0f73e0_1730 .array/port v0x8bf0f73e0, 1730;
v0x8bf0f73e0_1731 .array/port v0x8bf0f73e0, 1731;
v0x8bf0f73e0_1732 .array/port v0x8bf0f73e0, 1732;
E_0x8be1754c0/433 .event anyedge, v0x8bf0f73e0_1729, v0x8bf0f73e0_1730, v0x8bf0f73e0_1731, v0x8bf0f73e0_1732;
v0x8bf0f73e0_1733 .array/port v0x8bf0f73e0, 1733;
v0x8bf0f73e0_1734 .array/port v0x8bf0f73e0, 1734;
v0x8bf0f73e0_1735 .array/port v0x8bf0f73e0, 1735;
v0x8bf0f73e0_1736 .array/port v0x8bf0f73e0, 1736;
E_0x8be1754c0/434 .event anyedge, v0x8bf0f73e0_1733, v0x8bf0f73e0_1734, v0x8bf0f73e0_1735, v0x8bf0f73e0_1736;
v0x8bf0f73e0_1737 .array/port v0x8bf0f73e0, 1737;
v0x8bf0f73e0_1738 .array/port v0x8bf0f73e0, 1738;
v0x8bf0f73e0_1739 .array/port v0x8bf0f73e0, 1739;
v0x8bf0f73e0_1740 .array/port v0x8bf0f73e0, 1740;
E_0x8be1754c0/435 .event anyedge, v0x8bf0f73e0_1737, v0x8bf0f73e0_1738, v0x8bf0f73e0_1739, v0x8bf0f73e0_1740;
v0x8bf0f73e0_1741 .array/port v0x8bf0f73e0, 1741;
v0x8bf0f73e0_1742 .array/port v0x8bf0f73e0, 1742;
v0x8bf0f73e0_1743 .array/port v0x8bf0f73e0, 1743;
v0x8bf0f73e0_1744 .array/port v0x8bf0f73e0, 1744;
E_0x8be1754c0/436 .event anyedge, v0x8bf0f73e0_1741, v0x8bf0f73e0_1742, v0x8bf0f73e0_1743, v0x8bf0f73e0_1744;
v0x8bf0f73e0_1745 .array/port v0x8bf0f73e0, 1745;
v0x8bf0f73e0_1746 .array/port v0x8bf0f73e0, 1746;
v0x8bf0f73e0_1747 .array/port v0x8bf0f73e0, 1747;
v0x8bf0f73e0_1748 .array/port v0x8bf0f73e0, 1748;
E_0x8be1754c0/437 .event anyedge, v0x8bf0f73e0_1745, v0x8bf0f73e0_1746, v0x8bf0f73e0_1747, v0x8bf0f73e0_1748;
v0x8bf0f73e0_1749 .array/port v0x8bf0f73e0, 1749;
v0x8bf0f73e0_1750 .array/port v0x8bf0f73e0, 1750;
v0x8bf0f73e0_1751 .array/port v0x8bf0f73e0, 1751;
v0x8bf0f73e0_1752 .array/port v0x8bf0f73e0, 1752;
E_0x8be1754c0/438 .event anyedge, v0x8bf0f73e0_1749, v0x8bf0f73e0_1750, v0x8bf0f73e0_1751, v0x8bf0f73e0_1752;
v0x8bf0f73e0_1753 .array/port v0x8bf0f73e0, 1753;
v0x8bf0f73e0_1754 .array/port v0x8bf0f73e0, 1754;
v0x8bf0f73e0_1755 .array/port v0x8bf0f73e0, 1755;
v0x8bf0f73e0_1756 .array/port v0x8bf0f73e0, 1756;
E_0x8be1754c0/439 .event anyedge, v0x8bf0f73e0_1753, v0x8bf0f73e0_1754, v0x8bf0f73e0_1755, v0x8bf0f73e0_1756;
v0x8bf0f73e0_1757 .array/port v0x8bf0f73e0, 1757;
v0x8bf0f73e0_1758 .array/port v0x8bf0f73e0, 1758;
v0x8bf0f73e0_1759 .array/port v0x8bf0f73e0, 1759;
v0x8bf0f73e0_1760 .array/port v0x8bf0f73e0, 1760;
E_0x8be1754c0/440 .event anyedge, v0x8bf0f73e0_1757, v0x8bf0f73e0_1758, v0x8bf0f73e0_1759, v0x8bf0f73e0_1760;
v0x8bf0f73e0_1761 .array/port v0x8bf0f73e0, 1761;
v0x8bf0f73e0_1762 .array/port v0x8bf0f73e0, 1762;
v0x8bf0f73e0_1763 .array/port v0x8bf0f73e0, 1763;
v0x8bf0f73e0_1764 .array/port v0x8bf0f73e0, 1764;
E_0x8be1754c0/441 .event anyedge, v0x8bf0f73e0_1761, v0x8bf0f73e0_1762, v0x8bf0f73e0_1763, v0x8bf0f73e0_1764;
v0x8bf0f73e0_1765 .array/port v0x8bf0f73e0, 1765;
v0x8bf0f73e0_1766 .array/port v0x8bf0f73e0, 1766;
v0x8bf0f73e0_1767 .array/port v0x8bf0f73e0, 1767;
v0x8bf0f73e0_1768 .array/port v0x8bf0f73e0, 1768;
E_0x8be1754c0/442 .event anyedge, v0x8bf0f73e0_1765, v0x8bf0f73e0_1766, v0x8bf0f73e0_1767, v0x8bf0f73e0_1768;
v0x8bf0f73e0_1769 .array/port v0x8bf0f73e0, 1769;
v0x8bf0f73e0_1770 .array/port v0x8bf0f73e0, 1770;
v0x8bf0f73e0_1771 .array/port v0x8bf0f73e0, 1771;
v0x8bf0f73e0_1772 .array/port v0x8bf0f73e0, 1772;
E_0x8be1754c0/443 .event anyedge, v0x8bf0f73e0_1769, v0x8bf0f73e0_1770, v0x8bf0f73e0_1771, v0x8bf0f73e0_1772;
v0x8bf0f73e0_1773 .array/port v0x8bf0f73e0, 1773;
v0x8bf0f73e0_1774 .array/port v0x8bf0f73e0, 1774;
v0x8bf0f73e0_1775 .array/port v0x8bf0f73e0, 1775;
v0x8bf0f73e0_1776 .array/port v0x8bf0f73e0, 1776;
E_0x8be1754c0/444 .event anyedge, v0x8bf0f73e0_1773, v0x8bf0f73e0_1774, v0x8bf0f73e0_1775, v0x8bf0f73e0_1776;
v0x8bf0f73e0_1777 .array/port v0x8bf0f73e0, 1777;
v0x8bf0f73e0_1778 .array/port v0x8bf0f73e0, 1778;
v0x8bf0f73e0_1779 .array/port v0x8bf0f73e0, 1779;
v0x8bf0f73e0_1780 .array/port v0x8bf0f73e0, 1780;
E_0x8be1754c0/445 .event anyedge, v0x8bf0f73e0_1777, v0x8bf0f73e0_1778, v0x8bf0f73e0_1779, v0x8bf0f73e0_1780;
v0x8bf0f73e0_1781 .array/port v0x8bf0f73e0, 1781;
v0x8bf0f73e0_1782 .array/port v0x8bf0f73e0, 1782;
v0x8bf0f73e0_1783 .array/port v0x8bf0f73e0, 1783;
v0x8bf0f73e0_1784 .array/port v0x8bf0f73e0, 1784;
E_0x8be1754c0/446 .event anyedge, v0x8bf0f73e0_1781, v0x8bf0f73e0_1782, v0x8bf0f73e0_1783, v0x8bf0f73e0_1784;
v0x8bf0f73e0_1785 .array/port v0x8bf0f73e0, 1785;
v0x8bf0f73e0_1786 .array/port v0x8bf0f73e0, 1786;
v0x8bf0f73e0_1787 .array/port v0x8bf0f73e0, 1787;
v0x8bf0f73e0_1788 .array/port v0x8bf0f73e0, 1788;
E_0x8be1754c0/447 .event anyedge, v0x8bf0f73e0_1785, v0x8bf0f73e0_1786, v0x8bf0f73e0_1787, v0x8bf0f73e0_1788;
v0x8bf0f73e0_1789 .array/port v0x8bf0f73e0, 1789;
v0x8bf0f73e0_1790 .array/port v0x8bf0f73e0, 1790;
v0x8bf0f73e0_1791 .array/port v0x8bf0f73e0, 1791;
v0x8bf0f73e0_1792 .array/port v0x8bf0f73e0, 1792;
E_0x8be1754c0/448 .event anyedge, v0x8bf0f73e0_1789, v0x8bf0f73e0_1790, v0x8bf0f73e0_1791, v0x8bf0f73e0_1792;
v0x8bf0f73e0_1793 .array/port v0x8bf0f73e0, 1793;
v0x8bf0f73e0_1794 .array/port v0x8bf0f73e0, 1794;
v0x8bf0f73e0_1795 .array/port v0x8bf0f73e0, 1795;
v0x8bf0f73e0_1796 .array/port v0x8bf0f73e0, 1796;
E_0x8be1754c0/449 .event anyedge, v0x8bf0f73e0_1793, v0x8bf0f73e0_1794, v0x8bf0f73e0_1795, v0x8bf0f73e0_1796;
v0x8bf0f73e0_1797 .array/port v0x8bf0f73e0, 1797;
v0x8bf0f73e0_1798 .array/port v0x8bf0f73e0, 1798;
v0x8bf0f73e0_1799 .array/port v0x8bf0f73e0, 1799;
v0x8bf0f73e0_1800 .array/port v0x8bf0f73e0, 1800;
E_0x8be1754c0/450 .event anyedge, v0x8bf0f73e0_1797, v0x8bf0f73e0_1798, v0x8bf0f73e0_1799, v0x8bf0f73e0_1800;
v0x8bf0f73e0_1801 .array/port v0x8bf0f73e0, 1801;
v0x8bf0f73e0_1802 .array/port v0x8bf0f73e0, 1802;
v0x8bf0f73e0_1803 .array/port v0x8bf0f73e0, 1803;
v0x8bf0f73e0_1804 .array/port v0x8bf0f73e0, 1804;
E_0x8be1754c0/451 .event anyedge, v0x8bf0f73e0_1801, v0x8bf0f73e0_1802, v0x8bf0f73e0_1803, v0x8bf0f73e0_1804;
v0x8bf0f73e0_1805 .array/port v0x8bf0f73e0, 1805;
v0x8bf0f73e0_1806 .array/port v0x8bf0f73e0, 1806;
v0x8bf0f73e0_1807 .array/port v0x8bf0f73e0, 1807;
v0x8bf0f73e0_1808 .array/port v0x8bf0f73e0, 1808;
E_0x8be1754c0/452 .event anyedge, v0x8bf0f73e0_1805, v0x8bf0f73e0_1806, v0x8bf0f73e0_1807, v0x8bf0f73e0_1808;
v0x8bf0f73e0_1809 .array/port v0x8bf0f73e0, 1809;
v0x8bf0f73e0_1810 .array/port v0x8bf0f73e0, 1810;
v0x8bf0f73e0_1811 .array/port v0x8bf0f73e0, 1811;
v0x8bf0f73e0_1812 .array/port v0x8bf0f73e0, 1812;
E_0x8be1754c0/453 .event anyedge, v0x8bf0f73e0_1809, v0x8bf0f73e0_1810, v0x8bf0f73e0_1811, v0x8bf0f73e0_1812;
v0x8bf0f73e0_1813 .array/port v0x8bf0f73e0, 1813;
v0x8bf0f73e0_1814 .array/port v0x8bf0f73e0, 1814;
v0x8bf0f73e0_1815 .array/port v0x8bf0f73e0, 1815;
v0x8bf0f73e0_1816 .array/port v0x8bf0f73e0, 1816;
E_0x8be1754c0/454 .event anyedge, v0x8bf0f73e0_1813, v0x8bf0f73e0_1814, v0x8bf0f73e0_1815, v0x8bf0f73e0_1816;
v0x8bf0f73e0_1817 .array/port v0x8bf0f73e0, 1817;
v0x8bf0f73e0_1818 .array/port v0x8bf0f73e0, 1818;
v0x8bf0f73e0_1819 .array/port v0x8bf0f73e0, 1819;
v0x8bf0f73e0_1820 .array/port v0x8bf0f73e0, 1820;
E_0x8be1754c0/455 .event anyedge, v0x8bf0f73e0_1817, v0x8bf0f73e0_1818, v0x8bf0f73e0_1819, v0x8bf0f73e0_1820;
v0x8bf0f73e0_1821 .array/port v0x8bf0f73e0, 1821;
v0x8bf0f73e0_1822 .array/port v0x8bf0f73e0, 1822;
v0x8bf0f73e0_1823 .array/port v0x8bf0f73e0, 1823;
v0x8bf0f73e0_1824 .array/port v0x8bf0f73e0, 1824;
E_0x8be1754c0/456 .event anyedge, v0x8bf0f73e0_1821, v0x8bf0f73e0_1822, v0x8bf0f73e0_1823, v0x8bf0f73e0_1824;
v0x8bf0f73e0_1825 .array/port v0x8bf0f73e0, 1825;
v0x8bf0f73e0_1826 .array/port v0x8bf0f73e0, 1826;
v0x8bf0f73e0_1827 .array/port v0x8bf0f73e0, 1827;
v0x8bf0f73e0_1828 .array/port v0x8bf0f73e0, 1828;
E_0x8be1754c0/457 .event anyedge, v0x8bf0f73e0_1825, v0x8bf0f73e0_1826, v0x8bf0f73e0_1827, v0x8bf0f73e0_1828;
v0x8bf0f73e0_1829 .array/port v0x8bf0f73e0, 1829;
v0x8bf0f73e0_1830 .array/port v0x8bf0f73e0, 1830;
v0x8bf0f73e0_1831 .array/port v0x8bf0f73e0, 1831;
v0x8bf0f73e0_1832 .array/port v0x8bf0f73e0, 1832;
E_0x8be1754c0/458 .event anyedge, v0x8bf0f73e0_1829, v0x8bf0f73e0_1830, v0x8bf0f73e0_1831, v0x8bf0f73e0_1832;
v0x8bf0f73e0_1833 .array/port v0x8bf0f73e0, 1833;
v0x8bf0f73e0_1834 .array/port v0x8bf0f73e0, 1834;
v0x8bf0f73e0_1835 .array/port v0x8bf0f73e0, 1835;
v0x8bf0f73e0_1836 .array/port v0x8bf0f73e0, 1836;
E_0x8be1754c0/459 .event anyedge, v0x8bf0f73e0_1833, v0x8bf0f73e0_1834, v0x8bf0f73e0_1835, v0x8bf0f73e0_1836;
v0x8bf0f73e0_1837 .array/port v0x8bf0f73e0, 1837;
v0x8bf0f73e0_1838 .array/port v0x8bf0f73e0, 1838;
v0x8bf0f73e0_1839 .array/port v0x8bf0f73e0, 1839;
v0x8bf0f73e0_1840 .array/port v0x8bf0f73e0, 1840;
E_0x8be1754c0/460 .event anyedge, v0x8bf0f73e0_1837, v0x8bf0f73e0_1838, v0x8bf0f73e0_1839, v0x8bf0f73e0_1840;
v0x8bf0f73e0_1841 .array/port v0x8bf0f73e0, 1841;
v0x8bf0f73e0_1842 .array/port v0x8bf0f73e0, 1842;
v0x8bf0f73e0_1843 .array/port v0x8bf0f73e0, 1843;
v0x8bf0f73e0_1844 .array/port v0x8bf0f73e0, 1844;
E_0x8be1754c0/461 .event anyedge, v0x8bf0f73e0_1841, v0x8bf0f73e0_1842, v0x8bf0f73e0_1843, v0x8bf0f73e0_1844;
v0x8bf0f73e0_1845 .array/port v0x8bf0f73e0, 1845;
v0x8bf0f73e0_1846 .array/port v0x8bf0f73e0, 1846;
v0x8bf0f73e0_1847 .array/port v0x8bf0f73e0, 1847;
v0x8bf0f73e0_1848 .array/port v0x8bf0f73e0, 1848;
E_0x8be1754c0/462 .event anyedge, v0x8bf0f73e0_1845, v0x8bf0f73e0_1846, v0x8bf0f73e0_1847, v0x8bf0f73e0_1848;
v0x8bf0f73e0_1849 .array/port v0x8bf0f73e0, 1849;
v0x8bf0f73e0_1850 .array/port v0x8bf0f73e0, 1850;
v0x8bf0f73e0_1851 .array/port v0x8bf0f73e0, 1851;
v0x8bf0f73e0_1852 .array/port v0x8bf0f73e0, 1852;
E_0x8be1754c0/463 .event anyedge, v0x8bf0f73e0_1849, v0x8bf0f73e0_1850, v0x8bf0f73e0_1851, v0x8bf0f73e0_1852;
v0x8bf0f73e0_1853 .array/port v0x8bf0f73e0, 1853;
v0x8bf0f73e0_1854 .array/port v0x8bf0f73e0, 1854;
v0x8bf0f73e0_1855 .array/port v0x8bf0f73e0, 1855;
v0x8bf0f73e0_1856 .array/port v0x8bf0f73e0, 1856;
E_0x8be1754c0/464 .event anyedge, v0x8bf0f73e0_1853, v0x8bf0f73e0_1854, v0x8bf0f73e0_1855, v0x8bf0f73e0_1856;
v0x8bf0f73e0_1857 .array/port v0x8bf0f73e0, 1857;
v0x8bf0f73e0_1858 .array/port v0x8bf0f73e0, 1858;
v0x8bf0f73e0_1859 .array/port v0x8bf0f73e0, 1859;
v0x8bf0f73e0_1860 .array/port v0x8bf0f73e0, 1860;
E_0x8be1754c0/465 .event anyedge, v0x8bf0f73e0_1857, v0x8bf0f73e0_1858, v0x8bf0f73e0_1859, v0x8bf0f73e0_1860;
v0x8bf0f73e0_1861 .array/port v0x8bf0f73e0, 1861;
v0x8bf0f73e0_1862 .array/port v0x8bf0f73e0, 1862;
v0x8bf0f73e0_1863 .array/port v0x8bf0f73e0, 1863;
v0x8bf0f73e0_1864 .array/port v0x8bf0f73e0, 1864;
E_0x8be1754c0/466 .event anyedge, v0x8bf0f73e0_1861, v0x8bf0f73e0_1862, v0x8bf0f73e0_1863, v0x8bf0f73e0_1864;
v0x8bf0f73e0_1865 .array/port v0x8bf0f73e0, 1865;
v0x8bf0f73e0_1866 .array/port v0x8bf0f73e0, 1866;
v0x8bf0f73e0_1867 .array/port v0x8bf0f73e0, 1867;
v0x8bf0f73e0_1868 .array/port v0x8bf0f73e0, 1868;
E_0x8be1754c0/467 .event anyedge, v0x8bf0f73e0_1865, v0x8bf0f73e0_1866, v0x8bf0f73e0_1867, v0x8bf0f73e0_1868;
v0x8bf0f73e0_1869 .array/port v0x8bf0f73e0, 1869;
v0x8bf0f73e0_1870 .array/port v0x8bf0f73e0, 1870;
v0x8bf0f73e0_1871 .array/port v0x8bf0f73e0, 1871;
v0x8bf0f73e0_1872 .array/port v0x8bf0f73e0, 1872;
E_0x8be1754c0/468 .event anyedge, v0x8bf0f73e0_1869, v0x8bf0f73e0_1870, v0x8bf0f73e0_1871, v0x8bf0f73e0_1872;
v0x8bf0f73e0_1873 .array/port v0x8bf0f73e0, 1873;
v0x8bf0f73e0_1874 .array/port v0x8bf0f73e0, 1874;
v0x8bf0f73e0_1875 .array/port v0x8bf0f73e0, 1875;
v0x8bf0f73e0_1876 .array/port v0x8bf0f73e0, 1876;
E_0x8be1754c0/469 .event anyedge, v0x8bf0f73e0_1873, v0x8bf0f73e0_1874, v0x8bf0f73e0_1875, v0x8bf0f73e0_1876;
v0x8bf0f73e0_1877 .array/port v0x8bf0f73e0, 1877;
v0x8bf0f73e0_1878 .array/port v0x8bf0f73e0, 1878;
v0x8bf0f73e0_1879 .array/port v0x8bf0f73e0, 1879;
v0x8bf0f73e0_1880 .array/port v0x8bf0f73e0, 1880;
E_0x8be1754c0/470 .event anyedge, v0x8bf0f73e0_1877, v0x8bf0f73e0_1878, v0x8bf0f73e0_1879, v0x8bf0f73e0_1880;
v0x8bf0f73e0_1881 .array/port v0x8bf0f73e0, 1881;
v0x8bf0f73e0_1882 .array/port v0x8bf0f73e0, 1882;
v0x8bf0f73e0_1883 .array/port v0x8bf0f73e0, 1883;
v0x8bf0f73e0_1884 .array/port v0x8bf0f73e0, 1884;
E_0x8be1754c0/471 .event anyedge, v0x8bf0f73e0_1881, v0x8bf0f73e0_1882, v0x8bf0f73e0_1883, v0x8bf0f73e0_1884;
v0x8bf0f73e0_1885 .array/port v0x8bf0f73e0, 1885;
v0x8bf0f73e0_1886 .array/port v0x8bf0f73e0, 1886;
v0x8bf0f73e0_1887 .array/port v0x8bf0f73e0, 1887;
v0x8bf0f73e0_1888 .array/port v0x8bf0f73e0, 1888;
E_0x8be1754c0/472 .event anyedge, v0x8bf0f73e0_1885, v0x8bf0f73e0_1886, v0x8bf0f73e0_1887, v0x8bf0f73e0_1888;
v0x8bf0f73e0_1889 .array/port v0x8bf0f73e0, 1889;
v0x8bf0f73e0_1890 .array/port v0x8bf0f73e0, 1890;
v0x8bf0f73e0_1891 .array/port v0x8bf0f73e0, 1891;
v0x8bf0f73e0_1892 .array/port v0x8bf0f73e0, 1892;
E_0x8be1754c0/473 .event anyedge, v0x8bf0f73e0_1889, v0x8bf0f73e0_1890, v0x8bf0f73e0_1891, v0x8bf0f73e0_1892;
v0x8bf0f73e0_1893 .array/port v0x8bf0f73e0, 1893;
v0x8bf0f73e0_1894 .array/port v0x8bf0f73e0, 1894;
v0x8bf0f73e0_1895 .array/port v0x8bf0f73e0, 1895;
v0x8bf0f73e0_1896 .array/port v0x8bf0f73e0, 1896;
E_0x8be1754c0/474 .event anyedge, v0x8bf0f73e0_1893, v0x8bf0f73e0_1894, v0x8bf0f73e0_1895, v0x8bf0f73e0_1896;
v0x8bf0f73e0_1897 .array/port v0x8bf0f73e0, 1897;
v0x8bf0f73e0_1898 .array/port v0x8bf0f73e0, 1898;
v0x8bf0f73e0_1899 .array/port v0x8bf0f73e0, 1899;
v0x8bf0f73e0_1900 .array/port v0x8bf0f73e0, 1900;
E_0x8be1754c0/475 .event anyedge, v0x8bf0f73e0_1897, v0x8bf0f73e0_1898, v0x8bf0f73e0_1899, v0x8bf0f73e0_1900;
v0x8bf0f73e0_1901 .array/port v0x8bf0f73e0, 1901;
v0x8bf0f73e0_1902 .array/port v0x8bf0f73e0, 1902;
v0x8bf0f73e0_1903 .array/port v0x8bf0f73e0, 1903;
v0x8bf0f73e0_1904 .array/port v0x8bf0f73e0, 1904;
E_0x8be1754c0/476 .event anyedge, v0x8bf0f73e0_1901, v0x8bf0f73e0_1902, v0x8bf0f73e0_1903, v0x8bf0f73e0_1904;
v0x8bf0f73e0_1905 .array/port v0x8bf0f73e0, 1905;
v0x8bf0f73e0_1906 .array/port v0x8bf0f73e0, 1906;
v0x8bf0f73e0_1907 .array/port v0x8bf0f73e0, 1907;
v0x8bf0f73e0_1908 .array/port v0x8bf0f73e0, 1908;
E_0x8be1754c0/477 .event anyedge, v0x8bf0f73e0_1905, v0x8bf0f73e0_1906, v0x8bf0f73e0_1907, v0x8bf0f73e0_1908;
v0x8bf0f73e0_1909 .array/port v0x8bf0f73e0, 1909;
v0x8bf0f73e0_1910 .array/port v0x8bf0f73e0, 1910;
v0x8bf0f73e0_1911 .array/port v0x8bf0f73e0, 1911;
v0x8bf0f73e0_1912 .array/port v0x8bf0f73e0, 1912;
E_0x8be1754c0/478 .event anyedge, v0x8bf0f73e0_1909, v0x8bf0f73e0_1910, v0x8bf0f73e0_1911, v0x8bf0f73e0_1912;
v0x8bf0f73e0_1913 .array/port v0x8bf0f73e0, 1913;
v0x8bf0f73e0_1914 .array/port v0x8bf0f73e0, 1914;
v0x8bf0f73e0_1915 .array/port v0x8bf0f73e0, 1915;
v0x8bf0f73e0_1916 .array/port v0x8bf0f73e0, 1916;
E_0x8be1754c0/479 .event anyedge, v0x8bf0f73e0_1913, v0x8bf0f73e0_1914, v0x8bf0f73e0_1915, v0x8bf0f73e0_1916;
v0x8bf0f73e0_1917 .array/port v0x8bf0f73e0, 1917;
v0x8bf0f73e0_1918 .array/port v0x8bf0f73e0, 1918;
v0x8bf0f73e0_1919 .array/port v0x8bf0f73e0, 1919;
v0x8bf0f73e0_1920 .array/port v0x8bf0f73e0, 1920;
E_0x8be1754c0/480 .event anyedge, v0x8bf0f73e0_1917, v0x8bf0f73e0_1918, v0x8bf0f73e0_1919, v0x8bf0f73e0_1920;
v0x8bf0f73e0_1921 .array/port v0x8bf0f73e0, 1921;
v0x8bf0f73e0_1922 .array/port v0x8bf0f73e0, 1922;
v0x8bf0f73e0_1923 .array/port v0x8bf0f73e0, 1923;
v0x8bf0f73e0_1924 .array/port v0x8bf0f73e0, 1924;
E_0x8be1754c0/481 .event anyedge, v0x8bf0f73e0_1921, v0x8bf0f73e0_1922, v0x8bf0f73e0_1923, v0x8bf0f73e0_1924;
v0x8bf0f73e0_1925 .array/port v0x8bf0f73e0, 1925;
v0x8bf0f73e0_1926 .array/port v0x8bf0f73e0, 1926;
v0x8bf0f73e0_1927 .array/port v0x8bf0f73e0, 1927;
v0x8bf0f73e0_1928 .array/port v0x8bf0f73e0, 1928;
E_0x8be1754c0/482 .event anyedge, v0x8bf0f73e0_1925, v0x8bf0f73e0_1926, v0x8bf0f73e0_1927, v0x8bf0f73e0_1928;
v0x8bf0f73e0_1929 .array/port v0x8bf0f73e0, 1929;
v0x8bf0f73e0_1930 .array/port v0x8bf0f73e0, 1930;
v0x8bf0f73e0_1931 .array/port v0x8bf0f73e0, 1931;
v0x8bf0f73e0_1932 .array/port v0x8bf0f73e0, 1932;
E_0x8be1754c0/483 .event anyedge, v0x8bf0f73e0_1929, v0x8bf0f73e0_1930, v0x8bf0f73e0_1931, v0x8bf0f73e0_1932;
v0x8bf0f73e0_1933 .array/port v0x8bf0f73e0, 1933;
v0x8bf0f73e0_1934 .array/port v0x8bf0f73e0, 1934;
v0x8bf0f73e0_1935 .array/port v0x8bf0f73e0, 1935;
v0x8bf0f73e0_1936 .array/port v0x8bf0f73e0, 1936;
E_0x8be1754c0/484 .event anyedge, v0x8bf0f73e0_1933, v0x8bf0f73e0_1934, v0x8bf0f73e0_1935, v0x8bf0f73e0_1936;
v0x8bf0f73e0_1937 .array/port v0x8bf0f73e0, 1937;
v0x8bf0f73e0_1938 .array/port v0x8bf0f73e0, 1938;
v0x8bf0f73e0_1939 .array/port v0x8bf0f73e0, 1939;
v0x8bf0f73e0_1940 .array/port v0x8bf0f73e0, 1940;
E_0x8be1754c0/485 .event anyedge, v0x8bf0f73e0_1937, v0x8bf0f73e0_1938, v0x8bf0f73e0_1939, v0x8bf0f73e0_1940;
v0x8bf0f73e0_1941 .array/port v0x8bf0f73e0, 1941;
v0x8bf0f73e0_1942 .array/port v0x8bf0f73e0, 1942;
v0x8bf0f73e0_1943 .array/port v0x8bf0f73e0, 1943;
v0x8bf0f73e0_1944 .array/port v0x8bf0f73e0, 1944;
E_0x8be1754c0/486 .event anyedge, v0x8bf0f73e0_1941, v0x8bf0f73e0_1942, v0x8bf0f73e0_1943, v0x8bf0f73e0_1944;
v0x8bf0f73e0_1945 .array/port v0x8bf0f73e0, 1945;
v0x8bf0f73e0_1946 .array/port v0x8bf0f73e0, 1946;
v0x8bf0f73e0_1947 .array/port v0x8bf0f73e0, 1947;
v0x8bf0f73e0_1948 .array/port v0x8bf0f73e0, 1948;
E_0x8be1754c0/487 .event anyedge, v0x8bf0f73e0_1945, v0x8bf0f73e0_1946, v0x8bf0f73e0_1947, v0x8bf0f73e0_1948;
v0x8bf0f73e0_1949 .array/port v0x8bf0f73e0, 1949;
v0x8bf0f73e0_1950 .array/port v0x8bf0f73e0, 1950;
v0x8bf0f73e0_1951 .array/port v0x8bf0f73e0, 1951;
v0x8bf0f73e0_1952 .array/port v0x8bf0f73e0, 1952;
E_0x8be1754c0/488 .event anyedge, v0x8bf0f73e0_1949, v0x8bf0f73e0_1950, v0x8bf0f73e0_1951, v0x8bf0f73e0_1952;
v0x8bf0f73e0_1953 .array/port v0x8bf0f73e0, 1953;
v0x8bf0f73e0_1954 .array/port v0x8bf0f73e0, 1954;
v0x8bf0f73e0_1955 .array/port v0x8bf0f73e0, 1955;
v0x8bf0f73e0_1956 .array/port v0x8bf0f73e0, 1956;
E_0x8be1754c0/489 .event anyedge, v0x8bf0f73e0_1953, v0x8bf0f73e0_1954, v0x8bf0f73e0_1955, v0x8bf0f73e0_1956;
v0x8bf0f73e0_1957 .array/port v0x8bf0f73e0, 1957;
v0x8bf0f73e0_1958 .array/port v0x8bf0f73e0, 1958;
v0x8bf0f73e0_1959 .array/port v0x8bf0f73e0, 1959;
v0x8bf0f73e0_1960 .array/port v0x8bf0f73e0, 1960;
E_0x8be1754c0/490 .event anyedge, v0x8bf0f73e0_1957, v0x8bf0f73e0_1958, v0x8bf0f73e0_1959, v0x8bf0f73e0_1960;
v0x8bf0f73e0_1961 .array/port v0x8bf0f73e0, 1961;
v0x8bf0f73e0_1962 .array/port v0x8bf0f73e0, 1962;
v0x8bf0f73e0_1963 .array/port v0x8bf0f73e0, 1963;
v0x8bf0f73e0_1964 .array/port v0x8bf0f73e0, 1964;
E_0x8be1754c0/491 .event anyedge, v0x8bf0f73e0_1961, v0x8bf0f73e0_1962, v0x8bf0f73e0_1963, v0x8bf0f73e0_1964;
v0x8bf0f73e0_1965 .array/port v0x8bf0f73e0, 1965;
v0x8bf0f73e0_1966 .array/port v0x8bf0f73e0, 1966;
v0x8bf0f73e0_1967 .array/port v0x8bf0f73e0, 1967;
v0x8bf0f73e0_1968 .array/port v0x8bf0f73e0, 1968;
E_0x8be1754c0/492 .event anyedge, v0x8bf0f73e0_1965, v0x8bf0f73e0_1966, v0x8bf0f73e0_1967, v0x8bf0f73e0_1968;
v0x8bf0f73e0_1969 .array/port v0x8bf0f73e0, 1969;
v0x8bf0f73e0_1970 .array/port v0x8bf0f73e0, 1970;
v0x8bf0f73e0_1971 .array/port v0x8bf0f73e0, 1971;
v0x8bf0f73e0_1972 .array/port v0x8bf0f73e0, 1972;
E_0x8be1754c0/493 .event anyedge, v0x8bf0f73e0_1969, v0x8bf0f73e0_1970, v0x8bf0f73e0_1971, v0x8bf0f73e0_1972;
v0x8bf0f73e0_1973 .array/port v0x8bf0f73e0, 1973;
v0x8bf0f73e0_1974 .array/port v0x8bf0f73e0, 1974;
v0x8bf0f73e0_1975 .array/port v0x8bf0f73e0, 1975;
v0x8bf0f73e0_1976 .array/port v0x8bf0f73e0, 1976;
E_0x8be1754c0/494 .event anyedge, v0x8bf0f73e0_1973, v0x8bf0f73e0_1974, v0x8bf0f73e0_1975, v0x8bf0f73e0_1976;
v0x8bf0f73e0_1977 .array/port v0x8bf0f73e0, 1977;
v0x8bf0f73e0_1978 .array/port v0x8bf0f73e0, 1978;
v0x8bf0f73e0_1979 .array/port v0x8bf0f73e0, 1979;
v0x8bf0f73e0_1980 .array/port v0x8bf0f73e0, 1980;
E_0x8be1754c0/495 .event anyedge, v0x8bf0f73e0_1977, v0x8bf0f73e0_1978, v0x8bf0f73e0_1979, v0x8bf0f73e0_1980;
v0x8bf0f73e0_1981 .array/port v0x8bf0f73e0, 1981;
v0x8bf0f73e0_1982 .array/port v0x8bf0f73e0, 1982;
v0x8bf0f73e0_1983 .array/port v0x8bf0f73e0, 1983;
v0x8bf0f73e0_1984 .array/port v0x8bf0f73e0, 1984;
E_0x8be1754c0/496 .event anyedge, v0x8bf0f73e0_1981, v0x8bf0f73e0_1982, v0x8bf0f73e0_1983, v0x8bf0f73e0_1984;
v0x8bf0f73e0_1985 .array/port v0x8bf0f73e0, 1985;
v0x8bf0f73e0_1986 .array/port v0x8bf0f73e0, 1986;
v0x8bf0f73e0_1987 .array/port v0x8bf0f73e0, 1987;
v0x8bf0f73e0_1988 .array/port v0x8bf0f73e0, 1988;
E_0x8be1754c0/497 .event anyedge, v0x8bf0f73e0_1985, v0x8bf0f73e0_1986, v0x8bf0f73e0_1987, v0x8bf0f73e0_1988;
v0x8bf0f73e0_1989 .array/port v0x8bf0f73e0, 1989;
v0x8bf0f73e0_1990 .array/port v0x8bf0f73e0, 1990;
v0x8bf0f73e0_1991 .array/port v0x8bf0f73e0, 1991;
v0x8bf0f73e0_1992 .array/port v0x8bf0f73e0, 1992;
E_0x8be1754c0/498 .event anyedge, v0x8bf0f73e0_1989, v0x8bf0f73e0_1990, v0x8bf0f73e0_1991, v0x8bf0f73e0_1992;
v0x8bf0f73e0_1993 .array/port v0x8bf0f73e0, 1993;
v0x8bf0f73e0_1994 .array/port v0x8bf0f73e0, 1994;
v0x8bf0f73e0_1995 .array/port v0x8bf0f73e0, 1995;
v0x8bf0f73e0_1996 .array/port v0x8bf0f73e0, 1996;
E_0x8be1754c0/499 .event anyedge, v0x8bf0f73e0_1993, v0x8bf0f73e0_1994, v0x8bf0f73e0_1995, v0x8bf0f73e0_1996;
v0x8bf0f73e0_1997 .array/port v0x8bf0f73e0, 1997;
v0x8bf0f73e0_1998 .array/port v0x8bf0f73e0, 1998;
v0x8bf0f73e0_1999 .array/port v0x8bf0f73e0, 1999;
v0x8bf0f73e0_2000 .array/port v0x8bf0f73e0, 2000;
E_0x8be1754c0/500 .event anyedge, v0x8bf0f73e0_1997, v0x8bf0f73e0_1998, v0x8bf0f73e0_1999, v0x8bf0f73e0_2000;
v0x8bf0f73e0_2001 .array/port v0x8bf0f73e0, 2001;
v0x8bf0f73e0_2002 .array/port v0x8bf0f73e0, 2002;
v0x8bf0f73e0_2003 .array/port v0x8bf0f73e0, 2003;
v0x8bf0f73e0_2004 .array/port v0x8bf0f73e0, 2004;
E_0x8be1754c0/501 .event anyedge, v0x8bf0f73e0_2001, v0x8bf0f73e0_2002, v0x8bf0f73e0_2003, v0x8bf0f73e0_2004;
v0x8bf0f73e0_2005 .array/port v0x8bf0f73e0, 2005;
v0x8bf0f73e0_2006 .array/port v0x8bf0f73e0, 2006;
v0x8bf0f73e0_2007 .array/port v0x8bf0f73e0, 2007;
v0x8bf0f73e0_2008 .array/port v0x8bf0f73e0, 2008;
E_0x8be1754c0/502 .event anyedge, v0x8bf0f73e0_2005, v0x8bf0f73e0_2006, v0x8bf0f73e0_2007, v0x8bf0f73e0_2008;
v0x8bf0f73e0_2009 .array/port v0x8bf0f73e0, 2009;
v0x8bf0f73e0_2010 .array/port v0x8bf0f73e0, 2010;
v0x8bf0f73e0_2011 .array/port v0x8bf0f73e0, 2011;
v0x8bf0f73e0_2012 .array/port v0x8bf0f73e0, 2012;
E_0x8be1754c0/503 .event anyedge, v0x8bf0f73e0_2009, v0x8bf0f73e0_2010, v0x8bf0f73e0_2011, v0x8bf0f73e0_2012;
v0x8bf0f73e0_2013 .array/port v0x8bf0f73e0, 2013;
v0x8bf0f73e0_2014 .array/port v0x8bf0f73e0, 2014;
v0x8bf0f73e0_2015 .array/port v0x8bf0f73e0, 2015;
v0x8bf0f73e0_2016 .array/port v0x8bf0f73e0, 2016;
E_0x8be1754c0/504 .event anyedge, v0x8bf0f73e0_2013, v0x8bf0f73e0_2014, v0x8bf0f73e0_2015, v0x8bf0f73e0_2016;
v0x8bf0f73e0_2017 .array/port v0x8bf0f73e0, 2017;
v0x8bf0f73e0_2018 .array/port v0x8bf0f73e0, 2018;
v0x8bf0f73e0_2019 .array/port v0x8bf0f73e0, 2019;
v0x8bf0f73e0_2020 .array/port v0x8bf0f73e0, 2020;
E_0x8be1754c0/505 .event anyedge, v0x8bf0f73e0_2017, v0x8bf0f73e0_2018, v0x8bf0f73e0_2019, v0x8bf0f73e0_2020;
v0x8bf0f73e0_2021 .array/port v0x8bf0f73e0, 2021;
v0x8bf0f73e0_2022 .array/port v0x8bf0f73e0, 2022;
v0x8bf0f73e0_2023 .array/port v0x8bf0f73e0, 2023;
v0x8bf0f73e0_2024 .array/port v0x8bf0f73e0, 2024;
E_0x8be1754c0/506 .event anyedge, v0x8bf0f73e0_2021, v0x8bf0f73e0_2022, v0x8bf0f73e0_2023, v0x8bf0f73e0_2024;
v0x8bf0f73e0_2025 .array/port v0x8bf0f73e0, 2025;
v0x8bf0f73e0_2026 .array/port v0x8bf0f73e0, 2026;
v0x8bf0f73e0_2027 .array/port v0x8bf0f73e0, 2027;
v0x8bf0f73e0_2028 .array/port v0x8bf0f73e0, 2028;
E_0x8be1754c0/507 .event anyedge, v0x8bf0f73e0_2025, v0x8bf0f73e0_2026, v0x8bf0f73e0_2027, v0x8bf0f73e0_2028;
v0x8bf0f73e0_2029 .array/port v0x8bf0f73e0, 2029;
v0x8bf0f73e0_2030 .array/port v0x8bf0f73e0, 2030;
v0x8bf0f73e0_2031 .array/port v0x8bf0f73e0, 2031;
v0x8bf0f73e0_2032 .array/port v0x8bf0f73e0, 2032;
E_0x8be1754c0/508 .event anyedge, v0x8bf0f73e0_2029, v0x8bf0f73e0_2030, v0x8bf0f73e0_2031, v0x8bf0f73e0_2032;
v0x8bf0f73e0_2033 .array/port v0x8bf0f73e0, 2033;
v0x8bf0f73e0_2034 .array/port v0x8bf0f73e0, 2034;
v0x8bf0f73e0_2035 .array/port v0x8bf0f73e0, 2035;
v0x8bf0f73e0_2036 .array/port v0x8bf0f73e0, 2036;
E_0x8be1754c0/509 .event anyedge, v0x8bf0f73e0_2033, v0x8bf0f73e0_2034, v0x8bf0f73e0_2035, v0x8bf0f73e0_2036;
v0x8bf0f73e0_2037 .array/port v0x8bf0f73e0, 2037;
v0x8bf0f73e0_2038 .array/port v0x8bf0f73e0, 2038;
v0x8bf0f73e0_2039 .array/port v0x8bf0f73e0, 2039;
v0x8bf0f73e0_2040 .array/port v0x8bf0f73e0, 2040;
E_0x8be1754c0/510 .event anyedge, v0x8bf0f73e0_2037, v0x8bf0f73e0_2038, v0x8bf0f73e0_2039, v0x8bf0f73e0_2040;
v0x8bf0f73e0_2041 .array/port v0x8bf0f73e0, 2041;
v0x8bf0f73e0_2042 .array/port v0x8bf0f73e0, 2042;
v0x8bf0f73e0_2043 .array/port v0x8bf0f73e0, 2043;
v0x8bf0f73e0_2044 .array/port v0x8bf0f73e0, 2044;
E_0x8be1754c0/511 .event anyedge, v0x8bf0f73e0_2041, v0x8bf0f73e0_2042, v0x8bf0f73e0_2043, v0x8bf0f73e0_2044;
v0x8bf0f73e0_2045 .array/port v0x8bf0f73e0, 2045;
v0x8bf0f73e0_2046 .array/port v0x8bf0f73e0, 2046;
v0x8bf0f73e0_2047 .array/port v0x8bf0f73e0, 2047;
E_0x8be1754c0/512 .event anyedge, v0x8bf0f73e0_2045, v0x8bf0f73e0_2046, v0x8bf0f73e0_2047;
E_0x8be1754c0 .event/or E_0x8be1754c0/0, E_0x8be1754c0/1, E_0x8be1754c0/2, E_0x8be1754c0/3, E_0x8be1754c0/4, E_0x8be1754c0/5, E_0x8be1754c0/6, E_0x8be1754c0/7, E_0x8be1754c0/8, E_0x8be1754c0/9, E_0x8be1754c0/10, E_0x8be1754c0/11, E_0x8be1754c0/12, E_0x8be1754c0/13, E_0x8be1754c0/14, E_0x8be1754c0/15, E_0x8be1754c0/16, E_0x8be1754c0/17, E_0x8be1754c0/18, E_0x8be1754c0/19, E_0x8be1754c0/20, E_0x8be1754c0/21, E_0x8be1754c0/22, E_0x8be1754c0/23, E_0x8be1754c0/24, E_0x8be1754c0/25, E_0x8be1754c0/26, E_0x8be1754c0/27, E_0x8be1754c0/28, E_0x8be1754c0/29, E_0x8be1754c0/30, E_0x8be1754c0/31, E_0x8be1754c0/32, E_0x8be1754c0/33, E_0x8be1754c0/34, E_0x8be1754c0/35, E_0x8be1754c0/36, E_0x8be1754c0/37, E_0x8be1754c0/38, E_0x8be1754c0/39, E_0x8be1754c0/40, E_0x8be1754c0/41, E_0x8be1754c0/42, E_0x8be1754c0/43, E_0x8be1754c0/44, E_0x8be1754c0/45, E_0x8be1754c0/46, E_0x8be1754c0/47, E_0x8be1754c0/48, E_0x8be1754c0/49, E_0x8be1754c0/50, E_0x8be1754c0/51, E_0x8be1754c0/52, E_0x8be1754c0/53, E_0x8be1754c0/54, E_0x8be1754c0/55, E_0x8be1754c0/56, E_0x8be1754c0/57, E_0x8be1754c0/58, E_0x8be1754c0/59, E_0x8be1754c0/60, E_0x8be1754c0/61, E_0x8be1754c0/62, E_0x8be1754c0/63, E_0x8be1754c0/64, E_0x8be1754c0/65, E_0x8be1754c0/66, E_0x8be1754c0/67, E_0x8be1754c0/68, E_0x8be1754c0/69, E_0x8be1754c0/70, E_0x8be1754c0/71, E_0x8be1754c0/72, E_0x8be1754c0/73, E_0x8be1754c0/74, E_0x8be1754c0/75, E_0x8be1754c0/76, E_0x8be1754c0/77, E_0x8be1754c0/78, E_0x8be1754c0/79, E_0x8be1754c0/80, E_0x8be1754c0/81, E_0x8be1754c0/82, E_0x8be1754c0/83, E_0x8be1754c0/84, E_0x8be1754c0/85, E_0x8be1754c0/86, E_0x8be1754c0/87, E_0x8be1754c0/88, E_0x8be1754c0/89, E_0x8be1754c0/90, E_0x8be1754c0/91, E_0x8be1754c0/92, E_0x8be1754c0/93, E_0x8be1754c0/94, E_0x8be1754c0/95, E_0x8be1754c0/96, E_0x8be1754c0/97, E_0x8be1754c0/98, E_0x8be1754c0/99, E_0x8be1754c0/100, E_0x8be1754c0/101, E_0x8be1754c0/102, E_0x8be1754c0/103, E_0x8be1754c0/104, E_0x8be1754c0/105, E_0x8be1754c0/106, E_0x8be1754c0/107, E_0x8be1754c0/108, E_0x8be1754c0/109, E_0x8be1754c0/110, E_0x8be1754c0/111, E_0x8be1754c0/112, E_0x8be1754c0/113, E_0x8be1754c0/114, E_0x8be1754c0/115, E_0x8be1754c0/116, E_0x8be1754c0/117, E_0x8be1754c0/118, E_0x8be1754c0/119, E_0x8be1754c0/120, E_0x8be1754c0/121, E_0x8be1754c0/122, E_0x8be1754c0/123, E_0x8be1754c0/124, E_0x8be1754c0/125, E_0x8be1754c0/126, E_0x8be1754c0/127, E_0x8be1754c0/128, E_0x8be1754c0/129, E_0x8be1754c0/130, E_0x8be1754c0/131, E_0x8be1754c0/132, E_0x8be1754c0/133, E_0x8be1754c0/134, E_0x8be1754c0/135, E_0x8be1754c0/136, E_0x8be1754c0/137, E_0x8be1754c0/138, E_0x8be1754c0/139, E_0x8be1754c0/140, E_0x8be1754c0/141, E_0x8be1754c0/142, E_0x8be1754c0/143, E_0x8be1754c0/144, E_0x8be1754c0/145, E_0x8be1754c0/146, E_0x8be1754c0/147, E_0x8be1754c0/148, E_0x8be1754c0/149, E_0x8be1754c0/150, E_0x8be1754c0/151, E_0x8be1754c0/152, E_0x8be1754c0/153, E_0x8be1754c0/154, E_0x8be1754c0/155, E_0x8be1754c0/156, E_0x8be1754c0/157, E_0x8be1754c0/158, E_0x8be1754c0/159, E_0x8be1754c0/160, E_0x8be1754c0/161, E_0x8be1754c0/162, E_0x8be1754c0/163, E_0x8be1754c0/164, E_0x8be1754c0/165, E_0x8be1754c0/166, E_0x8be1754c0/167, E_0x8be1754c0/168, E_0x8be1754c0/169, E_0x8be1754c0/170, E_0x8be1754c0/171, E_0x8be1754c0/172, E_0x8be1754c0/173, E_0x8be1754c0/174, E_0x8be1754c0/175, E_0x8be1754c0/176, E_0x8be1754c0/177, E_0x8be1754c0/178, E_0x8be1754c0/179, E_0x8be1754c0/180, E_0x8be1754c0/181, E_0x8be1754c0/182, E_0x8be1754c0/183, E_0x8be1754c0/184, E_0x8be1754c0/185, E_0x8be1754c0/186, E_0x8be1754c0/187, E_0x8be1754c0/188, E_0x8be1754c0/189, E_0x8be1754c0/190, E_0x8be1754c0/191, E_0x8be1754c0/192, E_0x8be1754c0/193, E_0x8be1754c0/194, E_0x8be1754c0/195, E_0x8be1754c0/196, E_0x8be1754c0/197, E_0x8be1754c0/198, E_0x8be1754c0/199, E_0x8be1754c0/200, E_0x8be1754c0/201, E_0x8be1754c0/202, E_0x8be1754c0/203, E_0x8be1754c0/204, E_0x8be1754c0/205, E_0x8be1754c0/206, E_0x8be1754c0/207, E_0x8be1754c0/208, E_0x8be1754c0/209, E_0x8be1754c0/210, E_0x8be1754c0/211, E_0x8be1754c0/212, E_0x8be1754c0/213, E_0x8be1754c0/214, E_0x8be1754c0/215, E_0x8be1754c0/216, E_0x8be1754c0/217, E_0x8be1754c0/218, E_0x8be1754c0/219, E_0x8be1754c0/220, E_0x8be1754c0/221, E_0x8be1754c0/222, E_0x8be1754c0/223, E_0x8be1754c0/224, E_0x8be1754c0/225, E_0x8be1754c0/226, E_0x8be1754c0/227, E_0x8be1754c0/228, E_0x8be1754c0/229, E_0x8be1754c0/230, E_0x8be1754c0/231, E_0x8be1754c0/232, E_0x8be1754c0/233, E_0x8be1754c0/234, E_0x8be1754c0/235, E_0x8be1754c0/236, E_0x8be1754c0/237, E_0x8be1754c0/238, E_0x8be1754c0/239, E_0x8be1754c0/240, E_0x8be1754c0/241, E_0x8be1754c0/242, E_0x8be1754c0/243, E_0x8be1754c0/244, E_0x8be1754c0/245, E_0x8be1754c0/246, E_0x8be1754c0/247, E_0x8be1754c0/248, E_0x8be1754c0/249, E_0x8be1754c0/250, E_0x8be1754c0/251, E_0x8be1754c0/252, E_0x8be1754c0/253, E_0x8be1754c0/254, E_0x8be1754c0/255, E_0x8be1754c0/256, E_0x8be1754c0/257, E_0x8be1754c0/258, E_0x8be1754c0/259, E_0x8be1754c0/260, E_0x8be1754c0/261, E_0x8be1754c0/262, E_0x8be1754c0/263, E_0x8be1754c0/264, E_0x8be1754c0/265, E_0x8be1754c0/266, E_0x8be1754c0/267, E_0x8be1754c0/268, E_0x8be1754c0/269, E_0x8be1754c0/270, E_0x8be1754c0/271, E_0x8be1754c0/272, E_0x8be1754c0/273, E_0x8be1754c0/274, E_0x8be1754c0/275, E_0x8be1754c0/276, E_0x8be1754c0/277, E_0x8be1754c0/278, E_0x8be1754c0/279, E_0x8be1754c0/280, E_0x8be1754c0/281, E_0x8be1754c0/282, E_0x8be1754c0/283, E_0x8be1754c0/284, E_0x8be1754c0/285, E_0x8be1754c0/286, E_0x8be1754c0/287, E_0x8be1754c0/288, E_0x8be1754c0/289, E_0x8be1754c0/290, E_0x8be1754c0/291, E_0x8be1754c0/292, E_0x8be1754c0/293, E_0x8be1754c0/294, E_0x8be1754c0/295, E_0x8be1754c0/296, E_0x8be1754c0/297, E_0x8be1754c0/298, E_0x8be1754c0/299, E_0x8be1754c0/300, E_0x8be1754c0/301, E_0x8be1754c0/302, E_0x8be1754c0/303, E_0x8be1754c0/304, E_0x8be1754c0/305, E_0x8be1754c0/306, E_0x8be1754c0/307, E_0x8be1754c0/308, E_0x8be1754c0/309, E_0x8be1754c0/310, E_0x8be1754c0/311, E_0x8be1754c0/312, E_0x8be1754c0/313, E_0x8be1754c0/314, E_0x8be1754c0/315, E_0x8be1754c0/316, E_0x8be1754c0/317, E_0x8be1754c0/318, E_0x8be1754c0/319, E_0x8be1754c0/320, E_0x8be1754c0/321, E_0x8be1754c0/322, E_0x8be1754c0/323, E_0x8be1754c0/324, E_0x8be1754c0/325, E_0x8be1754c0/326, E_0x8be1754c0/327, E_0x8be1754c0/328, E_0x8be1754c0/329, E_0x8be1754c0/330, E_0x8be1754c0/331, E_0x8be1754c0/332, E_0x8be1754c0/333, E_0x8be1754c0/334, E_0x8be1754c0/335, E_0x8be1754c0/336, E_0x8be1754c0/337, E_0x8be1754c0/338, E_0x8be1754c0/339, E_0x8be1754c0/340, E_0x8be1754c0/341, E_0x8be1754c0/342, E_0x8be1754c0/343, E_0x8be1754c0/344, E_0x8be1754c0/345, E_0x8be1754c0/346, E_0x8be1754c0/347, E_0x8be1754c0/348, E_0x8be1754c0/349, E_0x8be1754c0/350, E_0x8be1754c0/351, E_0x8be1754c0/352, E_0x8be1754c0/353, E_0x8be1754c0/354, E_0x8be1754c0/355, E_0x8be1754c0/356, E_0x8be1754c0/357, E_0x8be1754c0/358, E_0x8be1754c0/359, E_0x8be1754c0/360, E_0x8be1754c0/361, E_0x8be1754c0/362, E_0x8be1754c0/363, E_0x8be1754c0/364, E_0x8be1754c0/365, E_0x8be1754c0/366, E_0x8be1754c0/367, E_0x8be1754c0/368, E_0x8be1754c0/369, E_0x8be1754c0/370, E_0x8be1754c0/371, E_0x8be1754c0/372, E_0x8be1754c0/373, E_0x8be1754c0/374, E_0x8be1754c0/375, E_0x8be1754c0/376, E_0x8be1754c0/377, E_0x8be1754c0/378, E_0x8be1754c0/379, E_0x8be1754c0/380, E_0x8be1754c0/381, E_0x8be1754c0/382, E_0x8be1754c0/383, E_0x8be1754c0/384, E_0x8be1754c0/385, E_0x8be1754c0/386, E_0x8be1754c0/387, E_0x8be1754c0/388, E_0x8be1754c0/389, E_0x8be1754c0/390, E_0x8be1754c0/391, E_0x8be1754c0/392, E_0x8be1754c0/393, E_0x8be1754c0/394, E_0x8be1754c0/395, E_0x8be1754c0/396, E_0x8be1754c0/397, E_0x8be1754c0/398, E_0x8be1754c0/399, E_0x8be1754c0/400, E_0x8be1754c0/401, E_0x8be1754c0/402, E_0x8be1754c0/403, E_0x8be1754c0/404, E_0x8be1754c0/405, E_0x8be1754c0/406, E_0x8be1754c0/407, E_0x8be1754c0/408, E_0x8be1754c0/409, E_0x8be1754c0/410, E_0x8be1754c0/411, E_0x8be1754c0/412, E_0x8be1754c0/413, E_0x8be1754c0/414, E_0x8be1754c0/415, E_0x8be1754c0/416, E_0x8be1754c0/417, E_0x8be1754c0/418, E_0x8be1754c0/419, E_0x8be1754c0/420, E_0x8be1754c0/421, E_0x8be1754c0/422, E_0x8be1754c0/423, E_0x8be1754c0/424, E_0x8be1754c0/425, E_0x8be1754c0/426, E_0x8be1754c0/427, E_0x8be1754c0/428, E_0x8be1754c0/429, E_0x8be1754c0/430, E_0x8be1754c0/431, E_0x8be1754c0/432, E_0x8be1754c0/433, E_0x8be1754c0/434, E_0x8be1754c0/435, E_0x8be1754c0/436, E_0x8be1754c0/437, E_0x8be1754c0/438, E_0x8be1754c0/439, E_0x8be1754c0/440, E_0x8be1754c0/441, E_0x8be1754c0/442, E_0x8be1754c0/443, E_0x8be1754c0/444, E_0x8be1754c0/445, E_0x8be1754c0/446, E_0x8be1754c0/447, E_0x8be1754c0/448, E_0x8be1754c0/449, E_0x8be1754c0/450, E_0x8be1754c0/451, E_0x8be1754c0/452, E_0x8be1754c0/453, E_0x8be1754c0/454, E_0x8be1754c0/455, E_0x8be1754c0/456, E_0x8be1754c0/457, E_0x8be1754c0/458, E_0x8be1754c0/459, E_0x8be1754c0/460, E_0x8be1754c0/461, E_0x8be1754c0/462, E_0x8be1754c0/463, E_0x8be1754c0/464, E_0x8be1754c0/465, E_0x8be1754c0/466, E_0x8be1754c0/467, E_0x8be1754c0/468, E_0x8be1754c0/469, E_0x8be1754c0/470, E_0x8be1754c0/471, E_0x8be1754c0/472, E_0x8be1754c0/473, E_0x8be1754c0/474, E_0x8be1754c0/475, E_0x8be1754c0/476, E_0x8be1754c0/477, E_0x8be1754c0/478, E_0x8be1754c0/479, E_0x8be1754c0/480, E_0x8be1754c0/481, E_0x8be1754c0/482, E_0x8be1754c0/483, E_0x8be1754c0/484, E_0x8be1754c0/485, E_0x8be1754c0/486, E_0x8be1754c0/487, E_0x8be1754c0/488, E_0x8be1754c0/489, E_0x8be1754c0/490, E_0x8be1754c0/491, E_0x8be1754c0/492, E_0x8be1754c0/493, E_0x8be1754c0/494, E_0x8be1754c0/495, E_0x8be1754c0/496, E_0x8be1754c0/497, E_0x8be1754c0/498, E_0x8be1754c0/499, E_0x8be1754c0/500, E_0x8be1754c0/501, E_0x8be1754c0/502, E_0x8be1754c0/503, E_0x8be1754c0/504, E_0x8be1754c0/505, E_0x8be1754c0/506, E_0x8be1754c0/507, E_0x8be1754c0/508, E_0x8be1754c0/509, E_0x8be1754c0/510, E_0x8be1754c0/511, E_0x8be1754c0/512;
L_0x8bf105540 .functor MUXZ 10, v0x8bf0f4aa0_0, L_0x8be47d378, L_0x8bf0a4230, C4<>;
L_0x8bf1055e0 .functor MUXZ 10, v0x8bf0f4b40_0, L_0x8be47d3c0, L_0x8bf0a4230, C4<>;
L_0x8bf105680 .functor MUXZ 1, v0x8bf0f48c0_0, L_0x8be47d408, L_0x8bf0a4230, C4<>;
L_0x8bf105720 .functor MUXZ 1, L_0x8be47d498, L_0x8be47d450, L_0x8bf0a4230, C4<>;
L_0x8bf1057c0 .functor MUXZ 7, v0x8bf0f46e0_0, L_0x8be47d4e0, L_0x8bf0a4230, C4<>;
L_0x8bf105860 .concat [ 13 51 0 0], v0x8bf0f4640_0, L_0x8be47d528;
L_0x8bf102580 .cmp/eq 64, L_0x8bf105860, L_0x8be47d570;
L_0x8bf105900 .concat [ 10 22 0 0], L_0x8bf1055e0, L_0x8be47d5b8;
L_0x8bf102620 .cmp/eq 32, L_0x8bf105900, L_0x8be47d600;
L_0x8bf1059a0 .concat [ 10 22 0 0], L_0x8bf105540, L_0x8be47d648;
L_0x8bf1026c0 .cmp/eq 32, L_0x8bf1059a0, L_0x8be47d690;
L_0x8bf102760 .reduce/nor v0x8bf0f4f00_0;
L_0x8bf102800 .part v0x8bf0f4780_0, 0, 1;
L_0x8bf1028a0 .reduce/nor v0x8bf0f4f00_0;
L_0x8bf102940 .part v0x8bf0f4780_0, 0, 1;
L_0x8bf1029e0 .reduce/nor L_0x8bf102940;
L_0x8bf102a80 .part v0x8bf0f4780_0, 1, 1;
L_0x8bf102b20 .part v0x8bf101b80_0, 0, 4;
L_0x8bf102bc0 .part v0x8bf101b80_0, 4, 4;
LS_0x8bf105a40_0_0 .concat [ 8 8 8 8], L_0x8bf02be80, L_0x8bf1041e0, L_0x8bf104500, L_0x8bf104820;
LS_0x8bf105a40_0_4 .concat [ 8 8 8 8], L_0x8bf104b40, L_0x8bf104e60, L_0x8bf105180, L_0x8bf1054a0;
L_0x8bf105a40 .concat [ 32 32 0 0], LS_0x8bf105a40_0_0, LS_0x8bf105a40_0_4;
L_0x8bf105ae0 .concat [ 10 22 0 0], L_0x8bf1055e0, L_0x8be47d6d8;
L_0x8bf102c60 .arith/mult 32, L_0x8bf0a44d0, L_0x8be47d768;
L_0x8bf105b80 .concat [ 10 22 0 0], L_0x8bf105540, L_0x8be47d7b0;
L_0x8be1b5040 .arith/sum 32, L_0x8bf102c60, L_0x8bf105b80;
L_0x8bf102d00 .part L_0x8be1b5040, 0, 13;
L_0x8bf105c20 .concat [ 6 26 0 0], v0x8bf0f6bc0_0, L_0x8be47d7f8;
L_0x8bf102da0 .cmp/ge 32, L_0x8bf105c20, L_0x8be47d840;
L_0x8bf102e40 .reduce/nor L_0x8bf102da0;
L_0x8bf105cc0 .concat [ 3 29 0 0], v0x8bf0f69e0_0, L_0x8be47d888;
L_0x8bf102ee0 .arith/mult 32, L_0x8bf105cc0, L_0x8be47d8d0;
L_0x8bf105d60 .concat [ 7 25 0 0], v0x8bf0f6580_0, L_0x8be47d918;
L_0x8bf102f80 .arith/mult 32, L_0x8bf105d60, L_0x8be47d960;
L_0x8be1b50e0 .arith/sum 32, L_0x8bf102ee0, L_0x8bf102f80;
L_0x8bf105e00 .concat [ 3 29 0 0], v0x8bf0f6940_0, L_0x8be47d9a8;
L_0x8be1b5180 .arith/sum 32, L_0x8be1b50e0, L_0x8bf105e00;
L_0x8bf103020 .part L_0x8be1b5180, 0, 13;
L_0x8bf105ea0 .functor MUXZ 1, v0x8bf0f48c0_0, L_0x8be47d9f0, L_0x8bf0a45b0, C4<>;
L_0x8bf1030c0 .part/v v0x8bf0f4fa0_0, L_0x8bf105ea0, 1;
L_0x8bf103160 .part/v v0x8bf0f4780_0, L_0x8bf105ea0, 1;
L_0x8bf103200 .reduce/nor L_0x8bf0a4620;
L_0x8bf105f40 .concat [ 13 19 0 0], L_0x8bf102d00, L_0x8be47dac8;
L_0x8bf105fe0 .concat [ 13 19 0 0], L_0x8bf103020, L_0x8be47db58;
L_0x8bf106080 .concat [ 13 19 0 0], L_0x8bf102d00, L_0x8be47dc30;
L_0x8bf106120 .concat [ 13 19 0 0], L_0x8bf103020, L_0x8be47dcc0;
L_0x8bf1032a0 .cmp/eq 6, v0x8bf0f6bc0_0, L_0x8be47dd08;
L_0x8bf103340 .part v0x8bf0f7c00_0, 16, 2;
L_0x8bf1033e0 .part v0x8bf0f7c00_0, 13, 3;
L_0x8bf103480 .part v0x8bf0f7c00_0, 7, 6;
L_0x8bf103520 .part v0x8bf0f7c00_0, 0, 7;
L_0x8bf1061c0 .concat [ 3 23 0 0], L_0x8bf1033e0, L_0x8be47dd98;
L_0x8bf106260 .concat [ 26 38 0 0], L_0x8bf1061c0, L_0x8be47dde0;
L_0x8bf1035c0 .arith/mult 64, L_0x8bf106260, L_0x8be47de28;
L_0x8bf106300 .concat [ 6 58 0 0], L_0x8bf103480, L_0x8be47de70;
L_0x8be1b5220 .arith/sum 64, L_0x8bf1035c0, L_0x8bf106300;
L_0x8bf103660 .arith/mult 64, L_0x8be1b5220, L_0x8be47deb8;
L_0x8be1b52c0 .arith/sum 64, L_0x8be47dd50, L_0x8bf103660;
L_0x8bf1063a0 .concat [ 7 57 0 0], L_0x8bf103520, L_0x8be47df00;
L_0x8bf103700 .arith/mult 64, L_0x8bf1063a0, L_0x8be47df48;
L_0x8be1b5360 .arith/sum 64, L_0x8be1b52c0, L_0x8bf103700;
L_0x8bf1037a0 .part L_0x8be1b5360, 0, 32;
L_0x8bf103840 .cmp/eq 3, v0x8bf1001e0_0, L_0x8be47df90;
L_0x8bf1038e0 .cmp/eq 3, v0x8bf1001e0_0, L_0x8be47e0b0;
L_0x8bf103980 .cmp/eq 3, v0x8bf1001e0_0, L_0x8be47e0f8;
L_0x8bf106440 .concat [ 8 25 0 0], v0x8bf1000a0_0, L_0x8be47e140;
L_0x8bf103a20 .cmp/eq 33, L_0x8bf106440, L_0x8be47e188;
S_0x1015e2810 .scope generate, "GEN_RESP[0]" "GEN_RESP[0]" 4 193, 4 193 0, S_0x1015e8650;
 .timescale -9 -12;
P_0x8be1780c0 .param/l "gi" 1 4 193, +C4<00>;
v0x8bf06d180_0 .net *"_ivl_1", 7 0, L_0x8be0972a0;  1 drivers
v0x8bf06d220_0 .net *"_ivl_11", 7 0, L_0x8be097520;  1 drivers
L_0x8be47c208 .functor BUFT 1, C4<00000000000000000000000000010000>, C4<0>, C4<0>, C4<0>;
v0x8bf06d2c0_0 .net/2u *"_ivl_13", 31 0, L_0x8be47c208;  1 drivers
v0x8bf06d360_0 .net *"_ivl_15", 31 0, L_0x8bf02bca0;  1 drivers
L_0x8be47c250 .functor BUFT 1, C4<0000000000000000000000000000>, C4<0>, C4<0>, C4<0>;
v0x8bf06d400_0 .net *"_ivl_18", 27 0, L_0x8be47c250;  1 drivers
v0x8bf06d4a0_0 .net *"_ivl_19", 31 0, L_0x8be097340;  1 drivers
v0x8bf06d540_0 .net *"_ivl_21", 0 0, L_0x8bf102080;  1 drivers
v0x8bf06d5e0_0 .net *"_ivl_23", 7 0, L_0x8be0973e0;  1 drivers
L_0x8be47c298 .functor BUFT 1, C4<00000000000000000000000000000000>, C4<0>, C4<0>, C4<0>;
v0x8bf06d680_0 .net/2u *"_ivl_25", 31 0, L_0x8be47c298;  1 drivers
v0x8bf06d720_0 .net *"_ivl_27", 31 0, L_0x8bf02bd40;  1 drivers
L_0x8be47c178 .functor BUFT 1, C4<00000000000000000000000000000000>, C4<0>, C4<0>, C4<0>;
v0x8bf06d7c0_0 .net/2u *"_ivl_3", 31 0, L_0x8be47c178;  1 drivers
L_0x8be47c2e0 .functor BUFT 1, C4<0000000000000000000000000000>, C4<0>, C4<0>, C4<0>;
v0x8bf06d860_0 .net *"_ivl_30", 27 0, L_0x8be47c2e0;  1 drivers
v0x8bf06d900_0 .net *"_ivl_31", 31 0, L_0x8be0941e0;  1 drivers
v0x8bf06d9a0_0 .net *"_ivl_33", 7 0, L_0x8be094280;  1 drivers
L_0x8be47c328 .functor BUFT 1, C4<00000000000000000000000000010000>, C4<0>, C4<0>, C4<0>;
v0x8bf06da40_0 .net/2u *"_ivl_35", 31 0, L_0x8be47c328;  1 drivers
v0x8bf06dae0_0 .net *"_ivl_37", 31 0, L_0x8bf02bde0;  1 drivers
L_0x8be47c370 .functor BUFT 1, C4<0000000000000000000000000000>, C4<0>, C4<0>, C4<0>;
v0x8bf06db80_0 .net *"_ivl_40", 27 0, L_0x8be47c370;  1 drivers
v0x8bf06dc20_0 .net *"_ivl_41", 31 0, L_0x8be094320;  1 drivers
v0x8bf06dcc0_0 .net *"_ivl_5", 31 0, L_0x8bf02bc00;  1 drivers
L_0x8be47c1c0 .functor BUFT 1, C4<0000000000000000000000000000>, C4<0>, C4<0>, C4<0>;
v0x8bf06dd60_0 .net *"_ivl_8", 27 0, L_0x8be47c1c0;  1 drivers
v0x8bf06de00_0 .net *"_ivl_9", 31 0, L_0x8be097480;  1 drivers
L_0x8be0972a0 .array/port v0x8bf0f0b40, L_0x8be097480;
L_0x8bf02bc00 .concat [ 4 28 0 0], L_0x8bf102b20, L_0x8be47c1c0;
L_0x8be097480 .arith/sum 32, L_0x8be47c178, L_0x8bf02bc00;
L_0x8be097520 .array/port v0x8bf0f0b40, L_0x8be097340;
L_0x8bf02bca0 .concat [ 4 28 0 0], L_0x8bf102bc0, L_0x8be47c250;
L_0x8be097340 .arith/sum 32, L_0x8be47c208, L_0x8bf02bca0;
L_0x8bf102080 .cmp/gt 8, L_0x8be0972a0, L_0x8be097520;
L_0x8be0973e0 .array/port v0x8bf0f0b40, L_0x8be0941e0;
L_0x8bf02bd40 .concat [ 4 28 0 0], L_0x8bf102b20, L_0x8be47c2e0;
L_0x8be0941e0 .arith/sum 32, L_0x8be47c298, L_0x8bf02bd40;
L_0x8be094280 .array/port v0x8bf0f0b40, L_0x8be094320;
L_0x8bf02bde0 .concat [ 4 28 0 0], L_0x8bf102bc0, L_0x8be47c370;
L_0x8be094320 .arith/sum 32, L_0x8be47c328, L_0x8bf02bde0;
L_0x8bf02be80 .functor MUXZ 8, L_0x8be094280, L_0x8be0973e0, L_0x8bf102080, C4<>;
S_0x1015e2990 .scope generate, "GEN_RESP[1]" "GEN_RESP[1]" 4 193, 4 193 0, S_0x1015e8650;
 .timescale -9 -12;
P_0x8be178100 .param/l "gi" 1 4 193, +C4<01>;
v0x8bf06dea0_0 .net *"_ivl_1", 7 0, L_0x8be094000;  1 drivers
v0x8bf06df40_0 .net *"_ivl_11", 7 0, L_0x8be094140;  1 drivers
L_0x8be47c448 .functor BUFT 1, C4<00000000000000000000000000110000>, C4<0>, C4<0>, C4<0>;
v0x8bf06dfe0_0 .net/2u *"_ivl_13", 31 0, L_0x8be47c448;  1 drivers
v0x8bf06e080_0 .net *"_ivl_15", 31 0, L_0x8bf104000;  1 drivers
L_0x8be47c490 .functor BUFT 1, C4<0000000000000000000000000000>, C4<0>, C4<0>, C4<0>;
v0x8bf06e120_0 .net *"_ivl_18", 27 0, L_0x8be47c490;  1 drivers
v0x8bf06e1c0_0 .net *"_ivl_19", 31 0, L_0x8be096bc0;  1 drivers
v0x8bf06e260_0 .net *"_ivl_21", 0 0, L_0x8bf102120;  1 drivers
v0x8bf06e300_0 .net *"_ivl_23", 7 0, L_0x8be096c60;  1 drivers
L_0x8be47c4d8 .functor BUFT 1, C4<00000000000000000000000000100000>, C4<0>, C4<0>, C4<0>;
v0x8bf06e3a0_0 .net/2u *"_ivl_25", 31 0, L_0x8be47c4d8;  1 drivers
v0x8bf06e440_0 .net *"_ivl_27", 31 0, L_0x8bf1040a0;  1 drivers
L_0x8be47c3b8 .functor BUFT 1, C4<00000000000000000000000000100000>, C4<0>, C4<0>, C4<0>;
v0x8bf06e4e0_0 .net/2u *"_ivl_3", 31 0, L_0x8be47c3b8;  1 drivers
L_0x8be47c520 .functor BUFT 1, C4<0000000000000000000000000000>, C4<0>, C4<0>, C4<0>;
v0x8bf06e580_0 .net *"_ivl_30", 27 0, L_0x8be47c520;  1 drivers
v0x8bf06e620_0 .net *"_ivl_31", 31 0, L_0x8be096d00;  1 drivers
v0x8bf06e6c0_0 .net *"_ivl_33", 7 0, L_0x8be096da0;  1 drivers
L_0x8be47c568 .functor BUFT 1, C4<00000000000000000000000000110000>, C4<0>, C4<0>, C4<0>;
v0x8bf06e760_0 .net/2u *"_ivl_35", 31 0, L_0x8be47c568;  1 drivers
v0x8bf06e800_0 .net *"_ivl_37", 31 0, L_0x8bf104140;  1 drivers
L_0x8be47c5b0 .functor BUFT 1, C4<0000000000000000000000000000>, C4<0>, C4<0>, C4<0>;
v0x8bf06e8a0_0 .net *"_ivl_40", 27 0, L_0x8be47c5b0;  1 drivers
v0x8bf06e940_0 .net *"_ivl_41", 31 0, L_0x8be096e40;  1 drivers
v0x8bf06e9e0_0 .net *"_ivl_5", 31 0, L_0x8bf02bf20;  1 drivers
L_0x8be47c400 .functor BUFT 1, C4<0000000000000000000000000000>, C4<0>, C4<0>, C4<0>;
v0x8bf06ea80_0 .net *"_ivl_8", 27 0, L_0x8be47c400;  1 drivers
v0x8bf06eb20_0 .net *"_ivl_9", 31 0, L_0x8be0940a0;  1 drivers
L_0x8be094000 .array/port v0x8bf0f0b40, L_0x8be0940a0;
L_0x8bf02bf20 .concat [ 4 28 0 0], L_0x8bf102b20, L_0x8be47c400;
L_0x8be0940a0 .arith/sum 32, L_0x8be47c3b8, L_0x8bf02bf20;
L_0x8be094140 .array/port v0x8bf0f0b40, L_0x8be096bc0;
L_0x8bf104000 .concat [ 4 28 0 0], L_0x8bf102bc0, L_0x8be47c490;
L_0x8be096bc0 .arith/sum 32, L_0x8be47c448, L_0x8bf104000;
L_0x8bf102120 .cmp/gt 8, L_0x8be094000, L_0x8be094140;
L_0x8be096c60 .array/port v0x8bf0f0b40, L_0x8be096d00;
L_0x8bf1040a0 .concat [ 4 28 0 0], L_0x8bf102b20, L_0x8be47c520;
L_0x8be096d00 .arith/sum 32, L_0x8be47c4d8, L_0x8bf1040a0;
L_0x8be096da0 .array/port v0x8bf0f0b40, L_0x8be096e40;
L_0x8bf104140 .concat [ 4 28 0 0], L_0x8bf102bc0, L_0x8be47c5b0;
L_0x8be096e40 .arith/sum 32, L_0x8be47c568, L_0x8bf104140;
L_0x8bf1041e0 .functor MUXZ 8, L_0x8be096da0, L_0x8be096c60, L_0x8bf102120, C4<>;
S_0x1015d2af0 .scope generate, "GEN_RESP[2]" "GEN_RESP[2]" 4 193, 4 193 0, S_0x1015e8650;
 .timescale -9 -12;
P_0x8be178140 .param/l "gi" 1 4 193, +C4<010>;
v0x8bf06ebc0_0 .net *"_ivl_1", 7 0, L_0x8be096ee0;  1 drivers
v0x8bf06ec60_0 .net *"_ivl_11", 7 0, L_0x8be097020;  1 drivers
L_0x8be47c688 .functor BUFT 1, C4<00000000000000000000000001010000>, C4<0>, C4<0>, C4<0>;
v0x8bf06ed00_0 .net/2u *"_ivl_13", 31 0, L_0x8be47c688;  1 drivers
v0x8bf06eda0_0 .net *"_ivl_15", 31 0, L_0x8bf104320;  1 drivers
L_0x8be47c6d0 .functor BUFT 1, C4<0000000000000000000000000000>, C4<0>, C4<0>, C4<0>;
v0x8bf06ee40_0 .net *"_ivl_18", 27 0, L_0x8be47c6d0;  1 drivers
v0x8bf06eee0_0 .net *"_ivl_19", 31 0, L_0x8be0964e0;  1 drivers
v0x8bf06ef80_0 .net *"_ivl_21", 0 0, L_0x8bf1021c0;  1 drivers
v0x8bf06f020_0 .net *"_ivl_23", 7 0, L_0x8be096580;  1 drivers
L_0x8be47c718 .functor BUFT 1, C4<00000000000000000000000001000000>, C4<0>, C4<0>, C4<0>;
v0x8bf06f0c0_0 .net/2u *"_ivl_25", 31 0, L_0x8be47c718;  1 drivers
v0x8bf06f160_0 .net *"_ivl_27", 31 0, L_0x8bf1043c0;  1 drivers
L_0x8be47c5f8 .functor BUFT 1, C4<00000000000000000000000001000000>, C4<0>, C4<0>, C4<0>;
v0x8bf06f200_0 .net/2u *"_ivl_3", 31 0, L_0x8be47c5f8;  1 drivers
L_0x8be47c760 .functor BUFT 1, C4<0000000000000000000000000000>, C4<0>, C4<0>, C4<0>;
v0x8bf06f2a0_0 .net *"_ivl_30", 27 0, L_0x8be47c760;  1 drivers
v0x8bf06f340_0 .net *"_ivl_31", 31 0, L_0x8be096260;  1 drivers
v0x8bf06f3e0_0 .net *"_ivl_33", 7 0, L_0x8be0975c0;  1 drivers
L_0x8be47c7a8 .functor BUFT 1, C4<00000000000000000000000001010000>, C4<0>, C4<0>, C4<0>;
v0x8bf06f480_0 .net/2u *"_ivl_35", 31 0, L_0x8be47c7a8;  1 drivers
v0x8bf06f520_0 .net *"_ivl_37", 31 0, L_0x8bf104460;  1 drivers
L_0x8be47c7f0 .functor BUFT 1, C4<0000000000000000000000000000>, C4<0>, C4<0>, C4<0>;
v0x8bf06f5c0_0 .net *"_ivl_40", 27 0, L_0x8be47c7f0;  1 drivers
v0x8bf06f660_0 .net *"_ivl_41", 31 0, L_0x8be097660;  1 drivers
v0x8bf06f700_0 .net *"_ivl_5", 31 0, L_0x8bf104280;  1 drivers
L_0x8be47c640 .functor BUFT 1, C4<0000000000000000000000000000>, C4<0>, C4<0>, C4<0>;
v0x8bf06f7a0_0 .net *"_ivl_8", 27 0, L_0x8be47c640;  1 drivers
v0x8bf06f840_0 .net *"_ivl_9", 31 0, L_0x8be096f80;  1 drivers
L_0x8be096ee0 .array/port v0x8bf0f0b40, L_0x8be096f80;
L_0x8bf104280 .concat [ 4 28 0 0], L_0x8bf102b20, L_0x8be47c640;
L_0x8be096f80 .arith/sum 32, L_0x8be47c5f8, L_0x8bf104280;
L_0x8be097020 .array/port v0x8bf0f0b40, L_0x8be0964e0;
L_0x8bf104320 .concat [ 4 28 0 0], L_0x8bf102bc0, L_0x8be47c6d0;
L_0x8be0964e0 .arith/sum 32, L_0x8be47c688, L_0x8bf104320;
L_0x8bf1021c0 .cmp/gt 8, L_0x8be096ee0, L_0x8be097020;
L_0x8be096580 .array/port v0x8bf0f0b40, L_0x8be096260;
L_0x8bf1043c0 .concat [ 4 28 0 0], L_0x8bf102b20, L_0x8be47c760;
L_0x8be096260 .arith/sum 32, L_0x8be47c718, L_0x8bf1043c0;
L_0x8be0975c0 .array/port v0x8bf0f0b40, L_0x8be097660;
L_0x8bf104460 .concat [ 4 28 0 0], L_0x8bf102bc0, L_0x8be47c7f0;
L_0x8be097660 .arith/sum 32, L_0x8be47c7a8, L_0x8bf104460;
L_0x8bf104500 .functor MUXZ 8, L_0x8be0975c0, L_0x8be096580, L_0x8bf1021c0, C4<>;
S_0x1015d2c70 .scope generate, "GEN_RESP[3]" "GEN_RESP[3]" 4 193, 4 193 0, S_0x1015e8650;
 .timescale -9 -12;
P_0x8be178180 .param/l "gi" 1 4 193, +C4<011>;
v0x8bf06f8e0_0 .net *"_ivl_1", 7 0, L_0x8be097700;  1 drivers
v0x8bf06f980_0 .net *"_ivl_11", 7 0, L_0x8be097840;  1 drivers
L_0x8be47c8c8 .functor BUFT 1, C4<00000000000000000000000001110000>, C4<0>, C4<0>, C4<0>;
v0x8bf06fa20_0 .net/2u *"_ivl_13", 31 0, L_0x8be47c8c8;  1 drivers
v0x8bf06fac0_0 .net *"_ivl_15", 31 0, L_0x8bf104640;  1 drivers
L_0x8be47c910 .functor BUFT 1, C4<0000000000000000000000000000>, C4<0>, C4<0>, C4<0>;
v0x8bf06fb60_0 .net *"_ivl_18", 27 0, L_0x8be47c910;  1 drivers
v0x8bf06fc00_0 .net *"_ivl_19", 31 0, L_0x8be0978e0;  1 drivers
v0x8bf06fca0_0 .net *"_ivl_21", 0 0, L_0x8bf102260;  1 drivers
v0x8bf06fd40_0 .net *"_ivl_23", 7 0, L_0x8be097980;  1 drivers
L_0x8be47c958 .functor BUFT 1, C4<00000000000000000000000001100000>, C4<0>, C4<0>, C4<0>;
v0x8bf06fde0_0 .net/2u *"_ivl_25", 31 0, L_0x8be47c958;  1 drivers
v0x8bf06fe80_0 .net *"_ivl_27", 31 0, L_0x8bf1046e0;  1 drivers
L_0x8be47c838 .functor BUFT 1, C4<00000000000000000000000001100000>, C4<0>, C4<0>, C4<0>;
v0x8bf06ff20_0 .net/2u *"_ivl_3", 31 0, L_0x8be47c838;  1 drivers
L_0x8be47c9a0 .functor BUFT 1, C4<0000000000000000000000000000>, C4<0>, C4<0>, C4<0>;
v0x8bf0e8000_0 .net *"_ivl_30", 27 0, L_0x8be47c9a0;  1 drivers
v0x8bf0e80a0_0 .net *"_ivl_31", 31 0, L_0x8be097a20;  1 drivers
v0x8bf0e8140_0 .net *"_ivl_33", 7 0, L_0x8be097ac0;  1 drivers
L_0x8be47c9e8 .functor BUFT 1, C4<00000000000000000000000001110000>, C4<0>, C4<0>, C4<0>;
v0x8bf0e81e0_0 .net/2u *"_ivl_35", 31 0, L_0x8be47c9e8;  1 drivers
v0x8bf0e8280_0 .net *"_ivl_37", 31 0, L_0x8bf104780;  1 drivers
L_0x8be47ca30 .functor BUFT 1, C4<0000000000000000000000000000>, C4<0>, C4<0>, C4<0>;
v0x8bf0e8320_0 .net *"_ivl_40", 27 0, L_0x8be47ca30;  1 drivers
v0x8bf0e83c0_0 .net *"_ivl_41", 31 0, L_0x8be097b60;  1 drivers
v0x8bf0e8460_0 .net *"_ivl_5", 31 0, L_0x8bf1045a0;  1 drivers
L_0x8be47c880 .functor BUFT 1, C4<0000000000000000000000000000>, C4<0>, C4<0>, C4<0>;
v0x8bf0e8500_0 .net *"_ivl_8", 27 0, L_0x8be47c880;  1 drivers
v0x8bf0e85a0_0 .net *"_ivl_9", 31 0, L_0x8be0977a0;  1 drivers
L_0x8be097700 .array/port v0x8bf0f0b40, L_0x8be0977a0;
L_0x8bf1045a0 .concat [ 4 28 0 0], L_0x8bf102b20, L_0x8be47c880;
L_0x8be0977a0 .arith/sum 32, L_0x8be47c838, L_0x8bf1045a0;
L_0x8be097840 .array/port v0x8bf0f0b40, L_0x8be0978e0;
L_0x8bf104640 .concat [ 4 28 0 0], L_0x8bf102bc0, L_0x8be47c910;
L_0x8be0978e0 .arith/sum 32, L_0x8be47c8c8, L_0x8bf104640;
L_0x8bf102260 .cmp/gt 8, L_0x8be097700, L_0x8be097840;
L_0x8be097980 .array/port v0x8bf0f0b40, L_0x8be097a20;
L_0x8bf1046e0 .concat [ 4 28 0 0], L_0x8bf102b20, L_0x8be47c9a0;
L_0x8be097a20 .arith/sum 32, L_0x8be47c958, L_0x8bf1046e0;
L_0x8be097ac0 .array/port v0x8bf0f0b40, L_0x8be097b60;
L_0x8bf104780 .concat [ 4 28 0 0], L_0x8bf102bc0, L_0x8be47ca30;
L_0x8be097b60 .arith/sum 32, L_0x8be47c9e8, L_0x8bf104780;
L_0x8bf104820 .functor MUXZ 8, L_0x8be097ac0, L_0x8be097980, L_0x8bf102260, C4<>;
S_0x1015ddac0 .scope generate, "GEN_RESP[4]" "GEN_RESP[4]" 4 193, 4 193 0, S_0x1015e8650;
 .timescale -9 -12;
P_0x8be1781c0 .param/l "gi" 1 4 193, +C4<0100>;
v0x8bf0e8640_0 .net *"_ivl_1", 7 0, L_0x8be097c00;  1 drivers
v0x8bf0e86e0_0 .net *"_ivl_11", 7 0, L_0x8be097d40;  1 drivers
L_0x8be47cb08 .functor BUFT 1, C4<00000000000000000000000010010000>, C4<0>, C4<0>, C4<0>;
v0x8bf0e8780_0 .net/2u *"_ivl_13", 31 0, L_0x8be47cb08;  1 drivers
v0x8bf0e8820_0 .net *"_ivl_15", 31 0, L_0x8bf104960;  1 drivers
L_0x8be47cb50 .functor BUFT 1, C4<0000000000000000000000000000>, C4<0>, C4<0>, C4<0>;
v0x8bf0e88c0_0 .net *"_ivl_18", 27 0, L_0x8be47cb50;  1 drivers
v0x8bf0e8960_0 .net *"_ivl_19", 31 0, L_0x8be097de0;  1 drivers
v0x8bf0e8a00_0 .net *"_ivl_21", 0 0, L_0x8bf102300;  1 drivers
v0x8bf0e8aa0_0 .net *"_ivl_23", 7 0, L_0x8be097e80;  1 drivers
L_0x8be47cb98 .functor BUFT 1, C4<00000000000000000000000010000000>, C4<0>, C4<0>, C4<0>;
v0x8bf0e8b40_0 .net/2u *"_ivl_25", 31 0, L_0x8be47cb98;  1 drivers
v0x8bf0e8be0_0 .net *"_ivl_27", 31 0, L_0x8bf104a00;  1 drivers
L_0x8be47ca78 .functor BUFT 1, C4<00000000000000000000000010000000>, C4<0>, C4<0>, C4<0>;
v0x8bf0e8c80_0 .net/2u *"_ivl_3", 31 0, L_0x8be47ca78;  1 drivers
L_0x8be47cbe0 .functor BUFT 1, C4<0000000000000000000000000000>, C4<0>, C4<0>, C4<0>;
v0x8bf0e8d20_0 .net *"_ivl_30", 27 0, L_0x8be47cbe0;  1 drivers
v0x8bf0e8dc0_0 .net *"_ivl_31", 31 0, L_0x8be097f20;  1 drivers
v0x8bf0e8e60_0 .net *"_ivl_33", 7 0, L_0x8be1b4000;  1 drivers
L_0x8be47cc28 .functor BUFT 1, C4<00000000000000000000000010010000>, C4<0>, C4<0>, C4<0>;
v0x8bf0e8f00_0 .net/2u *"_ivl_35", 31 0, L_0x8be47cc28;  1 drivers
v0x8bf0e8fa0_0 .net *"_ivl_37", 31 0, L_0x8bf104aa0;  1 drivers
L_0x8be47cc70 .functor BUFT 1, C4<0000000000000000000000000000>, C4<0>, C4<0>, C4<0>;
v0x8bf0e9040_0 .net *"_ivl_40", 27 0, L_0x8be47cc70;  1 drivers
v0x8bf0e90e0_0 .net *"_ivl_41", 31 0, L_0x8be1b40a0;  1 drivers
v0x8bf0e9180_0 .net *"_ivl_5", 31 0, L_0x8bf1048c0;  1 drivers
L_0x8be47cac0 .functor BUFT 1, C4<0000000000000000000000000000>, C4<0>, C4<0>, C4<0>;
v0x8bf0e9220_0 .net *"_ivl_8", 27 0, L_0x8be47cac0;  1 drivers
v0x8bf0e92c0_0 .net *"_ivl_9", 31 0, L_0x8be097ca0;  1 drivers
L_0x8be097c00 .array/port v0x8bf0f0b40, L_0x8be097ca0;
L_0x8bf1048c0 .concat [ 4 28 0 0], L_0x8bf102b20, L_0x8be47cac0;
L_0x8be097ca0 .arith/sum 32, L_0x8be47ca78, L_0x8bf1048c0;
L_0x8be097d40 .array/port v0x8bf0f0b40, L_0x8be097de0;
L_0x8bf104960 .concat [ 4 28 0 0], L_0x8bf102bc0, L_0x8be47cb50;
L_0x8be097de0 .arith/sum 32, L_0x8be47cb08, L_0x8bf104960;
L_0x8bf102300 .cmp/gt 8, L_0x8be097c00, L_0x8be097d40;
L_0x8be097e80 .array/port v0x8bf0f0b40, L_0x8be097f20;
L_0x8bf104a00 .concat [ 4 28 0 0], L_0x8bf102b20, L_0x8be47cbe0;
L_0x8be097f20 .arith/sum 32, L_0x8be47cb98, L_0x8bf104a00;
L_0x8be1b4000 .array/port v0x8bf0f0b40, L_0x8be1b40a0;
L_0x8bf104aa0 .concat [ 4 28 0 0], L_0x8bf102bc0, L_0x8be47cc70;
L_0x8be1b40a0 .arith/sum 32, L_0x8be47cc28, L_0x8bf104aa0;
L_0x8bf104b40 .functor MUXZ 8, L_0x8be1b4000, L_0x8be097e80, L_0x8bf102300, C4<>;
S_0x8be180000 .scope generate, "GEN_RESP[5]" "GEN_RESP[5]" 4 193, 4 193 0, S_0x1015e8650;
 .timescale -9 -12;
P_0x8be178200 .param/l "gi" 1 4 193, +C4<0101>;
v0x8bf0e9360_0 .net *"_ivl_1", 7 0, L_0x8be1b4140;  1 drivers
v0x8bf0e9400_0 .net *"_ivl_11", 7 0, L_0x8be1b4280;  1 drivers
L_0x8be47cd48 .functor BUFT 1, C4<00000000000000000000000010110000>, C4<0>, C4<0>, C4<0>;
v0x8bf0e94a0_0 .net/2u *"_ivl_13", 31 0, L_0x8be47cd48;  1 drivers
v0x8bf0e9540_0 .net *"_ivl_15", 31 0, L_0x8bf104c80;  1 drivers
L_0x8be47cd90 .functor BUFT 1, C4<0000000000000000000000000000>, C4<0>, C4<0>, C4<0>;
v0x8bf0e95e0_0 .net *"_ivl_18", 27 0, L_0x8be47cd90;  1 drivers
v0x8bf0e9680_0 .net *"_ivl_19", 31 0, L_0x8be1b4320;  1 drivers
v0x8bf0e9720_0 .net *"_ivl_21", 0 0, L_0x8bf1023a0;  1 drivers
v0x8bf0e97c0_0 .net *"_ivl_23", 7 0, L_0x8be1b43c0;  1 drivers
L_0x8be47cdd8 .functor BUFT 1, C4<00000000000000000000000010100000>, C4<0>, C4<0>, C4<0>;
v0x8bf0e9860_0 .net/2u *"_ivl_25", 31 0, L_0x8be47cdd8;  1 drivers
v0x8bf0e9900_0 .net *"_ivl_27", 31 0, L_0x8bf104d20;  1 drivers
L_0x8be47ccb8 .functor BUFT 1, C4<00000000000000000000000010100000>, C4<0>, C4<0>, C4<0>;
v0x8bf0e99a0_0 .net/2u *"_ivl_3", 31 0, L_0x8be47ccb8;  1 drivers
L_0x8be47ce20 .functor BUFT 1, C4<0000000000000000000000000000>, C4<0>, C4<0>, C4<0>;
v0x8bf0e9a40_0 .net *"_ivl_30", 27 0, L_0x8be47ce20;  1 drivers
v0x8bf0e9ae0_0 .net *"_ivl_31", 31 0, L_0x8be1b4460;  1 drivers
v0x8bf0e9b80_0 .net *"_ivl_33", 7 0, L_0x8be1b4500;  1 drivers
L_0x8be47ce68 .functor BUFT 1, C4<00000000000000000000000010110000>, C4<0>, C4<0>, C4<0>;
v0x8bf0e9c20_0 .net/2u *"_ivl_35", 31 0, L_0x8be47ce68;  1 drivers
v0x8bf0e9cc0_0 .net *"_ivl_37", 31 0, L_0x8bf104dc0;  1 drivers
L_0x8be47ceb0 .functor BUFT 1, C4<0000000000000000000000000000>, C4<0>, C4<0>, C4<0>;
v0x8bf0e9d60_0 .net *"_ivl_40", 27 0, L_0x8be47ceb0;  1 drivers
v0x8bf0e9e00_0 .net *"_ivl_41", 31 0, L_0x8be1b45a0;  1 drivers
v0x8bf0e9ea0_0 .net *"_ivl_5", 31 0, L_0x8bf104be0;  1 drivers
L_0x8be47cd00 .functor BUFT 1, C4<0000000000000000000000000000>, C4<0>, C4<0>, C4<0>;
v0x8bf0e9f40_0 .net *"_ivl_8", 27 0, L_0x8be47cd00;  1 drivers
v0x8bf0e9fe0_0 .net *"_ivl_9", 31 0, L_0x8be1b41e0;  1 drivers
L_0x8be1b4140 .array/port v0x8bf0f0b40, L_0x8be1b41e0;
L_0x8bf104be0 .concat [ 4 28 0 0], L_0x8bf102b20, L_0x8be47cd00;
L_0x8be1b41e0 .arith/sum 32, L_0x8be47ccb8, L_0x8bf104be0;
L_0x8be1b4280 .array/port v0x8bf0f0b40, L_0x8be1b4320;
L_0x8bf104c80 .concat [ 4 28 0 0], L_0x8bf102bc0, L_0x8be47cd90;
L_0x8be1b4320 .arith/sum 32, L_0x8be47cd48, L_0x8bf104c80;
L_0x8bf1023a0 .cmp/gt 8, L_0x8be1b4140, L_0x8be1b4280;
L_0x8be1b43c0 .array/port v0x8bf0f0b40, L_0x8be1b4460;
L_0x8bf104d20 .concat [ 4 28 0 0], L_0x8bf102b20, L_0x8be47ce20;
L_0x8be1b4460 .arith/sum 32, L_0x8be47cdd8, L_0x8bf104d20;
L_0x8be1b4500 .array/port v0x8bf0f0b40, L_0x8be1b45a0;
L_0x8bf104dc0 .concat [ 4 28 0 0], L_0x8bf102bc0, L_0x8be47ceb0;
L_0x8be1b45a0 .arith/sum 32, L_0x8be47ce68, L_0x8bf104dc0;
L_0x8bf104e60 .functor MUXZ 8, L_0x8be1b4500, L_0x8be1b43c0, L_0x8bf1023a0, C4<>;
S_0x8be180180 .scope generate, "GEN_RESP[6]" "GEN_RESP[6]" 4 193, 4 193 0, S_0x1015e8650;
 .timescale -9 -12;
P_0x8be178240 .param/l "gi" 1 4 193, +C4<0110>;
v0x8bf0ea080_0 .net *"_ivl_1", 7 0, L_0x8be1b4640;  1 drivers
v0x8bf0ea120_0 .net *"_ivl_11", 7 0, L_0x8be1b4780;  1 drivers
L_0x8be47cf88 .functor BUFT 1, C4<00000000000000000000000011010000>, C4<0>, C4<0>, C4<0>;
v0x8bf0ea1c0_0 .net/2u *"_ivl_13", 31 0, L_0x8be47cf88;  1 drivers
v0x8bf0ea260_0 .net *"_ivl_15", 31 0, L_0x8bf104fa0;  1 drivers
L_0x8be47cfd0 .functor BUFT 1, C4<0000000000000000000000000000>, C4<0>, C4<0>, C4<0>;
v0x8bf0ea300_0 .net *"_ivl_18", 27 0, L_0x8be47cfd0;  1 drivers
v0x8bf0ea3a0_0 .net *"_ivl_19", 31 0, L_0x8be1b4820;  1 drivers
v0x8bf0ea440_0 .net *"_ivl_21", 0 0, L_0x8bf102440;  1 drivers
v0x8bf0ea4e0_0 .net *"_ivl_23", 7 0, L_0x8be1b48c0;  1 drivers
L_0x8be47d018 .functor BUFT 1, C4<00000000000000000000000011000000>, C4<0>, C4<0>, C4<0>;
v0x8bf0ea580_0 .net/2u *"_ivl_25", 31 0, L_0x8be47d018;  1 drivers
v0x8bf0ea620_0 .net *"_ivl_27", 31 0, L_0x8bf105040;  1 drivers
L_0x8be47cef8 .functor BUFT 1, C4<00000000000000000000000011000000>, C4<0>, C4<0>, C4<0>;
v0x8bf0ea6c0_0 .net/2u *"_ivl_3", 31 0, L_0x8be47cef8;  1 drivers
L_0x8be47d060 .functor BUFT 1, C4<0000000000000000000000000000>, C4<0>, C4<0>, C4<0>;
v0x8bf0ea760_0 .net *"_ivl_30", 27 0, L_0x8be47d060;  1 drivers
v0x8bf0ea800_0 .net *"_ivl_31", 31 0, L_0x8be1b4960;  1 drivers
v0x8bf0ea8a0_0 .net *"_ivl_33", 7 0, L_0x8be1b4a00;  1 drivers
L_0x8be47d0a8 .functor BUFT 1, C4<00000000000000000000000011010000>, C4<0>, C4<0>, C4<0>;
v0x8bf0ea940_0 .net/2u *"_ivl_35", 31 0, L_0x8be47d0a8;  1 drivers
v0x8bf0ea9e0_0 .net *"_ivl_37", 31 0, L_0x8bf1050e0;  1 drivers
L_0x8be47d0f0 .functor BUFT 1, C4<0000000000000000000000000000>, C4<0>, C4<0>, C4<0>;
v0x8bf0eaa80_0 .net *"_ivl_40", 27 0, L_0x8be47d0f0;  1 drivers
v0x8bf0eab20_0 .net *"_ivl_41", 31 0, L_0x8be1b4aa0;  1 drivers
v0x8bf0eabc0_0 .net *"_ivl_5", 31 0, L_0x8bf104f00;  1 drivers
L_0x8be47cf40 .functor BUFT 1, C4<0000000000000000000000000000>, C4<0>, C4<0>, C4<0>;
v0x8bf0eac60_0 .net *"_ivl_8", 27 0, L_0x8be47cf40;  1 drivers
v0x8bf0ead00_0 .net *"_ivl_9", 31 0, L_0x8be1b46e0;  1 drivers
L_0x8be1b4640 .array/port v0x8bf0f0b40, L_0x8be1b46e0;
L_0x8bf104f00 .concat [ 4 28 0 0], L_0x8bf102b20, L_0x8be47cf40;
L_0x8be1b46e0 .arith/sum 32, L_0x8be47cef8, L_0x8bf104f00;
L_0x8be1b4780 .array/port v0x8bf0f0b40, L_0x8be1b4820;
L_0x8bf104fa0 .concat [ 4 28 0 0], L_0x8bf102bc0, L_0x8be47cfd0;
L_0x8be1b4820 .arith/sum 32, L_0x8be47cf88, L_0x8bf104fa0;
L_0x8bf102440 .cmp/gt 8, L_0x8be1b4640, L_0x8be1b4780;
L_0x8be1b48c0 .array/port v0x8bf0f0b40, L_0x8be1b4960;
L_0x8bf105040 .concat [ 4 28 0 0], L_0x8bf102b20, L_0x8be47d060;
L_0x8be1b4960 .arith/sum 32, L_0x8be47d018, L_0x8bf105040;
L_0x8be1b4a00 .array/port v0x8bf0f0b40, L_0x8be1b4aa0;
L_0x8bf1050e0 .concat [ 4 28 0 0], L_0x8bf102bc0, L_0x8be47d0f0;
L_0x8be1b4aa0 .arith/sum 32, L_0x8be47d0a8, L_0x8bf1050e0;
L_0x8bf105180 .functor MUXZ 8, L_0x8be1b4a00, L_0x8be1b48c0, L_0x8bf102440, C4<>;
S_0x8be180300 .scope generate, "GEN_RESP[7]" "GEN_RESP[7]" 4 193, 4 193 0, S_0x1015e8650;
 .timescale -9 -12;
P_0x8be178280 .param/l "gi" 1 4 193, +C4<0111>;
v0x8bf0eada0_0 .net *"_ivl_1", 7 0, L_0x8be1b4b40;  1 drivers
v0x8bf0eae40_0 .net *"_ivl_11", 7 0, L_0x8be1b4c80;  1 drivers
L_0x8be47d1c8 .functor BUFT 1, C4<00000000000000000000000011110000>, C4<0>, C4<0>, C4<0>;
v0x8bf0eaee0_0 .net/2u *"_ivl_13", 31 0, L_0x8be47d1c8;  1 drivers
v0x8bf0eaf80_0 .net *"_ivl_15", 31 0, L_0x8bf1052c0;  1 drivers
L_0x8be47d210 .functor BUFT 1, C4<0000000000000000000000000000>, C4<0>, C4<0>, C4<0>;
v0x8bf0eb020_0 .net *"_ivl_18", 27 0, L_0x8be47d210;  1 drivers
v0x8bf0eb0c0_0 .net *"_ivl_19", 31 0, L_0x8be1b4d20;  1 drivers
v0x8bf0eb160_0 .net *"_ivl_21", 0 0, L_0x8bf1024e0;  1 drivers
v0x8bf0eb200_0 .net *"_ivl_23", 7 0, L_0x8be1b4dc0;  1 drivers
L_0x8be47d258 .functor BUFT 1, C4<00000000000000000000000011100000>, C4<0>, C4<0>, C4<0>;
v0x8bf0eb2a0_0 .net/2u *"_ivl_25", 31 0, L_0x8be47d258;  1 drivers
v0x8bf0eb340_0 .net *"_ivl_27", 31 0, L_0x8bf105360;  1 drivers
L_0x8be47d138 .functor BUFT 1, C4<00000000000000000000000011100000>, C4<0>, C4<0>, C4<0>;
v0x8bf0eb3e0_0 .net/2u *"_ivl_3", 31 0, L_0x8be47d138;  1 drivers
L_0x8be47d2a0 .functor BUFT 1, C4<0000000000000000000000000000>, C4<0>, C4<0>, C4<0>;
v0x8bf0eb480_0 .net *"_ivl_30", 27 0, L_0x8be47d2a0;  1 drivers
v0x8bf0eb520_0 .net *"_ivl_31", 31 0, L_0x8be1b4e60;  1 drivers
v0x8bf0eb5c0_0 .net *"_ivl_33", 7 0, L_0x8be1b4f00;  1 drivers
L_0x8be47d2e8 .functor BUFT 1, C4<00000000000000000000000011110000>, C4<0>, C4<0>, C4<0>;
v0x8bf0eb660_0 .net/2u *"_ivl_35", 31 0, L_0x8be47d2e8;  1 drivers
v0x8bf0eb700_0 .net *"_ivl_37", 31 0, L_0x8bf105400;  1 drivers
L_0x8be47d330 .functor BUFT 1, C4<0000000000000000000000000000>, C4<0>, C4<0>, C4<0>;
v0x8bf0eb7a0_0 .net *"_ivl_40", 27 0, L_0x8be47d330;  1 drivers
v0x8bf0eb840_0 .net *"_ivl_41", 31 0, L_0x8be1b4fa0;  1 drivers
v0x8bf0eb8e0_0 .net *"_ivl_5", 31 0, L_0x8bf105220;  1 drivers
L_0x8be47d180 .functor BUFT 1, C4<0000000000000000000000000000>, C4<0>, C4<0>, C4<0>;
v0x8bf0eb980_0 .net *"_ivl_8", 27 0, L_0x8be47d180;  1 drivers
v0x8bf0eba20_0 .net *"_ivl_9", 31 0, L_0x8be1b4be0;  1 drivers
L_0x8be1b4b40 .array/port v0x8bf0f0b40, L_0x8be1b4be0;
L_0x8bf105220 .concat [ 4 28 0 0], L_0x8bf102b20, L_0x8be47d180;
L_0x8be1b4be0 .arith/sum 32, L_0x8be47d138, L_0x8bf105220;
L_0x8be1b4c80 .array/port v0x8bf0f0b40, L_0x8be1b4d20;
L_0x8bf1052c0 .concat [ 4 28 0 0], L_0x8bf102bc0, L_0x8be47d210;
L_0x8be1b4d20 .arith/sum 32, L_0x8be47d1c8, L_0x8bf1052c0;
L_0x8bf1024e0 .cmp/gt 8, L_0x8be1b4b40, L_0x8be1b4c80;
L_0x8be1b4dc0 .array/port v0x8bf0f0b40, L_0x8be1b4e60;
L_0x8bf105360 .concat [ 4 28 0 0], L_0x8bf102b20, L_0x8be47d2a0;
L_0x8be1b4e60 .arith/sum 32, L_0x8be47d258, L_0x8bf105360;
L_0x8be1b4f00 .array/port v0x8bf0f0b40, L_0x8be1b4fa0;
L_0x8bf105400 .concat [ 4 28 0 0], L_0x8bf102bc0, L_0x8be47d330;
L_0x8be1b4fa0 .arith/sum 32, L_0x8be47d2e8, L_0x8bf105400;
L_0x8bf1054a0 .functor MUXZ 8, L_0x8be1b4f00, L_0x8be1b4dc0, L_0x8bf1024e0, C4<>;
S_0x8be180480 .scope module, "u_bank0" "xpm_memory_sdpram" 4 267, 5 16 0, S_0x1015e8650;
 .timescale -9 -12;
    .port_info 0 /INPUT 1 "clka";
    .port_info 1 /INPUT 1 "ena";
    .port_info 2 /INPUT 1 "wea";
    .port_info 3 /INPUT 32 "addra";
    .port_info 4 /INPUT 64 "dina";
    .port_info 5 /INPUT 1 "clkb";
    .port_info 6 /INPUT 1 "enb";
    .port_info 7 /INPUT 32 "addrb";
    .port_info 8 /OUTPUT 64 "doutb";
P_0x1015ddc40 .param/l "DEPTH" 1 5 35, +C4<000000000000000000000000000000000000000000000000000000000000000000000000000000000001000000000000>;
P_0x1015ddc80 .param/str "MEMORY_PRIMITIVE" 0 5 18, "block";
P_0x1015ddcc0 .param/l "MEMORY_SIZE" 0 5 17, +C4<000000000000000000000000000000000000000000000000000000000000000000000000000001000000000000000000>;
P_0x1015ddd00 .param/l "READ_DATA_WIDTH_B" 0 5 20, +C4<00000000000000000000000001000000>;
P_0x1015ddd40 .param/l "READ_LATENCY_B" 0 5 21, +C4<00000000000000000000000000000001>;
P_0x1015ddd80 .param/l "SIM_ASSERT_CHK" 0 5 23, +C4<00000000000000000000000000000000>;
P_0x1015dddc0 .param/l "WRITE_DATA_WIDTH_A" 0 5 19, +C4<00000000000000000000000001000000>;
P_0x1015dde00 .param/str "WRITE_MODE_A" 0 5 22, "read_first";
v0x8bf0f01e0_0 .array/port v0x8bf0f01e0, 0;
L_0x8bf011730 .functor BUFZ 64, v0x8bf0f01e0_0, C4<0000000000000000000000000000000000000000000000000000000000000000>, C4<0000000000000000000000000000000000000000000000000000000000000000>, C4<0000000000000000000000000000000000000000000000000000000000000000>;
v0x8bf0ebac0_0 .net "addra", 31 0, L_0x8bf105f40;  1 drivers
v0x8bf0ebb60_0 .net "addrb", 31 0, L_0x8bf105fe0;  1 drivers
v0x8bf0ebc00_0 .net "clka", 0 0, v0x8bf100960_0;  alias, 1 drivers
v0x8bf0ebca0_0 .net "clkb", 0 0, v0x8bf100960_0;  alias, 1 drivers
v0x8bf0ebd40_0 .net "dina", 63 0, L_0x8bf105a40;  alias, 1 drivers
v0x8bf0ebde0_0 .net "doutb", 63 0, L_0x8bf011730;  alias, 1 drivers
L_0x8be47da38 .functor BUFT 1, C4<1>, C4<0>, C4<0>, C4<0>;
v0x8bf0ebe80_0 .net "ena", 0 0, L_0x8be47da38;  1 drivers
v0x8bf0ebf20_0 .net "enb", 0 0, L_0x8bf0a47e0;  1 drivers
v0x8bf0f0000_0 .var/i "i", 31 0;
v0x8bf0f00a0_0 .var/i "k", 31 0;
v0x8bf0f0140 .array "mem", 4095 0, 63 0;
v0x8bf0f01e0 .array "pipe", 3 0, 63 0;
v0x8bf0f0280_0 .net "wea", 0 0, L_0x8bf0a4770;  1 drivers
E_0x8be175900 .event posedge, v0x8bf0ebc00_0;
S_0x8be180600 .scope module, "u_bank1" "xpm_memory_sdpram" 4 276, 5 16 0, S_0x1015e8650;
 .timescale -9 -12;
    .port_info 0 /INPUT 1 "clka";
    .port_info 1 /INPUT 1 "ena";
    .port_info 2 /INPUT 1 "wea";
    .port_info 3 /INPUT 32 "addra";
    .port_info 4 /INPUT 64 "dina";
    .port_info 5 /INPUT 1 "clkb";
    .port_info 6 /INPUT 1 "enb";
    .port_info 7 /INPUT 32 "addrb";
    .port_info 8 /OUTPUT 64 "doutb";
P_0x1015e6250 .param/l "DEPTH" 1 5 35, +C4<000000000000000000000000000000000000000000000000000000000000000000000000000000000001000000000000>;
P_0x1015e6290 .param/str "MEMORY_PRIMITIVE" 0 5 18, "block";
P_0x1015e62d0 .param/l "MEMORY_SIZE" 0 5 17, +C4<000000000000000000000000000000000000000000000000000000000000000000000000000001000000000000000000>;
P_0x1015e6310 .param/l "READ_DATA_WIDTH_B" 0 5 20, +C4<00000000000000000000000001000000>;
P_0x1015e6350 .param/l "READ_LATENCY_B" 0 5 21, +C4<00000000000000000000000000000001>;
P_0x1015e6390 .param/l "SIM_ASSERT_CHK" 0 5 23, +C4<00000000000000000000000000000000>;
P_0x1015e63d0 .param/l "WRITE_DATA_WIDTH_A" 0 5 19, +C4<00000000000000000000000001000000>;
P_0x1015e6410 .param/str "WRITE_MODE_A" 0 5 22, "read_first";
v0x8bf0f0a00_0 .array/port v0x8bf0f0a00, 0;
L_0x8bf0117a0 .functor BUFZ 64, v0x8bf0f0a00_0, C4<0000000000000000000000000000000000000000000000000000000000000000>, C4<0000000000000000000000000000000000000000000000000000000000000000>, C4<0000000000000000000000000000000000000000000000000000000000000000>;
v0x8bf0f0320_0 .net "addra", 31 0, L_0x8bf106080;  1 drivers
v0x8bf0f03c0_0 .net "addrb", 31 0, L_0x8bf106120;  1 drivers
v0x8bf0f0460_0 .net "clka", 0 0, v0x8bf100960_0;  alias, 1 drivers
v0x8bf0f0500_0 .net "clkb", 0 0, v0x8bf100960_0;  alias, 1 drivers
v0x8bf0f05a0_0 .net "dina", 63 0, L_0x8bf105a40;  alias, 1 drivers
v0x8bf0f0640_0 .net "doutb", 63 0, L_0x8bf0117a0;  alias, 1 drivers
L_0x8be47dba0 .functor BUFT 1, C4<1>, C4<0>, C4<0>, C4<0>;
v0x8bf0f06e0_0 .net "ena", 0 0, L_0x8be47dba0;  1 drivers
v0x8bf0f0780_0 .net "enb", 0 0, L_0x8bf0a49a0;  1 drivers
v0x8bf0f0820_0 .var/i "i", 31 0;
v0x8bf0f08c0_0 .var/i "k", 31 0;
v0x8bf0f0960 .array "mem", 4095 0, 63 0;
v0x8bf0f0a00 .array "pipe", 3 0, 63 0;
v0x8bf0f0aa0_0 .net "wea", 0 0, L_0x8bf0a48c0;  1 drivers
S_0x8be180780 .scope task, "fill_img" "fill_img" 3 70, 3 70 0, S_0x8be07c000;
 .timescale -9 -12;
v0x8bf100320_0 .var/i "i", 31 0;
TD_tb_sbm_alg9_cosim.fill_img ;
    %pushi/vec4 44257, 0, 16;
    %store/vec4 v0x8bf100e60_0, 0, 16;
    %pushi/vec4 0, 0, 32;
    %store/vec4 v0x8bf100320_0, 0, 32;
T_0.0 ; Top of for-loop
    %load/vec4 v0x8bf100320_0;
    %cmpi/s 262144, 0, 32;
	  %jmp/0xz T_0.1, 5;
    %load/vec4 v0x8bf100e60_0;
    %parti/s 15, 0, 2;
    %load/vec4 v0x8bf100e60_0;
    %parti/s 1, 15, 5;
    %load/vec4 v0x8bf100e60_0;
    %parti/s 1, 13, 5;
    %xor;
    %load/vec4 v0x8bf100e60_0;
    %parti/s 1, 12, 5;
    %xor;
    %load/vec4 v0x8bf100e60_0;
    %parti/s 1, 10, 5;
    %xor;
    %concat/vec4; draw_concat_vec4
    %store/vec4 v0x8bf100e60_0, 0, 16;
    %load/vec4 v0x8bf100e60_0;
    %parti/s 8, 0, 2;
    %load/vec4 v0x8bf100320_0;
    %pushi/vec4 512, 0, 32;
    %div/s;
    %pad/s 45;
    %pad/s 57;
    %muli 4096, 0, 57;
    %pad/s 58;
    %load/vec4 v0x8bf100320_0;
    %pushi/vec4 512, 0, 32;
    %mod/s;
    %pad/s 58;
    %add;
    %ix/vec4/s 4;
    %store/vec4a v0x8bf100c80, 4, 0;
T_0.2 ; for-loop step statement
    %load/vec4 v0x8bf100320_0;
    %addi 1, 0, 32;
    %store/vec4 v0x8bf100320_0, 0, 32;
    %jmp T_0.0;
T_0.1 ; for-loop exit label
    %end;
S_0x8be180900 .scope task, "send_frame" "send_frame" 3 92, 3 92 0, S_0x8be07c000;
 .timescale -9 -12;
v0x8bf1003c0_0 .var/i "i", 31 0;
TD_tb_sbm_alg9_cosim.send_frame ;
    %pushi/vec4 0, 0, 32;
    %store/vec4 v0x8bf1003c0_0, 0, 32;
T_1.3 ; Top of for-loop
    %load/vec4 v0x8bf1003c0_0;
    %cmpi/s 262144, 0, 32;
	  %jmp/0xz T_1.4, 5;
    %pushi/vec4 1, 0, 1;
    %store/vec4 v0x8bf101e00_0, 0, 1;
    %load/vec4 v0x8bf1003c0_0;
    %pushi/vec4 512, 0, 32;
    %div/s;
    %pad/s 45;
    %pad/s 57;
    %muli 4096, 0, 57;
    %pad/s 58;
    %load/vec4 v0x8bf1003c0_0;
    %pushi/vec4 512, 0, 32;
    %mod/s;
    %pad/s 58;
    %add;
    %ix/vec4/s 4;
    %load/vec4a v0x8bf100c80, 4;
    %store/vec4 v0x8bf101b80_0, 0, 8;
    %load/vec4 v0x8bf1003c0_0;
    %pushi/vec4 0, 0, 32;
    %cmp/e;
    %flag_get/vec4 4;
    %store/vec4 v0x8bf101d60_0, 0, 1;
    %load/vec4 v0x8bf1003c0_0;
    %pushi/vec4 262143, 0, 32;
    %cmp/e;
    %flag_get/vec4 4;
    %store/vec4 v0x8bf101c20_0, 0, 1;
    %wait E_0x8be175900;
T_1.6 ;
    %load/vec4 v0x8bf101cc0_0;
    %cmpi/ne 1, 0, 1;
    %jmp/0xz T_1.7, 6;
    %wait E_0x8be175900;
    %jmp T_1.6;
T_1.7 ;
T_1.5 ; for-loop step statement
    %load/vec4 v0x8bf1003c0_0;
    %addi 1, 0, 32;
    %store/vec4 v0x8bf1003c0_0, 0, 32;
    %jmp T_1.3;
T_1.4 ; for-loop exit label
    %pushi/vec4 0, 0, 1;
    %store/vec4 v0x8bf101e00_0, 0, 1;
    %wait E_0x8be175900;
    %end;
S_0x8be180a80 .scope task, "send_two_frames" "send_two_frames" 3 109, 3 109 0, S_0x8be07c000;
 .timescale -9 -12;
v0x8bf100460_0 .var/i "i", 31 0;
TD_tb_sbm_alg9_cosim.send_two_frames ;
    %pushi/vec4 2, 0, 32;
T_2.8 %dup/vec4;
    %cmpi/s 0, 0, 32;
    %jmp/1xz T_2.9, 5;
    %jmp/1 T_2.9, 4;
    %subi 1, 0, 32;
    %pushi/vec4 0, 0, 32;
    %store/vec4 v0x8bf100460_0, 0, 32;
T_2.10 ; Top of for-loop
    %load/vec4 v0x8bf100460_0;
    %cmpi/s 262144, 0, 32;
	  %jmp/0xz T_2.11, 5;
    %pushi/vec4 1, 0, 1;
    %store/vec4 v0x8bf101e00_0, 0, 1;
    %load/vec4 v0x8bf100460_0;
    %pushi/vec4 512, 0, 32;
    %div/s;
    %pad/s 45;
    %pad/s 57;
    %muli 4096, 0, 57;
    %pad/s 58;
    %load/vec4 v0x8bf100460_0;
    %pushi/vec4 512, 0, 32;
    %mod/s;
    %pad/s 58;
    %add;
    %ix/vec4/s 4;
    %load/vec4a v0x8bf100c80, 4;
    %store/vec4 v0x8bf101b80_0, 0, 8;
    %load/vec4 v0x8bf100460_0;
    %pushi/vec4 0, 0, 32;
    %cmp/e;
    %flag_get/vec4 4;
    %store/vec4 v0x8bf101d60_0, 0, 1;
    %load/vec4 v0x8bf100460_0;
    %pushi/vec4 262143, 0, 32;
    %cmp/e;
    %flag_get/vec4 4;
    %store/vec4 v0x8bf101c20_0, 0, 1;
    %wait E_0x8be175900;
T_2.13 ;
    %load/vec4 v0x8bf101cc0_0;
    %cmpi/ne 1, 0, 1;
    %jmp/0xz T_2.14, 6;
    %wait E_0x8be175900;
    %jmp T_2.13;
T_2.14 ;
T_2.12 ; for-loop step statement
    %load/vec4 v0x8bf100460_0;
    %addi 1, 0, 32;
    %store/vec4 v0x8bf100460_0, 0, 32;
    %jmp T_2.10;
T_2.11 ; for-loop exit label
    %jmp T_2.8;
T_2.9 ;
    %pop/vec4 1;
    %pushi/vec4 0, 0, 1;
    %store/vec4 v0x8bf101e00_0, 0, 1;
    %wait E_0x8be175900;
    %end;
S_0x8be180c00 .scope begin, "wait_done" "wait_done" 3 138, 3 138 0, S_0x8be07c000;
 .timescale -9 -12;
v0x8bf100500_0 .var/i "wcnt", 31 0;
    .scope S_0x8be180480;
T_3 ;
    %pushi/vec4 0, 0, 32;
    %store/vec4 v0x8bf0f0000_0, 0, 32;
T_3.0 ; Top of for-loop
    %load/vec4 v0x8bf0f0000_0;
    %pad/s 96;
    %cmpi/s 4096, 0, 96;
	  %jmp/0xz T_3.1, 5;
    %pushi/vec4 0, 0, 64;
    %ix/getv/s 4, v0x8bf0f0000_0;
    %store/vec4a v0x8bf0f0140, 4, 0;
T_3.2 ; for-loop step statement
    %load/vec4 v0x8bf0f0000_0;
    %addi 1, 0, 32;
    %store/vec4 v0x8bf0f0000_0, 0, 32;
    %jmp T_3.0;
T_3.1 ; for-loop exit label
    %end;
    .thread T_3;
    .scope S_0x8be180480;
T_4 ;
    %wait E_0x8be175900;
    %load/vec4 v0x8bf0ebe80_0;
    %flag_set/vec4 9;
    %flag_get/vec4 9;
    %jmp/0 T_4.2, 9;
    %load/vec4 v0x8bf0f0280_0;
    %and;
T_4.2;
    %flag_set/vec4 8;
    %jmp/0xz  T_4.0, 8;
    %load/vec4 v0x8bf0ebd40_0;
    %ix/getv 3, v0x8bf0ebac0_0;
    %ix/load 4, 0, 0; Constant delay
    %assign/vec4/a/d v0x8bf0f0140, 0, 4;
T_4.0 ;
    %jmp T_4;
    .thread T_4;
    .scope S_0x8be180480;
T_5 ;
    %wait E_0x8be175900;
    %load/vec4 v0x8bf0ebf20_0;
    %flag_set/vec4 8;
    %jmp/0xz  T_5.0, 8;
    %ix/getv 4, v0x8bf0ebb60_0;
    %load/vec4a v0x8bf0f0140, 4;
    %ix/load 3, 0, 0;
    %flag_set/imm 4, 0;
    %ix/load 4, 0, 0; Constant delay
    %assign/vec4/a/d v0x8bf0f01e0, 0, 4;
    %pushi/vec4 1, 0, 32;
    %store/vec4 v0x8bf0f00a0_0, 0, 32;
T_5.2 ; Top of for-loop
    %load/vec4 v0x8bf0f00a0_0;
    %cmpi/s 1, 0, 32;
    %flag_get/vec4 5;
    %jmp/0 T_5.5, 5;
    %load/vec4 v0x8bf0f00a0_0;
    %cmpi/s 4, 0, 32;
    %flag_get/vec4 5;
    %and;
T_5.5;
    %flag_set/vec4 8;
	  %jmp/0xz T_5.3, 8;
    %load/vec4 v0x8bf0f00a0_0;
    %subi 1, 0, 32;
    %ix/vec4/s 4;
    %load/vec4a v0x8bf0f01e0, 4;
    %ix/getv/s 3, v0x8bf0f00a0_0;
    %ix/load 4, 0, 0; Constant delay
    %assign/vec4/a/d v0x8bf0f01e0, 0, 4;
T_5.4 ; for-loop step statement
    %load/vec4 v0x8bf0f00a0_0;
    %addi 1, 0, 32;
    %store/vec4 v0x8bf0f00a0_0, 0, 32;
    %jmp T_5.2;
T_5.3 ; for-loop exit label
T_5.0 ;
    %jmp T_5;
    .thread T_5;
    .scope S_0x8be180600;
T_6 ;
    %pushi/vec4 0, 0, 32;
    %store/vec4 v0x8bf0f0820_0, 0, 32;
T_6.0 ; Top of for-loop
    %load/vec4 v0x8bf0f0820_0;
    %pad/s 96;
    %cmpi/s 4096, 0, 96;
	  %jmp/0xz T_6.1, 5;
    %pushi/vec4 0, 0, 64;
    %ix/getv/s 4, v0x8bf0f0820_0;
    %store/vec4a v0x8bf0f0960, 4, 0;
T_6.2 ; for-loop step statement
    %load/vec4 v0x8bf0f0820_0;
    %addi 1, 0, 32;
    %store/vec4 v0x8bf0f0820_0, 0, 32;
    %jmp T_6.0;
T_6.1 ; for-loop exit label
    %end;
    .thread T_6;
    .scope S_0x8be180600;
T_7 ;
    %wait E_0x8be175900;
    %load/vec4 v0x8bf0f06e0_0;
    %flag_set/vec4 9;
    %flag_get/vec4 9;
    %jmp/0 T_7.2, 9;
    %load/vec4 v0x8bf0f0aa0_0;
    %and;
T_7.2;
    %flag_set/vec4 8;
    %jmp/0xz  T_7.0, 8;
    %load/vec4 v0x8bf0f05a0_0;
    %ix/getv 3, v0x8bf0f0320_0;
    %ix/load 4, 0, 0; Constant delay
    %assign/vec4/a/d v0x8bf0f0960, 0, 4;
T_7.0 ;
    %jmp T_7;
    .thread T_7;
    .scope S_0x8be180600;
T_8 ;
    %wait E_0x8be175900;
    %load/vec4 v0x8bf0f0780_0;
    %flag_set/vec4 8;
    %jmp/0xz  T_8.0, 8;
    %ix/getv 4, v0x8bf0f03c0_0;
    %load/vec4a v0x8bf0f0960, 4;
    %ix/load 3, 0, 0;
    %flag_set/imm 4, 0;
    %ix/load 4, 0, 0; Constant delay
    %assign/vec4/a/d v0x8bf0f0a00, 0, 4;
    %pushi/vec4 1, 0, 32;
    %store/vec4 v0x8bf0f08c0_0, 0, 32;
T_8.2 ; Top of for-loop
    %load/vec4 v0x8bf0f08c0_0;
    %cmpi/s 1, 0, 32;
    %flag_get/vec4 5;
    %jmp/0 T_8.5, 5;
    %load/vec4 v0x8bf0f08c0_0;
    %cmpi/s 4, 0, 32;
    %flag_get/vec4 5;
    %and;
T_8.5;
    %flag_set/vec4 8;
	  %jmp/0xz T_8.3, 8;
    %load/vec4 v0x8bf0f08c0_0;
    %subi 1, 0, 32;
    %ix/vec4/s 4;
    %load/vec4a v0x8bf0f0a00, 4;
    %ix/getv/s 3, v0x8bf0f08c0_0;
    %ix/load 4, 0, 0; Constant delay
    %assign/vec4/a/d v0x8bf0f0a00, 0, 4;
T_8.4 ; for-loop step statement
    %load/vec4 v0x8bf0f08c0_0;
    %addi 1, 0, 32;
    %store/vec4 v0x8bf0f08c0_0, 0, 32;
    %jmp T_8.2;
T_8.3 ; for-loop exit label
T_8.0 ;
    %jmp T_8;
    .thread T_8;
    .scope S_0x1015e8650;
T_9 ;
    %wait E_0x8be175440;
    %load/vec4 v0x8bf0f7020_0;
    %nor/r;
    %flag_set/vec4 8;
    %jmp/0xz  T_9.0, 8;
    %pushi/vec4 0, 0, 18;
    %assign/vec4 v0x8bf0f61c0_0, 0;
    %pushi/vec4 0, 0, 10;
    %assign/vec4 v0x8bf0f4aa0_0, 0;
    %pushi/vec4 0, 0, 10;
    %assign/vec4 v0x8bf0f4b40_0, 0;
    %pushi/vec4 0, 0, 13;
    %assign/vec4 v0x8bf0f4640_0, 0;
    %pushi/vec4 0, 0, 1;
    %assign/vec4 v0x8bf0f48c0_0, 0;
    %pushi/vec4 0, 0, 7;
    %assign/vec4 v0x8bf0f46e0_0, 0;
    %pushi/vec4 0, 0, 1;
    %assign/vec4 v0x8bf0f5360_0, 0;
    %pushi/vec4 0, 0, 2;
    %assign/vec4 v0x8bf0f4780_0, 0;
    %pushi/vec4 0, 0, 7;
    %ix/load 3, 0, 0;
    %flag_set/imm 4, 0;
    %ix/load 4, 0, 0; Constant delay
    %assign/vec4/a/d v0x8bf0f4960, 0, 4;
    %pushi/vec4 0, 0, 7;
    %ix/load 3, 1, 0;
    %flag_set/imm 4, 0;
    %ix/load 4, 0, 0; Constant delay
    %assign/vec4/a/d v0x8bf0f4960, 0, 4;
    %jmp T_9.1;
T_9.0 ;
    %load/vec4 v0x8bf0f55e0_0;
    %flag_set/vec4 8;
    %jmp/0xz  T_9.2, 8;
    %pushi/vec4 1, 0, 18;
    %assign/vec4 v0x8bf0f61c0_0, 0;
    %pushi/vec4 1, 0, 10;
    %assign/vec4 v0x8bf0f4aa0_0, 0;
    %pushi/vec4 0, 0, 10;
    %assign/vec4 v0x8bf0f4b40_0, 0;
    %pushi/vec4 1, 0, 13;
    %assign/vec4 v0x8bf0f4640_0, 0;
    %pushi/vec4 0, 0, 1;
    %assign/vec4 v0x8bf0f48c0_0, 0;
    %pushi/vec4 0, 0, 7;
    %assign/vec4 v0x8bf0f46e0_0, 0;
    %pushi/vec4 1, 0, 1;
    %assign/vec4 v0x8bf0f5360_0, 0;
    %pushi/vec4 0, 0, 2;
    %assign/vec4 v0x8bf0f4780_0, 0;
    %jmp T_9.3;
T_9.2 ;
    %load/vec4 v0x8bf0f5360_0;
    %flag_set/vec4 9;
    %flag_get/vec4 9;
    %jmp/0 T_9.6, 9;
    %load/vec4 v0x8bf0f6120_0;
    %and;
T_9.6;
    %flag_set/vec4 8;
    %jmp/0xz  T_9.4, 8;
    %load/vec4 v0x8bf0f6260_0;
    %flag_set/vec4 8;
    %jmp/0xz  T_9.7, 8;
    %pushi/vec4 1, 0, 1;
    %ix/load 5, 0, 0;
    %ix/getv 4, v0x8bf0f48c0_0;
    %assign/vec4/off/d v0x8bf0f4780_0, 4, 5;
    %load/vec4 v0x8bf0f46e0_0;
    %load/vec4 v0x8bf0f48c0_0;
    %pad/u 3;
    %ix/vec4 3;
    %ix/load 4, 0, 0; Constant delay
    %assign/vec4/a/d v0x8bf0f4960, 0, 4;
    %pushi/vec4 0, 0, 13;
    %assign/vec4 v0x8bf0f4640_0, 0;
    %load/vec4 v0x8bf0f48c0_0;
    %inv;
    %assign/vec4 v0x8bf0f48c0_0, 0;
    %load/vec4 v0x8bf0f46e0_0;
    %pad/u 32;
    %cmpi/e 63, 0, 32;
    %flag_mov 8, 4;
    %jmp/0 T_9.9, 8;
    %pushi/vec4 0, 0, 7;
    %jmp/1 T_9.10, 8;
T_9.9 ; End of true expr.
    %load/vec4 v0x8bf0f46e0_0;
    %addi 1, 0, 7;
    %jmp/0 T_9.10, 8;
 ; End of false expr.
    %blend;
T_9.10;
    %assign/vec4 v0x8bf0f46e0_0, 0;
    %jmp T_9.8;
T_9.7 ;
    %load/vec4 v0x8bf0f4640_0;
    %addi 1, 0, 13;
    %assign/vec4 v0x8bf0f4640_0, 0;
T_9.8 ;
    %load/vec4 v0x8bf0f54a0_0;
    %flag_set/vec4 8;
    %jmp/0xz  T_9.11, 8;
    %pushi/vec4 0, 0, 1;
    %assign/vec4 v0x8bf0f5360_0, 0;
    %jmp T_9.12;
T_9.11 ;
    %load/vec4 v0x8bf0f61c0_0;
    %addi 1, 0, 18;
    %assign/vec4 v0x8bf0f61c0_0, 0;
    %load/vec4 v0x8bf0f4aa0_0;
    %pad/u 32;
    %cmpi/e 511, 0, 32;
    %jmp/0xz  T_9.13, 4;
    %pushi/vec4 0, 0, 10;
    %assign/vec4 v0x8bf0f4aa0_0, 0;
    %load/vec4 v0x8bf0f4b40_0;
    %addi 1, 0, 10;
    %assign/vec4 v0x8bf0f4b40_0, 0;
    %jmp T_9.14;
T_9.13 ;
    %load/vec4 v0x8bf0f4aa0_0;
    %addi 1, 0, 10;
    %assign/vec4 v0x8bf0f4aa0_0, 0;
T_9.14 ;
T_9.12 ;
T_9.4 ;
T_9.3 ;
T_9.1 ;
    %load/vec4 v0x8bf0f75c0_0;
    %flag_set/vec4 8;
    %jmp/0xz  T_9.15, 8;
    %pushi/vec4 0, 0, 1;
    %ix/load 5, 0, 0;
    %ix/load 4, 0, 0;
    %flag_set/imm 4, 0;
    %assign/vec4/off/d v0x8bf0f4780_0, 4, 5;
T_9.15 ;
    %load/vec4 v0x8bf0f7660_0;
    %flag_set/vec4 8;
    %jmp/0xz  T_9.17, 8;
    %pushi/vec4 0, 0, 1;
    %ix/load 5, 0, 0;
    %ix/load 4, 1, 0;
    %flag_set/imm 4, 0;
    %assign/vec4/off/d v0x8bf0f4780_0, 4, 5;
T_9.17 ;
    %jmp T_9;
    .thread T_9;
    .scope S_0x1015e8650;
T_10 ;
    %wait E_0x8be175440;
    %load/vec4 v0x8bf0f7020_0;
    %nor/r;
    %flag_set/vec4 8;
    %jmp/0xz  T_10.0, 8;
    %pushi/vec4 0, 0, 1;
    %assign/vec4 v0x8bf0f5540_0, 0;
    %jmp T_10.1;
T_10.0 ;
    %load/vec4 v0x8bf0f55e0_0;
    %flag_set/vec4 8;
    %jmp/0xz  T_10.2, 8;
    %pushi/vec4 1, 0, 1;
    %assign/vec4 v0x8bf0f5540_0, 0;
T_10.2 ;
T_10.1 ;
    %jmp T_10;
    .thread T_10;
    .scope S_0x1015e8650;
T_11 ;
    %vpi_call/w 4 185 "$readmemh", "similarity_lut.mem", v0x8bf0f0b40 {0 0 0};
    %end;
    .thread T_11;
    .scope S_0x1015e8650;
T_12 ;
    %wait E_0x8be175440;
    %load/vec4 v0x8bf0f7020_0;
    %nor/r;
    %flag_set/vec4 8;
    %jmp/0xz  T_12.0, 8;
    %pushi/vec4 0, 0, 1;
    %assign/vec4 v0x8bf0f4f00_0, 0;
    %pushi/vec4 0, 0, 1;
    %assign/vec4 v0x8bf0f4d20_0, 0;
    %pushi/vec4 0, 0, 7;
    %assign/vec4 v0x8bf0f4c80_0, 0;
    %pushi/vec4 0, 0, 3;
    %assign/vec4 v0x8bf0f69e0_0, 0;
    %pushi/vec4 0, 0, 3;
    %assign/vec4 v0x8bf0f6940_0, 0;
    %pushi/vec4 0, 0, 7;
    %assign/vec4 v0x8bf0f6580_0, 0;
    %pushi/vec4 0, 0, 13;
    %assign/vec4 v0x8bf0f4dc0_0, 0;
    %pushi/vec4 0, 0, 2;
    %assign/vec4 v0x8bf0f4fa0_0, 0;
    %jmp T_12.1;
T_12.0 ;
    %load/vec4 v0x8bf0f4f00_0;
    %nor/r;
    %flag_set/vec4 8;
    %jmp/0xz  T_12.2, 8;
    %load/vec4 v0x8bf0f4780_0;
    %parti/s 1, 0, 2;
    %flag_set/vec4 8;
    %jmp/0xz  T_12.4, 8;
    %pushi/vec4 1, 0, 1;
    %assign/vec4 v0x8bf0f4f00_0, 0;
    %pushi/vec4 0, 0, 1;
    %assign/vec4 v0x8bf0f4d20_0, 0;
    %ix/load 4, 0, 0;
    %flag_set/imm 4, 0;
    %load/vec4a v0x8bf0f4960, 4;
    %assign/vec4 v0x8bf0f4c80_0, 0;
    %pushi/vec4 1, 0, 1;
    %ix/load 5, 0, 0;
    %ix/load 4, 0, 0;
    %flag_set/imm 4, 0;
    %assign/vec4/off/d v0x8bf0f4fa0_0, 4, 5;
    %pushi/vec4 0, 0, 3;
    %assign/vec4 v0x8bf0f69e0_0, 0;
    %pushi/vec4 0, 0, 3;
    %assign/vec4 v0x8bf0f6940_0, 0;
    %pushi/vec4 0, 0, 7;
    %assign/vec4 v0x8bf0f6580_0, 0;
    %pushi/vec4 0, 0, 13;
    %assign/vec4 v0x8bf0f4dc0_0, 0;
    %jmp T_12.5;
T_12.4 ;
    %load/vec4 v0x8bf0f4780_0;
    %parti/s 1, 1, 2;
    %flag_set/vec4 8;
    %jmp/0xz  T_12.6, 8;
    %pushi/vec4 1, 0, 1;
    %assign/vec4 v0x8bf0f4f00_0, 0;
    %pushi/vec4 1, 0, 1;
    %assign/vec4 v0x8bf0f4d20_0, 0;
    %ix/load 4, 1, 0;
    %flag_set/imm 4, 0;
    %load/vec4a v0x8bf0f4960, 4;
    %assign/vec4 v0x8bf0f4c80_0, 0;
    %pushi/vec4 1, 0, 1;
    %ix/load 5, 0, 0;
    %ix/load 4, 1, 0;
    %flag_set/imm 4, 0;
    %assign/vec4/off/d v0x8bf0f4fa0_0, 4, 5;
    %pushi/vec4 0, 0, 3;
    %assign/vec4 v0x8bf0f69e0_0, 0;
    %pushi/vec4 0, 0, 3;
    %assign/vec4 v0x8bf0f6940_0, 0;
    %pushi/vec4 0, 0, 7;
    %assign/vec4 v0x8bf0f6580_0, 0;
    %pushi/vec4 0, 0, 13;
    %assign/vec4 v0x8bf0f4dc0_0, 0;
T_12.6 ;
T_12.5 ;
    %jmp T_12.3;
T_12.2 ;
    %load/vec4 v0x8bf0f4e60_0;
    %flag_set/vec4 8;
    %jmp/0xz  T_12.8, 8;
    %load/vec4 v0x8bf0f4dc0_0;
    %pad/u 96;
    %cmpi/e 4095, 0, 96;
    %jmp/0xz  T_12.10, 4;
    %pushi/vec4 0, 0, 1;
    %assign/vec4 v0x8bf0f4f00_0, 0;
    %pushi/vec4 0, 0, 1;
    %ix/load 5, 0, 0;
    %ix/getv 4, v0x8bf0f4d20_0;
    %assign/vec4/off/d v0x8bf0f4fa0_0, 4, 5;
    %pushi/vec4 0, 0, 13;
    %assign/vec4 v0x8bf0f4dc0_0, 0;
    %jmp T_12.11;
T_12.10 ;
    %load/vec4 v0x8bf0f4dc0_0;
    %addi 1, 0, 13;
    %assign/vec4 v0x8bf0f4dc0_0, 0;
    %load/vec4 v0x8bf0f6580_0;
    %pad/u 32;
    %cmpi/e 63, 0, 32;
    %jmp/0xz  T_12.12, 4;
    %pushi/vec4 0, 0, 7;
    %assign/vec4 v0x8bf0f6580_0, 0;
    %load/vec4 v0x8bf0f6940_0;
    %pad/u 32;
    %cmpi/e 7, 0, 32;
    %jmp/0xz  T_12.14, 4;
    %pushi/vec4 0, 0, 3;
    %assign/vec4 v0x8bf0f6940_0, 0;
    %load/vec4 v0x8bf0f69e0_0;
    %pad/u 32;
    %cmpi/e 7, 0, 32;
    %flag_mov 8, 4;
    %jmp/0 T_12.16, 8;
    %pushi/vec4 0, 0, 3;
    %jmp/1 T_12.17, 8;
T_12.16 ; End of true expr.
    %load/vec4 v0x8bf0f69e0_0;
    %addi 1, 0, 3;
    %jmp/0 T_12.17, 8;
 ; End of false expr.
    %blend;
T_12.17;
    %assign/vec4 v0x8bf0f69e0_0, 0;
    %jmp T_12.15;
T_12.14 ;
    %load/vec4 v0x8bf0f6940_0;
    %addi 1, 0, 3;
    %assign/vec4 v0x8bf0f6940_0, 0;
T_12.15 ;
    %jmp T_12.13;
T_12.12 ;
    %load/vec4 v0x8bf0f6580_0;
    %addi 1, 0, 7;
    %assign/vec4 v0x8bf0f6580_0, 0;
T_12.13 ;
T_12.11 ;
T_12.8 ;
T_12.3 ;
T_12.1 ;
    %jmp T_12;
    .thread T_12;
    .scope S_0x1015e8650;
T_13 ;
    %wait E_0x8be175440;
    %load/vec4 v0x8bf0f7020_0;
    %nor/r;
    %flag_set/vec4 8;
    %jmp/0xz  T_13.0, 8;
    %pushi/vec4 0, 0, 6;
    %assign/vec4 v0x8bf0f64e0_0, 0;
    %pushi/vec4 0, 0, 7;
    %assign/vec4 v0x8bf0f63a0_0, 0;
    %pushi/vec4 0, 0, 7;
    %assign/vec4 v0x8bf0f66c0_0, 0;
    %pushi/vec4 0, 0, 1;
    %assign/vec4 v0x8bf0f6b20_0, 0;
    %jmp T_13.1;
T_13.0 ;
    %load/vec4 v0x8bf0f69e0_0;
    %pad/u 32;
    %muli 8, 0, 32;
    %load/vec4 v0x8bf0f6940_0;
    %pad/u 32;
    %add;
    %pad/u 6;
    %assign/vec4 v0x8bf0f64e0_0, 0;
    %load/vec4 v0x8bf0f4c80_0;
    %assign/vec4 v0x8bf0f63a0_0, 0;
    %load/vec4 v0x8bf0f6580_0;
    %assign/vec4 v0x8bf0f66c0_0, 0;
    %load/vec4 v0x8bf0f4e60_0;
    %assign/vec4 v0x8bf0f6b20_0, 0;
T_13.1 ;
    %jmp T_13;
    .thread T_13;
    .scope S_0x1015e8650;
T_14 ;
    %wait E_0x8be175440;
    %load/vec4 v0x8bf0f7020_0;
    %nor/r;
    %flag_set/vec4 8;
    %jmp/0xz  T_14.0, 8;
    %pushi/vec4 0, 0, 64;
    %assign/vec4 v0x8bf0f68a0_0, 0;
    %pushi/vec4 0, 0, 6;
    %assign/vec4 v0x8bf0f6440_0, 0;
    %pushi/vec4 0, 0, 7;
    %assign/vec4 v0x8bf0f6300_0, 0;
    %pushi/vec4 0, 0, 7;
    %assign/vec4 v0x8bf0f6620_0, 0;
    %pushi/vec4 0, 0, 1;
    %assign/vec4 v0x8bf0f6a80_0, 0;
    %jmp T_14.1;
T_14.0 ;
    %load/vec4 v0x8bf0f4d20_0;
    %flag_set/vec4 8;
    %jmp/0 T_14.2, 8;
    %load/vec4 v0x8bf0f6800_0;
    %jmp/1 T_14.3, 8;
T_14.2 ; End of true expr.
    %load/vec4 v0x8bf0f6760_0;
    %jmp/0 T_14.3, 8;
 ; End of false expr.
    %blend;
T_14.3;
    %assign/vec4 v0x8bf0f68a0_0, 0;
    %load/vec4 v0x8bf0f64e0_0;
    %assign/vec4 v0x8bf0f6440_0, 0;
    %load/vec4 v0x8bf0f63a0_0;
    %assign/vec4 v0x8bf0f6300_0, 0;
    %load/vec4 v0x8bf0f66c0_0;
    %assign/vec4 v0x8bf0f6620_0, 0;
    %load/vec4 v0x8bf0f6b20_0;
    %assign/vec4 v0x8bf0f6a80_0, 0;
T_14.1 ;
    %jmp T_14;
    .thread T_14;
    .scope S_0x1015e8650;
T_15 ;
    %wait E_0x8be175440;
    %load/vec4 v0x8bf0f7020_0;
    %nor/r;
    %flag_set/vec4 8;
    %jmp/0xz  T_15.0, 8;
    %pushi/vec4 0, 0, 2;
    %assign/vec4 v0x8bf0f7480_0, 0;
    %jmp T_15.1;
T_15.0 ;
    %load/vec4 v0x8bf0f6a80_0;
    %flag_set/vec4 8;
    %jmp/0xz  T_15.2, 8;
    %pushi/vec4 0, 0, 32;
    %store/vec4 v0x8bf0f5f40_0, 0, 32;
T_15.4 ; Top of for-loop
    %load/vec4 v0x8bf0f5f40_0;
    %cmpi/s 8, 0, 32;
	  %jmp/0xz T_15.5, 5;
    %load/vec4 v0x8bf0f68a0_0;
    %load/vec4 v0x8bf0f5f40_0;
    %muli 8, 0, 32;
    %part/s 8;
    %load/vec4 v0x8bf0f5f40_0;
    %pad/s 41;
    %pad/s 49;
    %muli 256, 0, 49;
    %pad/s 50;
    %load/vec4 v0x8bf0f7480_0;
    %pad/u 11;
    %pad/u 17;
    %muli 64, 0, 17;
    %pad/u 50;
    %add;
    %pad/u 51;
    %load/vec4 v0x8bf0f6620_0;
    %pad/u 8;
    %pad/u 51;
    %add;
    %ix/vec4 3;
    %ix/load 4, 0, 0; Constant delay
    %assign/vec4/a/d v0x8bf0f73e0, 0, 4;
T_15.6 ; for-loop step statement
    %load/vec4 v0x8bf0f5f40_0;
    %addi 1, 0, 32;
    %store/vec4 v0x8bf0f5f40_0, 0, 32;
    %jmp T_15.4;
T_15.5 ; for-loop exit label
    %load/vec4 v0x8bf0f6620_0;
    %pad/u 32;
    %cmpi/e 63, 0, 32;
    %jmp/0xz  T_15.7, 4;
    %load/vec4 v0x8bf0f7480_0;
    %pad/u 32;
    %cmpi/e 3, 0, 32;
    %flag_mov 8, 4;
    %jmp/0 T_15.9, 8;
    %pushi/vec4 0, 0, 2;
    %jmp/1 T_15.10, 8;
T_15.9 ; End of true expr.
    %load/vec4 v0x8bf0f7480_0;
    %addi 1, 0, 2;
    %jmp/0 T_15.10, 8;
 ; End of false expr.
    %blend;
T_15.10;
    %assign/vec4 v0x8bf0f7480_0, 0;
T_15.7 ;
T_15.2 ;
T_15.1 ;
    %jmp T_15;
    .thread T_15;
    .scope S_0x1015e8650;
T_16 ;
    %wait E_0x8be175440;
    %load/vec4 v0x8bf0f7020_0;
    %nor/r;
    %flag_set/vec4 8;
    %jmp/0xz  T_16.0, 8;
    %pushi/vec4 0, 0, 6;
    %assign/vec4 v0x8bf0f6ee0_0, 0;
    %pushi/vec4 0, 0, 6;
    %assign/vec4 v0x8bf0f6e40_0, 0;
    %pushi/vec4 0, 0, 6;
    %assign/vec4 v0x8bf0f6bc0_0, 0;
    %pushi/vec4 0, 0, 18;
    %assign/vec4 v0x8bf0f7c00_0, 0;
    %jmp T_16.1;
T_16.0 ;
    %load/vec4 v0x8bf0f6a80_0;
    %flag_set/vec4 9;
    %flag_get/vec4 9;
    %jmp/0 T_16.3, 9;
    %load/vec4 v0x8bf0f6620_0;
    %pad/u 32;
    %pushi/vec4 63, 0, 32;
    %cmp/e;
    %flag_get/vec4 4;
    %and;
T_16.3;
    %flag_set/vec4 8;
    %flag_get/vec4 8;
    %jmp/0 T_16.2, 8;
    %load/vec4 v0x8bf0f6bc0_0;
    %pad/u 32;
    %cmpi/u 24, 0, 32;
    %flag_get/vec4 4;
    %flag_get/vec4 5;
    %or;
    %and;
T_16.2;
    %store/vec4 v0x8bf0f6080_0, 0, 1;
    %load/vec4 v0x8bf0f6a80_0;
    %flag_set/vec4 10;
    %flag_get/vec4 10;
    %jmp/0 T_16.7, 10;
    %load/vec4 v0x8bf0f6620_0;
    %pad/u 32;
    %pushi/vec4 63, 0, 32;
    %cmp/e;
    %flag_get/vec4 4;
    %and;
T_16.7;
    %flag_set/vec4 9;
    %flag_get/vec4 9;
    %jmp/0 T_16.6, 9;
    %pushi/vec4 24, 0, 32;
    %load/vec4 v0x8bf0f6bc0_0;
    %pad/u 32;
    %cmp/u;
    %flag_get/vec4 5;
    %and;
T_16.6;
    %flag_set/vec4 8;
    %jmp/0xz  T_16.4, 8;
    %vpi_call/w 4 335 "$error", "alg9: push \345\256\271\351\207\217\351\227\250\346\216\247\350\247\246\345\217\221(drain \350\212\202\346\265\201\345\244\261\346\225\210?), req_cnt=%0d", v0x8bf0f6bc0_0 {0 0 0};
T_16.4 ;
    %load/vec4 v0x8bf100140_0;
    %flag_set/vec4 8;
    %flag_get/vec4 8;
    %jmp/0 T_16.8, 8;
    %load/vec4 v0x8bf0f6c60_0;
    %nor/r;
    %and;
T_16.8;
    %store/vec4 v0x8bf0f5fe0_0, 0, 1;
    %load/vec4 v0x8bf0f6080_0;
    %flag_set/vec4 8;
    %jmp/0xz  T_16.9, 8;
    %pushi/vec4 0, 0, 32;
    %store/vec4 v0x8bf0f5f40_0, 0, 32;
T_16.11 ; Top of for-loop
    %load/vec4 v0x8bf0f5f40_0;
    %cmpi/s 8, 0, 32;
	  %jmp/0xz T_16.12, 5;
    %load/vec4 v0x8bf0f7480_0;
    %load/vec4 v0x8bf0f5f40_0;
    %parti/s 3, 0, 2;
    %concat/vec4; draw_concat_vec4
    %load/vec4 v0x8bf0f6440_0;
    %concat/vec4; draw_concat_vec4
    %load/vec4 v0x8bf0f6300_0;
    %concat/vec4; draw_concat_vec4
    %load/vec4 v0x8bf0f6ee0_0;
    %pad/u 32;
    %load/vec4 v0x8bf0f5f40_0;
    %add;
    %pushi/vec4 32, 0, 32;
    %mod;
    %ix/vec4 3;
    %ix/load 4, 0, 0; Constant delay
    %assign/vec4/a/d v0x8bf0f6d00, 0, 4;
T_16.13 ; for-loop step statement
    %load/vec4 v0x8bf0f5f40_0;
    %addi 1, 0, 32;
    %store/vec4 v0x8bf0f5f40_0, 0, 32;
    %jmp T_16.11;
T_16.12 ; for-loop exit label
    %load/vec4 v0x8bf0f6ee0_0;
    %addi 8, 0, 6;
    %assign/vec4 v0x8bf0f6ee0_0, 0;
T_16.9 ;
    %load/vec4 v0x8bf0f5fe0_0;
    %flag_set/vec4 8;
    %jmp/0xz  T_16.14, 8;
    %load/vec4 v0x8bf0f6e40_0;
    %addi 1, 0, 6;
    %assign/vec4 v0x8bf0f6e40_0, 0;
    %load/vec4 v0x8bf0f6e40_0;
    %pad/u 32;
    %pushi/vec4 32, 0, 32;
    %mod;
    %ix/vec4 4;
    %load/vec4a v0x8bf0f6d00, 4;
    %assign/vec4 v0x8bf0f7c00_0, 0;
T_16.14 ;
    %load/vec4 v0x8bf0f6bc0_0;
    %load/vec4 v0x8bf0f6080_0;
    %flag_set/vec4 8;
    %jmp/0 T_16.16, 8;
    %pushi/vec4 8, 0, 6;
    %jmp/1 T_16.17, 8;
T_16.16 ; End of true expr.
    %pushi/vec4 0, 0, 6;
    %jmp/0 T_16.17, 8;
 ; End of false expr.
    %blend;
T_16.17;
    %add;
    %load/vec4 v0x8bf0f5fe0_0;
    %flag_set/vec4 8;
    %jmp/0 T_16.18, 8;
    %pushi/vec4 1, 0, 6;
    %jmp/1 T_16.19, 8;
T_16.18 ; End of true expr.
    %pushi/vec4 0, 0, 6;
    %jmp/0 T_16.19, 8;
 ; End of false expr.
    %blend;
T_16.19;
    %sub;
    %assign/vec4 v0x8bf0f6bc0_0, 0;
T_16.1 ;
    %jmp T_16;
    .thread T_16;
    .scope S_0x1015e8650;
T_17 ;
    %wait E_0x8be175440;
    %load/vec4 v0x8bf0f7020_0;
    %nor/r;
    %flag_set/vec4 8;
    %jmp/0xz  T_17.0, 8;
    %pushi/vec4 0, 0, 3;
    %assign/vec4 v0x8bf1001e0_0, 0;
    %pushi/vec4 0, 0, 8;
    %assign/vec4 v0x8bf1000a0_0, 0;
    %pushi/vec4 0, 0, 1;
    %assign/vec4 v0x8bf100140_0, 0;
    %jmp T_17.1;
T_17.0 ;
    %load/vec4 v0x8bf1001e0_0;
    %dup/vec4;
    %pushi/vec4 0, 0, 3;
    %cmp/u;
    %jmp/1 T_17.2, 6;
    %dup/vec4;
    %pushi/vec4 1, 0, 3;
    %cmp/u;
    %jmp/1 T_17.3, 6;
    %dup/vec4;
    %pushi/vec4 2, 0, 3;
    %cmp/u;
    %jmp/1 T_17.4, 6;
    %dup/vec4;
    %pushi/vec4 3, 0, 3;
    %cmp/u;
    %jmp/1 T_17.5, 6;
    %pushi/vec4 0, 0, 3;
    %assign/vec4 v0x8bf1001e0_0, 0;
    %jmp T_17.7;
T_17.2 ;
    %pushi/vec4 0, 0, 1;
    %assign/vec4 v0x8bf100140_0, 0;
    %load/vec4 v0x8bf0f6c60_0;
    %nor/r;
    %flag_set/vec4 8;
    %jmp/0xz  T_17.8, 8;
    %pushi/vec4 1, 0, 1;
    %assign/vec4 v0x8bf100140_0, 0;
    %pushi/vec4 0, 0, 8;
    %assign/vec4 v0x8bf1000a0_0, 0;
    %pushi/vec4 1, 0, 3;
    %assign/vec4 v0x8bf1001e0_0, 0;
T_17.8 ;
    %jmp T_17.7;
T_17.3 ;
    %pushi/vec4 0, 0, 1;
    %assign/vec4 v0x8bf100140_0, 0;
    %load/vec4 v0x8bf0f5900_0;
    %flag_set/vec4 8;
    %jmp/0xz  T_17.10, 8;
    %pushi/vec4 2, 0, 3;
    %assign/vec4 v0x8bf1001e0_0, 0;
T_17.10 ;
    %jmp T_17.7;
T_17.4 ;
    %load/vec4 v0x8bf0f5d60_0;
    %flag_set/vec4 8;
    %jmp/0xz  T_17.12, 8;
    %load/vec4 v0x8bf1000a0_0;
    %pad/u 33;
    %cmpi/e 7, 0, 33;
    %jmp/0xz  T_17.14, 4;
    %pushi/vec4 3, 0, 3;
    %assign/vec4 v0x8bf1001e0_0, 0;
    %jmp T_17.15;
T_17.14 ;
    %load/vec4 v0x8bf1000a0_0;
    %addi 1, 0, 8;
    %assign/vec4 v0x8bf1000a0_0, 0;
T_17.15 ;
T_17.12 ;
    %jmp T_17.7;
T_17.5 ;
    %load/vec4 v0x8bf0f5b80_0;
    %flag_set/vec4 8;
    %jmp/0xz  T_17.16, 8;
    %pushi/vec4 0, 0, 3;
    %assign/vec4 v0x8bf1001e0_0, 0;
T_17.16 ;
    %jmp T_17.7;
T_17.7 ;
    %pop/vec4 1;
T_17.1 ;
    %jmp T_17;
    .thread T_17;
    .scope S_0x1015e8650;
T_18 ;
    %wait E_0x8be1754c0;
    %pushi/vec4 0, 0, 32;
    %store/vec4 v0x8bf0f7e80_0, 0, 32;
T_18.0 ; Top of for-loop
    %load/vec4 v0x8bf0f7e80_0;
    %cmpi/s 8, 0, 32;
	  %jmp/0xz T_18.1, 5;
    %load/vec4 v0x8bf1000a0_0;
    %pad/u 32;
    %muli 8, 0, 32;
    %load/vec4 v0x8bf0f7e80_0;
    %add;
    %cmpi/u 64, 0, 32;
    %jmp/0xz  T_18.3, 5;
    %load/vec4 v0x8bf0f7b60_0;
    %pad/u 14;
    %pad/u 22;
    %muli 256, 0, 22;
    %pad/u 23;
    %load/vec4 v0x8bf0f7ca0_0;
    %pad/u 11;
    %pad/u 17;
    %muli 64, 0, 17;
    %pad/u 23;
    %add;
    %pad/u 24;
    %load/vec4 v0x8bf1000a0_0;
    %pad/u 32;
    %muli 8, 0, 32;
    %load/vec4 v0x8bf0f7e80_0;
    %add;
    %pad/u 24;
    %add;
    %ix/vec4 4;
    %load/vec4a v0x8bf0f73e0, 4;
    %load/vec4 v0x8bf0f7e80_0;
    %muli 8, 0, 32;
    %ix/vec4/s 4;
    %store/vec4 v0x8bf0f7f20_0, 4, 8;
    %jmp T_18.4;
T_18.3 ;
    %pushi/vec4 0, 0, 8;
    %load/vec4 v0x8bf0f7e80_0;
    %muli 8, 0, 32;
    %ix/vec4/s 4;
    %store/vec4 v0x8bf0f7f20_0, 4, 8;
T_18.4 ;
T_18.2 ; for-loop step statement
    %load/vec4 v0x8bf0f7e80_0;
    %addi 1, 0, 32;
    %store/vec4 v0x8bf0f7e80_0, 0, 32;
    %jmp T_18.0;
T_18.1 ; for-loop exit label
    %jmp T_18;
    .thread T_18, $push;
    .scope S_0x1015e8650;
T_19 ;
    %wait E_0x8be175480;
    %pushi/vec4 255, 0, 8;
    %store/vec4 v0x8bf100280_0, 0, 8;
    %load/vec4 v0x8bf1000a0_0;
    %pad/u 33;
    %cmpi/e 7, 0, 33;
    %jmp/0xz  T_19.0, 4;
    %pushi/vec4 0, 0, 32;
    %store/vec4 v0x8bf0f7e80_0, 0, 32;
T_19.2 ; Top of for-loop
    %load/vec4 v0x8bf0f7e80_0;
    %cmpi/s 8, 0, 32;
	  %jmp/0xz T_19.3, 5;
    %load/vec4 v0x8bf1000a0_0;
    %pad/u 32;
    %muli 8, 0, 32;
    %load/vec4 v0x8bf0f7e80_0;
    %add;
    %cmpi/u 64, 0, 32;
    %flag_inv 5; GE is !LT
    %jmp/0xz  T_19.5, 5;
    %pushi/vec4 0, 0, 1;
    %ix/getv/s 4, v0x8bf0f7e80_0;
    %store/vec4 v0x8bf100280_0, 4, 1;
T_19.5 ;
T_19.4 ; for-loop step statement
    %load/vec4 v0x8bf0f7e80_0;
    %addi 1, 0, 32;
    %store/vec4 v0x8bf0f7e80_0, 0, 32;
    %jmp T_19.2;
T_19.3 ; for-loop exit label
T_19.0 ;
    %jmp T_19;
    .thread T_19, $push;
    .scope S_0x1015e8650;
T_20 ;
    %wait E_0x8be175440;
    %load/vec4 v0x8bf0f7020_0;
    %nor/r;
    %flag_set/vec4 8;
    %jmp/0xz  T_20.0, 8;
    %pushi/vec4 0, 0, 1;
    %assign/vec4 v0x8bf0f4be0_0, 0;
    %jmp T_20.1;
T_20.0 ;
    %load/vec4 v0x8bf0f55e0_0;
    %flag_set/vec4 8;
    %jmp/0xz  T_20.2, 8;
    %pushi/vec4 0, 0, 1;
    %assign/vec4 v0x8bf0f4be0_0, 0;
    %jmp T_20.3;
T_20.2 ;
    %load/vec4 v0x8bf0f5360_0;
    %nor/r;
    %flag_set/vec4 13;
    %flag_get/vec4 13;
    %jmp/0 T_20.10, 13;
    %load/vec4 v0x8bf0f4f00_0;
    %nor/r;
    %and;
T_20.10;
    %flag_set/vec4 12;
    %flag_get/vec4 12;
    %jmp/0 T_20.9, 12;
    %load/vec4 v0x8bf0f4780_0;
    %pushi/vec4 0, 0, 2;
    %cmp/e;
    %flag_get/vec4 4;
    %and;
T_20.9;
    %flag_set/vec4 11;
    %flag_get/vec4 11;
    %jmp/0 T_20.8, 11;
    %load/vec4 v0x8bf0f6c60_0;
    %and;
T_20.8;
    %flag_set/vec4 10;
    %flag_get/vec4 10;
    %jmp/0 T_20.7, 10;
    %load/vec4 v0x8bf1001e0_0;
    %pushi/vec4 0, 0, 3;
    %cmp/e;
    %flag_get/vec4 4;
    %and;
T_20.7;
    %flag_set/vec4 9;
    %flag_get/vec4 9;
    %jmp/0 T_20.6, 9;
    %load/vec4 v0x8bf0f5540_0;
    %and;
T_20.6;
    %flag_set/vec4 8;
    %jmp/0xz  T_20.4, 8;
    %pushi/vec4 1, 0, 1;
    %assign/vec4 v0x8bf0f4be0_0, 0;
T_20.4 ;
T_20.3 ;
T_20.1 ;
    %jmp T_20;
    .thread T_20;
    .scope S_0x8be07c000;
T_21 ;
    %vpi_call/w 3 64 "$readmemh", "similarity_lut.mem", v0x8bf1005a0 {0 0 0};
    %end;
    .thread T_21;
    .scope S_0x8be07c000;
T_22 ;
    %delay 5000, 0;
    %load/vec4 v0x8bf100960_0;
    %inv;
    %store/vec4 v0x8bf100960_0, 0, 1;
    %jmp T_22;
    .thread T_22;
    .scope S_0x8be07c000;
T_23 ;
    %wait E_0x8be175440;
    %load/vec4 v0x8bf101ae0_0;
    %nor/r;
    %flag_set/vec4 8;
    %jmp/0xz  T_23.0, 8;
    %pushi/vec4 0, 0, 1;
    %assign/vec4 v0x8bf1006e0_0, 0;
    %jmp T_23.1;
T_23.0 ;
    %load/vec4 v0x8bf101720_0;
    %flag_set/vec4 10;
    %flag_get/vec4 10;
    %jmp/0 T_23.5, 10;
    %load/vec4 v0x8bf1015e0_0;
    %and;
T_23.5;
    %flag_set/vec4 9;
    %flag_get/vec4 9;
    %jmp/0 T_23.4, 9;
    %load/vec4 v0x8bf101540_0;
    %and;
T_23.4;
    %flag_set/vec4 8;
    %jmp/0xz  T_23.2, 8;
    %pushi/vec4 1, 0, 1;
    %assign/vec4 v0x8bf1006e0_0, 0;
    %jmp T_23.3;
T_23.2 ;
    %load/vec4 v0x8bf101400_0;
    %flag_set/vec4 8;
    %jmp/0xz  T_23.6, 8;
    %pushi/vec4 0, 0, 1;
    %assign/vec4 v0x8bf1006e0_0, 0;
T_23.6 ;
T_23.3 ;
T_23.1 ;
    %jmp T_23;
    .thread T_23;
    .scope S_0x8be07c000;
T_24 ;
    %pushi/vec4 0, 0, 1;
    %store/vec4 v0x8bf100960_0, 0, 1;
    %pushi/vec4 0, 0, 1;
    %store/vec4 v0x8bf101ae0_0, 0, 1;
    %pushi/vec4 0, 0, 1;
    %store/vec4 v0x8bf101e00_0, 0, 1;
    %pushi/vec4 0, 0, 8;
    %store/vec4 v0x8bf101b80_0, 0, 8;
    %pushi/vec4 0, 0, 1;
    %store/vec4 v0x8bf101d60_0, 0, 1;
    %pushi/vec4 0, 0, 1;
    %store/vec4 v0x8bf101c20_0, 0, 1;
    %pushi/vec4 0, 0, 6;
    %store/vec4 v0x8bf100780_0, 0, 6;
    %pushi/vec4 0, 0, 1;
    %store/vec4 v0x8bf1006e0_0, 0, 1;
    %pushi/vec4 0, 0, 32;
    %store/vec4 v0x8bf100b40_0, 0, 32;
    %pushi/vec4 0, 0, 32;
    %store/vec4 v0x8bf101ea0_0, 0, 32;
    %pushi/vec4 0, 0, 32;
    %store/vec4 v0x8bf101860_0, 0, 32;
    %fork TD_tb_sbm_alg9_cosim.fill_img, S_0x8be180780;
    %join;
    %delay 100000, 0;
    %pushi/vec4 1, 0, 1;
    %store/vec4 v0x8bf101ae0_0, 0, 1;
    %fork TD_tb_sbm_alg9_cosim.send_frame, S_0x8be180900;
    %join;
    %fork t_1, S_0x8be180c00;
    %jmp t_0;
    .scope S_0x8be180c00;
t_1 ;
    %pushi/vec4 0, 0, 32;
    %store/vec4 v0x8bf100500_0, 0, 32;
T_24.0 ;
    %load/vec4 v0x8bf0f5680_0;
    %nor/r;
    %flag_set/vec4 9;
    %flag_get/vec4 9;
    %jmp/0 T_24.2, 9;
    %load/vec4 v0x8bf100500_0;
    %cmpi/s 2000000, 0, 32;
    %flag_get/vec4 5;
    %and;
T_24.2;
    %flag_set/vec4 8;
    %jmp/0xz T_24.1, 8;
    %wait E_0x8be175900;
    %load/vec4 v0x8bf100500_0;
    %addi 1, 0, 32;
    %store/vec4 v0x8bf100500_0, 0, 32;
    %jmp T_24.0;
T_24.1 ;
    %load/vec4 v0x8bf0f5680_0;
    %nor/r;
    %flag_set/vec4 8;
    %jmp/0xz  T_24.3, 8;
    %vpi_call/w 3 142 "$display", "WARNING: irq_done \346\234\252\347\275\256\344\275\215, wcnt=%0d", v0x8bf100500_0 {0 0 0};
T_24.3 ;
    %pushi/vec4 200, 0, 32;
T_24.5 %dup/vec4;
    %cmpi/s 0, 0, 32;
    %jmp/1xz T_24.6, 5;
    %jmp/1 T_24.6, 4;
    %subi 1, 0, 32;
    %wait E_0x8be175900;
    %jmp T_24.5;
T_24.6 ;
    %pop/vec4 1;
    %end;
    .scope S_0x8be07c000;
t_0 %join;
    %vpi_call/w 3 145 "$display", "AXI writes: tot=%0d err=%0d oob=%0d  expected=%0d", v0x8bf101ea0_0, v0x8bf100b40_0, v0x8bf101860_0, 160'sb0000000000000000000000000000000000000000000000000000000000000000000000000000000000000000000000000000000000000000000000000000000000000000001000000000000000000000 {0 0 0};
    %load/vec4 v0x8bf100b40_0;
    %cmpi/e 0, 0, 32;
    %flag_get/vec4 4;
    %jmp/0 T_24.10, 4;
    %load/vec4 v0x8bf101860_0;
    %pushi/vec4 0, 0, 32;
    %cmp/e;
    %flag_get/vec4 4;
    %and;
T_24.10;
    %flag_set/vec4 9;
    %flag_get/vec4 9;
    %jmp/0 T_24.9, 9;
    %load/vec4 v0x8bf101ea0_0;
    %pad/s 160;
    %pushi/vec4 2097152, 0, 160;
    %cmp/e;
    %flag_get/vec4 4;
    %and;
T_24.9;
    %flag_set/vec4 8;
    %jmp/0xz  T_24.7, 8;
    %vpi_call/w 3 147 "$display", "RESULT: PASS (alg9 F4 response-map layout matches alg11 readback)" {0 0 0};
    %jmp T_24.8;
T_24.7 ;
    %vpi_call/w 3 149 "$display", "RESULT: FAIL (alg9 F4, err=%0d oob=%0d tot=%0d exp=%0d)", v0x8bf100b40_0, v0x8bf101860_0, v0x8bf101ea0_0, 160'sb0000000000000000000000000000000000000000000000000000000000000000000000000000000000000000000000000000000000000000000000000000000000000000001000000000000000000000 {0 0 0};
T_24.8 ;
    %vpi_call/w 3 150 "$finish" {0 0 0};
    %end;
    .thread T_24;
    .scope S_0x8be07c000;
T_25 ;
    %wait E_0x8be175440;
    %load/vec4 v0x8bf101ae0_0;
    %nor/r;
    %flag_set/vec4 8;
    %jmp/0xz  T_25.0, 8;
    %pushi/vec4 0, 0, 6;
    %assign/vec4 v0x8bf100780_0, 0;
    %jmp T_25.1;
T_25.0 ;
    %load/vec4 v0x8bf101720_0;
    %flag_set/vec4 9;
    %flag_get/vec4 9;
    %jmp/0 T_25.4, 9;
    %load/vec4 v0x8bf1015e0_0;
    %and;
T_25.4;
    %flag_set/vec4 8;
    %jmp/0xz  T_25.2, 8;
    %load/vec4 v0x8bf101540_0;
    %flag_set/vec4 8;
    %jmp/0xz  T_25.5, 8;
    %pushi/vec4 0, 0, 6;
    %assign/vec4 v0x8bf100780_0, 0;
    %jmp T_25.6;
T_25.5 ;
    %load/vec4 v0x8bf100780_0;
    %addi 1, 0, 6;
    %assign/vec4 v0x8bf100780_0, 0;
T_25.6 ;
T_25.2 ;
T_25.1 ;
    %jmp T_25;
    .thread T_25;
    .scope S_0x8be07c000;
T_26 ;
    %wait E_0x8be175900;
    %load/vec4 v0x8bf101720_0;
    %flag_set/vec4 9;
    %flag_get/vec4 9;
    %jmp/0 T_26.2, 9;
    %load/vec4 v0x8bf1015e0_0;
    %and;
T_26.2;
    %flag_set/vec4 8;
    %jmp/0xz  T_26.0, 8;
    %load/vec4 v0x8bf100780_0;
    %cmpi/e 0, 0, 6;
    %flag_get/vec4 4;
    %jmp/0 T_26.5, 4;
    %load/vec4 v0x8bf100fa0_0;
    %parti/s 3, 0, 2;
    %cmpi/ne 0, 0, 3;
    %flag_get/vec4 6;
    %jmp/1 T_26.6, 6;
    %load/vec4 v0x8bf101220_0;
    %pushi/vec4 3, 0, 3;
    %cmp/ne;
    %flag_get/vec4 6;
    %or;
T_26.6;
    %and;
T_26.5;
    %flag_set/vec4 8;
    %jmp/0xz  T_26.3, 8;
    %vpi_call/w 3 166 "$display", "  AXI ALIGN ERR: awaddr=%08X awsize=%0d", v0x8bf100fa0_0, v0x8bf101220_0 {0 0 0};
    %load/vec4 v0x8bf100b40_0;
    %addi 1, 0, 32;
    %store/vec4 v0x8bf100b40_0, 0, 32;
T_26.3 ;
    %load/vec4 v0x8bf100fa0_0;
    %xor/r;
    %cmpi/e 1, 1, 1;
    %jmp/1 T_26.9, 6;
    %flag_mov 8, 6;
    %load/vec4 v0x8bf1014a0_0;
    %xor/r;
    %cmpi/e 1, 1, 1;
    %flag_or 6, 8;
T_26.9;
    %jmp/0xz  T_26.7, 6;
    %load/vec4 v0x8bf100b40_0;
    %addi 8, 0, 32;
    %store/vec4 v0x8bf100b40_0, 0, 32;
    %jmp T_26.8;
T_26.7 ;
    %pushi/vec4 0, 0, 32;
    %store/vec4 v0x8bf100dc0_0, 0, 32;
T_26.10 ; Top of for-loop
    %load/vec4 v0x8bf100dc0_0;
    %cmpi/s 8, 0, 32;
	  %jmp/0xz T_26.11, 5;
    %load/vec4 v0x8bf101680_0;
    %load/vec4 v0x8bf100dc0_0;
    %part/s 1;
    %nor/r;
    %flag_set/vec4 8;
    %jmp/0xz  T_26.13, 8;
    %jmp T_26.14;
T_26.13 ;
    %load/vec4 v0x8bf100fa0_0;
    %subi 134217728, 0, 32;
    %load/vec4 v0x8bf100780_0;
    %pad/u 32;
    %muli 8, 0, 32;
    %add;
    %load/vec4 v0x8bf100dc0_0;
    %add;
    %store/vec4 v0x8bf100a00_0, 0, 32;
    %load/vec4 v0x8bf100a00_0;
    %pad/s 64;
    %pushi/vec4 262144, 0, 64;
    %div/s;
    %pad/s 32;
    %store/vec4 v0x8bf101900_0, 0, 32;
    %load/vec4 v0x8bf100a00_0;
    %pad/s 64;
    %pushi/vec4 262144, 0, 64;
    %mod/s;
    %pad/s 32;
    %store/vec4 v0x8bf101a40_0, 0, 32;
    %load/vec4 v0x8bf101a40_0;
    %pad/s 64;
    %pushi/vec4 4096, 0, 64;
    %div/s;
    %pad/s 32;
    %store/vec4 v0x8bf100820_0, 0, 32;
    %load/vec4 v0x8bf101a40_0;
    %pad/s 64;
    %pushi/vec4 4096, 0, 64;
    %mod/s;
    %pad/s 32;
    %store/vec4 v0x8bf1019a0_0, 0, 32;
    %load/vec4 v0x8bf1019a0_0;
    %pushi/vec4 64, 0, 32;
    %div/s;
    %store/vec4 v0x8bf1008c0_0, 0, 32;
    %load/vec4 v0x8bf100780_0;
    %pad/u 32;
    %muli 8, 0, 32;
    %load/vec4 v0x8bf100dc0_0;
    %add;
    %store/vec4 v0x8bf100aa0_0, 0, 32;
    %load/vec4 v0x8bf1008c0_0;
    %muli 8, 0, 32;
    %load/vec4 v0x8bf100820_0;
    %pushi/vec4 8, 0, 32;
    %div/s;
    %add;
    %store/vec4 v0x8bf101fe0_0, 0, 32;
    %load/vec4 v0x8bf100aa0_0;
    %muli 8, 0, 32;
    %load/vec4 v0x8bf100820_0;
    %pushi/vec4 8, 0, 32;
    %mod/s;
    %add;
    %store/vec4 v0x8bf101f40_0, 0, 32;
    %load/vec4 v0x8bf101fe0_0;
    %pad/s 45;
    %pad/s 57;
    %muli 4096, 0, 57;
    %pad/s 58;
    %load/vec4 v0x8bf101f40_0;
    %pad/s 58;
    %add;
    %ix/vec4/s 4;
    %load/vec4a v0x8bf100c80, 4;
    %parti/s 4, 0, 2;
    %pad/u 32;
    %store/vec4 v0x8bf100f00_0, 0, 32;
    %load/vec4 v0x8bf101fe0_0;
    %pad/s 45;
    %pad/s 57;
    %muli 4096, 0, 57;
    %pad/s 58;
    %load/vec4 v0x8bf101f40_0;
    %pad/s 58;
    %add;
    %ix/vec4/s 4;
    %load/vec4a v0x8bf100c80, 4;
    %parti/s 4, 4, 4;
    %pad/u 32;
    %store/vec4 v0x8bf1017c0_0, 0, 32;
    %load/vec4 v0x8bf101900_0;
    %muli 32, 0, 32;
    %addi 16, 0, 32;
    %load/vec4 v0x8bf1017c0_0;
    %add;
    %ix/vec4/s 4;
    %load/vec4a v0x8bf1005a0, 4;
    %load/vec4 v0x8bf101900_0;
    %muli 32, 0, 32;
    %load/vec4 v0x8bf100f00_0;
    %add;
    %ix/vec4/s 4;
    %load/vec4a v0x8bf1005a0, 4;
    %cmp/u;
    %flag_mov 8, 5;
    %jmp/0 T_26.15, 8;
    %load/vec4 v0x8bf101900_0;
    %muli 32, 0, 32;
    %load/vec4 v0x8bf100f00_0;
    %add;
    %ix/vec4/s 4;
    %load/vec4a v0x8bf1005a0, 4;
    %pad/u 32;
    %jmp/1 T_26.16, 8;
T_26.15 ; End of true expr.
    %load/vec4 v0x8bf101900_0;
    %muli 32, 0, 32;
    %addi 16, 0, 32;
    %load/vec4 v0x8bf1017c0_0;
    %add;
    %ix/vec4/s 4;
    %load/vec4a v0x8bf1005a0, 4;
    %pad/u 32;
    %jmp/0 T_26.16, 8;
 ; End of false expr.
    %blend;
T_26.16;
    %store/vec4 v0x8bf100be0_0, 0, 32;
    %load/vec4 v0x8bf1014a0_0;
    %load/vec4 v0x8bf100dc0_0;
    %muli 8, 0, 32;
    %part/s 8;
    %pad/u 32;
    %store/vec4 v0x8bf100640_0, 0, 32;
    %load/vec4 v0x8bf101ea0_0;
    %addi 1, 0, 32;
    %store/vec4 v0x8bf101ea0_0, 0, 32;
    %load/vec4 v0x8bf101900_0;
    %cmpi/s 7, 0, 32;
    %flag_or 5, 4; GT is !LE
    %flag_inv 5;
    %jmp/1 T_26.22, 5;
    %flag_mov 8, 5;
    %load/vec4 v0x8bf100820_0;
    %cmpi/s 63, 0, 32;
    %flag_or 5, 4; GT is !LE
    %flag_inv 5;
    %flag_or 5, 8;
T_26.22;
    %jmp/1 T_26.21, 5;
    %flag_mov 8, 5;
    %load/vec4 v0x8bf1008c0_0;
    %cmpi/s 63, 0, 32;
    %flag_or 5, 4; GT is !LE
    %flag_inv 5;
    %flag_or 5, 8;
T_26.21;
    %jmp/1 T_26.20, 5;
    %flag_mov 8, 5;
    %load/vec4 v0x8bf100aa0_0;
    %cmpi/s 63, 0, 32;
    %flag_or 5, 4; GT is !LE
    %flag_inv 5;
    %flag_or 5, 8;
T_26.20;
    %jmp/1 T_26.19, 5;
    %flag_mov 8, 5;
    %load/vec4 v0x8bf100fa0_0;
    %cmpi/u 134217728, 0, 32;
    %flag_or 5, 8;
T_26.19;
    %jmp/0xz  T_26.17, 5;
    %load/vec4 v0x8bf101860_0;
    %addi 1, 0, 32;
    %store/vec4 v0x8bf101860_0, 0, 32;
    %jmp T_26.18;
T_26.17 ;
    %load/vec4 v0x8bf100be0_0;
    %load/vec4 v0x8bf100640_0;
    %cmp/ne;
    %jmp/0xz  T_26.23, 4;
    %load/vec4 v0x8bf100b40_0;
    %cmpi/s 12, 0, 32;
    %jmp/0xz  T_26.25, 5;
    %vpi_call/w 3 193 "$display", "  ERR cell=%0d ori=%0d blk=%0d bnd=%0d cx=%0d (y=%0d,x=%0d) exp=%02X act=%02X", v0x8bf100a00_0, v0x8bf101900_0, v0x8bf100820_0, v0x8bf1008c0_0, v0x8bf100aa0_0, v0x8bf101fe0_0, v0x8bf101f40_0, v0x8bf100be0_0, v0x8bf100640_0 {0 0 0};
T_26.25 ;
    %load/vec4 v0x8bf100b40_0;
    %addi 1, 0, 32;
    %store/vec4 v0x8bf100b40_0, 0, 32;
T_26.23 ;
T_26.18 ;
T_26.14 ;
T_26.12 ; for-loop step statement
    %load/vec4 v0x8bf100dc0_0;
    %addi 1, 0, 32;
    %store/vec4 v0x8bf100dc0_0, 0, 32;
    %jmp T_26.10;
T_26.11 ; for-loop exit label
T_26.8 ;
T_26.0 ;
    %jmp T_26;
    .thread T_26;
# The file index is used to find the file name in the following table.
:file_names 6;
    "N/A";
    "<interactive>";
    "-";
    "tb_sbm_alg9_cosim.v";
    "sbm_alg9_lut.v";
    "xpm_memory_sdpram_beh.v";
