#! /opt/homebrew/Cellar/icarus-verilog/13.0/bin/vvp
:ivl_version "13.0 (stable)" "(v13_0)";
:ivl_delay_selection "TYPICAL";
:vpi_time_precision - 12;
:vpi_module "/opt/homebrew/Cellar/icarus-verilog/13.0/lib/ivl/system.vpi";
:vpi_module "/opt/homebrew/Cellar/icarus-verilog/13.0/lib/ivl/vhdl_sys.vpi";
:vpi_module "/opt/homebrew/Cellar/icarus-verilog/13.0/lib/ivl/vhdl_textio.vpi";
:vpi_module "/opt/homebrew/Cellar/icarus-verilog/13.0/lib/ivl/v2005_math.vpi";
:vpi_module "/opt/homebrew/Cellar/icarus-verilog/13.0/lib/ivl/va_math.vpi";
:vpi_module "/opt/homebrew/Cellar/icarus-verilog/13.0/lib/ivl/v2009.vpi";
S_0x10119f300 .scope package, "$unit" "$unit" 2 1;
 .timescale 0 0;
S_0x10119f480 .scope module, "tb_sbm_alg1_gaussian" "tb_sbm_alg1_gaussian" 3 44;
 .timescale -9 -12;
P_0x1011a4d80 .param/l "IMG_H" 0 3 47, +C4<0000000000000000000000000000000000000000000000000000000000000000000000000000000000000000000000000000000000000000000000000010000000>;
P_0x1011a4dc0 .param/l "IMG_W" 0 3 46, +C4<0000000000000000000000000000000000000000000000000000000000000000000000000000000000000000000000000000000000000000000000000010000000>;
P_0x1011a4e00 .param/l "NFRAMES" 0 3 48, +C4<00000000000000000000000000000010>;
P_0x1011a4e40 .param/l "NPX" 1 3 49, +C4<00000000000000000000000000000000000000000000000000000000000000000000000000000000000000000000000000000000000000000000000000000000000000000000000000000000000000000000000000000000000000000000000000000000000000000000000000000000000000000000000000000100000000000000>;
v0x903126800 .array/i "KT", 6 0, 31 0;
v0x9031268a0_0 .var "clk", 0 0;
v0x903126940_0 .var/i "err", 31 0;
v0x9031269e0_0 .var/i "gold", 31 0;
v0x903126a80 .array "img", 32767 0, 7 0;
v0x903126b20_0 .var/i "k", 31 0;
v0x903126bc0_0 .var "lcg_state", 31 0;
v0x903126c60_0 .var "lv", 31 0;
v0x903126d00_0 .net "m_axis_tdata", 7 0, L_0x9030cd260;  1 drivers
v0x903126da0_0 .net "m_axis_tlast", 0 0, L_0x902d14700;  1 drivers
v0x903126e40_0 .net "m_axis_tuser", 0 0, L_0x902d14690;  1 drivers
v0x903126ee0_0 .net "m_axis_tvalid", 0 0, L_0x9030cd1f0;  1 drivers
v0x903126f80_0 .var/i "m_col", 31 0;
v0x903127020_0 .var/i "m_frame", 31 0;
v0x9031270c0_0 .var/i "m_row", 31 0;
v0x903127160_0 .var "rst_n", 0 0;
v0x903127200_0 .var "s_axis_tdata", 7 0;
v0x9031272a0_0 .var "s_axis_tlast", 0 0;
v0x903127340_0 .net "s_axis_tready", 0 0, L_0x902d145b0;  1 drivers
v0x9031273e0_0 .var "s_axis_tuser", 0 0;
v0x903127480_0 .var "s_axis_tvalid", 0 0;
v0x903127520_0 .var/i "stall_seen", 31 0;
v0x9031275c0_0 .var/i "total", 31 0;
S_0x1011994e0 .scope function.vec4.u32, "clampi" "clampi" 3 100, 3 100 0, S_0x10119f480;
 .timescale -9 -12;
; Variable clampi is vec4 return value of scope S_0x1011994e0
v0x9030d08c0_0 .var/i "hi", 31 0;
v0x9030d0960_0 .var/i "lo", 31 0;
v0x9030d0a00_0 .var/i "v", 31 0;
TD_tb_sbm_alg1_gaussian.clampi ;
    %load/vec4 v0x9030d0a00_0;
    %load/vec4 v0x9030d0960_0;
    %cmp/s;
    %jmp/0xz  T_0.0, 5;
    %load/vec4 v0x9030d0960_0;
    %ret/vec4 0, 0, 32;  Assign to clampi (store_vec4_to_lval)
    %jmp T_0.1;
T_0.0 ;
    %load/vec4 v0x9030d08c0_0;
    %load/vec4 v0x9030d0a00_0;
    %cmp/s;
    %jmp/0xz  T_0.2, 5;
    %load/vec4 v0x9030d08c0_0;
    %ret/vec4 0, 0, 32;  Assign to clampi (store_vec4_to_lval)
    %jmp T_0.3;
T_0.2 ;
    %load/vec4 v0x9030d0a00_0;
    %ret/vec4 0, 0, 32;  Assign to clampi (store_vec4_to_lval)
T_0.3 ;
T_0.1 ;
    %end;
S_0x101199660 .scope function.vec4.u32, "gg" "gg" 3 127, 3 127 0, S_0x10119f480;
 .timescale -9 -12;
v0x9030d0280_0 .var/i "c", 31 0;
v0x9030d0320_0 .var/i "f", 31 0;
; Variable gg is vec4 return value of scope S_0x101199660
v0x9030d0460_0 .var/i "kk", 31 0;
v0x9030d0500_0 .var/i "r", 31 0;
v0x9030d0aa0_0 .var/i "rr", 31 0;
v0x9030d0b40_0 .var/i "s", 31 0;
TD_tb_sbm_alg1_gaussian.gg ;
    %pushi/vec4 0, 0, 32;
    %store/vec4 v0x9030d0b40_0, 0, 32;
    %pushi/vec4 4294967293, 0, 32;
    %store/vec4 v0x9030d0460_0, 0, 32;
T_1.4 ; Top of for-loop
    %load/vec4 v0x9030d0460_0;
    %cmpi/s 3, 0, 32;
    %flag_or 5, 4;
	  %jmp/0xz T_1.5, 5;
    %load/vec4 v0x9030d0500_0;
    %load/vec4 v0x9030d0460_0;
    %add;
    %pushi/vec4 0, 0, 32;
    %pushi/vec4 127, 0, 32;
    %store/vec4 v0x9030d08c0_0, 0, 32;
    %store/vec4 v0x9030d0960_0, 0, 32;
    %store/vec4 v0x9030d0a00_0, 0, 32;
    %callf/vec4 TD_tb_sbm_alg1_gaussian.clampi, S_0x1011994e0;
    %store/vec4 v0x9030d0aa0_0, 0, 32;
    %load/vec4 v0x9030d0b40_0;
    %load/vec4 v0x9030d0460_0;
    %addi 3, 0, 32;
    %ix/vec4/s 4;
    %load/vec4a v0x903126800, 4;
    %load/vec4 v0x9030d0320_0;
    %load/vec4 v0x9030d0aa0_0;
    %load/vec4 v0x9030d0280_0;
    %store/vec4 v0x9030d0be0_0, 0, 32;
    %store/vec4 v0x9030d0f00_0, 0, 32;
    %store/vec4 v0x9030d0d20_0, 0, 32;
    %callf/vec4 TD_tb_sbm_alg1_gaussian.gh, S_0x10119e6d0;
    %mul;
    %add;
    %store/vec4 v0x9030d0b40_0, 0, 32;
T_1.6 ; for-loop step statement
    %load/vec4 v0x9030d0460_0;
    %addi 1, 0, 32;
    %store/vec4 v0x9030d0460_0, 0, 32;
    %jmp T_1.4;
T_1.5 ; for-loop exit label
    %load/vec4 v0x9030d0b40_0;
    %addi 32, 0, 32;
    %pushi/vec4 64, 0, 32;
    %div/s;
    %ret/vec4 0, 0, 32;  Assign to gg (store_vec4_to_lval)
    %end;
S_0x10119e6d0 .scope function.vec4.u32, "gh" "gh" 3 113, 3 113 0, S_0x10119f480;
 .timescale -9 -12;
v0x9030d0be0_0 .var/i "c", 31 0;
v0x9030d0c80_0 .var/i "cc", 31 0;
v0x9030d0d20_0 .var/i "f", 31 0;
; Variable gh is vec4 return value of scope S_0x10119e6d0
v0x9030d0e60_0 .var/i "kk", 31 0;
v0x9030d0f00_0 .var/i "r", 31 0;
v0x9030d0fa0_0 .var/i "s", 31 0;
TD_tb_sbm_alg1_gaussian.gh ;
    %pushi/vec4 0, 0, 32;
    %store/vec4 v0x9030d0fa0_0, 0, 32;
    %pushi/vec4 4294967293, 0, 32;
    %store/vec4 v0x9030d0e60_0, 0, 32;
T_2.7 ; Top of for-loop
    %load/vec4 v0x9030d0e60_0;
    %cmpi/s 3, 0, 32;
    %flag_or 5, 4;
	  %jmp/0xz T_2.8, 5;
    %load/vec4 v0x9030d0be0_0;
    %load/vec4 v0x9030d0e60_0;
    %add;
    %pushi/vec4 0, 0, 32;
    %pushi/vec4 127, 0, 32;
    %store/vec4 v0x9030d08c0_0, 0, 32;
    %store/vec4 v0x9030d0960_0, 0, 32;
    %store/vec4 v0x9030d0a00_0, 0, 32;
    %callf/vec4 TD_tb_sbm_alg1_gaussian.clampi, S_0x1011994e0;
    %store/vec4 v0x9030d0c80_0, 0, 32;
    %load/vec4 v0x9030d0fa0_0;
    %load/vec4 v0x9030d0e60_0;
    %addi 3, 0, 32;
    %ix/vec4/s 4;
    %load/vec4a v0x903126800, 4;
    %load/vec4 v0x9030d0d20_0;
    %load/vec4 v0x9030d0f00_0;
    %load/vec4 v0x9030d0c80_0;
    %store/vec4 v0x9030d10e0_0, 0, 32;
    %store/vec4 v0x9030d12c0_0, 0, 32;
    %store/vec4 v0x9030d1180_0, 0, 32;
    %callf/vec4 TD_tb_sbm_alg1_gaussian.pidx, S_0x10119d8c0;
    %ix/vec4/s 4;
    %load/vec4a v0x903126a80, 4;
    %pad/u 32;
    %mul;
    %add;
    %store/vec4 v0x9030d0fa0_0, 0, 32;
T_2.9 ; for-loop step statement
    %load/vec4 v0x9030d0e60_0;
    %addi 1, 0, 32;
    %store/vec4 v0x9030d0e60_0, 0, 32;
    %jmp T_2.7;
T_2.8 ; for-loop exit label
    %load/vec4 v0x9030d0fa0_0;
    %addi 32, 0, 32;
    %pushi/vec4 64, 0, 32;
    %div/s;
    %ret/vec4 0, 0, 32;  Assign to gh (store_vec4_to_lval)
    %end;
S_0x10119e850 .scope function.vec4.s32, "lcg_next" "lcg_next" 3 77, 3 77 0, S_0x10119f480;
 .timescale -9 -12;
; Variable lcg_next is vec4 return value of scope S_0x10119e850
TD_tb_sbm_alg1_gaussian.lcg_next ;
    %load/vec4 v0x903126bc0_0;
    %muli 1664525, 0, 32;
    %addi 1013904223, 0, 32;
    %store/vec4 v0x903126bc0_0, 0, 32;
    %load/vec4 v0x903126bc0_0;
    %ret/vec4 0, 0, 32;  Assign to lcg_next (store_vec4_to_lval)
    %end;
S_0x10119d8c0 .scope function.vec4.u32, "pidx" "pidx" 3 108, 3 108 0, S_0x10119f480;
 .timescale -9 -12;
v0x9030d10e0_0 .var/i "c", 31 0;
v0x9030d1180_0 .var/i "f", 31 0;
; Variable pidx is vec4 return value of scope S_0x10119d8c0
v0x9030d12c0_0 .var/i "r", 31 0;
TD_tb_sbm_alg1_gaussian.pidx ;
    %load/vec4 v0x9030d1180_0;
    %pad/s 130;
    %muli 128, 0, 130;
    %load/vec4 v0x9030d12c0_0;
    %pad/s 130;
    %add;
    %muli 128, 0, 130;
    %load/vec4 v0x9030d10e0_0;
    %pad/s 130;
    %add;
    %pad/s 32;
    %ret/vec4 0, 0, 32;  Assign to pidx (store_vec4_to_lval)
    %end;
S_0x10119da40 .scope task, "send_frame" "send_frame" 3 141, 3 141 0, S_0x10119f480;
 .timescale -9 -12;
v0x9030d1360_0 .var/i "c", 31 0;
v0x9030d1400_0 .var/i "d", 31 0;
v0x9030d14a0_0 .var/i "f", 31 0;
v0x9030d1540_0 .var/i "gaps", 31 0;
v0x9030d15e0_0 .var/i "r", 31 0;
E_0x902cd8540 .event posedge, v0x9031101e0_0;
TD_tb_sbm_alg1_gaussian.send_frame ;
    %pushi/vec4 0, 0, 32;
    %store/vec4 v0x9030d15e0_0, 0, 32;
T_5.10 ; Top of for-loop
    %load/vec4 v0x9030d15e0_0;
    %pad/s 130;
    %cmpi/s 128, 0, 130;
	  %jmp/0xz T_5.11, 5;
    %pushi/vec4 0, 0, 32;
    %store/vec4 v0x9030d1360_0, 0, 32;
T_5.13 ; Top of for-loop
    %load/vec4 v0x9030d1360_0;
    %pad/s 130;
    %cmpi/s 128, 0, 130;
	  %jmp/0xz T_5.14, 5;
    %load/vec4 v0x9030d1540_0;
    %cmpi/ne 0, 0, 32;
    %jmp/0xz  T_5.16, 4;
    %callf/vec4 TD_tb_sbm_alg1_gaussian.lcg_next, S_0x10119e850;
    %pushi/vec4 4, 0, 32;
    %mod;
    %store/vec4 v0x9030d1400_0, 0, 32;
    %pushi/vec4 0, 0, 1;
    %assign/vec4 v0x903127480_0, 0;
    %load/vec4 v0x9030d1400_0;
T_5.18 %dup/vec4;
    %cmpi/s 0, 0, 32;
    %jmp/1xz T_5.19, 5;
    %jmp/1 T_5.19, 4;
    %subi 1, 0, 32;
    %wait E_0x902cd8540;
    %jmp T_5.18;
T_5.19 ;
    %pop/vec4 1;
T_5.16 ;
    %load/vec4 v0x9030d14a0_0;
    %load/vec4 v0x9030d15e0_0;
    %load/vec4 v0x9030d1360_0;
    %store/vec4 v0x9030d10e0_0, 0, 32;
    %store/vec4 v0x9030d12c0_0, 0, 32;
    %store/vec4 v0x9030d1180_0, 0, 32;
    %callf/vec4 TD_tb_sbm_alg1_gaussian.pidx, S_0x10119d8c0;
    %ix/vec4/s 4;
    %load/vec4a v0x903126a80, 4;
    %assign/vec4 v0x903127200_0, 0;
    %load/vec4 v0x9030d15e0_0;
    %cmpi/e 0, 0, 32;
    %flag_get/vec4 4;
    %jmp/0 T_5.20, 4;
    %load/vec4 v0x9030d1360_0;
    %pushi/vec4 0, 0, 32;
    %cmp/e;
    %flag_get/vec4 4;
    %and;
T_5.20;
    %assign/vec4 v0x9031273e0_0, 0;
    %load/vec4 v0x9030d1360_0;
    %pad/s 130;
    %pushi/vec4 127, 0, 130;
    %cmp/e;
    %flag_get/vec4 4;
    %assign/vec4 v0x9031272a0_0, 0;
    %pushi/vec4 1, 0, 1;
    %assign/vec4 v0x903127480_0, 0;
T_5.21 ;
    %wait E_0x902cd8540;
T_5.22 ;
    %load/vec4 v0x903127340_0;
    %nor/r;
    %flag_set/vec4 8;
    %jmp/1 T_5.21, 8;
T_5.23 ;
T_5.15 ; for-loop step statement
    %load/vec4 v0x9030d1360_0;
    %addi 1, 0, 32;
    %store/vec4 v0x9030d1360_0, 0, 32;
    %jmp T_5.13;
T_5.14 ; for-loop exit label
T_5.12 ; for-loop step statement
    %load/vec4 v0x9030d15e0_0;
    %addi 1, 0, 32;
    %store/vec4 v0x9030d15e0_0, 0, 32;
    %jmp T_5.10;
T_5.11 ; for-loop exit label
    %pushi/vec4 0, 0, 1;
    %assign/vec4 v0x903127480_0, 0;
    %pushi/vec4 0, 0, 1;
    %assign/vec4 v0x9031273e0_0, 0;
    %pushi/vec4 0, 0, 1;
    %assign/vec4 v0x9031272a0_0, 0;
    %end;
S_0x101190610 .scope module, "u_dut" "sbm_alg1_gaussian" 3 62, 4 23 0, S_0x10119f480;
 .timescale -9 -12;
    .port_info 0 /INPUT 1 "clk";
    .port_info 1 /INPUT 1 "rst_n";
    .port_info 2 /INPUT 1 "s_axis_tvalid";
    .port_info 3 /OUTPUT 1 "s_axis_tready";
    .port_info 4 /INPUT 8 "s_axis_tdata";
    .port_info 5 /INPUT 1 "s_axis_tuser";
    .port_info 6 /INPUT 1 "s_axis_tlast";
    .port_info 7 /OUTPUT 1 "m_axis_tvalid";
    .port_info 8 /INPUT 1 "m_axis_tready";
    .port_info 9 /OUTPUT 8 "m_axis_tdata";
    .port_info 10 /OUTPUT 1 "m_axis_tuser";
    .port_info 11 /OUTPUT 1 "m_axis_tlast";
P_0x902c84000 .param/l "IMG_H" 0 4 25, +C4<0000000000000000000000000000000000000000000000000000000000000000000000000000000000000000000000000000000000000000000000000010000000>;
P_0x902c84040 .param/l "IMG_W" 0 4 24, +C4<0000000000000000000000000000000000000000000000000000000000000000000000000000000000000000000000000000000000000000000000000010000000>;
L_0x902c227d0 .functor AND 1, v0x903127480_0, L_0x902d145b0, C4<1>, C4<1>;
L_0x902c22840 .functor AND 1, L_0x902c227d0, L_0x902c93de0, C4<1>, C4<1>;
L_0x902d14540 .functor NOT 1, v0x9031257c0_0, C4<0>, C4<0>, C4<0>;
L_0x902d145b0 .functor AND 1, L_0x902d14540, L_0x902c93ac0, C4<1>, C4<1>;
L_0x9030cd1f0 .functor BUFZ 1, L_0x902d144d0, C4<0>, C4<0>, C4<0>;
L_0x9030cd260 .functor BUFZ 8, L_0x903130460, C4<00000000>, C4<00000000>, C4<00000000>;
L_0x902d14620 .functor AND 1, L_0x902d144d0, L_0x902cde800, C4<1>, C4<1>;
L_0x902d14690 .functor AND 1, L_0x902d14620, L_0x902cde8a0, C4<1>, C4<1>;
L_0x902d14700 .functor AND 1, L_0x902d144d0, L_0x902cde940, C4<1>, C4<1>;
L_0x90287a848 .functor BUFT 1, C4<0000000000000>, C4<0>, C4<0>, C4<0>;
v0x903125040_0 .net/2u *"_ivl_16", 12 0, L_0x90287a848;  1 drivers
v0x9031250e0_0 .net *"_ivl_18", 0 0, L_0x902cde800;  1 drivers
L_0x902878010 .functor BUFT 1, C4<0000000000000>, C4<0>, C4<0>, C4<0>;
v0x903125180_0 .net/2u *"_ivl_2", 12 0, L_0x902878010;  1 drivers
v0x903125220_0 .net *"_ivl_21", 0 0, L_0x902d14620;  1 drivers
L_0x90287a890 .functor BUFT 1, C4<0000000000000>, C4<0>, C4<0>, C4<0>;
v0x9031252c0_0 .net/2u *"_ivl_22", 12 0, L_0x90287a890;  1 drivers
v0x903125360_0 .net *"_ivl_24", 0 0, L_0x902cde8a0;  1 drivers
v0x903125400_0 .net *"_ivl_28", 129 0, L_0x9031345a0;  1 drivers
L_0x90287a8d8 .functor BUFT 1, C4<000000000000000000000000000000000000000000000000000000000000000000000000000000000000000000000000000000000000000000000>, C4<0>, C4<0>, C4<0>;
v0x9031254a0_0 .net *"_ivl_31", 116 0, L_0x90287a8d8;  1 drivers
L_0x90287a920 .functor BUFT 1, C4<0000000000000000000000000000000000000000000000000000000000000000000000000000000000000000000000000000000000000000000000000001111111>, C4<0>, C4<0>, C4<0>;
v0x903125540_0 .net/2u *"_ivl_32", 129 0, L_0x90287a920;  1 drivers
v0x9031255e0_0 .net *"_ivl_34", 0 0, L_0x902cde940;  1 drivers
v0x903125680_0 .net *"_ivl_4", 0 0, L_0x902c93de0;  1 drivers
v0x903125720_0 .net *"_ivl_8", 0 0, L_0x902d14540;  1 drivers
v0x9031257c0_0 .var "busy_flush", 0 0;
v0x903125860_0 .net "clk", 0 0, v0x9031268a0_0;  1 drivers
v0x903125900_0 .var "frame_last_row", 0 0;
v0x9031259a0_0 .net "h_data_out", 7 0, L_0x903127ac0;  1 drivers
v0x903125a40_0 .net "h_ready", 0 0, L_0x902c93ac0;  1 drivers
v0x903125ae0_0 .net "h_row_start", 0 0, L_0x902c22ae0;  1 drivers
v0x903125b80_0 .net "h_valid_out", 0 0, L_0x902c22a70;  1 drivers
v0x903125c20_0 .net "m_axis_tdata", 7 0, L_0x9030cd260;  alias, 1 drivers
v0x903125cc0_0 .net "m_axis_tlast", 0 0, L_0x902d14700;  alias, 1 drivers
L_0x90287a968 .functor BUFT 1, C4<1>, C4<0>, C4<0>, C4<0>;
v0x903125d60_0 .net "m_axis_tready", 0 0, L_0x90287a968;  1 drivers
v0x903125e00_0 .net "m_axis_tuser", 0 0, L_0x902d14690;  alias, 1 drivers
v0x903125ea0_0 .net "m_axis_tvalid", 0 0, L_0x9030cd1f0;  alias, 1 drivers
v0x903125f40_0 .var "out_pix", 12 0;
v0x903125fe0_0 .var "out_row", 12 0;
v0x903126080_0 .var "pix_cnt", 12 0;
v0x903126120_0 .var "row_cnt", 12 0;
v0x9031261c0_0 .net "rst_n", 0 0, v0x903127160_0;  1 drivers
v0x903126260_0 .net "s_axis_tdata", 7 0, v0x903127200_0;  1 drivers
v0x903126300_0 .net "s_axis_tlast", 0 0, v0x9031272a0_0;  1 drivers
v0x9031263a0_0 .net "s_axis_tready", 0 0, L_0x902d145b0;  alias, 1 drivers
v0x903126440_0 .net "s_axis_tuser", 0 0, v0x9031273e0_0;  1 drivers
v0x9031264e0_0 .net "s_axis_tvalid", 0 0, v0x903127480_0;  1 drivers
v0x903126580_0 .net "v_data_out", 7 0, L_0x903130460;  1 drivers
v0x903126620_0 .net "v_valid_out", 0 0, L_0x902d144d0;  1 drivers
v0x9031266c0_0 .net "w_consume", 0 0, L_0x902c227d0;  1 drivers
v0x903126760_0 .net "w_row_start", 0 0, L_0x902c22840;  1 drivers
L_0x902c93de0 .cmp/eq 13, v0x903126080_0, L_0x902878010;
L_0x902cde800 .cmp/eq 13, v0x903125fe0_0, L_0x90287a848;
L_0x902cde8a0 .cmp/eq 13, v0x903125f40_0, L_0x90287a890;
L_0x9031345a0 .concat [ 13 117 0 0], v0x903125f40_0, L_0x90287a8d8;
L_0x902cde940 .cmp/eq 130, L_0x9031345a0, L_0x90287a920;
S_0x1011a65b0 .scope module, "u_h" "sbm_gauss_h" 4 94, 5 32 0, S_0x101190610;
 .timescale -9 -12;
    .port_info 0 /INPUT 1 "clk";
    .port_info 1 /INPUT 1 "rst_n";
    .port_info 2 /INPUT 1 "i_valid";
    .port_info 3 /INPUT 1 "i_row_start";
    .port_info 4 /INPUT 8 "i_data";
    .port_info 5 /OUTPUT 1 "o_ready";
    .port_info 6 /OUTPUT 1 "o_valid";
    .port_info 7 /OUTPUT 1 "o_row_start";
    .port_info 8 /OUTPUT 8 "o_data";
P_0x902c07fc0 .param/l "IMG_W" 0 5 33, +C4<0000000000000000000000000000000000000000000000000000000000000000000000000000000000000000000000000000000000000000000000000010000000>;
L_0x902c228b0 .functor AND 1, L_0x902c93e80, L_0x902c93f20, C4<1>, C4<1>;
L_0x902c22920 .functor AND 1, L_0x902c227d0, L_0x902c93ac0, C4<1>, C4<1>;
L_0x902c22990 .functor OR 1, L_0x902c22920, L_0x902c93b60, C4<0>, C4<0>;
L_0x902c22a00 .functor AND 1, v0x903110be0_0, L_0x902c91400, C4<1>, C4<1>;
L_0x902c22a70 .functor AND 1, L_0x902c22a00, L_0x902c91180, C4<1>, C4<1>;
L_0x902c22ae0 .functor AND 1, L_0x902c22a70, L_0x902c91220, C4<1>, C4<1>;
L_0x902878058 .functor BUFT 1, C4<0000000000000>, C4<0>, C4<0>, C4<0>;
v0x9030d1680_0 .net/2u *"_ivl_0", 12 0, L_0x902878058;  1 drivers
L_0x9028780e8 .functor BUFT 1, C4<00>, C4<0>, C4<0>, C4<0>;
v0x9030d1720_0 .net/2u *"_ivl_10", 1 0, L_0x9028780e8;  1 drivers
v0x9030d17c0_0 .net *"_ivl_100", 13 0, L_0x9030b63a0;  1 drivers
L_0x902878568 .functor BUFT 1, C4<0000>, C4<0>, C4<0>, C4<0>;
v0x9030d1860_0 .net *"_ivl_103", 3 0, L_0x902878568;  1 drivers
v0x9030d1900_0 .net *"_ivl_104", 13 0, L_0x9030b6440;  1 drivers
v0x9030d19a0_0 .net *"_ivl_106", 12 0, L_0x903127840;  1 drivers
L_0x9028785b0 .functor BUFT 1, C4<0>, C4<0>, C4<0>, C4<0>;
v0x9030d1a40_0 .net *"_ivl_108", 0 0, L_0x9028785b0;  1 drivers
v0x9030d1ae0_0 .net *"_ivl_113", 13 0, L_0x9030b64e0;  1 drivers
L_0x9028785f8 .functor BUFT 1, C4<000000>, C4<0>, C4<0>, C4<0>;
v0x9030d1b80_0 .net *"_ivl_116", 5 0, L_0x9028785f8;  1 drivers
v0x9030d1c20_0 .net *"_ivl_117", 13 0, L_0x9030b6580;  1 drivers
v0x9030d1cc0_0 .net *"_ivl_119", 9 0, L_0x9031278e0;  1 drivers
L_0x902878640 .functor BUFT 1, C4<0000>, C4<0>, C4<0>, C4<0>;
v0x9030d1d60_0 .net *"_ivl_121", 3 0, L_0x902878640;  1 drivers
v0x9030d1e00_0 .net *"_ivl_124", 13 0, L_0x9030b6620;  1 drivers
L_0x902878688 .functor BUFT 1, C4<000000>, C4<0>, C4<0>, C4<0>;
v0x9030d1ea0_0 .net *"_ivl_127", 5 0, L_0x902878688;  1 drivers
v0x9030d1f40_0 .net *"_ivl_128", 13 0, L_0x9030b66c0;  1 drivers
v0x9030d1fe0_0 .net *"_ivl_130", 12 0, L_0x903127980;  1 drivers
L_0x9028786d0 .functor BUFT 1, C4<0>, C4<0>, C4<0>, C4<0>;
v0x9030d2080_0 .net *"_ivl_132", 0 0, L_0x9028786d0;  1 drivers
v0x9030d2120_0 .net *"_ivl_136", 13 0, L_0x9030b6760;  1 drivers
L_0x902878718 .functor BUFT 1, C4<000>, C4<0>, C4<0>, C4<0>;
v0x9030d21c0_0 .net *"_ivl_139", 2 0, L_0x902878718;  1 drivers
v0x9030d2260_0 .net *"_ivl_140", 13 0, L_0x9030b6800;  1 drivers
L_0x902878760 .functor BUFT 1, C4<0>, C4<0>, C4<0>, C4<0>;
v0x9030d2300_0 .net *"_ivl_143", 0 0, L_0x902878760;  1 drivers
v0x9030d23a0_0 .net *"_ivl_144", 13 0, L_0x902c93980;  1 drivers
v0x9030d2440_0 .net *"_ivl_146", 13 0, L_0x902c91680;  1 drivers
v0x9030d24e0_0 .net *"_ivl_15", 0 0, L_0x902c22920;  1 drivers
L_0x9028787a8 .functor BUFT 1, C4<0000000000011>, C4<0>, C4<0>, C4<0>;
v0x9030d2580_0 .net/2u *"_ivl_150", 12 0, L_0x9028787a8;  1 drivers
v0x9030d2620_0 .net *"_ivl_152", 0 0, L_0x902c91400;  1 drivers
v0x9030d26c0_0 .net *"_ivl_155", 0 0, L_0x902c22a00;  1 drivers
v0x9030d2760_0 .net *"_ivl_156", 129 0, L_0x9030b68a0;  1 drivers
L_0x9028787f0 .functor BUFT 1, C4<000000000000000000000000000000000000000000000000000000000000000000000000000000000000000000000000000000000000000000000>, C4<0>, C4<0>, C4<0>;
v0x9030d2800_0 .net *"_ivl_159", 116 0, L_0x9028787f0;  1 drivers
L_0x902878130 .functor BUFT 1, C4<00>, C4<0>, C4<0>, C4<0>;
v0x9030d28a0_0 .net/2u *"_ivl_16", 1 0, L_0x902878130;  1 drivers
L_0x902878838 .functor BUFT 1, C4<0000000000000000000000000000000000000000000000000000000000000000000000000000000000000000000000000000000000000000000000000010000010>, C4<0>, C4<0>, C4<0>;
v0x9030d2940_0 .net/2u *"_ivl_160", 129 0, L_0x902878838;  1 drivers
v0x9030d29e0_0 .net *"_ivl_162", 0 0, L_0x902c91180;  1 drivers
L_0x902878880 .functor BUFT 1, C4<0000000000011>, C4<0>, C4<0>, C4<0>;
v0x9030d2a80_0 .net/2u *"_ivl_166", 12 0, L_0x902878880;  1 drivers
v0x9030d2b20_0 .net *"_ivl_168", 0 0, L_0x902c91220;  1 drivers
L_0x9028788c8 .functor BUFT 1, C4<00000000100000>, C4<0>, C4<0>, C4<0>;
v0x9030d2bc0_0 .net/2u *"_ivl_172", 13 0, L_0x9028788c8;  1 drivers
v0x9030d2c60_0 .net *"_ivl_174", 13 0, L_0x902c90f00;  1 drivers
v0x9030d2d00_0 .net *"_ivl_176", 13 0, L_0x9030b6940;  1 drivers
v0x9030d2da0_0 .net *"_ivl_178", 7 0, L_0x903127a20;  1 drivers
v0x9030d2e40_0 .net *"_ivl_18", 0 0, L_0x902c93b60;  1 drivers
L_0x902878910 .functor BUFT 1, C4<000000>, C4<0>, C4<0>, C4<0>;
v0x9030d2ee0_0 .net *"_ivl_180", 5 0, L_0x902878910;  1 drivers
v0x9030d2f80_0 .net *"_ivl_2", 0 0, L_0x902c93e80;  1 drivers
L_0x902878178 .functor BUFT 1, C4<00>, C4<0>, C4<0>, C4<0>;
v0x9030d3020_0 .net/2u *"_ivl_22", 1 0, L_0x902878178;  1 drivers
v0x9030d30c0_0 .net *"_ivl_24", 0 0, L_0x902c93c00;  1 drivers
v0x9030d3160_0 .net *"_ivl_29", 9 0, L_0x9030b5b80;  1 drivers
L_0x9028781c0 .functor BUFT 1, C4<00>, C4<0>, C4<0>, C4<0>;
v0x9030d3200_0 .net *"_ivl_32", 1 0, L_0x9028781c0;  1 drivers
v0x9030d32a0_0 .net *"_ivl_34", 9 0, L_0x9030b5c20;  1 drivers
L_0x902878208 .functor BUFT 1, C4<00>, C4<0>, C4<0>, C4<0>;
v0x9030d3340_0 .net *"_ivl_37", 1 0, L_0x902878208;  1 drivers
L_0x9028780a0 .functor BUFT 1, C4<00>, C4<0>, C4<0>, C4<0>;
v0x9030d33e0_0 .net/2u *"_ivl_4", 1 0, L_0x9028780a0;  1 drivers
v0x9030d3480_0 .net *"_ivl_41", 9 0, L_0x9030b5cc0;  1 drivers
L_0x902878250 .functor BUFT 1, C4<00>, C4<0>, C4<0>, C4<0>;
v0x9030d3520_0 .net *"_ivl_44", 1 0, L_0x902878250;  1 drivers
v0x9030d35c0_0 .net *"_ivl_46", 9 0, L_0x9030b5d60;  1 drivers
L_0x902878298 .functor BUFT 1, C4<00>, C4<0>, C4<0>, C4<0>;
v0x9030d3660_0 .net *"_ivl_49", 1 0, L_0x902878298;  1 drivers
v0x9030d3700_0 .net *"_ivl_53", 9 0, L_0x9030b5e00;  1 drivers
L_0x9028782e0 .functor BUFT 1, C4<00>, C4<0>, C4<0>, C4<0>;
v0x9030d37a0_0 .net *"_ivl_56", 1 0, L_0x9028782e0;  1 drivers
v0x9030d3840_0 .net *"_ivl_58", 9 0, L_0x9030b5ea0;  1 drivers
v0x9030d38e0_0 .net *"_ivl_6", 0 0, L_0x902c93f20;  1 drivers
L_0x902878328 .functor BUFT 1, C4<00>, C4<0>, C4<0>, C4<0>;
v0x9030d3980_0 .net *"_ivl_61", 1 0, L_0x902878328;  1 drivers
v0x9030d3a20_0 .net *"_ivl_64", 10 0, L_0x9030b5f40;  1 drivers
L_0x902878370 .functor BUFT 1, C4<0>, C4<0>, C4<0>, C4<0>;
v0x9030d3ac0_0 .net *"_ivl_67", 0 0, L_0x902878370;  1 drivers
v0x9030d3b60_0 .net *"_ivl_70", 9 0, L_0x903127660;  1 drivers
L_0x9028783b8 .functor BUFT 1, C4<0>, C4<0>, C4<0>, C4<0>;
v0x9030d3c00_0 .net *"_ivl_72", 0 0, L_0x9028783b8;  1 drivers
v0x9030d3ca0_0 .net *"_ivl_74", 12 0, L_0x9030b6080;  1 drivers
L_0x902878400 .functor BUFT 1, C4<000>, C4<0>, C4<0>, C4<0>;
v0x9030d3d40_0 .net *"_ivl_77", 2 0, L_0x902878400;  1 drivers
v0x9030d3de0_0 .net *"_ivl_78", 12 0, L_0x9030b6120;  1 drivers
v0x9030d3e80_0 .net *"_ivl_80", 9 0, L_0x903127700;  1 drivers
L_0x902878448 .functor BUFT 1, C4<000>, C4<0>, C4<0>, C4<0>;
v0x9030d3f20_0 .net *"_ivl_82", 2 0, L_0x902878448;  1 drivers
v0x90308cc80_0 .net *"_ivl_84", 12 0, L_0x9030b61c0;  1 drivers
L_0x902878490 .functor BUFT 1, C4<000>, C4<0>, C4<0>, C4<0>;
v0x90308cd20_0 .net *"_ivl_87", 2 0, L_0x902878490;  1 drivers
v0x90308cdc0_0 .net *"_ivl_90", 13 0, L_0x9030b6260;  1 drivers
L_0x9028784d8 .functor BUFT 1, C4<0000>, C4<0>, C4<0>, C4<0>;
v0x90308ce60_0 .net *"_ivl_93", 3 0, L_0x9028784d8;  1 drivers
v0x903110000_0 .net *"_ivl_94", 13 0, L_0x9030b6300;  1 drivers
v0x9031100a0_0 .net *"_ivl_96", 9 0, L_0x9031277a0;  1 drivers
L_0x902878520 .functor BUFT 1, C4<0000>, C4<0>, C4<0>, C4<0>;
v0x903110140_0 .net *"_ivl_98", 3 0, L_0x902878520;  1 drivers
v0x9031101e0_0 .net "clk", 0 0, v0x9031268a0_0;  alias, 1 drivers
v0x903110280_0 .var "flush_c", 1 0;
v0x903110320_0 .var/i "i", 31 0;
v0x9031103c0_0 .net "i_data", 7 0, v0x903127200_0;  alias, 1 drivers
v0x903110460_0 .net "i_row_start", 0 0, L_0x902c22840;  alias, 1 drivers
v0x903110500_0 .net "i_valid", 0 0, L_0x902c227d0;  alias, 1 drivers
v0x9031105a0_0 .var "last_pix", 7 0;
v0x903110640_0 .net "o_data", 7 0, L_0x903127ac0;  alias, 1 drivers
v0x9031106e0_0 .net "o_ready", 0 0, L_0x902c93ac0;  alias, 1 drivers
v0x903110780_0 .net "o_row_start", 0 0, L_0x902c22ae0;  alias, 1 drivers
v0x903110820_0 .net "o_valid", 0 0, L_0x902c22a70;  alias, 1 drivers
v0x9031108c0_0 .var "pix_cnt", 12 0;
v0x903110960_0 .net "rst_n", 0 0, v0x903127160_0;  alias, 1 drivers
v0x903110a00_0 .var "sum", 13 0;
v0x903110aa0 .array "tap", 6 0, 7 0;
v0x903110b40_0 .var "vld_d1", 0 0;
v0x903110be0_0 .var "vld_d2", 0 0;
v0x903110c80_0 .net "w_14t", 13 0, L_0x902c93840;  1 drivers
v0x903110d20_0 .net "w_18t", 13 0, L_0x902c938e0;  1 drivers
v0x903110dc0_0 .net "w_2t", 10 0, L_0x9030b5fe0;  1 drivers
v0x903110e60_0 .net "w_7t", 12 0, L_0x902c937a0;  1 drivers
v0x903110f00_0 .var "w_cycle", 12 0;
v0x903110fa0_0 .var "w_cycle_d1", 12 0;
v0x903111040_0 .var "w_cycle_d2", 12 0;
v0x9031110e0_0 .net "w_in_data", 7 0, L_0x902ccc3c0;  1 drivers
v0x903111180_0 .net "w_in_valid", 0 0, L_0x902c22990;  1 drivers
v0x903111220_0 .net "w_row_first", 0 0, L_0x902c228b0;  1 drivers
v0x9031112c0_0 .net "w_sum", 13 0, L_0x902c91720;  1 drivers
v0x903111360_0 .net "w_t06", 9 0, L_0x902c93ca0;  1 drivers
v0x903111400_0 .net "w_t15", 9 0, L_0x902c93d40;  1 drivers
v0x9031114a0_0 .net "w_t24", 9 0, L_0x902c93700;  1 drivers
E_0x902cd8680/0 .event negedge, v0x903110960_0;
E_0x902cd8680/1 .event posedge, v0x9031101e0_0;
E_0x902cd8680 .event/or E_0x902cd8680/0, E_0x902cd8680/1;
L_0x902c93e80 .cmp/eq 13, v0x9031108c0_0, L_0x902878058;
L_0x902c93f20 .cmp/eq 2, v0x903110280_0, L_0x9028780a0;
L_0x902c93ac0 .cmp/eq 2, v0x903110280_0, L_0x9028780e8;
L_0x902c93b60 .cmp/ne 2, v0x903110280_0, L_0x902878130;
L_0x902c93c00 .cmp/ne 2, v0x903110280_0, L_0x902878178;
L_0x902ccc3c0 .functor MUXZ 8, v0x903127200_0, v0x9031105a0_0, L_0x902c93c00, C4<>;
v0x903110aa0_0 .array/port v0x903110aa0, 0;
L_0x9030b5b80 .concat [ 8 2 0 0], v0x903110aa0_0, L_0x9028781c0;
v0x903110aa0_6 .array/port v0x903110aa0, 6;
L_0x9030b5c20 .concat [ 8 2 0 0], v0x903110aa0_6, L_0x902878208;
L_0x902c93ca0 .arith/sum 10, L_0x9030b5b80, L_0x9030b5c20;
v0x903110aa0_1 .array/port v0x903110aa0, 1;
L_0x9030b5cc0 .concat [ 8 2 0 0], v0x903110aa0_1, L_0x902878250;
v0x903110aa0_5 .array/port v0x903110aa0, 5;
L_0x9030b5d60 .concat [ 8 2 0 0], v0x903110aa0_5, L_0x902878298;
L_0x902c93d40 .arith/sum 10, L_0x9030b5cc0, L_0x9030b5d60;
v0x903110aa0_2 .array/port v0x903110aa0, 2;
L_0x9030b5e00 .concat [ 8 2 0 0], v0x903110aa0_2, L_0x9028782e0;
v0x903110aa0_4 .array/port v0x903110aa0, 4;
L_0x9030b5ea0 .concat [ 8 2 0 0], v0x903110aa0_4, L_0x902878328;
L_0x902c93700 .arith/sum 10, L_0x9030b5e00, L_0x9030b5ea0;
L_0x9030b5f40 .concat [ 10 1 0 0], L_0x902c93ca0, L_0x902878370;
L_0x903127660 .part L_0x9030b5f40, 0, 10;
L_0x9030b5fe0 .concat [ 1 10 0 0], L_0x9028783b8, L_0x903127660;
L_0x9030b6080 .concat [ 10 3 0 0], L_0x902c93d40, L_0x902878400;
L_0x903127700 .part L_0x9030b6080, 0, 10;
L_0x9030b6120 .concat [ 3 10 0 0], L_0x902878448, L_0x903127700;
L_0x9030b61c0 .concat [ 10 3 0 0], L_0x902c93d40, L_0x902878490;
L_0x902c937a0 .arith/sub 13, L_0x9030b6120, L_0x9030b61c0;
L_0x9030b6260 .concat [ 10 4 0 0], L_0x902c93700, L_0x9028784d8;
L_0x9031277a0 .part L_0x9030b6260, 0, 10;
L_0x9030b6300 .concat [ 4 10 0 0], L_0x902878520, L_0x9031277a0;
L_0x9030b63a0 .concat [ 10 4 0 0], L_0x902c93700, L_0x902878568;
L_0x903127840 .part L_0x9030b63a0, 0, 13;
L_0x9030b6440 .concat [ 1 13 0 0], L_0x9028785b0, L_0x903127840;
L_0x902c93840 .arith/sub 14, L_0x9030b6300, L_0x9030b6440;
v0x903110aa0_3 .array/port v0x903110aa0, 3;
L_0x9030b64e0 .concat [ 8 6 0 0], v0x903110aa0_3, L_0x9028785f8;
L_0x9031278e0 .part L_0x9030b64e0, 0, 10;
L_0x9030b6580 .concat [ 4 10 0 0], L_0x902878640, L_0x9031278e0;
L_0x9030b6620 .concat [ 8 6 0 0], v0x903110aa0_3, L_0x902878688;
L_0x903127980 .part L_0x9030b6620, 0, 13;
L_0x9030b66c0 .concat [ 1 13 0 0], L_0x9028786d0, L_0x903127980;
L_0x902c938e0 .arith/sum 14, L_0x9030b6580, L_0x9030b66c0;
L_0x9030b6760 .concat [ 11 3 0 0], L_0x9030b5fe0, L_0x902878718;
L_0x9030b6800 .concat [ 13 1 0 0], L_0x902c937a0, L_0x902878760;
L_0x902c93980 .arith/sum 14, L_0x9030b6760, L_0x9030b6800;
L_0x902c91680 .arith/sum 14, L_0x902c93980, L_0x902c93840;
L_0x902c91720 .arith/sum 14, L_0x902c91680, L_0x902c938e0;
L_0x902c91400 .cmp/ge 13, v0x903110fa0_0, L_0x9028787a8;
L_0x9030b68a0 .concat [ 13 117 0 0], v0x903110fa0_0, L_0x9028787f0;
L_0x902c91180 .cmp/ge 130, L_0x902878838, L_0x9030b68a0;
L_0x902c91220 .cmp/eq 13, v0x903110fa0_0, L_0x902878880;
L_0x902c90f00 .arith/sum 14, v0x903110a00_0, L_0x9028788c8;
L_0x903127a20 .part L_0x902c90f00, 6, 8;
L_0x9030b6940 .concat [ 8 6 0 0], L_0x903127a20, L_0x902878910;
L_0x903127ac0 .part L_0x9030b6940, 0, 8;
S_0x1011a6730 .scope module, "u_v" "sbm_gauss_v" 4 107, 6 25 0, S_0x101190610;
 .timescale -9 -12;
    .port_info 0 /INPUT 1 "clk";
    .port_info 1 /INPUT 1 "rst_n";
    .port_info 2 /INPUT 1 "i_valid";
    .port_info 3 /INPUT 1 "i_row_start";
    .port_info 4 /INPUT 1 "i_frame_end";
    .port_info 5 /INPUT 8 "i_data";
    .port_info 6 /OUTPUT 1 "o_valid";
    .port_info 7 /OUTPUT 8 "o_data";
P_0x902c84080 .param/l "IMG_H" 0 6 27, +C4<0000000000000000000000000000000000000000000000000000000000000000000000000000000000000000000000000000000000000000000000000010000000>;
P_0x902c840c0 .param/l "IMG_W" 0 6 26, +C4<0000000000000000000000000000000000000000000000000000000000000000000000000000000000000000000000000000000000000000000000000010000000>;
L_0x902d142a0 .functor AND 1, v0x903122c60_0, L_0x902cdd0e0, C4<1>, C4<1>;
L_0x902d14310 .functor AND 1, L_0x902c22ae0, L_0x902c22a70, C4<1>, C4<1>;
L_0x902d14380 .functor AND 1, L_0x902d14310, L_0x903127f20, C4<1>, C4<1>;
L_0x9030ccf50 .functor BUFZ 8, L_0x902cddb80, C4<00000000>, C4<00000000>, C4<00000000>;
L_0x9030ccfc0 .functor BUFZ 8, L_0x902cddc20, C4<00000000>, C4<00000000>, C4<00000000>;
L_0x9030cd030 .functor BUFZ 8, L_0x902cddcc0, C4<00000000>, C4<00000000>, C4<00000000>;
L_0x9030cd0a0 .functor BUFZ 8, L_0x902cddd60, C4<00000000>, C4<00000000>, C4<00000000>;
L_0x9030cd110 .functor BUFZ 8, L_0x902cdde00, C4<00000000>, C4<00000000>, C4<00000000>;
L_0x9030cd180 .functor BUFZ 8, L_0x902cddea0, C4<00000000>, C4<00000000>, C4<00000000>;
L_0x902d143f0 .functor AND 1, v0x903123de0_0, L_0x902cde580, C4<1>, C4<1>;
L_0x902d14460 .functor AND 1, L_0x902d143f0, L_0x902cde620, C4<1>, C4<1>;
L_0x902d144d0 .functor AND 1, L_0x902d14460, L_0x902cde6c0, C4<1>, C4<1>;
L_0x902878d90 .functor BUFT 1, C4<0000000000000000000>, C4<0>, C4<0>, C4<0>;
v0x90311cdc0_0 .net *"_ivl_10", 18 0, L_0x902878d90;  1 drivers
L_0x902879a80 .functor BUFT 1, C4<001>, C4<0>, C4<0>, C4<0>;
v0x90311ce60_0 .net/2u *"_ivl_100", 2 0, L_0x902879a80;  1 drivers
v0x90311cf00_0 .net *"_ivl_102", 2 0, L_0x902cdd2c0;  1 drivers
L_0x902879ac8 .functor BUFT 1, C4<101>, C4<0>, C4<0>, C4<0>;
v0x90311cfa0_0 .net/2u *"_ivl_104", 2 0, L_0x902879ac8;  1 drivers
v0x90311d040_0 .net *"_ivl_106", 2 0, L_0x902cdd360;  1 drivers
L_0x902879b10 .functor BUFT 1, C4<010>, C4<0>, C4<0>, C4<0>;
v0x90311d0e0_0 .net/2u *"_ivl_110", 2 0, L_0x902879b10;  1 drivers
v0x90311d180_0 .net *"_ivl_112", 0 0, L_0x902cdd400;  1 drivers
L_0x902879b58 .functor BUFT 1, C4<010>, C4<0>, C4<0>, C4<0>;
v0x90311d220_0 .net/2u *"_ivl_114", 2 0, L_0x902879b58;  1 drivers
v0x90311d2c0_0 .net *"_ivl_116", 2 0, L_0x902cdd4a0;  1 drivers
L_0x902879ba0 .functor BUFT 1, C4<100>, C4<0>, C4<0>, C4<0>;
v0x90311d360_0 .net/2u *"_ivl_118", 2 0, L_0x902879ba0;  1 drivers
v0x90311d400_0 .net *"_ivl_120", 2 0, L_0x902cdd540;  1 drivers
L_0x902879be8 .functor BUFT 1, C4<011>, C4<0>, C4<0>, C4<0>;
v0x90311d4a0_0 .net/2u *"_ivl_124", 2 0, L_0x902879be8;  1 drivers
v0x90311d540_0 .net *"_ivl_126", 0 0, L_0x902cdd5e0;  1 drivers
L_0x902879c30 .functor BUFT 1, C4<011>, C4<0>, C4<0>, C4<0>;
v0x90311d5e0_0 .net/2u *"_ivl_128", 2 0, L_0x902879c30;  1 drivers
v0x90311d680_0 .net *"_ivl_130", 2 0, L_0x902cdd680;  1 drivers
L_0x902879c78 .functor BUFT 1, C4<011>, C4<0>, C4<0>, C4<0>;
v0x90311d720_0 .net/2u *"_ivl_132", 2 0, L_0x902879c78;  1 drivers
v0x90311d7c0_0 .net *"_ivl_134", 2 0, L_0x902cdd720;  1 drivers
L_0x902879cc0 .functor BUFT 1, C4<100>, C4<0>, C4<0>, C4<0>;
v0x90311d860_0 .net/2u *"_ivl_138", 2 0, L_0x902879cc0;  1 drivers
L_0x902878e20 .functor BUFT 1, C4<0000000000000000000>, C4<0>, C4<0>, C4<0>;
v0x90311d900_0 .net *"_ivl_14", 18 0, L_0x902878e20;  1 drivers
v0x90311d9a0_0 .net *"_ivl_140", 0 0, L_0x902cdd7c0;  1 drivers
L_0x902879d08 .functor BUFT 1, C4<100>, C4<0>, C4<0>, C4<0>;
v0x90311da40_0 .net/2u *"_ivl_142", 2 0, L_0x902879d08;  1 drivers
v0x90311dae0_0 .net *"_ivl_144", 2 0, L_0x902cdd860;  1 drivers
L_0x902879d50 .functor BUFT 1, C4<010>, C4<0>, C4<0>, C4<0>;
v0x90311db80_0 .net/2u *"_ivl_146", 2 0, L_0x902879d50;  1 drivers
v0x90311dc20_0 .net *"_ivl_148", 2 0, L_0x902cdd900;  1 drivers
L_0x902879d98 .functor BUFT 1, C4<101>, C4<0>, C4<0>, C4<0>;
v0x90311dcc0_0 .net/2u *"_ivl_152", 2 0, L_0x902879d98;  1 drivers
v0x90311dd60_0 .net *"_ivl_154", 0 0, L_0x902cdd9a0;  1 drivers
L_0x902879de0 .functor BUFT 1, C4<101>, C4<0>, C4<0>, C4<0>;
v0x90311de00_0 .net/2u *"_ivl_156", 2 0, L_0x902879de0;  1 drivers
v0x90311dea0_0 .net *"_ivl_158", 2 0, L_0x902cdda40;  1 drivers
L_0x902879e28 .functor BUFT 1, C4<001>, C4<0>, C4<0>, C4<0>;
v0x90311df40_0 .net/2u *"_ivl_160", 2 0, L_0x902879e28;  1 drivers
v0x90311dfe0_0 .net *"_ivl_162", 2 0, L_0x902cddae0;  1 drivers
v0x90311e080_0 .net *"_ivl_166", 7 0, L_0x902cddb80;  1 drivers
v0x90311e120_0 .net *"_ivl_168", 3 0, L_0x9030b7200;  1 drivers
L_0x902879e70 .functor BUFT 1, C4<0>, C4<0>, C4<0>, C4<0>;
v0x90311e1c0_0 .net *"_ivl_171", 0 0, L_0x902879e70;  1 drivers
v0x90311e260_0 .net *"_ivl_174", 7 0, L_0x902cddc20;  1 drivers
v0x90311e300_0 .net *"_ivl_176", 3 0, L_0x9030b72a0;  1 drivers
L_0x902879eb8 .functor BUFT 1, C4<0>, C4<0>, C4<0>, C4<0>;
v0x90311e3a0_0 .net *"_ivl_179", 0 0, L_0x902879eb8;  1 drivers
L_0x902879018 .functor BUFT 1, C4<0000000000000000000>, C4<0>, C4<0>, C4<0>;
v0x90311e440_0 .net *"_ivl_18", 18 0, L_0x902879018;  1 drivers
v0x90311e4e0_0 .net *"_ivl_182", 7 0, L_0x902cddcc0;  1 drivers
v0x90311e580_0 .net *"_ivl_184", 3 0, L_0x9030b7340;  1 drivers
L_0x902879f00 .functor BUFT 1, C4<0>, C4<0>, C4<0>, C4<0>;
v0x90311e620_0 .net *"_ivl_187", 0 0, L_0x902879f00;  1 drivers
v0x90311e6c0_0 .net *"_ivl_190", 7 0, L_0x902cddd60;  1 drivers
v0x90311e760_0 .net *"_ivl_192", 3 0, L_0x9030b73e0;  1 drivers
L_0x902879f48 .functor BUFT 1, C4<0>, C4<0>, C4<0>, C4<0>;
v0x90311e800_0 .net *"_ivl_195", 0 0, L_0x902879f48;  1 drivers
v0x90311e8a0_0 .net *"_ivl_198", 7 0, L_0x902cdde00;  1 drivers
L_0x902878b08 .functor BUFT 1, C4<0000000000000000000>, C4<0>, C4<0>, C4<0>;
v0x90311e940_0 .net *"_ivl_2", 18 0, L_0x902878b08;  1 drivers
v0x90311e9e0_0 .net *"_ivl_200", 3 0, L_0x9030b7480;  1 drivers
L_0x902879f90 .functor BUFT 1, C4<0>, C4<0>, C4<0>, C4<0>;
v0x90311ea80_0 .net *"_ivl_203", 0 0, L_0x902879f90;  1 drivers
v0x90311eb20_0 .net *"_ivl_206", 7 0, L_0x902cddea0;  1 drivers
v0x90311ebc0_0 .net *"_ivl_208", 3 0, L_0x9030b7520;  1 drivers
L_0x902879fd8 .functor BUFT 1, C4<0>, C4<0>, C4<0>, C4<0>;
v0x90311ec60_0 .net *"_ivl_211", 0 0, L_0x902879fd8;  1 drivers
v0x90311ed00_0 .net *"_ivl_214", 7 0, L_0x902cddf40;  1 drivers
v0x90311eda0_0 .net *"_ivl_216", 3 0, L_0x9030b75c0;  1 drivers
L_0x90287a020 .functor BUFT 1, C4<0>, C4<0>, C4<0>, C4<0>;
v0x90311ee40_0 .net *"_ivl_219", 0 0, L_0x90287a020;  1 drivers
L_0x9028790a8 .functor BUFT 1, C4<0000000000000000000>, C4<0>, C4<0>, C4<0>;
v0x90311eee0_0 .net *"_ivl_22", 18 0, L_0x9028790a8;  1 drivers
v0x90311ef80_0 .net *"_ivl_234", 9 0, L_0x9030b7660;  1 drivers
L_0x90287a068 .functor BUFT 1, C4<00>, C4<0>, C4<0>, C4<0>;
v0x90311f020_0 .net *"_ivl_237", 1 0, L_0x90287a068;  1 drivers
v0x90311f0c0_0 .net *"_ivl_238", 9 0, L_0x9030b7700;  1 drivers
L_0x90287a0b0 .functor BUFT 1, C4<00>, C4<0>, C4<0>, C4<0>;
v0x90311f160_0 .net *"_ivl_241", 1 0, L_0x90287a0b0;  1 drivers
v0x90311f200_0 .net *"_ivl_244", 9 0, L_0x9030b77a0;  1 drivers
L_0x90287a0f8 .functor BUFT 1, C4<00>, C4<0>, C4<0>, C4<0>;
v0x90311f2a0_0 .net *"_ivl_247", 1 0, L_0x90287a0f8;  1 drivers
v0x90311f340_0 .net *"_ivl_248", 9 0, L_0x9030b7840;  1 drivers
L_0x90287a140 .functor BUFT 1, C4<00>, C4<0>, C4<0>, C4<0>;
v0x90311f3e0_0 .net *"_ivl_251", 1 0, L_0x90287a140;  1 drivers
v0x90311f480_0 .net *"_ivl_254", 9 0, L_0x9030b78e0;  1 drivers
L_0x90287a188 .functor BUFT 1, C4<00>, C4<0>, C4<0>, C4<0>;
v0x90311f520_0 .net *"_ivl_257", 1 0, L_0x90287a188;  1 drivers
v0x90311f5c0_0 .net *"_ivl_258", 9 0, L_0x9030b7980;  1 drivers
L_0x9028792a0 .functor BUFT 1, C4<0000000000000000000>, C4<0>, C4<0>, C4<0>;
v0x90311f660_0 .net *"_ivl_26", 18 0, L_0x9028792a0;  1 drivers
L_0x90287a1d0 .functor BUFT 1, C4<00>, C4<0>, C4<0>, C4<0>;
v0x90311f700_0 .net *"_ivl_261", 1 0, L_0x90287a1d0;  1 drivers
v0x90311f7a0_0 .net *"_ivl_264", 10 0, L_0x9030b7a20;  1 drivers
L_0x90287a218 .functor BUFT 1, C4<0>, C4<0>, C4<0>, C4<0>;
v0x90311f840_0 .net *"_ivl_267", 0 0, L_0x90287a218;  1 drivers
v0x90311f8e0_0 .net *"_ivl_270", 9 0, L_0x903130000;  1 drivers
L_0x90287a260 .functor BUFT 1, C4<0>, C4<0>, C4<0>, C4<0>;
v0x90311f980_0 .net *"_ivl_272", 0 0, L_0x90287a260;  1 drivers
v0x90311fa20_0 .net *"_ivl_274", 12 0, L_0x9030b7b60;  1 drivers
L_0x90287a2a8 .functor BUFT 1, C4<000>, C4<0>, C4<0>, C4<0>;
v0x90311fac0_0 .net *"_ivl_277", 2 0, L_0x90287a2a8;  1 drivers
v0x90311fb60_0 .net *"_ivl_278", 12 0, L_0x9030b7c00;  1 drivers
v0x90311fc00_0 .net *"_ivl_280", 9 0, L_0x9031300a0;  1 drivers
L_0x90287a2f0 .functor BUFT 1, C4<000>, C4<0>, C4<0>, C4<0>;
v0x90311fca0_0 .net *"_ivl_282", 2 0, L_0x90287a2f0;  1 drivers
v0x90311fd40_0 .net *"_ivl_284", 12 0, L_0x9030b7ca0;  1 drivers
L_0x90287a338 .functor BUFT 1, C4<000>, C4<0>, C4<0>, C4<0>;
v0x90311fde0_0 .net *"_ivl_287", 2 0, L_0x90287a338;  1 drivers
v0x90311fe80_0 .net *"_ivl_290", 13 0, L_0x9030b7d40;  1 drivers
L_0x90287a380 .functor BUFT 1, C4<0000>, C4<0>, C4<0>, C4<0>;
v0x90311ff20_0 .net *"_ivl_293", 3 0, L_0x90287a380;  1 drivers
v0x903120000_0 .net *"_ivl_294", 13 0, L_0x9030b7de0;  1 drivers
v0x9031200a0_0 .net *"_ivl_296", 9 0, L_0x903130140;  1 drivers
L_0x90287a3c8 .functor BUFT 1, C4<0000>, C4<0>, C4<0>, C4<0>;
v0x903120140_0 .net *"_ivl_298", 3 0, L_0x90287a3c8;  1 drivers
L_0x902879330 .functor BUFT 1, C4<0000000000000000000>, C4<0>, C4<0>, C4<0>;
v0x9031201e0_0 .net *"_ivl_30", 18 0, L_0x902879330;  1 drivers
v0x903120280_0 .net *"_ivl_300", 13 0, L_0x9030b7e80;  1 drivers
L_0x90287a410 .functor BUFT 1, C4<0000>, C4<0>, C4<0>, C4<0>;
v0x903120320_0 .net *"_ivl_303", 3 0, L_0x90287a410;  1 drivers
v0x9031203c0_0 .net *"_ivl_304", 13 0, L_0x9030b7f20;  1 drivers
v0x903120460_0 .net *"_ivl_306", 12 0, L_0x9031301e0;  1 drivers
L_0x90287a458 .functor BUFT 1, C4<0>, C4<0>, C4<0>, C4<0>;
v0x903120500_0 .net *"_ivl_308", 0 0, L_0x90287a458;  1 drivers
v0x9031205a0_0 .net *"_ivl_312", 13 0, L_0x903134000;  1 drivers
L_0x90287a4a0 .functor BUFT 1, C4<000000>, C4<0>, C4<0>, C4<0>;
v0x903120640_0 .net *"_ivl_315", 5 0, L_0x90287a4a0;  1 drivers
v0x9031206e0_0 .net *"_ivl_316", 13 0, L_0x9031340a0;  1 drivers
v0x903120780_0 .net *"_ivl_318", 9 0, L_0x903130280;  1 drivers
L_0x90287a4e8 .functor BUFT 1, C4<0000>, C4<0>, C4<0>, C4<0>;
v0x903120820_0 .net *"_ivl_320", 3 0, L_0x90287a4e8;  1 drivers
v0x9031208c0_0 .net *"_ivl_322", 13 0, L_0x903134140;  1 drivers
L_0x90287a530 .functor BUFT 1, C4<000000>, C4<0>, C4<0>, C4<0>;
v0x903120960_0 .net *"_ivl_325", 5 0, L_0x90287a530;  1 drivers
v0x903120a00_0 .net *"_ivl_326", 13 0, L_0x9031341e0;  1 drivers
v0x903120aa0_0 .net *"_ivl_328", 12 0, L_0x903130320;  1 drivers
L_0x90287a578 .functor BUFT 1, C4<0>, C4<0>, C4<0>, C4<0>;
v0x903120b40_0 .net *"_ivl_330", 0 0, L_0x90287a578;  1 drivers
v0x903120be0_0 .net *"_ivl_334", 13 0, L_0x903134280;  1 drivers
L_0x90287a5c0 .functor BUFT 1, C4<000>, C4<0>, C4<0>, C4<0>;
v0x903120c80_0 .net *"_ivl_337", 2 0, L_0x90287a5c0;  1 drivers
v0x903120d20_0 .net *"_ivl_338", 13 0, L_0x903134320;  1 drivers
L_0x902879528 .functor BUFT 1, C4<0000000000000000000>, C4<0>, C4<0>, C4<0>;
v0x903120dc0_0 .net *"_ivl_34", 18 0, L_0x902879528;  1 drivers
L_0x90287a608 .functor BUFT 1, C4<0>, C4<0>, C4<0>, C4<0>;
v0x903120e60_0 .net *"_ivl_341", 0 0, L_0x90287a608;  1 drivers
v0x903120f00_0 .net *"_ivl_342", 13 0, L_0x902cde3a0;  1 drivers
v0x903120fa0_0 .net *"_ivl_344", 13 0, L_0x902cde440;  1 drivers
L_0x90287a650 .functor BUFT 1, C4<0000000000011>, C4<0>, C4<0>, C4<0>;
v0x903121040_0 .net/2u *"_ivl_348", 12 0, L_0x90287a650;  1 drivers
v0x9031210e0_0 .net *"_ivl_350", 0 0, L_0x902cde580;  1 drivers
v0x903121180_0 .net *"_ivl_353", 0 0, L_0x902d143f0;  1 drivers
v0x903121220_0 .net *"_ivl_354", 129 0, L_0x9031343c0;  1 drivers
L_0x90287a698 .functor BUFT 1, C4<000000000000000000000000000000000000000000000000000000000000000000000000000000000000000000000000000000000000000000000>, C4<0>, C4<0>, C4<0>;
v0x9031212c0_0 .net *"_ivl_357", 116 0, L_0x90287a698;  1 drivers
L_0x90287a6e0 .functor BUFT 1, C4<0000000000000000000000000000000000000000000000000000000000000000000000000000000000000000000000000000000000000000000000000010000011>, C4<0>, C4<0>, C4<0>;
v0x903121360_0 .net/2u *"_ivl_358", 129 0, L_0x90287a6e0;  1 drivers
v0x903121400_0 .net *"_ivl_360", 0 0, L_0x902cde620;  1 drivers
v0x9031214a0_0 .net *"_ivl_363", 0 0, L_0x902d14460;  1 drivers
v0x903121540_0 .net *"_ivl_364", 129 0, L_0x903134460;  1 drivers
L_0x90287a728 .functor BUFT 1, C4<000000000000000000000000000000000000000000000000000000000000000000000000000000000000000000000000000000000000000000000>, C4<0>, C4<0>, C4<0>;
v0x9031215e0_0 .net *"_ivl_367", 116 0, L_0x90287a728;  1 drivers
L_0x90287a770 .functor BUFT 1, C4<0000000000000000000000000000000000000000000000000000000000000000000000000000000000000000000000000000000000000000000000000010000000>, C4<0>, C4<0>, C4<0>;
v0x903121680_0 .net/2u *"_ivl_368", 129 0, L_0x90287a770;  1 drivers
v0x903121720_0 .net *"_ivl_370", 0 0, L_0x902cde6c0;  1 drivers
L_0x90287a7b8 .functor BUFT 1, C4<00000000100000>, C4<0>, C4<0>, C4<0>;
v0x9031217c0_0 .net/2u *"_ivl_374", 13 0, L_0x90287a7b8;  1 drivers
v0x903121860_0 .net *"_ivl_376", 13 0, L_0x902cde760;  1 drivers
v0x903121900_0 .net *"_ivl_378", 13 0, L_0x903134500;  1 drivers
L_0x9028795b8 .functor BUFT 1, C4<0000000000000000000>, C4<0>, C4<0>, C4<0>;
v0x9031219a0_0 .net *"_ivl_38", 18 0, L_0x9028795b8;  1 drivers
v0x903121a40_0 .net *"_ivl_380", 7 0, L_0x9031303c0;  1 drivers
L_0x90287a800 .functor BUFT 1, C4<000000>, C4<0>, C4<0>, C4<0>;
v0x903121ae0_0 .net *"_ivl_382", 5 0, L_0x90287a800;  1 drivers
L_0x9028797b0 .functor BUFT 1, C4<0000000000000000000>, C4<0>, C4<0>, C4<0>;
v0x903121b80_0 .net *"_ivl_42", 18 0, L_0x9028797b0;  1 drivers
L_0x902879840 .functor BUFT 1, C4<0000000000000000000>, C4<0>, C4<0>, C4<0>;
v0x903121c20_0 .net *"_ivl_46", 18 0, L_0x902879840;  1 drivers
v0x903121cc0_0 .net *"_ivl_48", 0 0, L_0x902cdcd20;  1 drivers
v0x903121d60_0 .net *"_ivl_50", 2 0, L_0x902cdcdc0;  1 drivers
v0x903121e00_0 .net *"_ivl_52", 2 0, L_0x902cdce60;  1 drivers
L_0x902879888 .functor BUFT 1, C4<110>, C4<0>, C4<0>, C4<0>;
v0x903121ea0_0 .net/2u *"_ivl_54", 2 0, L_0x902879888;  1 drivers
v0x903121f40_0 .net *"_ivl_56", 2 0, L_0x902cdcf00;  1 drivers
L_0x902878b98 .functor BUFT 1, C4<0000000000000000000>, C4<0>, C4<0>, C4<0>;
v0x903121fe0_0 .net *"_ivl_6", 18 0, L_0x902878b98;  1 drivers
L_0x9028798d0 .functor BUFT 1, C4<000>, C4<0>, C4<0>, C4<0>;
v0x903122080_0 .net/2u *"_ivl_60", 2 0, L_0x9028798d0;  1 drivers
v0x903122120_0 .net *"_ivl_62", 0 0, L_0x902cdcfa0;  1 drivers
L_0x902879918 .functor BUFT 1, C4<101>, C4<0>, C4<0>, C4<0>;
v0x9031221c0_0 .net/2u *"_ivl_64", 2 0, L_0x902879918;  1 drivers
L_0x902879960 .functor BUFT 1, C4<001>, C4<0>, C4<0>, C4<0>;
v0x903122260_0 .net/2u *"_ivl_66", 2 0, L_0x902879960;  1 drivers
v0x903122300_0 .net *"_ivl_68", 2 0, L_0x902cdd040;  1 drivers
L_0x9028799a8 .functor BUFT 1, C4<0000000000000>, C4<0>, C4<0>, C4<0>;
v0x9031223a0_0 .net/2u *"_ivl_72", 12 0, L_0x9028799a8;  1 drivers
v0x903122440_0 .net *"_ivl_74", 0 0, L_0x902cdd0e0;  1 drivers
v0x9031224e0_0 .net *"_ivl_79", 0 0, L_0x902d14310;  1 drivers
v0x903122580_0 .net *"_ivl_81", 0 0, L_0x903127f20;  1 drivers
v0x903122620_0 .net *"_ivl_86", 7 0, L_0x902cdd180;  1 drivers
v0x9031226c0_0 .net *"_ivl_88", 3 0, L_0x9030b7160;  1 drivers
L_0x9028799f0 .functor BUFT 1, C4<0>, C4<0>, C4<0>, C4<0>;
v0x903122760_0 .net *"_ivl_91", 0 0, L_0x9028799f0;  1 drivers
v0x903122800_0 .net *"_ivl_92", 7 0, L_0x902ccc640;  1 drivers
L_0x902879a38 .functor BUFT 1, C4<001>, C4<0>, C4<0>, C4<0>;
v0x9031228a0_0 .net/2u *"_ivl_96", 2 0, L_0x902879a38;  1 drivers
v0x903122940_0 .net *"_ivl_98", 0 0, L_0x902cdd220;  1 drivers
v0x9031229e0_0 .net "clk", 0 0, v0x9031268a0_0;  alias, 1 drivers
v0x903122a80_0 .var "cur_d", 7 0;
v0x903122b20_0 .var "flush_k", 2 0;
v0x903122bc0_0 .var "flush_k_rd", 2 0;
v0x903122c60_0 .var "flush_started", 0 0;
v0x903122d00_0 .var "flush_started_q", 0 0;
v0x903122da0_0 .net "i_data", 7 0, L_0x903127ac0;  alias, 1 drivers
v0x903122e40_0 .net "i_frame_end", 0 0, v0x903125900_0;  1 drivers
v0x903122ee0_0 .net "i_row_start", 0 0, L_0x902c22ae0;  alias, 1 drivers
v0x903122f80_0 .net "i_valid", 0 0, L_0x902c22a70;  alias, 1 drivers
v0x903123020_0 .var "in_win", 0 0;
v0x9031230c0 .array "lb_read", 5 0;
v0x9031230c0_0 .net v0x9031230c0 0, 7 0, L_0x9030cccb0; 1 drivers
v0x9031230c0_1 .net v0x9031230c0 1, 7 0, L_0x9030ccd20; 1 drivers
v0x9031230c0_2 .net v0x9031230c0 2, 7 0, L_0x9030ccd90; 1 drivers
v0x9031230c0_3 .net v0x9031230c0 3, 7 0, L_0x9030cce00; 1 drivers
v0x9031230c0_4 .net v0x9031230c0 4, 7 0, L_0x9030cce70; 1 drivers
v0x9031230c0_5 .net v0x9031230c0 5, 7 0, L_0x9030ccee0; 1 drivers
v0x903123160 .array "lb_we", 5 0;
v0x903123160_0 .net v0x903123160 0, 0 0, L_0x902c22ed0; 1 drivers
v0x903123160_1 .net v0x903123160 1, 0 0, L_0x902c232c0; 1 drivers
v0x903123160_2 .net v0x903123160 2, 0 0, L_0x902c236b0; 1 drivers
v0x903123160_3 .net v0x903123160 3, 0 0, L_0x902c23aa0; 1 drivers
v0x903123160_4 .net v0x903123160 4, 0 0, L_0x902c23e90; 1 drivers
v0x903123160_5 .net v0x903123160 5, 0 0, L_0x902d14230; 1 drivers
v0x903123200_0 .net "o_data", 7 0, L_0x903130460;  alias, 1 drivers
v0x9031232a0_0 .net "o_valid", 0 0, L_0x902d144d0;  alias, 1 drivers
v0x903123340_0 .var "pix_cnt", 12 0;
v0x9031233e0_0 .var "pix_cnt_d1", 12 0;
v0x903123480_0 .var "pix_cnt_d2", 12 0;
v0x903123520_0 .var "r6", 2 0;
v0x9031235c0_0 .var "r6_d", 2 0;
v0x903123660_0 .var "row_cnt", 12 0;
v0x903123700_0 .var "row_cnt_e", 12 0;
v0x9031237a0_0 .var "row_cnt_r", 12 0;
v0x903123840_0 .net "rst_n", 0 0, v0x903127160_0;  alias, 1 drivers
v0x9031238e0_0 .var "sum", 13 0;
v0x903123980_0 .net "v0", 7 0, L_0x902cccaa0;  1 drivers
v0x903123a20_0 .net "v1", 7 0, L_0x902cccb40;  1 drivers
v0x903123ac0_0 .net "v2", 7 0, L_0x902cccbe0;  1 drivers
v0x903123b60_0 .net "v3", 7 0, L_0x902cccc80;  1 drivers
v0x903123c00_0 .net "v4", 7 0, L_0x902cccd20;  1 drivers
v0x903123ca0_0 .net "v5", 7 0, L_0x902cccdc0;  1 drivers
v0x903123d40_0 .net "v6", 7 0, L_0x902ccce60;  1 drivers
v0x903123de0_0 .var "vld_e", 0 0;
v0x903123e80_0 .var "vld_r", 0 0;
v0x903123f20_0 .net "w_14t", 13 0, L_0x902cde260;  1 drivers
v0x903124000_0 .net "w_18t", 13 0, L_0x902cde300;  1 drivers
v0x9031240a0_0 .net "w_2t", 10 0, L_0x9030b7ac0;  1 drivers
v0x903124140_0 .net "w_7t", 12 0, L_0x902cde1c0;  1 drivers
v0x9031241e0_0 .var "w_addr_d", 12 0;
v0x903124280_0 .net "w_addra", 12 0, L_0x902ccc500;  1 drivers
v0x903124320_0 .net "w_dina", 7 0, L_0x902ccc6e0;  1 drivers
v0x9031243c0_0 .net "w_flush_beat0", 0 0, L_0x902d142a0;  1 drivers
v0x903124460_0 .net "w_frame_first_beat", 0 0, L_0x902d14380;  1 drivers
v0x903124500_0 .var "w_frame_first_d1", 0 0;
v0x9031245a0_0 .net "w_last_buf", 2 0, L_0x902ccc460;  1 drivers
v0x903124640_0 .net "w_r6m1", 2 0, L_0x902ccc5a0;  1 drivers
v0x9031246e0_0 .net "w_sel1", 2 0, L_0x902ccc780;  1 drivers
v0x903124780_0 .net "w_sel2", 2 0, L_0x902ccc820;  1 drivers
v0x903124820_0 .net "w_sel3", 2 0, L_0x902ccc8c0;  1 drivers
v0x9031248c0_0 .net "w_sel4", 2 0, L_0x902ccc960;  1 drivers
v0x903124960_0 .net "w_sel5", 2 0, L_0x902ccca00;  1 drivers
v0x903124a00_0 .net "w_sum", 13 0, L_0x902cde4e0;  1 drivers
v0x903124aa0_0 .net "w_t06", 9 0, L_0x902cddfe0;  1 drivers
v0x903124b40_0 .net "w_t1", 7 0, L_0x9030ccf50;  1 drivers
v0x903124be0_0 .net "w_t15", 9 0, L_0x902cde080;  1 drivers
v0x903124c80_0 .net "w_t2", 7 0, L_0x9030ccfc0;  1 drivers
v0x903124d20_0 .net "w_t24", 9 0, L_0x902cde120;  1 drivers
v0x903124dc0_0 .net "w_t3", 7 0, L_0x9030cd030;  1 drivers
v0x903124e60_0 .net "w_t4", 7 0, L_0x9030cd0a0;  1 drivers
v0x903124f00_0 .net "w_t5", 7 0, L_0x9030cd110;  1 drivers
v0x903124fa0_0 .net "w_t6", 7 0, L_0x9030cd180;  1 drivers
L_0x9030b69e0 .concat [ 13 19 0 0], L_0x902ccc500, L_0x902878b08;
L_0x9030b6a80 .concat [ 13 19 0 0], v0x903123340_0, L_0x902878b98;
L_0x9030b6b20 .concat [ 13 19 0 0], L_0x902ccc500, L_0x902878d90;
L_0x9030b6bc0 .concat [ 13 19 0 0], v0x903123340_0, L_0x902878e20;
L_0x9030b6c60 .concat [ 13 19 0 0], L_0x902ccc500, L_0x902879018;
L_0x9030b6d00 .concat [ 13 19 0 0], v0x903123340_0, L_0x9028790a8;
L_0x9030b6da0 .concat [ 13 19 0 0], L_0x902ccc500, L_0x9028792a0;
L_0x9030b6e40 .concat [ 13 19 0 0], v0x903123340_0, L_0x902879330;
L_0x9030b6ee0 .concat [ 13 19 0 0], L_0x902ccc500, L_0x902879528;
L_0x9030b6f80 .concat [ 13 19 0 0], v0x903123340_0, L_0x9028795b8;
L_0x9030b7020 .concat [ 13 19 0 0], L_0x902ccc500, L_0x9028797b0;
L_0x9030b70c0 .concat [ 13 19 0 0], v0x903123340_0, L_0x902879840;
L_0x902cdcd20 .cmp/ge 3, v0x9031235c0_0, v0x903122bc0_0;
L_0x902cdcdc0 .arith/sub 3, v0x9031235c0_0, v0x903122bc0_0;
L_0x902cdce60 .arith/sub 3, v0x9031235c0_0, v0x903122bc0_0;
L_0x902cdcf00 .arith/sum 3, L_0x902cdce60, L_0x902879888;
L_0x902ccc460 .functor MUXZ 3, L_0x902cdcf00, L_0x902cdcdc0, L_0x902cdcd20, C4<>;
L_0x902cdcfa0 .cmp/eq 3, v0x903123520_0, L_0x9028798d0;
L_0x902cdd040 .arith/sub 3, v0x903123520_0, L_0x902879960;
L_0x902ccc5a0 .functor MUXZ 3, L_0x902cdd040, L_0x902879918, L_0x902cdcfa0, C4<>;
L_0x902cdd0e0 .cmp/eq 13, v0x903123340_0, L_0x9028799a8;
L_0x903127f20 .reduce/nor v0x903123020_0;
L_0x902ccc500 .functor MUXZ 13, v0x903123340_0, v0x9031241e0_0, v0x903122c60_0, C4<>;
L_0x902cdd180 .array/port v0x9031230c0, L_0x9030b7160;
L_0x9030b7160 .concat [ 3 1 0 0], L_0x902ccc460, L_0x9028799f0;
L_0x902ccc640 .functor MUXZ 8, v0x903122a80_0, L_0x902cdd180, v0x903122d00_0, C4<>;
L_0x902ccc6e0 .functor MUXZ 8, L_0x903127ac0, L_0x902ccc640, v0x903122c60_0, C4<>;
L_0x902cdd220 .cmp/ge 3, v0x9031235c0_0, L_0x902879a38;
L_0x902cdd2c0 .arith/sub 3, v0x9031235c0_0, L_0x902879a80;
L_0x902cdd360 .arith/sum 3, v0x9031235c0_0, L_0x902879ac8;
L_0x902ccc780 .functor MUXZ 3, L_0x902cdd360, L_0x902cdd2c0, L_0x902cdd220, C4<>;
L_0x902cdd400 .cmp/ge 3, v0x9031235c0_0, L_0x902879b10;
L_0x902cdd4a0 .arith/sub 3, v0x9031235c0_0, L_0x902879b58;
L_0x902cdd540 .arith/sum 3, v0x9031235c0_0, L_0x902879ba0;
L_0x902ccc820 .functor MUXZ 3, L_0x902cdd540, L_0x902cdd4a0, L_0x902cdd400, C4<>;
L_0x902cdd5e0 .cmp/ge 3, v0x9031235c0_0, L_0x902879be8;
L_0x902cdd680 .arith/sub 3, v0x9031235c0_0, L_0x902879c30;
L_0x902cdd720 .arith/sum 3, v0x9031235c0_0, L_0x902879c78;
L_0x902ccc8c0 .functor MUXZ 3, L_0x902cdd720, L_0x902cdd680, L_0x902cdd5e0, C4<>;
L_0x902cdd7c0 .cmp/ge 3, v0x9031235c0_0, L_0x902879cc0;
L_0x902cdd860 .arith/sub 3, v0x9031235c0_0, L_0x902879d08;
L_0x902cdd900 .arith/sum 3, v0x9031235c0_0, L_0x902879d50;
L_0x902ccc960 .functor MUXZ 3, L_0x902cdd900, L_0x902cdd860, L_0x902cdd7c0, C4<>;
L_0x902cdd9a0 .cmp/ge 3, v0x9031235c0_0, L_0x902879d98;
L_0x902cdda40 .arith/sub 3, v0x9031235c0_0, L_0x902879de0;
L_0x902cddae0 .arith/sum 3, v0x9031235c0_0, L_0x902879e28;
L_0x902ccca00 .functor MUXZ 3, L_0x902cddae0, L_0x902cdda40, L_0x902cdd9a0, C4<>;
L_0x902cddb80 .array/port v0x9031230c0, L_0x9030b7200;
L_0x9030b7200 .concat [ 3 1 0 0], L_0x902ccc780, L_0x902879e70;
L_0x902cddc20 .array/port v0x9031230c0, L_0x9030b72a0;
L_0x9030b72a0 .concat [ 3 1 0 0], L_0x902ccc820, L_0x902879eb8;
L_0x902cddcc0 .array/port v0x9031230c0, L_0x9030b7340;
L_0x9030b7340 .concat [ 3 1 0 0], L_0x902ccc8c0, L_0x902879f00;
L_0x902cddd60 .array/port v0x9031230c0, L_0x9030b73e0;
L_0x9030b73e0 .concat [ 3 1 0 0], L_0x902ccc960, L_0x902879f48;
L_0x902cdde00 .array/port v0x9031230c0, L_0x9030b7480;
L_0x9030b7480 .concat [ 3 1 0 0], L_0x902ccca00, L_0x902879f90;
L_0x902cddea0 .array/port v0x9031230c0, L_0x9030b7520;
L_0x9030b7520 .concat [ 3 1 0 0], v0x9031235c0_0, L_0x902879fd8;
L_0x902cddf40 .array/port v0x9031230c0, L_0x9030b75c0;
L_0x9030b75c0 .concat [ 3 1 0 0], L_0x902ccc460, L_0x90287a020;
L_0x902cccaa0 .functor MUXZ 8, v0x903122a80_0, L_0x902cddf40, v0x903122d00_0, C4<>;
L_0x902cccb40 .functor MUXZ 8, L_0x9030ccf50, v0x903122a80_0, v0x903124500_0, C4<>;
L_0x902cccbe0 .functor MUXZ 8, L_0x9030ccfc0, v0x903122a80_0, v0x903124500_0, C4<>;
L_0x902cccc80 .functor MUXZ 8, L_0x9030cd030, v0x903122a80_0, v0x903124500_0, C4<>;
L_0x902cccd20 .functor MUXZ 8, L_0x9030cd0a0, v0x903122a80_0, v0x903124500_0, C4<>;
L_0x902cccdc0 .functor MUXZ 8, L_0x9030cd110, v0x903122a80_0, v0x903124500_0, C4<>;
L_0x902ccce60 .functor MUXZ 8, L_0x9030cd180, v0x903122a80_0, v0x903124500_0, C4<>;
L_0x9030b7660 .concat [ 8 2 0 0], L_0x902cccaa0, L_0x90287a068;
L_0x9030b7700 .concat [ 8 2 0 0], L_0x902ccce60, L_0x90287a0b0;
L_0x902cddfe0 .arith/sum 10, L_0x9030b7660, L_0x9030b7700;
L_0x9030b77a0 .concat [ 8 2 0 0], L_0x902cccb40, L_0x90287a0f8;
L_0x9030b7840 .concat [ 8 2 0 0], L_0x902cccdc0, L_0x90287a140;
L_0x902cde080 .arith/sum 10, L_0x9030b77a0, L_0x9030b7840;
L_0x9030b78e0 .concat [ 8 2 0 0], L_0x902cccbe0, L_0x90287a188;
L_0x9030b7980 .concat [ 8 2 0 0], L_0x902cccd20, L_0x90287a1d0;
L_0x902cde120 .arith/sum 10, L_0x9030b78e0, L_0x9030b7980;
L_0x9030b7a20 .concat [ 10 1 0 0], L_0x902cddfe0, L_0x90287a218;
L_0x903130000 .part L_0x9030b7a20, 0, 10;
L_0x9030b7ac0 .concat [ 1 10 0 0], L_0x90287a260, L_0x903130000;
L_0x9030b7b60 .concat [ 10 3 0 0], L_0x902cde080, L_0x90287a2a8;
L_0x9031300a0 .part L_0x9030b7b60, 0, 10;
L_0x9030b7c00 .concat [ 3 10 0 0], L_0x90287a2f0, L_0x9031300a0;
L_0x9030b7ca0 .concat [ 10 3 0 0], L_0x902cde080, L_0x90287a338;
L_0x902cde1c0 .arith/sub 13, L_0x9030b7c00, L_0x9030b7ca0;
L_0x9030b7d40 .concat [ 10 4 0 0], L_0x902cde120, L_0x90287a380;
L_0x903130140 .part L_0x9030b7d40, 0, 10;
L_0x9030b7de0 .concat [ 4 10 0 0], L_0x90287a3c8, L_0x903130140;
L_0x9030b7e80 .concat [ 10 4 0 0], L_0x902cde120, L_0x90287a410;
L_0x9031301e0 .part L_0x9030b7e80, 0, 13;
L_0x9030b7f20 .concat [ 1 13 0 0], L_0x90287a458, L_0x9031301e0;
L_0x902cde260 .arith/sub 14, L_0x9030b7de0, L_0x9030b7f20;
L_0x903134000 .concat [ 8 6 0 0], L_0x902cccc80, L_0x90287a4a0;
L_0x903130280 .part L_0x903134000, 0, 10;
L_0x9031340a0 .concat [ 4 10 0 0], L_0x90287a4e8, L_0x903130280;
L_0x903134140 .concat [ 8 6 0 0], L_0x902cccc80, L_0x90287a530;
L_0x903130320 .part L_0x903134140, 0, 13;
L_0x9031341e0 .concat [ 1 13 0 0], L_0x90287a578, L_0x903130320;
L_0x902cde300 .arith/sum 14, L_0x9031340a0, L_0x9031341e0;
L_0x903134280 .concat [ 11 3 0 0], L_0x9030b7ac0, L_0x90287a5c0;
L_0x903134320 .concat [ 13 1 0 0], L_0x902cde1c0, L_0x90287a608;
L_0x902cde3a0 .arith/sum 14, L_0x903134280, L_0x903134320;
L_0x902cde440 .arith/sum 14, L_0x902cde3a0, L_0x902cde260;
L_0x902cde4e0 .arith/sum 14, L_0x902cde440, L_0x902cde300;
L_0x902cde580 .cmp/ge 13, v0x903123700_0, L_0x90287a650;
L_0x9031343c0 .concat [ 13 117 0 0], v0x903123700_0, L_0x90287a698;
L_0x902cde620 .cmp/gt 130, L_0x90287a6e0, L_0x9031343c0;
L_0x903134460 .concat [ 13 117 0 0], v0x903123480_0, L_0x90287a728;
L_0x902cde6c0 .cmp/gt 130, L_0x90287a770, L_0x903134460;
L_0x902cde760 .arith/sum 14, v0x9031238e0_0, L_0x90287a7b8;
L_0x9031303c0 .part L_0x902cde760, 6, 8;
L_0x903134500 .concat [ 8 6 0 0], L_0x9031303c0, L_0x90287a800;
L_0x903130460 .part L_0x903134500, 0, 8;
S_0x902cfc000 .scope generate, "gen_lb[0]" "gen_lb[0]" 6 154, 6 154 0, S_0x1011a6730;
 .timescale -9 -12;
P_0x902cf8040 .param/l "g" 1 6 154, +C4<00>;
L_0x902c22b50 .functor OR 1, L_0x902c22a70, v0x903122c60_0, C4<0>, C4<0>;
L_0x902c22bc0 .functor OR 1, L_0x902d14380, L_0x902c90fa0, C4<0>, C4<0>;
L_0x902c22c30 .functor OR 1, L_0x902c22bc0, L_0x902c90c80, C4<0>, C4<0>;
L_0x902c22ca0 .functor AND 1, L_0x902c22b50, L_0x902c22c30, C4<1>, C4<1>;
L_0x902c22d10 .functor AND 1, L_0x902d142a0, L_0x902c90d20, C4<1>, C4<1>;
L_0x902c22d80 .functor AND 1, L_0x902c22ca0, L_0x903127b60, C4<1>, C4<1>;
L_0x902c22df0 .functor AND 1, L_0x902d142a0, L_0x902c90a00, C4<1>, C4<1>;
L_0x902c22e60 .functor AND 1, L_0x902c22df0, L_0x902c90aa0, C4<1>, C4<1>;
L_0x902c22ed0 .functor OR 1, L_0x902c22d80, L_0x902c22e60, C4<0>, C4<0>;
v0x903111d60_0 .net *"_ivl_1", 0 0, L_0x902c22b50;  1 drivers
v0x903111e00_0 .net *"_ivl_10", 0 0, L_0x902c90c80;  1 drivers
v0x903111ea0_0 .net *"_ivl_13", 0 0, L_0x902c22c30;  1 drivers
v0x903111f40_0 .net *"_ivl_15", 0 0, L_0x902c22ca0;  1 drivers
L_0x9028789e8 .functor BUFT 1, C4<000>, C4<0>, C4<0>, C4<0>;
v0x903111fe0_0 .net/2u *"_ivl_16", 2 0, L_0x9028789e8;  1 drivers
v0x903112080_0 .net *"_ivl_18", 0 0, L_0x902c90d20;  1 drivers
L_0x902878958 .functor BUFT 1, C4<0000000000000>, C4<0>, C4<0>, C4<0>;
v0x903112120_0 .net/2u *"_ivl_2", 12 0, L_0x902878958;  1 drivers
v0x9031121c0_0 .net *"_ivl_21", 0 0, L_0x902c22d10;  1 drivers
v0x903112260_0 .net *"_ivl_23", 0 0, L_0x903127b60;  1 drivers
L_0x902878a30 .functor BUFT 1, C4<010>, C4<0>, C4<0>, C4<0>;
v0x903112300_0 .net/2u *"_ivl_26", 2 0, L_0x902878a30;  1 drivers
v0x9031123a0_0 .net *"_ivl_28", 0 0, L_0x902c90a00;  1 drivers
v0x903112440_0 .net *"_ivl_31", 0 0, L_0x902c22df0;  1 drivers
L_0x902878a78 .functor BUFT 1, C4<000>, C4<0>, C4<0>, C4<0>;
v0x9031124e0_0 .net/2u *"_ivl_32", 2 0, L_0x902878a78;  1 drivers
v0x903112580_0 .net *"_ivl_34", 0 0, L_0x902c90aa0;  1 drivers
v0x903112620_0 .net *"_ivl_4", 0 0, L_0x902c90fa0;  1 drivers
v0x9031126c0_0 .net *"_ivl_7", 0 0, L_0x902c22bc0;  1 drivers
L_0x9028789a0 .functor BUFT 1, C4<000>, C4<0>, C4<0>, C4<0>;
v0x903112760_0 .net/2u *"_ivl_8", 2 0, L_0x9028789a0;  1 drivers
v0x903112800_0 .net "w_we_late", 0 0, L_0x902c22e60;  1 drivers
v0x9031128a0_0 .net "w_we_norm", 0 0, L_0x902c22d80;  1 drivers
L_0x902c90fa0 .cmp/eq 13, v0x903123660_0, L_0x902878958;
L_0x902c90c80 .cmp/eq 3, v0x903123520_0, L_0x9028789a0;
L_0x902c90d20 .cmp/eq 3, v0x903123520_0, L_0x9028789e8;
L_0x903127b60 .reduce/nor L_0x902c22d10;
L_0x902c90a00 .cmp/ge 3, v0x903122b20_0, L_0x902878a30;
L_0x902c90aa0 .cmp/eq 3, L_0x902ccc5a0, L_0x902878a78;
S_0x902cfc180 .scope module, "u_lb" "xpm_memory_sdpram" 6 174, 7 16 0, S_0x902cfc000;
 .timescale -9 -12;
    .port_info 0 /INPUT 1 "clka";
    .port_info 1 /INPUT 1 "ena";
    .port_info 2 /INPUT 1 "wea";
    .port_info 3 /INPUT 32 "addra";
    .port_info 4 /INPUT 8 "dina";
    .port_info 5 /INPUT 1 "clkb";
    .port_info 6 /INPUT 1 "enb";
    .port_info 7 /INPUT 32 "addrb";
    .port_info 8 /OUTPUT 8 "doutb";
P_0x1011a68b0 .param/l "DEPTH" 1 7 35, +C4<000000000000000000000000000000000000000000000000000000000000000000000000000000000000000000000000000000000000000000000000000000000000000000000000000000000010000000>;
P_0x1011a68f0 .param/str "MEMORY_PRIMITIVE" 0 7 18, "auto";
P_0x1011a6930 .param/l "MEMORY_SIZE" 0 7 17, +C4<000000000000000000000000000000000000000000000000000000000000000000000000000000000000000000000000000000000000000000000000000000000000000000000000000000010000000000>;
P_0x1011a6970 .param/l "READ_DATA_WIDTH_B" 0 7 20, +C4<00000000000000000000000000001000>;
P_0x1011a69b0 .param/l "READ_LATENCY_B" 0 7 21, +C4<00000000000000000000000000000001>;
P_0x1011a69f0 .param/l "SIM_ASSERT_CHK" 0 7 23, +C4<00000000000000000000000000000000>;
P_0x1011a6a30 .param/l "WRITE_DATA_WIDTH_A" 0 7 19, +C4<00000000000000000000000000001000>;
P_0x1011a6a70 .param/str "WRITE_MODE_A" 0 7 22, "no_change";
v0x903111c20_0 .array/port v0x903111c20, 0;
L_0x9030cccb0 .functor BUFZ 8, v0x903111c20_0, C4<00000000>, C4<00000000>, C4<00000000>;
v0x903111540_0 .net "addra", 31 0, L_0x9030b69e0;  1 drivers
v0x9031115e0_0 .net "addrb", 31 0, L_0x9030b6a80;  1 drivers
v0x903111680_0 .net "clka", 0 0, v0x9031268a0_0;  alias, 1 drivers
v0x903111720_0 .net "clkb", 0 0, v0x9031268a0_0;  alias, 1 drivers
v0x9031117c0_0 .net "dina", 7 0, L_0x902ccc6e0;  alias, 1 drivers
v0x903111860_0 .net "doutb", 7 0, L_0x9030cccb0;  alias, 1 drivers
L_0x902878ac0 .functor BUFT 1, C4<1>, C4<0>, C4<0>, C4<0>;
v0x903111900_0 .net "ena", 0 0, L_0x902878ac0;  1 drivers
L_0x902878b50 .functor BUFT 1, C4<1>, C4<0>, C4<0>, C4<0>;
v0x9031119a0_0 .net "enb", 0 0, L_0x902878b50;  1 drivers
v0x903111a40_0 .var/i "i", 31 0;
v0x903111ae0_0 .var/i "k", 31 0;
v0x903111b80 .array "mem", 127 0, 7 0;
v0x903111c20 .array "pipe", 3 0, 7 0;
v0x903111cc0_0 .net "wea", 0 0, L_0x902c22ed0;  alias, 1 drivers
S_0x902cfc300 .scope generate, "gen_lb[1]" "gen_lb[1]" 6 154, 6 154 0, S_0x1011a6730;
 .timescale -9 -12;
P_0x902cf80c0 .param/l "g" 1 6 154, +C4<01>;
L_0x902c22f40 .functor OR 1, L_0x902c22a70, v0x903122c60_0, C4<0>, C4<0>;
L_0x902c22fb0 .functor OR 1, L_0x902d14380, L_0x902c906e0, C4<0>, C4<0>;
L_0x902c23020 .functor OR 1, L_0x902c22fb0, L_0x902c90780, C4<0>, C4<0>;
L_0x902c23090 .functor AND 1, L_0x902c22f40, L_0x902c23020, C4<1>, C4<1>;
L_0x902c23100 .functor AND 1, L_0x902d142a0, L_0x902c90820, C4<1>, C4<1>;
L_0x902c23170 .functor AND 1, L_0x902c23090, L_0x903127c00, C4<1>, C4<1>;
L_0x902c231e0 .functor AND 1, L_0x902d142a0, L_0x902c908c0, C4<1>, C4<1>;
L_0x902c23250 .functor AND 1, L_0x902c231e0, L_0x902cdc000, C4<1>, C4<1>;
L_0x902c232c0 .functor OR 1, L_0x902c23170, L_0x902c23250, C4<0>, C4<0>;
v0x903113160_0 .net *"_ivl_1", 0 0, L_0x902c22f40;  1 drivers
v0x903113200_0 .net *"_ivl_10", 0 0, L_0x902c90780;  1 drivers
v0x9031132a0_0 .net *"_ivl_13", 0 0, L_0x902c23020;  1 drivers
v0x903113340_0 .net *"_ivl_15", 0 0, L_0x902c23090;  1 drivers
L_0x902878c70 .functor BUFT 1, C4<001>, C4<0>, C4<0>, C4<0>;
v0x9031133e0_0 .net/2u *"_ivl_16", 2 0, L_0x902878c70;  1 drivers
v0x903113480_0 .net *"_ivl_18", 0 0, L_0x902c90820;  1 drivers
L_0x902878be0 .functor BUFT 1, C4<0000000000000>, C4<0>, C4<0>, C4<0>;
v0x903113520_0 .net/2u *"_ivl_2", 12 0, L_0x902878be0;  1 drivers
v0x9031135c0_0 .net *"_ivl_21", 0 0, L_0x902c23100;  1 drivers
v0x903113660_0 .net *"_ivl_23", 0 0, L_0x903127c00;  1 drivers
L_0x902878cb8 .functor BUFT 1, C4<010>, C4<0>, C4<0>, C4<0>;
v0x903113700_0 .net/2u *"_ivl_26", 2 0, L_0x902878cb8;  1 drivers
v0x9031137a0_0 .net *"_ivl_28", 0 0, L_0x902c908c0;  1 drivers
v0x903113840_0 .net *"_ivl_31", 0 0, L_0x902c231e0;  1 drivers
L_0x902878d00 .functor BUFT 1, C4<001>, C4<0>, C4<0>, C4<0>;
v0x9031138e0_0 .net/2u *"_ivl_32", 2 0, L_0x902878d00;  1 drivers
v0x903113980_0 .net *"_ivl_34", 0 0, L_0x902cdc000;  1 drivers
v0x903113a20_0 .net *"_ivl_4", 0 0, L_0x902c906e0;  1 drivers
v0x903113ac0_0 .net *"_ivl_7", 0 0, L_0x902c22fb0;  1 drivers
L_0x902878c28 .functor BUFT 1, C4<001>, C4<0>, C4<0>, C4<0>;
v0x903113b60_0 .net/2u *"_ivl_8", 2 0, L_0x902878c28;  1 drivers
v0x903113c00_0 .net "w_we_late", 0 0, L_0x902c23250;  1 drivers
v0x903113ca0_0 .net "w_we_norm", 0 0, L_0x902c23170;  1 drivers
L_0x902c906e0 .cmp/eq 13, v0x903123660_0, L_0x902878be0;
L_0x902c90780 .cmp/eq 3, v0x903123520_0, L_0x902878c28;
L_0x902c90820 .cmp/eq 3, v0x903123520_0, L_0x902878c70;
L_0x903127c00 .reduce/nor L_0x902c23100;
L_0x902c908c0 .cmp/ge 3, v0x903122b20_0, L_0x902878cb8;
L_0x902cdc000 .cmp/eq 3, L_0x902ccc5a0, L_0x902878d00;
S_0x902cfc480 .scope module, "u_lb" "xpm_memory_sdpram" 6 174, 7 16 0, S_0x902cfc300;
 .timescale -9 -12;
    .port_info 0 /INPUT 1 "clka";
    .port_info 1 /INPUT 1 "ena";
    .port_info 2 /INPUT 1 "wea";
    .port_info 3 /INPUT 32 "addra";
    .port_info 4 /INPUT 8 "dina";
    .port_info 5 /INPUT 1 "clkb";
    .port_info 6 /INPUT 1 "enb";
    .port_info 7 /INPUT 32 "addrb";
    .port_info 8 /OUTPUT 8 "doutb";
P_0x1011a75b0 .param/l "DEPTH" 1 7 35, +C4<000000000000000000000000000000000000000000000000000000000000000000000000000000000000000000000000000000000000000000000000000000000000000000000000000000000010000000>;
P_0x1011a75f0 .param/str "MEMORY_PRIMITIVE" 0 7 18, "auto";
P_0x1011a7630 .param/l "MEMORY_SIZE" 0 7 17, +C4<000000000000000000000000000000000000000000000000000000000000000000000000000000000000000000000000000000000000000000000000000000000000000000000000000000010000000000>;
P_0x1011a7670 .param/l "READ_DATA_WIDTH_B" 0 7 20, +C4<00000000000000000000000000001000>;
P_0x1011a76b0 .param/l "READ_LATENCY_B" 0 7 21, +C4<00000000000000000000000000000001>;
P_0x1011a76f0 .param/l "SIM_ASSERT_CHK" 0 7 23, +C4<00000000000000000000000000000000>;
P_0x1011a7730 .param/l "WRITE_DATA_WIDTH_A" 0 7 19, +C4<00000000000000000000000000001000>;
P_0x1011a7770 .param/str "WRITE_MODE_A" 0 7 22, "no_change";
v0x903113020_0 .array/port v0x903113020, 0;
L_0x9030ccd20 .functor BUFZ 8, v0x903113020_0, C4<00000000>, C4<00000000>, C4<00000000>;
v0x903112940_0 .net "addra", 31 0, L_0x9030b6b20;  1 drivers
v0x9031129e0_0 .net "addrb", 31 0, L_0x9030b6bc0;  1 drivers
v0x903112a80_0 .net "clka", 0 0, v0x9031268a0_0;  alias, 1 drivers
v0x903112b20_0 .net "clkb", 0 0, v0x9031268a0_0;  alias, 1 drivers
v0x903112bc0_0 .net "dina", 7 0, L_0x902ccc6e0;  alias, 1 drivers
v0x903112c60_0 .net "doutb", 7 0, L_0x9030ccd20;  alias, 1 drivers
L_0x902878d48 .functor BUFT 1, C4<1>, C4<0>, C4<0>, C4<0>;
v0x903112d00_0 .net "ena", 0 0, L_0x902878d48;  1 drivers
L_0x902878dd8 .functor BUFT 1, C4<1>, C4<0>, C4<0>, C4<0>;
v0x903112da0_0 .net "enb", 0 0, L_0x902878dd8;  1 drivers
v0x903112e40_0 .var/i "i", 31 0;
v0x903112ee0_0 .var/i "k", 31 0;
v0x903112f80 .array "mem", 127 0, 7 0;
v0x903113020 .array "pipe", 3 0, 7 0;
v0x9031130c0_0 .net "wea", 0 0, L_0x902c232c0;  alias, 1 drivers
S_0x902cfc600 .scope generate, "gen_lb[2]" "gen_lb[2]" 6 154, 6 154 0, S_0x1011a6730;
 .timescale -9 -12;
P_0x902cf8080 .param/l "g" 1 6 154, +C4<010>;
L_0x902c23330 .functor OR 1, L_0x902c22a70, v0x903122c60_0, C4<0>, C4<0>;
L_0x902c233a0 .functor OR 1, L_0x902d14380, L_0x902cdc0a0, C4<0>, C4<0>;
L_0x902c23410 .functor OR 1, L_0x902c233a0, L_0x902cdc140, C4<0>, C4<0>;
L_0x902c23480 .functor AND 1, L_0x902c23330, L_0x902c23410, C4<1>, C4<1>;
L_0x902c234f0 .functor AND 1, L_0x902d142a0, L_0x902cdc1e0, C4<1>, C4<1>;
L_0x902c23560 .functor AND 1, L_0x902c23480, L_0x903127ca0, C4<1>, C4<1>;
L_0x902c235d0 .functor AND 1, L_0x902d142a0, L_0x902cdc280, C4<1>, C4<1>;
L_0x902c23640 .functor AND 1, L_0x902c235d0, L_0x902cdc320, C4<1>, C4<1>;
L_0x902c236b0 .functor OR 1, L_0x902c23560, L_0x902c23640, C4<0>, C4<0>;
v0x9031145a0_0 .net *"_ivl_1", 0 0, L_0x902c23330;  1 drivers
v0x903114640_0 .net *"_ivl_10", 0 0, L_0x902cdc140;  1 drivers
v0x9031146e0_0 .net *"_ivl_13", 0 0, L_0x902c23410;  1 drivers
v0x903114780_0 .net *"_ivl_15", 0 0, L_0x902c23480;  1 drivers
L_0x902878ef8 .functor BUFT 1, C4<010>, C4<0>, C4<0>, C4<0>;
v0x903114820_0 .net/2u *"_ivl_16", 2 0, L_0x902878ef8;  1 drivers
v0x9031148c0_0 .net *"_ivl_18", 0 0, L_0x902cdc1e0;  1 drivers
L_0x902878e68 .functor BUFT 1, C4<0000000000000>, C4<0>, C4<0>, C4<0>;
v0x903114960_0 .net/2u *"_ivl_2", 12 0, L_0x902878e68;  1 drivers
v0x903114a00_0 .net *"_ivl_21", 0 0, L_0x902c234f0;  1 drivers
v0x903114aa0_0 .net *"_ivl_23", 0 0, L_0x903127ca0;  1 drivers
L_0x902878f40 .functor BUFT 1, C4<010>, C4<0>, C4<0>, C4<0>;
v0x903114b40_0 .net/2u *"_ivl_26", 2 0, L_0x902878f40;  1 drivers
v0x903114be0_0 .net *"_ivl_28", 0 0, L_0x902cdc280;  1 drivers
v0x903114c80_0 .net *"_ivl_31", 0 0, L_0x902c235d0;  1 drivers
L_0x902878f88 .functor BUFT 1, C4<010>, C4<0>, C4<0>, C4<0>;
v0x903114d20_0 .net/2u *"_ivl_32", 2 0, L_0x902878f88;  1 drivers
v0x903114dc0_0 .net *"_ivl_34", 0 0, L_0x902cdc320;  1 drivers
v0x903114e60_0 .net *"_ivl_4", 0 0, L_0x902cdc0a0;  1 drivers
v0x903114f00_0 .net *"_ivl_7", 0 0, L_0x902c233a0;  1 drivers
L_0x902878eb0 .functor BUFT 1, C4<010>, C4<0>, C4<0>, C4<0>;
v0x903114fa0_0 .net/2u *"_ivl_8", 2 0, L_0x902878eb0;  1 drivers
v0x903115040_0 .net "w_we_late", 0 0, L_0x902c23640;  1 drivers
v0x9031150e0_0 .net "w_we_norm", 0 0, L_0x902c23560;  1 drivers
L_0x902cdc0a0 .cmp/eq 13, v0x903123660_0, L_0x902878e68;
L_0x902cdc140 .cmp/eq 3, v0x903123520_0, L_0x902878eb0;
L_0x902cdc1e0 .cmp/eq 3, v0x903123520_0, L_0x902878ef8;
L_0x903127ca0 .reduce/nor L_0x902c234f0;
L_0x902cdc280 .cmp/ge 3, v0x903122b20_0, L_0x902878f40;
L_0x902cdc320 .cmp/eq 3, L_0x902ccc5a0, L_0x902878f88;
S_0x902cfc780 .scope module, "u_lb" "xpm_memory_sdpram" 6 174, 7 16 0, S_0x902cfc600;
 .timescale -9 -12;
    .port_info 0 /INPUT 1 "clka";
    .port_info 1 /INPUT 1 "ena";
    .port_info 2 /INPUT 1 "wea";
    .port_info 3 /INPUT 32 "addra";
    .port_info 4 /INPUT 8 "dina";
    .port_info 5 /INPUT 1 "clkb";
    .port_info 6 /INPUT 1 "enb";
    .port_info 7 /INPUT 32 "addrb";
    .port_info 8 /OUTPUT 8 "doutb";
P_0x1011a77b0 .param/l "DEPTH" 1 7 35, +C4<000000000000000000000000000000000000000000000000000000000000000000000000000000000000000000000000000000000000000000000000000000000000000000000000000000000010000000>;
P_0x1011a77f0 .param/str "MEMORY_PRIMITIVE" 0 7 18, "auto";
P_0x1011a7830 .param/l "MEMORY_SIZE" 0 7 17, +C4<000000000000000000000000000000000000000000000000000000000000000000000000000000000000000000000000000000000000000000000000000000000000000000000000000000010000000000>;
P_0x1011a7870 .param/l "READ_DATA_WIDTH_B" 0 7 20, +C4<00000000000000000000000000001000>;
P_0x1011a78b0 .param/l "READ_LATENCY_B" 0 7 21, +C4<00000000000000000000000000000001>;
P_0x1011a78f0 .param/l "SIM_ASSERT_CHK" 0 7 23, +C4<00000000000000000000000000000000>;
P_0x1011a7930 .param/l "WRITE_DATA_WIDTH_A" 0 7 19, +C4<00000000000000000000000000001000>;
P_0x1011a7970 .param/str "WRITE_MODE_A" 0 7 22, "no_change";
v0x903114460_0 .array/port v0x903114460, 0;
L_0x9030ccd90 .functor BUFZ 8, v0x903114460_0, C4<00000000>, C4<00000000>, C4<00000000>;
v0x903113d40_0 .net "addra", 31 0, L_0x9030b6c60;  1 drivers
v0x903113de0_0 .net "addrb", 31 0, L_0x9030b6d00;  1 drivers
v0x903113e80_0 .net "clka", 0 0, v0x9031268a0_0;  alias, 1 drivers
v0x903113f20_0 .net "clkb", 0 0, v0x9031268a0_0;  alias, 1 drivers
v0x903114000_0 .net "dina", 7 0, L_0x902ccc6e0;  alias, 1 drivers
v0x9031140a0_0 .net "doutb", 7 0, L_0x9030ccd90;  alias, 1 drivers
L_0x902878fd0 .functor BUFT 1, C4<1>, C4<0>, C4<0>, C4<0>;
v0x903114140_0 .net "ena", 0 0, L_0x902878fd0;  1 drivers
L_0x902879060 .functor BUFT 1, C4<1>, C4<0>, C4<0>, C4<0>;
v0x9031141e0_0 .net "enb", 0 0, L_0x902879060;  1 drivers
v0x903114280_0 .var/i "i", 31 0;
v0x903114320_0 .var/i "k", 31 0;
v0x9031143c0 .array "mem", 127 0, 7 0;
v0x903114460 .array "pipe", 3 0, 7 0;
v0x903114500_0 .net "wea", 0 0, L_0x902c236b0;  alias, 1 drivers
S_0x902cfc900 .scope generate, "gen_lb[3]" "gen_lb[3]" 6 154, 6 154 0, S_0x1011a6730;
 .timescale -9 -12;
P_0x902cf8140 .param/l "g" 1 6 154, +C4<011>;
L_0x902c23720 .functor OR 1, L_0x902c22a70, v0x903122c60_0, C4<0>, C4<0>;
L_0x902c23790 .functor OR 1, L_0x902d14380, L_0x902cdc3c0, C4<0>, C4<0>;
L_0x902c23800 .functor OR 1, L_0x902c23790, L_0x902cdc460, C4<0>, C4<0>;
L_0x902c23870 .functor AND 1, L_0x902c23720, L_0x902c23800, C4<1>, C4<1>;
L_0x902c238e0 .functor AND 1, L_0x902d142a0, L_0x902cdc500, C4<1>, C4<1>;
L_0x902c23950 .functor AND 1, L_0x902c23870, L_0x903127d40, C4<1>, C4<1>;
L_0x902c239c0 .functor AND 1, L_0x902d142a0, L_0x902cdc5a0, C4<1>, C4<1>;
L_0x902c23a30 .functor AND 1, L_0x902c239c0, L_0x902cdc640, C4<1>, C4<1>;
L_0x902c23aa0 .functor OR 1, L_0x902c23950, L_0x902c23a30, C4<0>, C4<0>;
v0x9031159a0_0 .net *"_ivl_1", 0 0, L_0x902c23720;  1 drivers
v0x903115a40_0 .net *"_ivl_10", 0 0, L_0x902cdc460;  1 drivers
v0x903115ae0_0 .net *"_ivl_13", 0 0, L_0x902c23800;  1 drivers
v0x903115b80_0 .net *"_ivl_15", 0 0, L_0x902c23870;  1 drivers
L_0x902879180 .functor BUFT 1, C4<011>, C4<0>, C4<0>, C4<0>;
v0x903115c20_0 .net/2u *"_ivl_16", 2 0, L_0x902879180;  1 drivers
v0x903115cc0_0 .net *"_ivl_18", 0 0, L_0x902cdc500;  1 drivers
L_0x9028790f0 .functor BUFT 1, C4<0000000000000>, C4<0>, C4<0>, C4<0>;
v0x903115d60_0 .net/2u *"_ivl_2", 12 0, L_0x9028790f0;  1 drivers
v0x903115e00_0 .net *"_ivl_21", 0 0, L_0x902c238e0;  1 drivers
v0x903115ea0_0 .net *"_ivl_23", 0 0, L_0x903127d40;  1 drivers
L_0x9028791c8 .functor BUFT 1, C4<010>, C4<0>, C4<0>, C4<0>;
v0x903115f40_0 .net/2u *"_ivl_26", 2 0, L_0x9028791c8;  1 drivers
v0x903115fe0_0 .net *"_ivl_28", 0 0, L_0x902cdc5a0;  1 drivers
v0x903116080_0 .net *"_ivl_31", 0 0, L_0x902c239c0;  1 drivers
L_0x902879210 .functor BUFT 1, C4<011>, C4<0>, C4<0>, C4<0>;
v0x903116120_0 .net/2u *"_ivl_32", 2 0, L_0x902879210;  1 drivers
v0x9031161c0_0 .net *"_ivl_34", 0 0, L_0x902cdc640;  1 drivers
v0x903116260_0 .net *"_ivl_4", 0 0, L_0x902cdc3c0;  1 drivers
v0x903116300_0 .net *"_ivl_7", 0 0, L_0x902c23790;  1 drivers
L_0x902879138 .functor BUFT 1, C4<011>, C4<0>, C4<0>, C4<0>;
v0x9031163a0_0 .net/2u *"_ivl_8", 2 0, L_0x902879138;  1 drivers
v0x903116440_0 .net "w_we_late", 0 0, L_0x902c23a30;  1 drivers
v0x9031164e0_0 .net "w_we_norm", 0 0, L_0x902c23950;  1 drivers
L_0x902cdc3c0 .cmp/eq 13, v0x903123660_0, L_0x9028790f0;
L_0x902cdc460 .cmp/eq 3, v0x903123520_0, L_0x902879138;
L_0x902cdc500 .cmp/eq 3, v0x903123520_0, L_0x902879180;
L_0x903127d40 .reduce/nor L_0x902c238e0;
L_0x902cdc5a0 .cmp/ge 3, v0x903122b20_0, L_0x9028791c8;
L_0x902cdc640 .cmp/eq 3, L_0x902ccc5a0, L_0x902879210;
S_0x902cfca80 .scope module, "u_lb" "xpm_memory_sdpram" 6 174, 7 16 0, S_0x902cfc900;
 .timescale -9 -12;
    .port_info 0 /INPUT 1 "clka";
    .port_info 1 /INPUT 1 "ena";
    .port_info 2 /INPUT 1 "wea";
    .port_info 3 /INPUT 32 "addra";
    .port_info 4 /INPUT 8 "dina";
    .port_info 5 /INPUT 1 "clkb";
    .port_info 6 /INPUT 1 "enb";
    .port_info 7 /INPUT 32 "addrb";
    .port_info 8 /OUTPUT 8 "doutb";
P_0x903118000 .param/l "DEPTH" 1 7 35, +C4<000000000000000000000000000000000000000000000000000000000000000000000000000000000000000000000000000000000000000000000000000000000000000000000000000000000010000000>;
P_0x903118040 .param/str "MEMORY_PRIMITIVE" 0 7 18, "auto";
P_0x903118080 .param/l "MEMORY_SIZE" 0 7 17, +C4<000000000000000000000000000000000000000000000000000000000000000000000000000000000000000000000000000000000000000000000000000000000000000000000000000000010000000000>;
P_0x9031180c0 .param/l "READ_DATA_WIDTH_B" 0 7 20, +C4<00000000000000000000000000001000>;
P_0x903118100 .param/l "READ_LATENCY_B" 0 7 21, +C4<00000000000000000000000000000001>;
P_0x903118140 .param/l "SIM_ASSERT_CHK" 0 7 23, +C4<00000000000000000000000000000000>;
P_0x903118180 .param/l "WRITE_DATA_WIDTH_A" 0 7 19, +C4<00000000000000000000000000001000>;
P_0x9031181c0 .param/str "WRITE_MODE_A" 0 7 22, "no_change";
v0x903115860_0 .array/port v0x903115860, 0;
L_0x9030cce00 .functor BUFZ 8, v0x903115860_0, C4<00000000>, C4<00000000>, C4<00000000>;
v0x903115180_0 .net "addra", 31 0, L_0x9030b6da0;  1 drivers
v0x903115220_0 .net "addrb", 31 0, L_0x9030b6e40;  1 drivers
v0x9031152c0_0 .net "clka", 0 0, v0x9031268a0_0;  alias, 1 drivers
v0x903115360_0 .net "clkb", 0 0, v0x9031268a0_0;  alias, 1 drivers
v0x903115400_0 .net "dina", 7 0, L_0x902ccc6e0;  alias, 1 drivers
v0x9031154a0_0 .net "doutb", 7 0, L_0x9030cce00;  alias, 1 drivers
L_0x902879258 .functor BUFT 1, C4<1>, C4<0>, C4<0>, C4<0>;
v0x903115540_0 .net "ena", 0 0, L_0x902879258;  1 drivers
L_0x9028792e8 .functor BUFT 1, C4<1>, C4<0>, C4<0>, C4<0>;
v0x9031155e0_0 .net "enb", 0 0, L_0x9028792e8;  1 drivers
v0x903115680_0 .var/i "i", 31 0;
v0x903115720_0 .var/i "k", 31 0;
v0x9031157c0 .array "mem", 127 0, 7 0;
v0x903115860 .array "pipe", 3 0, 7 0;
v0x903115900_0 .net "wea", 0 0, L_0x902c23aa0;  alias, 1 drivers
S_0x902cfcc00 .scope generate, "gen_lb[4]" "gen_lb[4]" 6 154, 6 154 0, S_0x1011a6730;
 .timescale -9 -12;
P_0x902cf8180 .param/l "g" 1 6 154, +C4<0100>;
L_0x902c23b10 .functor OR 1, L_0x902c22a70, v0x903122c60_0, C4<0>, C4<0>;
L_0x902c23b80 .functor OR 1, L_0x902d14380, L_0x902cdc6e0, C4<0>, C4<0>;
L_0x902c23bf0 .functor OR 1, L_0x902c23b80, L_0x902cdc780, C4<0>, C4<0>;
L_0x902c23c60 .functor AND 1, L_0x902c23b10, L_0x902c23bf0, C4<1>, C4<1>;
L_0x902c23cd0 .functor AND 1, L_0x902d142a0, L_0x902cdc820, C4<1>, C4<1>;
L_0x902c23d40 .functor AND 1, L_0x902c23c60, L_0x903127de0, C4<1>, C4<1>;
L_0x902c23db0 .functor AND 1, L_0x902d142a0, L_0x902cdc8c0, C4<1>, C4<1>;
L_0x902c23e20 .functor AND 1, L_0x902c23db0, L_0x902cdc960, C4<1>, C4<1>;
L_0x902c23e90 .functor OR 1, L_0x902c23d40, L_0x902c23e20, C4<0>, C4<0>;
v0x903116da0_0 .net *"_ivl_1", 0 0, L_0x902c23b10;  1 drivers
v0x903116e40_0 .net *"_ivl_10", 0 0, L_0x902cdc780;  1 drivers
v0x903116ee0_0 .net *"_ivl_13", 0 0, L_0x902c23bf0;  1 drivers
v0x903116f80_0 .net *"_ivl_15", 0 0, L_0x902c23c60;  1 drivers
L_0x902879408 .functor BUFT 1, C4<100>, C4<0>, C4<0>, C4<0>;
v0x903117020_0 .net/2u *"_ivl_16", 2 0, L_0x902879408;  1 drivers
v0x9031170c0_0 .net *"_ivl_18", 0 0, L_0x902cdc820;  1 drivers
L_0x902879378 .functor BUFT 1, C4<0000000000000>, C4<0>, C4<0>, C4<0>;
v0x903117160_0 .net/2u *"_ivl_2", 12 0, L_0x902879378;  1 drivers
v0x903117200_0 .net *"_ivl_21", 0 0, L_0x902c23cd0;  1 drivers
v0x9031172a0_0 .net *"_ivl_23", 0 0, L_0x903127de0;  1 drivers
L_0x902879450 .functor BUFT 1, C4<010>, C4<0>, C4<0>, C4<0>;
v0x903117340_0 .net/2u *"_ivl_26", 2 0, L_0x902879450;  1 drivers
v0x9031173e0_0 .net *"_ivl_28", 0 0, L_0x902cdc8c0;  1 drivers
v0x903117480_0 .net *"_ivl_31", 0 0, L_0x902c23db0;  1 drivers
L_0x902879498 .functor BUFT 1, C4<100>, C4<0>, C4<0>, C4<0>;
v0x903117520_0 .net/2u *"_ivl_32", 2 0, L_0x902879498;  1 drivers
v0x9031175c0_0 .net *"_ivl_34", 0 0, L_0x902cdc960;  1 drivers
v0x903117660_0 .net *"_ivl_4", 0 0, L_0x902cdc6e0;  1 drivers
v0x903117700_0 .net *"_ivl_7", 0 0, L_0x902c23b80;  1 drivers
L_0x9028793c0 .functor BUFT 1, C4<100>, C4<0>, C4<0>, C4<0>;
v0x9031177a0_0 .net/2u *"_ivl_8", 2 0, L_0x9028793c0;  1 drivers
v0x903117840_0 .net "w_we_late", 0 0, L_0x902c23e20;  1 drivers
v0x9031178e0_0 .net "w_we_norm", 0 0, L_0x902c23d40;  1 drivers
L_0x902cdc6e0 .cmp/eq 13, v0x903123660_0, L_0x902879378;
L_0x902cdc780 .cmp/eq 3, v0x903123520_0, L_0x9028793c0;
L_0x902cdc820 .cmp/eq 3, v0x903123520_0, L_0x902879408;
L_0x903127de0 .reduce/nor L_0x902c23cd0;
L_0x902cdc8c0 .cmp/ge 3, v0x903122b20_0, L_0x902879450;
L_0x902cdc960 .cmp/eq 3, L_0x902ccc5a0, L_0x902879498;
S_0x902cfcd80 .scope module, "u_lb" "xpm_memory_sdpram" 6 174, 7 16 0, S_0x902cfcc00;
 .timescale -9 -12;
    .port_info 0 /INPUT 1 "clka";
    .port_info 1 /INPUT 1 "ena";
    .port_info 2 /INPUT 1 "wea";
    .port_info 3 /INPUT 32 "addra";
    .port_info 4 /INPUT 8 "dina";
    .port_info 5 /INPUT 1 "clkb";
    .port_info 6 /INPUT 1 "enb";
    .port_info 7 /INPUT 32 "addrb";
    .port_info 8 /OUTPUT 8 "doutb";
P_0x903118200 .param/l "DEPTH" 1 7 35, +C4<000000000000000000000000000000000000000000000000000000000000000000000000000000000000000000000000000000000000000000000000000000000000000000000000000000000010000000>;
P_0x903118240 .param/str "MEMORY_PRIMITIVE" 0 7 18, "auto";
P_0x903118280 .param/l "MEMORY_SIZE" 0 7 17, +C4<000000000000000000000000000000000000000000000000000000000000000000000000000000000000000000000000000000000000000000000000000000000000000000000000000000010000000000>;
P_0x9031182c0 .param/l "READ_DATA_WIDTH_B" 0 7 20, +C4<00000000000000000000000000001000>;
P_0x903118300 .param/l "READ_LATENCY_B" 0 7 21, +C4<00000000000000000000000000000001>;
P_0x903118340 .param/l "SIM_ASSERT_CHK" 0 7 23, +C4<00000000000000000000000000000000>;
P_0x903118380 .param/l "WRITE_DATA_WIDTH_A" 0 7 19, +C4<00000000000000000000000000001000>;
P_0x9031183c0 .param/str "WRITE_MODE_A" 0 7 22, "no_change";
v0x903116c60_0 .array/port v0x903116c60, 0;
L_0x9030cce70 .functor BUFZ 8, v0x903116c60_0, C4<00000000>, C4<00000000>, C4<00000000>;
v0x903116580_0 .net "addra", 31 0, L_0x9030b6ee0;  1 drivers
v0x903116620_0 .net "addrb", 31 0, L_0x9030b6f80;  1 drivers
v0x9031166c0_0 .net "clka", 0 0, v0x9031268a0_0;  alias, 1 drivers
v0x903116760_0 .net "clkb", 0 0, v0x9031268a0_0;  alias, 1 drivers
v0x903116800_0 .net "dina", 7 0, L_0x902ccc6e0;  alias, 1 drivers
v0x9031168a0_0 .net "doutb", 7 0, L_0x9030cce70;  alias, 1 drivers
L_0x9028794e0 .functor BUFT 1, C4<1>, C4<0>, C4<0>, C4<0>;
v0x903116940_0 .net "ena", 0 0, L_0x9028794e0;  1 drivers
L_0x902879570 .functor BUFT 1, C4<1>, C4<0>, C4<0>, C4<0>;
v0x9031169e0_0 .net "enb", 0 0, L_0x902879570;  1 drivers
v0x903116a80_0 .var/i "i", 31 0;
v0x903116b20_0 .var/i "k", 31 0;
v0x903116bc0 .array "mem", 127 0, 7 0;
v0x903116c60 .array "pipe", 3 0, 7 0;
v0x903116d00_0 .net "wea", 0 0, L_0x902c23e90;  alias, 1 drivers
S_0x902cfcf00 .scope generate, "gen_lb[5]" "gen_lb[5]" 6 154, 6 154 0, S_0x1011a6730;
 .timescale -9 -12;
P_0x902cf8100 .param/l "g" 1 6 154, +C4<0101>;
L_0x902c23f00 .functor OR 1, L_0x902c22a70, v0x903122c60_0, C4<0>, C4<0>;
L_0x902c23f70 .functor OR 1, L_0x902d14380, L_0x902cdca00, C4<0>, C4<0>;
L_0x902d10000 .functor OR 1, L_0x902c23f70, L_0x902cdcaa0, C4<0>, C4<0>;
L_0x902d14000 .functor AND 1, L_0x902c23f00, L_0x902d10000, C4<1>, C4<1>;
L_0x902d14070 .functor AND 1, L_0x902d142a0, L_0x902cdcb40, C4<1>, C4<1>;
L_0x902d140e0 .functor AND 1, L_0x902d14000, L_0x903127e80, C4<1>, C4<1>;
L_0x902d14150 .functor AND 1, L_0x902d142a0, L_0x902cdcbe0, C4<1>, C4<1>;
L_0x902d141c0 .functor AND 1, L_0x902d14150, L_0x902cdcc80, C4<1>, C4<1>;
L_0x902d14230 .functor OR 1, L_0x902d140e0, L_0x902d141c0, C4<0>, C4<0>;
v0x90311c1e0_0 .net *"_ivl_1", 0 0, L_0x902c23f00;  1 drivers
v0x90311c280_0 .net *"_ivl_10", 0 0, L_0x902cdcaa0;  1 drivers
v0x90311c320_0 .net *"_ivl_13", 0 0, L_0x902d10000;  1 drivers
v0x90311c3c0_0 .net *"_ivl_15", 0 0, L_0x902d14000;  1 drivers
L_0x902879690 .functor BUFT 1, C4<101>, C4<0>, C4<0>, C4<0>;
v0x90311c460_0 .net/2u *"_ivl_16", 2 0, L_0x902879690;  1 drivers
v0x90311c500_0 .net *"_ivl_18", 0 0, L_0x902cdcb40;  1 drivers
L_0x902879600 .functor BUFT 1, C4<0000000000000>, C4<0>, C4<0>, C4<0>;
v0x90311c5a0_0 .net/2u *"_ivl_2", 12 0, L_0x902879600;  1 drivers
v0x90311c640_0 .net *"_ivl_21", 0 0, L_0x902d14070;  1 drivers
v0x90311c6e0_0 .net *"_ivl_23", 0 0, L_0x903127e80;  1 drivers
L_0x9028796d8 .functor BUFT 1, C4<010>, C4<0>, C4<0>, C4<0>;
v0x90311c780_0 .net/2u *"_ivl_26", 2 0, L_0x9028796d8;  1 drivers
v0x90311c820_0 .net *"_ivl_28", 0 0, L_0x902cdcbe0;  1 drivers
v0x90311c8c0_0 .net *"_ivl_31", 0 0, L_0x902d14150;  1 drivers
L_0x902879720 .functor BUFT 1, C4<101>, C4<0>, C4<0>, C4<0>;
v0x90311c960_0 .net/2u *"_ivl_32", 2 0, L_0x902879720;  1 drivers
v0x90311ca00_0 .net *"_ivl_34", 0 0, L_0x902cdcc80;  1 drivers
v0x90311caa0_0 .net *"_ivl_4", 0 0, L_0x902cdca00;  1 drivers
v0x90311cb40_0 .net *"_ivl_7", 0 0, L_0x902c23f70;  1 drivers
L_0x902879648 .functor BUFT 1, C4<101>, C4<0>, C4<0>, C4<0>;
v0x90311cbe0_0 .net/2u *"_ivl_8", 2 0, L_0x902879648;  1 drivers
v0x90311cc80_0 .net "w_we_late", 0 0, L_0x902d141c0;  1 drivers
v0x90311cd20_0 .net "w_we_norm", 0 0, L_0x902d140e0;  1 drivers
L_0x902cdca00 .cmp/eq 13, v0x903123660_0, L_0x902879600;
L_0x902cdcaa0 .cmp/eq 3, v0x903123520_0, L_0x902879648;
L_0x902cdcb40 .cmp/eq 3, v0x903123520_0, L_0x902879690;
L_0x903127e80 .reduce/nor L_0x902d14070;
L_0x902cdcbe0 .cmp/ge 3, v0x903122b20_0, L_0x9028796d8;
L_0x902cdcc80 .cmp/eq 3, L_0x902ccc5a0, L_0x902879720;
S_0x902cfd080 .scope module, "u_lb" "xpm_memory_sdpram" 6 174, 7 16 0, S_0x902cfcf00;
 .timescale -9 -12;
    .port_info 0 /INPUT 1 "clka";
    .port_info 1 /INPUT 1 "ena";
    .port_info 2 /INPUT 1 "wea";
    .port_info 3 /INPUT 32 "addra";
    .port_info 4 /INPUT 8 "dina";
    .port_info 5 /INPUT 1 "clkb";
    .port_info 6 /INPUT 1 "enb";
    .port_info 7 /INPUT 32 "addrb";
    .port_info 8 /OUTPUT 8 "doutb";
P_0x903118400 .param/l "DEPTH" 1 7 35, +C4<000000000000000000000000000000000000000000000000000000000000000000000000000000000000000000000000000000000000000000000000000000000000000000000000000000000010000000>;
P_0x903118440 .param/str "MEMORY_PRIMITIVE" 0 7 18, "auto";
P_0x903118480 .param/l "MEMORY_SIZE" 0 7 17, +C4<000000000000000000000000000000000000000000000000000000000000000000000000000000000000000000000000000000000000000000000000000000000000000000000000000000010000000000>;
P_0x9031184c0 .param/l "READ_DATA_WIDTH_B" 0 7 20, +C4<00000000000000000000000000001000>;
P_0x903118500 .param/l "READ_LATENCY_B" 0 7 21, +C4<00000000000000000000000000000001>;
P_0x903118540 .param/l "SIM_ASSERT_CHK" 0 7 23, +C4<00000000000000000000000000000000>;
P_0x903118580 .param/l "WRITE_DATA_WIDTH_A" 0 7 19, +C4<00000000000000000000000000001000>;
P_0x9031185c0 .param/str "WRITE_MODE_A" 0 7 22, "no_change";
v0x90311c0a0_0 .array/port v0x90311c0a0, 0;
L_0x9030ccee0 .functor BUFZ 8, v0x90311c0a0_0, C4<00000000>, C4<00000000>, C4<00000000>;
v0x903117980_0 .net "addra", 31 0, L_0x9030b7020;  1 drivers
v0x903117a20_0 .net "addrb", 31 0, L_0x9030b70c0;  1 drivers
v0x903117ac0_0 .net "clka", 0 0, v0x9031268a0_0;  alias, 1 drivers
v0x903117b60_0 .net "clkb", 0 0, v0x9031268a0_0;  alias, 1 drivers
v0x903117c00_0 .net "dina", 7 0, L_0x902ccc6e0;  alias, 1 drivers
v0x903117ca0_0 .net "doutb", 7 0, L_0x9030ccee0;  alias, 1 drivers
L_0x902879768 .functor BUFT 1, C4<1>, C4<0>, C4<0>, C4<0>;
v0x903117d40_0 .net "ena", 0 0, L_0x902879768;  1 drivers
L_0x9028797f8 .functor BUFT 1, C4<1>, C4<0>, C4<0>, C4<0>;
v0x903117de0_0 .net "enb", 0 0, L_0x9028797f8;  1 drivers
v0x903117e80_0 .var/i "i", 31 0;
v0x903117f20_0 .var/i "k", 31 0;
v0x90311c000 .array "mem", 127 0, 7 0;
v0x90311c0a0 .array "pipe", 3 0, 7 0;
v0x90311c140_0 .net "wea", 0 0, L_0x902d14230;  alias, 1 drivers
S_0x902cfd200 .scope begin, "watcher" "watcher" 3 221, 3 221 0, S_0x10119f480;
 .timescale -9 -12;
    .scope S_0x1011a65b0;
T_6 ;
    %wait E_0x902cd8680;
    %load/vec4 v0x903110960_0;
    %nor/r;
    %flag_set/vec4 8;
    %jmp/0xz  T_6.0, 8;
    %pushi/vec4 0, 0, 13;
    %assign/vec4 v0x9031108c0_0, 0;
    %pushi/vec4 0, 0, 2;
    %assign/vec4 v0x903110280_0, 0;
    %pushi/vec4 0, 0, 8;
    %assign/vec4 v0x9031105a0_0, 0;
    %jmp T_6.1;
T_6.0 ;
    %load/vec4 v0x903110500_0;
    %flag_set/vec4 9;
    %flag_get/vec4 9;
    %jmp/0 T_6.4, 9;
    %load/vec4 v0x9031106e0_0;
    %and;
T_6.4;
    %flag_set/vec4 8;
    %jmp/0xz  T_6.2, 8;
    %load/vec4 v0x9031103c0_0;
    %assign/vec4 v0x9031105a0_0, 0;
    %load/vec4 v0x9031108c0_0;
    %pad/u 130;
    %cmpi/e 127, 0, 130;
    %jmp/0xz  T_6.5, 4;
    %pushi/vec4 0, 0, 13;
    %assign/vec4 v0x9031108c0_0, 0;
    %pushi/vec4 3, 0, 2;
    %assign/vec4 v0x903110280_0, 0;
    %jmp T_6.6;
T_6.5 ;
    %load/vec4 v0x9031108c0_0;
    %addi 1, 0, 13;
    %assign/vec4 v0x9031108c0_0, 0;
T_6.6 ;
    %jmp T_6.3;
T_6.2 ;
    %load/vec4 v0x903110280_0;
    %cmpi/ne 0, 0, 2;
    %jmp/0xz  T_6.7, 4;
    %load/vec4 v0x903110280_0;
    %subi 1, 0, 2;
    %assign/vec4 v0x903110280_0, 0;
T_6.7 ;
T_6.3 ;
T_6.1 ;
    %jmp T_6;
    .thread T_6;
    .scope S_0x1011a65b0;
T_7 ;
    %wait E_0x902cd8680;
    %load/vec4 v0x903110960_0;
    %nor/r;
    %flag_set/vec4 8;
    %jmp/0xz  T_7.0, 8;
    %pushi/vec4 0, 0, 32;
    %store/vec4 v0x903110320_0, 0, 32;
T_7.2 ; Top of for-loop
    %load/vec4 v0x903110320_0;
    %cmpi/s 7, 0, 32;
	  %jmp/0xz T_7.3, 5;
    %pushi/vec4 0, 0, 8;
    %ix/getv/s 3, v0x903110320_0;
    %ix/load 4, 0, 0; Constant delay
    %assign/vec4/a/d v0x903110aa0, 0, 4;
T_7.4 ; for-loop step statement
    %load/vec4 v0x903110320_0;
    %addi 1, 0, 32;
    %store/vec4 v0x903110320_0, 0, 32;
    %jmp T_7.2;
T_7.3 ; for-loop exit label
    %jmp T_7.1;
T_7.0 ;
    %load/vec4 v0x903111180_0;
    %flag_set/vec4 8;
    %jmp/0xz  T_7.5, 8;
    %load/vec4 v0x903111220_0;
    %flag_set/vec4 8;
    %jmp/0xz  T_7.7, 8;
    %pushi/vec4 0, 0, 32;
    %store/vec4 v0x903110320_0, 0, 32;
T_7.9 ; Top of for-loop
    %load/vec4 v0x903110320_0;
    %cmpi/s 7, 0, 32;
	  %jmp/0xz T_7.10, 5;
    %load/vec4 v0x9031110e0_0;
    %ix/getv/s 3, v0x903110320_0;
    %ix/load 4, 0, 0; Constant delay
    %assign/vec4/a/d v0x903110aa0, 0, 4;
T_7.11 ; for-loop step statement
    %load/vec4 v0x903110320_0;
    %addi 1, 0, 32;
    %store/vec4 v0x903110320_0, 0, 32;
    %jmp T_7.9;
T_7.10 ; for-loop exit label
    %jmp T_7.8;
T_7.7 ;
    %pushi/vec4 0, 0, 32;
    %store/vec4 v0x903110320_0, 0, 32;
T_7.12 ; Top of for-loop
    %load/vec4 v0x903110320_0;
    %cmpi/s 6, 0, 32;
	  %jmp/0xz T_7.13, 5;
    %load/vec4 v0x903110320_0;
    %addi 1, 0, 32;
    %ix/vec4/s 4;
    %load/vec4a v0x903110aa0, 4;
    %ix/getv/s 3, v0x903110320_0;
    %ix/load 4, 0, 0; Constant delay
    %assign/vec4/a/d v0x903110aa0, 0, 4;
T_7.14 ; for-loop step statement
    %load/vec4 v0x903110320_0;
    %addi 1, 0, 32;
    %store/vec4 v0x903110320_0, 0, 32;
    %jmp T_7.12;
T_7.13 ; for-loop exit label
    %load/vec4 v0x9031110e0_0;
    %ix/load 3, 6, 0;
    %flag_set/imm 4, 0;
    %ix/load 4, 0, 0; Constant delay
    %assign/vec4/a/d v0x903110aa0, 0, 4;
T_7.8 ;
T_7.5 ;
T_7.1 ;
    %jmp T_7;
    .thread T_7;
    .scope S_0x1011a65b0;
T_8 ;
    %wait E_0x902cd8680;
    %load/vec4 v0x903110960_0;
    %nor/r;
    %flag_set/vec4 8;
    %jmp/0xz  T_8.0, 8;
    %pushi/vec4 0, 0, 14;
    %assign/vec4 v0x903110a00_0, 0;
    %pushi/vec4 0, 0, 1;
    %assign/vec4 v0x903110b40_0, 0;
    %pushi/vec4 0, 0, 1;
    %assign/vec4 v0x903110be0_0, 0;
    %jmp T_8.1;
T_8.0 ;
    %load/vec4 v0x9031112c0_0;
    %assign/vec4 v0x903110a00_0, 0;
    %load/vec4 v0x903111180_0;
    %assign/vec4 v0x903110b40_0, 0;
    %load/vec4 v0x903110b40_0;
    %assign/vec4 v0x903110be0_0, 0;
T_8.1 ;
    %jmp T_8;
    .thread T_8;
    .scope S_0x1011a65b0;
T_9 ;
    %wait E_0x902cd8680;
    %load/vec4 v0x903110960_0;
    %nor/r;
    %flag_set/vec4 8;
    %jmp/0xz  T_9.0, 8;
    %pushi/vec4 0, 0, 13;
    %assign/vec4 v0x903110f00_0, 0;
    %jmp T_9.1;
T_9.0 ;
    %load/vec4 v0x903111180_0;
    %flag_set/vec4 8;
    %jmp/0xz  T_9.2, 8;
    %load/vec4 v0x903111220_0;
    %flag_set/vec4 8;
    %jmp/0xz  T_9.4, 8;
    %pushi/vec4 0, 0, 13;
    %assign/vec4 v0x903110f00_0, 0;
    %jmp T_9.5;
T_9.4 ;
    %load/vec4 v0x903110f00_0;
    %addi 1, 0, 13;
    %assign/vec4 v0x903110f00_0, 0;
T_9.5 ;
T_9.2 ;
T_9.1 ;
    %jmp T_9;
    .thread T_9;
    .scope S_0x1011a65b0;
T_10 ;
    %wait E_0x902cd8680;
    %load/vec4 v0x903110960_0;
    %nor/r;
    %flag_set/vec4 8;
    %jmp/0xz  T_10.0, 8;
    %pushi/vec4 0, 0, 13;
    %assign/vec4 v0x903110fa0_0, 0;
    %pushi/vec4 0, 0, 13;
    %assign/vec4 v0x903111040_0, 0;
    %jmp T_10.1;
T_10.0 ;
    %load/vec4 v0x903110f00_0;
    %assign/vec4 v0x903110fa0_0, 0;
    %load/vec4 v0x903110fa0_0;
    %assign/vec4 v0x903111040_0, 0;
T_10.1 ;
    %jmp T_10;
    .thread T_10;
    .scope S_0x902cfc180;
T_11 ;
    %pushi/vec4 0, 0, 32;
    %store/vec4 v0x903111a40_0, 0, 32;
T_11.0 ; Top of for-loop
    %load/vec4 v0x903111a40_0;
    %pad/s 162;
    %cmpi/s 128, 0, 162;
	  %jmp/0xz T_11.1, 5;
    %pushi/vec4 0, 0, 8;
    %ix/getv/s 4, v0x903111a40_0;
    %store/vec4a v0x903111b80, 4, 0;
T_11.2 ; for-loop step statement
    %load/vec4 v0x903111a40_0;
    %addi 1, 0, 32;
    %store/vec4 v0x903111a40_0, 0, 32;
    %jmp T_11.0;
T_11.1 ; for-loop exit label
    %end;
    .thread T_11;
    .scope S_0x902cfc180;
T_12 ;
    %wait E_0x902cd8540;
    %load/vec4 v0x903111900_0;
    %flag_set/vec4 9;
    %flag_get/vec4 9;
    %jmp/0 T_12.2, 9;
    %load/vec4 v0x903111cc0_0;
    %and;
T_12.2;
    %flag_set/vec4 8;
    %jmp/0xz  T_12.0, 8;
    %load/vec4 v0x9031117c0_0;
    %ix/getv 3, v0x903111540_0;
    %ix/load 4, 0, 0; Constant delay
    %assign/vec4/a/d v0x903111b80, 0, 4;
T_12.0 ;
    %jmp T_12;
    .thread T_12;
    .scope S_0x902cfc180;
T_13 ;
    %wait E_0x902cd8540;
    %load/vec4 v0x9031119a0_0;
    %flag_set/vec4 8;
    %jmp/0xz  T_13.0, 8;
    %ix/getv 4, v0x9031115e0_0;
    %load/vec4a v0x903111b80, 4;
    %ix/load 3, 0, 0;
    %flag_set/imm 4, 0;
    %ix/load 4, 0, 0; Constant delay
    %assign/vec4/a/d v0x903111c20, 0, 4;
    %pushi/vec4 1, 0, 32;
    %store/vec4 v0x903111ae0_0, 0, 32;
T_13.2 ; Top of for-loop
    %load/vec4 v0x903111ae0_0;
    %cmpi/s 1, 0, 32;
    %flag_get/vec4 5;
    %jmp/0 T_13.5, 5;
    %load/vec4 v0x903111ae0_0;
    %cmpi/s 4, 0, 32;
    %flag_get/vec4 5;
    %and;
T_13.5;
    %flag_set/vec4 8;
	  %jmp/0xz T_13.3, 8;
    %load/vec4 v0x903111ae0_0;
    %subi 1, 0, 32;
    %ix/vec4/s 4;
    %load/vec4a v0x903111c20, 4;
    %ix/getv/s 3, v0x903111ae0_0;
    %ix/load 4, 0, 0; Constant delay
    %assign/vec4/a/d v0x903111c20, 0, 4;
T_13.4 ; for-loop step statement
    %load/vec4 v0x903111ae0_0;
    %addi 1, 0, 32;
    %store/vec4 v0x903111ae0_0, 0, 32;
    %jmp T_13.2;
T_13.3 ; for-loop exit label
T_13.0 ;
    %jmp T_13;
    .thread T_13;
    .scope S_0x902cfc480;
T_14 ;
    %pushi/vec4 0, 0, 32;
    %store/vec4 v0x903112e40_0, 0, 32;
T_14.0 ; Top of for-loop
    %load/vec4 v0x903112e40_0;
    %pad/s 162;
    %cmpi/s 128, 0, 162;
	  %jmp/0xz T_14.1, 5;
    %pushi/vec4 0, 0, 8;
    %ix/getv/s 4, v0x903112e40_0;
    %store/vec4a v0x903112f80, 4, 0;
T_14.2 ; for-loop step statement
    %load/vec4 v0x903112e40_0;
    %addi 1, 0, 32;
    %store/vec4 v0x903112e40_0, 0, 32;
    %jmp T_14.0;
T_14.1 ; for-loop exit label
    %end;
    .thread T_14;
    .scope S_0x902cfc480;
T_15 ;
    %wait E_0x902cd8540;
    %load/vec4 v0x903112d00_0;
    %flag_set/vec4 9;
    %flag_get/vec4 9;
    %jmp/0 T_15.2, 9;
    %load/vec4 v0x9031130c0_0;
    %and;
T_15.2;
    %flag_set/vec4 8;
    %jmp/0xz  T_15.0, 8;
    %load/vec4 v0x903112bc0_0;
    %ix/getv 3, v0x903112940_0;
    %ix/load 4, 0, 0; Constant delay
    %assign/vec4/a/d v0x903112f80, 0, 4;
T_15.0 ;
    %jmp T_15;
    .thread T_15;
    .scope S_0x902cfc480;
T_16 ;
    %wait E_0x902cd8540;
    %load/vec4 v0x903112da0_0;
    %flag_set/vec4 8;
    %jmp/0xz  T_16.0, 8;
    %ix/getv 4, v0x9031129e0_0;
    %load/vec4a v0x903112f80, 4;
    %ix/load 3, 0, 0;
    %flag_set/imm 4, 0;
    %ix/load 4, 0, 0; Constant delay
    %assign/vec4/a/d v0x903113020, 0, 4;
    %pushi/vec4 1, 0, 32;
    %store/vec4 v0x903112ee0_0, 0, 32;
T_16.2 ; Top of for-loop
    %load/vec4 v0x903112ee0_0;
    %cmpi/s 1, 0, 32;
    %flag_get/vec4 5;
    %jmp/0 T_16.5, 5;
    %load/vec4 v0x903112ee0_0;
    %cmpi/s 4, 0, 32;
    %flag_get/vec4 5;
    %and;
T_16.5;
    %flag_set/vec4 8;
	  %jmp/0xz T_16.3, 8;
    %load/vec4 v0x903112ee0_0;
    %subi 1, 0, 32;
    %ix/vec4/s 4;
    %load/vec4a v0x903113020, 4;
    %ix/getv/s 3, v0x903112ee0_0;
    %ix/load 4, 0, 0; Constant delay
    %assign/vec4/a/d v0x903113020, 0, 4;
T_16.4 ; for-loop step statement
    %load/vec4 v0x903112ee0_0;
    %addi 1, 0, 32;
    %store/vec4 v0x903112ee0_0, 0, 32;
    %jmp T_16.2;
T_16.3 ; for-loop exit label
T_16.0 ;
    %jmp T_16;
    .thread T_16;
    .scope S_0x902cfc780;
T_17 ;
    %pushi/vec4 0, 0, 32;
    %store/vec4 v0x903114280_0, 0, 32;
T_17.0 ; Top of for-loop
    %load/vec4 v0x903114280_0;
    %pad/s 162;
    %cmpi/s 128, 0, 162;
	  %jmp/0xz T_17.1, 5;
    %pushi/vec4 0, 0, 8;
    %ix/getv/s 4, v0x903114280_0;
    %store/vec4a v0x9031143c0, 4, 0;
T_17.2 ; for-loop step statement
    %load/vec4 v0x903114280_0;
    %addi 1, 0, 32;
    %store/vec4 v0x903114280_0, 0, 32;
    %jmp T_17.0;
T_17.1 ; for-loop exit label
    %end;
    .thread T_17;
    .scope S_0x902cfc780;
T_18 ;
    %wait E_0x902cd8540;
    %load/vec4 v0x903114140_0;
    %flag_set/vec4 9;
    %flag_get/vec4 9;
    %jmp/0 T_18.2, 9;
    %load/vec4 v0x903114500_0;
    %and;
T_18.2;
    %flag_set/vec4 8;
    %jmp/0xz  T_18.0, 8;
    %load/vec4 v0x903114000_0;
    %ix/getv 3, v0x903113d40_0;
    %ix/load 4, 0, 0; Constant delay
    %assign/vec4/a/d v0x9031143c0, 0, 4;
T_18.0 ;
    %jmp T_18;
    .thread T_18;
    .scope S_0x902cfc780;
T_19 ;
    %wait E_0x902cd8540;
    %load/vec4 v0x9031141e0_0;
    %flag_set/vec4 8;
    %jmp/0xz  T_19.0, 8;
    %ix/getv 4, v0x903113de0_0;
    %load/vec4a v0x9031143c0, 4;
    %ix/load 3, 0, 0;
    %flag_set/imm 4, 0;
    %ix/load 4, 0, 0; Constant delay
    %assign/vec4/a/d v0x903114460, 0, 4;
    %pushi/vec4 1, 0, 32;
    %store/vec4 v0x903114320_0, 0, 32;
T_19.2 ; Top of for-loop
    %load/vec4 v0x903114320_0;
    %cmpi/s 1, 0, 32;
    %flag_get/vec4 5;
    %jmp/0 T_19.5, 5;
    %load/vec4 v0x903114320_0;
    %cmpi/s 4, 0, 32;
    %flag_get/vec4 5;
    %and;
T_19.5;
    %flag_set/vec4 8;
	  %jmp/0xz T_19.3, 8;
    %load/vec4 v0x903114320_0;
    %subi 1, 0, 32;
    %ix/vec4/s 4;
    %load/vec4a v0x903114460, 4;
    %ix/getv/s 3, v0x903114320_0;
    %ix/load 4, 0, 0; Constant delay
    %assign/vec4/a/d v0x903114460, 0, 4;
T_19.4 ; for-loop step statement
    %load/vec4 v0x903114320_0;
    %addi 1, 0, 32;
    %store/vec4 v0x903114320_0, 0, 32;
    %jmp T_19.2;
T_19.3 ; for-loop exit label
T_19.0 ;
    %jmp T_19;
    .thread T_19;
    .scope S_0x902cfca80;
T_20 ;
    %pushi/vec4 0, 0, 32;
    %store/vec4 v0x903115680_0, 0, 32;
T_20.0 ; Top of for-loop
    %load/vec4 v0x903115680_0;
    %pad/s 162;
    %cmpi/s 128, 0, 162;
	  %jmp/0xz T_20.1, 5;
    %pushi/vec4 0, 0, 8;
    %ix/getv/s 4, v0x903115680_0;
    %store/vec4a v0x9031157c0, 4, 0;
T_20.2 ; for-loop step statement
    %load/vec4 v0x903115680_0;
    %addi 1, 0, 32;
    %store/vec4 v0x903115680_0, 0, 32;
    %jmp T_20.0;
T_20.1 ; for-loop exit label
    %end;
    .thread T_20;
    .scope S_0x902cfca80;
T_21 ;
    %wait E_0x902cd8540;
    %load/vec4 v0x903115540_0;
    %flag_set/vec4 9;
    %flag_get/vec4 9;
    %jmp/0 T_21.2, 9;
    %load/vec4 v0x903115900_0;
    %and;
T_21.2;
    %flag_set/vec4 8;
    %jmp/0xz  T_21.0, 8;
    %load/vec4 v0x903115400_0;
    %ix/getv 3, v0x903115180_0;
    %ix/load 4, 0, 0; Constant delay
    %assign/vec4/a/d v0x9031157c0, 0, 4;
T_21.0 ;
    %jmp T_21;
    .thread T_21;
    .scope S_0x902cfca80;
T_22 ;
    %wait E_0x902cd8540;
    %load/vec4 v0x9031155e0_0;
    %flag_set/vec4 8;
    %jmp/0xz  T_22.0, 8;
    %ix/getv 4, v0x903115220_0;
    %load/vec4a v0x9031157c0, 4;
    %ix/load 3, 0, 0;
    %flag_set/imm 4, 0;
    %ix/load 4, 0, 0; Constant delay
    %assign/vec4/a/d v0x903115860, 0, 4;
    %pushi/vec4 1, 0, 32;
    %store/vec4 v0x903115720_0, 0, 32;
T_22.2 ; Top of for-loop
    %load/vec4 v0x903115720_0;
    %cmpi/s 1, 0, 32;
    %flag_get/vec4 5;
    %jmp/0 T_22.5, 5;
    %load/vec4 v0x903115720_0;
    %cmpi/s 4, 0, 32;
    %flag_get/vec4 5;
    %and;
T_22.5;
    %flag_set/vec4 8;
	  %jmp/0xz T_22.3, 8;
    %load/vec4 v0x903115720_0;
    %subi 1, 0, 32;
    %ix/vec4/s 4;
    %load/vec4a v0x903115860, 4;
    %ix/getv/s 3, v0x903115720_0;
    %ix/load 4, 0, 0; Constant delay
    %assign/vec4/a/d v0x903115860, 0, 4;
T_22.4 ; for-loop step statement
    %load/vec4 v0x903115720_0;
    %addi 1, 0, 32;
    %store/vec4 v0x903115720_0, 0, 32;
    %jmp T_22.2;
T_22.3 ; for-loop exit label
T_22.0 ;
    %jmp T_22;
    .thread T_22;
    .scope S_0x902cfcd80;
T_23 ;
    %pushi/vec4 0, 0, 32;
    %store/vec4 v0x903116a80_0, 0, 32;
T_23.0 ; Top of for-loop
    %load/vec4 v0x903116a80_0;
    %pad/s 162;
    %cmpi/s 128, 0, 162;
	  %jmp/0xz T_23.1, 5;
    %pushi/vec4 0, 0, 8;
    %ix/getv/s 4, v0x903116a80_0;
    %store/vec4a v0x903116bc0, 4, 0;
T_23.2 ; for-loop step statement
    %load/vec4 v0x903116a80_0;
    %addi 1, 0, 32;
    %store/vec4 v0x903116a80_0, 0, 32;
    %jmp T_23.0;
T_23.1 ; for-loop exit label
    %end;
    .thread T_23;
    .scope S_0x902cfcd80;
T_24 ;
    %wait E_0x902cd8540;
    %load/vec4 v0x903116940_0;
    %flag_set/vec4 9;
    %flag_get/vec4 9;
    %jmp/0 T_24.2, 9;
    %load/vec4 v0x903116d00_0;
    %and;
T_24.2;
    %flag_set/vec4 8;
    %jmp/0xz  T_24.0, 8;
    %load/vec4 v0x903116800_0;
    %ix/getv 3, v0x903116580_0;
    %ix/load 4, 0, 0; Constant delay
    %assign/vec4/a/d v0x903116bc0, 0, 4;
T_24.0 ;
    %jmp T_24;
    .thread T_24;
    .scope S_0x902cfcd80;
T_25 ;
    %wait E_0x902cd8540;
    %load/vec4 v0x9031169e0_0;
    %flag_set/vec4 8;
    %jmp/0xz  T_25.0, 8;
    %ix/getv 4, v0x903116620_0;
    %load/vec4a v0x903116bc0, 4;
    %ix/load 3, 0, 0;
    %flag_set/imm 4, 0;
    %ix/load 4, 0, 0; Constant delay
    %assign/vec4/a/d v0x903116c60, 0, 4;
    %pushi/vec4 1, 0, 32;
    %store/vec4 v0x903116b20_0, 0, 32;
T_25.2 ; Top of for-loop
    %load/vec4 v0x903116b20_0;
    %cmpi/s 1, 0, 32;
    %flag_get/vec4 5;
    %jmp/0 T_25.5, 5;
    %load/vec4 v0x903116b20_0;
    %cmpi/s 4, 0, 32;
    %flag_get/vec4 5;
    %and;
T_25.5;
    %flag_set/vec4 8;
	  %jmp/0xz T_25.3, 8;
    %load/vec4 v0x903116b20_0;
    %subi 1, 0, 32;
    %ix/vec4/s 4;
    %load/vec4a v0x903116c60, 4;
    %ix/getv/s 3, v0x903116b20_0;
    %ix/load 4, 0, 0; Constant delay
    %assign/vec4/a/d v0x903116c60, 0, 4;
T_25.4 ; for-loop step statement
    %load/vec4 v0x903116b20_0;
    %addi 1, 0, 32;
    %store/vec4 v0x903116b20_0, 0, 32;
    %jmp T_25.2;
T_25.3 ; for-loop exit label
T_25.0 ;
    %jmp T_25;
    .thread T_25;
    .scope S_0x902cfd080;
T_26 ;
    %pushi/vec4 0, 0, 32;
    %store/vec4 v0x903117e80_0, 0, 32;
T_26.0 ; Top of for-loop
    %load/vec4 v0x903117e80_0;
    %pad/s 162;
    %cmpi/s 128, 0, 162;
	  %jmp/0xz T_26.1, 5;
    %pushi/vec4 0, 0, 8;
    %ix/getv/s 4, v0x903117e80_0;
    %store/vec4a v0x90311c000, 4, 0;
T_26.2 ; for-loop step statement
    %load/vec4 v0x903117e80_0;
    %addi 1, 0, 32;
    %store/vec4 v0x903117e80_0, 0, 32;
    %jmp T_26.0;
T_26.1 ; for-loop exit label
    %end;
    .thread T_26;
    .scope S_0x902cfd080;
T_27 ;
    %wait E_0x902cd8540;
    %load/vec4 v0x903117d40_0;
    %flag_set/vec4 9;
    %flag_get/vec4 9;
    %jmp/0 T_27.2, 9;
    %load/vec4 v0x90311c140_0;
    %and;
T_27.2;
    %flag_set/vec4 8;
    %jmp/0xz  T_27.0, 8;
    %load/vec4 v0x903117c00_0;
    %ix/getv 3, v0x903117980_0;
    %ix/load 4, 0, 0; Constant delay
    %assign/vec4/a/d v0x90311c000, 0, 4;
T_27.0 ;
    %jmp T_27;
    .thread T_27;
    .scope S_0x902cfd080;
T_28 ;
    %wait E_0x902cd8540;
    %load/vec4 v0x903117de0_0;
    %flag_set/vec4 8;
    %jmp/0xz  T_28.0, 8;
    %ix/getv 4, v0x903117a20_0;
    %load/vec4a v0x90311c000, 4;
    %ix/load 3, 0, 0;
    %flag_set/imm 4, 0;
    %ix/load 4, 0, 0; Constant delay
    %assign/vec4/a/d v0x90311c0a0, 0, 4;
    %pushi/vec4 1, 0, 32;
    %store/vec4 v0x903117f20_0, 0, 32;
T_28.2 ; Top of for-loop
    %load/vec4 v0x903117f20_0;
    %cmpi/s 1, 0, 32;
    %flag_get/vec4 5;
    %jmp/0 T_28.5, 5;
    %load/vec4 v0x903117f20_0;
    %cmpi/s 4, 0, 32;
    %flag_get/vec4 5;
    %and;
T_28.5;
    %flag_set/vec4 8;
	  %jmp/0xz T_28.3, 8;
    %load/vec4 v0x903117f20_0;
    %subi 1, 0, 32;
    %ix/vec4/s 4;
    %load/vec4a v0x90311c0a0, 4;
    %ix/getv/s 3, v0x903117f20_0;
    %ix/load 4, 0, 0; Constant delay
    %assign/vec4/a/d v0x90311c0a0, 0, 4;
T_28.4 ; for-loop step statement
    %load/vec4 v0x903117f20_0;
    %addi 1, 0, 32;
    %store/vec4 v0x903117f20_0, 0, 32;
    %jmp T_28.2;
T_28.3 ; for-loop exit label
T_28.0 ;
    %jmp T_28;
    .thread T_28;
    .scope S_0x1011a6730;
T_29 ;
    %wait E_0x902cd8680;
    %load/vec4 v0x903123840_0;
    %nor/r;
    %flag_set/vec4 8;
    %jmp/0xz  T_29.0, 8;
    %pushi/vec4 0, 0, 13;
    %assign/vec4 v0x903123340_0, 0;
    %pushi/vec4 0, 0, 13;
    %assign/vec4 v0x903123660_0, 0;
    %pushi/vec4 0, 0, 3;
    %assign/vec4 v0x903123520_0, 0;
    %pushi/vec4 0, 0, 1;
    %assign/vec4 v0x903122c60_0, 0;
    %pushi/vec4 0, 0, 1;
    %assign/vec4 v0x903122d00_0, 0;
    %pushi/vec4 0, 0, 3;
    %assign/vec4 v0x903122b20_0, 0;
    %pushi/vec4 0, 0, 3;
    %assign/vec4 v0x903122bc0_0, 0;
    %pushi/vec4 0, 0, 1;
    %assign/vec4 v0x903123020_0, 0;
    %jmp T_29.1;
T_29.0 ;
    %load/vec4 v0x903122c60_0;
    %assign/vec4 v0x903122d00_0, 0;
    %load/vec4 v0x903122b20_0;
    %assign/vec4 v0x903122bc0_0, 0;
    %load/vec4 v0x903122ee0_0;
    %flag_set/vec4 10;
    %flag_get/vec4 10;
    %jmp/0 T_29.5, 10;
    %load/vec4 v0x903122f80_0;
    %and;
T_29.5;
    %flag_set/vec4 9;
    %flag_get/vec4 9;
    %jmp/0 T_29.4, 9;
    %load/vec4 v0x903123020_0;
    %nor/r;
    %and;
T_29.4;
    %flag_set/vec4 8;
    %jmp/0xz  T_29.2, 8;
    %pushi/vec4 0, 0, 13;
    %assign/vec4 v0x903123660_0, 0;
    %pushi/vec4 0, 0, 3;
    %assign/vec4 v0x903123520_0, 0;
    %pushi/vec4 0, 0, 1;
    %assign/vec4 v0x903122c60_0, 0;
    %pushi/vec4 0, 0, 3;
    %assign/vec4 v0x903122b20_0, 0;
T_29.2 ;
    %load/vec4 v0x903122ee0_0;
    %flag_set/vec4 9;
    %flag_get/vec4 9;
    %jmp/0 T_29.8, 9;
    %load/vec4 v0x903122f80_0;
    %and;
T_29.8;
    %flag_set/vec4 8;
    %jmp/0xz  T_29.6, 8;
    %pushi/vec4 1, 0, 1;
    %assign/vec4 v0x903123020_0, 0;
T_29.6 ;
    %load/vec4 v0x903122f80_0;
    %flag_set/vec4 11;
    %flag_get/vec4 11;
    %jmp/0 T_29.13, 11;
    %load/vec4 v0x903123660_0;
    %pad/u 130;
    %pushi/vec4 127, 0, 130;
    %cmp/e;
    %flag_get/vec4 4;
    %and;
T_29.13;
    %flag_set/vec4 10;
    %flag_get/vec4 10;
    %jmp/0 T_29.12, 10;
    %load/vec4 v0x903123340_0;
    %pad/u 130;
    %pushi/vec4 127, 0, 130;
    %cmp/e;
    %flag_get/vec4 4;
    %and;
T_29.12;
    %flag_set/vec4 9;
    %flag_get/vec4 9;
    %jmp/0 T_29.11, 9;
    %load/vec4 v0x903122e40_0;
    %and;
T_29.11;
    %flag_set/vec4 8;
    %jmp/0xz  T_29.9, 8;
    %pushi/vec4 1, 0, 1;
    %assign/vec4 v0x903122c60_0, 0;
    %pushi/vec4 1, 0, 3;
    %assign/vec4 v0x903122b20_0, 0;
T_29.9 ;
    %load/vec4 v0x903122f80_0;
    %flag_set/vec4 8;
    %jmp/1 T_29.16, 8;
    %load/vec4 v0x903122c60_0;
    %flag_set/vec4 9;
    %flag_or 8, 9;
T_29.16;
    %jmp/0xz  T_29.14, 8;
    %load/vec4 v0x903123340_0;
    %pad/u 130;
    %cmpi/e 127, 0, 130;
    %jmp/0xz  T_29.17, 4;
    %pushi/vec4 0, 0, 13;
    %assign/vec4 v0x903123340_0, 0;
    %load/vec4 v0x903123660_0;
    %addi 1, 0, 13;
    %assign/vec4 v0x903123660_0, 0;
    %load/vec4 v0x903123520_0;
    %cmpi/e 5, 0, 3;
    %flag_mov 8, 4;
    %jmp/0 T_29.19, 8;
    %pushi/vec4 0, 0, 3;
    %jmp/1 T_29.20, 8;
T_29.19 ; End of true expr.
    %load/vec4 v0x903123520_0;
    %addi 1, 0, 3;
    %jmp/0 T_29.20, 8;
 ; End of false expr.
    %blend;
T_29.20;
    %assign/vec4 v0x903123520_0, 0;
    %load/vec4 v0x903122c60_0;
    %flag_set/vec4 8;
    %jmp/0xz  T_29.21, 8;
    %load/vec4 v0x903122b20_0;
    %cmpi/e 3, 0, 3;
    %jmp/0xz  T_29.23, 4;
    %pushi/vec4 0, 0, 1;
    %assign/vec4 v0x903122c60_0, 0;
    %pushi/vec4 0, 0, 1;
    %assign/vec4 v0x903123020_0, 0;
    %jmp T_29.24;
T_29.23 ;
    %load/vec4 v0x903122b20_0;
    %addi 1, 0, 3;
    %assign/vec4 v0x903122b20_0, 0;
T_29.24 ;
T_29.21 ;
    %jmp T_29.18;
T_29.17 ;
    %load/vec4 v0x903123340_0;
    %addi 1, 0, 13;
    %assign/vec4 v0x903123340_0, 0;
T_29.18 ;
T_29.14 ;
T_29.1 ;
    %jmp T_29;
    .thread T_29;
    .scope S_0x1011a6730;
T_30 ;
    %wait E_0x902cd8680;
    %load/vec4 v0x903123840_0;
    %nor/r;
    %flag_set/vec4 8;
    %jmp/0xz  T_30.0, 8;
    %pushi/vec4 0, 0, 3;
    %assign/vec4 v0x9031235c0_0, 0;
    %jmp T_30.1;
T_30.0 ;
    %load/vec4 v0x903123520_0;
    %assign/vec4 v0x9031235c0_0, 0;
T_30.1 ;
    %jmp T_30;
    .thread T_30;
    .scope S_0x1011a6730;
T_31 ;
    %wait E_0x902cd8680;
    %load/vec4 v0x903123840_0;
    %nor/r;
    %flag_set/vec4 8;
    %jmp/0xz  T_31.0, 8;
    %pushi/vec4 0, 0, 13;
    %assign/vec4 v0x9031241e0_0, 0;
    %pushi/vec4 0, 0, 8;
    %assign/vec4 v0x903122a80_0, 0;
    %jmp T_31.1;
T_31.0 ;
    %load/vec4 v0x903123340_0;
    %assign/vec4 v0x9031241e0_0, 0;
    %load/vec4 v0x903122da0_0;
    %assign/vec4 v0x903122a80_0, 0;
T_31.1 ;
    %jmp T_31;
    .thread T_31;
    .scope S_0x1011a6730;
T_32 ;
    %wait E_0x902cd8680;
    %load/vec4 v0x903123840_0;
    %nor/r;
    %flag_set/vec4 8;
    %jmp/0xz  T_32.0, 8;
    %pushi/vec4 0, 0, 1;
    %assign/vec4 v0x903124500_0, 0;
    %jmp T_32.1;
T_32.0 ;
    %load/vec4 v0x903124460_0;
    %assign/vec4 v0x903124500_0, 0;
T_32.1 ;
    %jmp T_32;
    .thread T_32;
    .scope S_0x1011a6730;
T_33 ;
    %wait E_0x902cd8680;
    %load/vec4 v0x903123840_0;
    %nor/r;
    %flag_set/vec4 8;
    %jmp/0xz  T_33.0, 8;
    %pushi/vec4 0, 0, 14;
    %assign/vec4 v0x9031238e0_0, 0;
    %pushi/vec4 0, 0, 13;
    %assign/vec4 v0x9031237a0_0, 0;
    %pushi/vec4 0, 0, 1;
    %assign/vec4 v0x903123e80_0, 0;
    %pushi/vec4 0, 0, 1;
    %assign/vec4 v0x903123de0_0, 0;
    %pushi/vec4 0, 0, 13;
    %assign/vec4 v0x903123700_0, 0;
    %pushi/vec4 0, 0, 13;
    %assign/vec4 v0x9031233e0_0, 0;
    %pushi/vec4 0, 0, 13;
    %assign/vec4 v0x903123480_0, 0;
    %jmp T_33.1;
T_33.0 ;
    %load/vec4 v0x903124a00_0;
    %assign/vec4 v0x9031238e0_0, 0;
    %load/vec4 v0x903123660_0;
    %assign/vec4 v0x9031237a0_0, 0;
    %load/vec4 v0x903122f80_0;
    %flag_set/vec4 8;
    %flag_get/vec4 8;
    %jmp/1 T_33.2, 8;
    %load/vec4 v0x903122c60_0;
    %or;
T_33.2;
    %assign/vec4 v0x903123e80_0, 0;
    %load/vec4 v0x903123e80_0;
    %assign/vec4 v0x903123de0_0, 0;
    %load/vec4 v0x9031237a0_0;
    %assign/vec4 v0x903123700_0, 0;
    %load/vec4 v0x903123340_0;
    %assign/vec4 v0x9031233e0_0, 0;
    %load/vec4 v0x9031233e0_0;
    %assign/vec4 v0x903123480_0, 0;
T_33.1 ;
    %jmp T_33;
    .thread T_33;
    .scope S_0x101190610;
T_34 ;
    %wait E_0x902cd8680;
    %load/vec4 v0x9031261c0_0;
    %nor/r;
    %flag_set/vec4 8;
    %jmp/0xz  T_34.0, 8;
    %pushi/vec4 0, 0, 13;
    %assign/vec4 v0x903126080_0, 0;
    %pushi/vec4 0, 0, 13;
    %assign/vec4 v0x903126120_0, 0;
    %jmp T_34.1;
T_34.0 ;
    %load/vec4 v0x9031266c0_0;
    %flag_set/vec4 8;
    %jmp/0xz  T_34.2, 8;
    %load/vec4 v0x903126440_0;
    %flag_set/vec4 8;
    %jmp/0xz  T_34.4, 8;
    %pushi/vec4 0, 0, 13;
    %assign/vec4 v0x903126080_0, 0;
    %pushi/vec4 0, 0, 13;
    %assign/vec4 v0x903126120_0, 0;
    %jmp T_34.5;
T_34.4 ;
    %load/vec4 v0x903126080_0;
    %pad/u 130;
    %cmpi/e 127, 0, 130;
    %jmp/0xz  T_34.6, 4;
    %pushi/vec4 0, 0, 13;
    %assign/vec4 v0x903126080_0, 0;
    %load/vec4 v0x903126120_0;
    %pad/u 130;
    %cmpi/e 127, 0, 130;
    %flag_mov 8, 4;
    %jmp/0 T_34.8, 8;
    %pushi/vec4 0, 0, 13;
    %jmp/1 T_34.9, 8;
T_34.8 ; End of true expr.
    %load/vec4 v0x903126120_0;
    %addi 1, 0, 13;
    %jmp/0 T_34.9, 8;
 ; End of false expr.
    %blend;
T_34.9;
    %assign/vec4 v0x903126120_0, 0;
    %jmp T_34.7;
T_34.6 ;
    %load/vec4 v0x903126080_0;
    %addi 1, 0, 13;
    %assign/vec4 v0x903126080_0, 0;
T_34.7 ;
T_34.5 ;
T_34.2 ;
T_34.1 ;
    %jmp T_34;
    .thread T_34;
    .scope S_0x101190610;
T_35 ;
    %wait E_0x902cd8680;
    %load/vec4 v0x9031261c0_0;
    %nor/r;
    %flag_set/vec4 8;
    %jmp/0xz  T_35.0, 8;
    %pushi/vec4 0, 0, 1;
    %assign/vec4 v0x903125900_0, 0;
    %jmp T_35.1;
T_35.0 ;
    %load/vec4 v0x9031266c0_0;
    %flag_set/vec4 9;
    %flag_get/vec4 9;
    %jmp/0 T_35.4, 9;
    %load/vec4 v0x903126440_0;
    %and;
T_35.4;
    %flag_set/vec4 8;
    %jmp/0xz  T_35.2, 8;
    %pushi/vec4 0, 0, 1;
    %assign/vec4 v0x903125900_0, 0;
    %jmp T_35.3;
T_35.2 ;
    %load/vec4 v0x9031266c0_0;
    %flag_set/vec4 9;
    %flag_get/vec4 9;
    %jmp/0 T_35.7, 9;
    %load/vec4 v0x903126120_0;
    %pad/u 130;
    %pushi/vec4 127, 0, 130;
    %cmp/e;
    %flag_get/vec4 4;
    %and;
T_35.7;
    %flag_set/vec4 8;
    %jmp/0xz  T_35.5, 8;
    %pushi/vec4 1, 0, 1;
    %assign/vec4 v0x903125900_0, 0;
T_35.5 ;
T_35.3 ;
T_35.1 ;
    %jmp T_35;
    .thread T_35;
    .scope S_0x101190610;
T_36 ;
    %wait E_0x902cd8680;
    %load/vec4 v0x9031261c0_0;
    %nor/r;
    %flag_set/vec4 8;
    %jmp/0xz  T_36.0, 8;
    %pushi/vec4 0, 0, 1;
    %assign/vec4 v0x9031257c0_0, 0;
    %jmp T_36.1;
T_36.0 ;
    %load/vec4 v0x9031266c0_0;
    %flag_set/vec4 10;
    %flag_get/vec4 10;
    %jmp/0 T_36.5, 10;
    %load/vec4 v0x903126300_0;
    %and;
T_36.5;
    %flag_set/vec4 9;
    %flag_get/vec4 9;
    %jmp/0 T_36.4, 9;
    %load/vec4 v0x903126120_0;
    %pad/u 130;
    %pushi/vec4 127, 0, 130;
    %cmp/e;
    %flag_get/vec4 4;
    %and;
T_36.4;
    %flag_set/vec4 8;
    %jmp/0xz  T_36.2, 8;
    %pushi/vec4 1, 0, 1;
    %assign/vec4 v0x9031257c0_0, 0;
    %jmp T_36.3;
T_36.2 ;
    %load/vec4 v0x9031266c0_0;
    %flag_set/vec4 9;
    %flag_get/vec4 9;
    %jmp/0 T_36.8, 9;
    %load/vec4 v0x903126440_0;
    %and;
T_36.8;
    %flag_set/vec4 8;
    %jmp/0xz  T_36.6, 8;
    %pushi/vec4 0, 0, 1;
    %assign/vec4 v0x9031257c0_0, 0;
    %jmp T_36.7;
T_36.6 ;
    %load/vec4 v0x9031257c0_0;
    %flag_set/vec4 11;
    %flag_get/vec4 11;
    %jmp/0 T_36.13, 11;
    %load/vec4 v0x903126620_0;
    %and;
T_36.13;
    %flag_set/vec4 10;
    %flag_get/vec4 10;
    %jmp/0 T_36.12, 10;
    %load/vec4 v0x903125fe0_0;
    %pad/u 130;
    %pushi/vec4 127, 0, 130;
    %cmp/e;
    %flag_get/vec4 4;
    %and;
T_36.12;
    %flag_set/vec4 9;
    %flag_get/vec4 9;
    %jmp/0 T_36.11, 9;
    %load/vec4 v0x903125f40_0;
    %pad/u 130;
    %pushi/vec4 127, 0, 130;
    %cmp/e;
    %flag_get/vec4 4;
    %and;
T_36.11;
    %flag_set/vec4 8;
    %jmp/0xz  T_36.9, 8;
    %pushi/vec4 0, 0, 1;
    %assign/vec4 v0x9031257c0_0, 0;
T_36.9 ;
T_36.7 ;
T_36.3 ;
T_36.1 ;
    %jmp T_36;
    .thread T_36;
    .scope S_0x101190610;
T_37 ;
    %wait E_0x902cd8540;
    %load/vec4 v0x9031266c0_0;
    %flag_set/vec4 10;
    %flag_get/vec4 10;
    %jmp/0 T_37.3, 10;
    %load/vec4 v0x903126300_0;
    %and;
T_37.3;
    %flag_set/vec4 9;
    %flag_get/vec4 9;
    %jmp/0 T_37.2, 9;
    %load/vec4 v0x903126080_0;
    %pad/u 130;
    %pushi/vec4 126, 0, 130;
    %cmp/ne;
    %flag_get/vec4 4;
    %and;
T_37.2;
    %flag_set/vec4 8;
    %jmp/0xz  T_37.0, 8;
    %vpi_call/w 4 134 "$warning", "ALG1: tlast off row-end (pix_cnt=%0d exp=%0d)", v0x903126080_0, 130'sb0000000000000000000000000000000000000000000000000000000000000000000000000000000000000000000000000000000000000000000000000001111110 {0 0 0};
T_37.0 ;
    %jmp T_37;
    .thread T_37;
    .scope S_0x101190610;
T_38 ;
    %wait E_0x902cd8680;
    %load/vec4 v0x9031261c0_0;
    %nor/r;
    %flag_set/vec4 8;
    %jmp/0xz  T_38.0, 8;
    %pushi/vec4 0, 0, 13;
    %assign/vec4 v0x903125fe0_0, 0;
    %pushi/vec4 0, 0, 13;
    %assign/vec4 v0x903125f40_0, 0;
    %jmp T_38.1;
T_38.0 ;
    %load/vec4 v0x903126620_0;
    %flag_set/vec4 8;
    %jmp/0xz  T_38.2, 8;
    %load/vec4 v0x903125f40_0;
    %pad/u 130;
    %cmpi/e 127, 0, 130;
    %jmp/0xz  T_38.4, 4;
    %pushi/vec4 0, 0, 13;
    %assign/vec4 v0x903125f40_0, 0;
    %load/vec4 v0x903125fe0_0;
    %pad/u 130;
    %cmpi/e 127, 0, 130;
    %flag_mov 8, 4;
    %jmp/0 T_38.6, 8;
    %pushi/vec4 0, 0, 13;
    %jmp/1 T_38.7, 8;
T_38.6 ; End of true expr.
    %load/vec4 v0x903125fe0_0;
    %addi 1, 0, 13;
    %jmp/0 T_38.7, 8;
 ; End of false expr.
    %blend;
T_38.7;
    %assign/vec4 v0x903125fe0_0, 0;
    %jmp T_38.5;
T_38.4 ;
    %load/vec4 v0x903125f40_0;
    %addi 1, 0, 13;
    %assign/vec4 v0x903125f40_0, 0;
T_38.5 ;
T_38.2 ;
T_38.1 ;
    %jmp T_38;
    .thread T_38;
    .scope S_0x10119f480;
T_39 ;
    %pushi/vec4 0, 0, 1;
    %store/vec4 v0x9031268a0_0, 0, 1;
    %pushi/vec4 0, 0, 1;
    %store/vec4 v0x903127160_0, 0, 1;
    %pushi/vec4 0, 0, 1;
    %store/vec4 v0x903127480_0, 0, 1;
    %pushi/vec4 0, 0, 8;
    %store/vec4 v0x903127200_0, 0, 8;
    %pushi/vec4 0, 0, 1;
    %store/vec4 v0x9031273e0_0, 0, 1;
    %pushi/vec4 0, 0, 1;
    %store/vec4 v0x9031272a0_0, 0, 1;
    %pushi/vec4 0, 0, 32;
    %store/vec4 v0x903126940_0, 0, 32;
    %pushi/vec4 0, 0, 32;
    %store/vec4 v0x9031275c0_0, 0, 32;
    %pushi/vec4 0, 0, 32;
    %store/vec4 v0x9031270c0_0, 0, 32;
    %pushi/vec4 0, 0, 32;
    %store/vec4 v0x903126f80_0, 0, 32;
    %pushi/vec4 0, 0, 32;
    %store/vec4 v0x903127020_0, 0, 32;
    %pushi/vec4 0, 0, 32;
    %store/vec4 v0x903127520_0, 0, 32;
    %end;
    .thread T_39, $init;
    .scope S_0x10119f480;
T_40 ;
    %delay 5000, 0;
    %load/vec4 v0x9031268a0_0;
    %inv;
    %store/vec4 v0x9031268a0_0, 0, 1;
    %jmp T_40;
    .thread T_40;
    .scope S_0x10119f480;
T_41 ;
    %pushi/vec4 12648430, 0, 32;
    %store/vec4 v0x903126bc0_0, 0, 32;
    %pushi/vec4 0, 0, 32;
    %store/vec4 v0x903126b20_0, 0, 32;
T_41.0 ; Top of for-loop
    %load/vec4 v0x903126b20_0;
    %pad/s 260;
    %cmpi/s 32768, 0, 260;
	  %jmp/0xz T_41.1, 5;
    %callf/vec4 TD_tb_sbm_alg1_gaussian.lcg_next, S_0x10119e850;
    %store/vec4 v0x903126c60_0, 0, 32;
    %load/vec4 v0x903126c60_0;
    %parti/s 8, 8, 5;
    %ix/getv/s 4, v0x903126b20_0;
    %store/vec4a v0x903126a80, 4, 0;
T_41.2 ; for-loop step statement
    %load/vec4 v0x903126b20_0;
    %addi 1, 0, 32;
    %store/vec4 v0x903126b20_0, 0, 32;
    %jmp T_41.0;
T_41.1 ; for-loop exit label
    %end;
    .thread T_41;
    .scope S_0x10119f480;
T_42 ;
    %pushi/vec4 2, 0, 32;
    %ix/load 4, 0, 0;
    %flag_set/imm 4, 0;
    %store/vec4a v0x903126800, 4, 0;
    %pushi/vec4 7, 0, 32;
    %ix/load 4, 1, 0;
    %flag_set/imm 4, 0;
    %store/vec4a v0x903126800, 4, 0;
    %pushi/vec4 14, 0, 32;
    %ix/load 4, 2, 0;
    %flag_set/imm 4, 0;
    %store/vec4a v0x903126800, 4, 0;
    %pushi/vec4 18, 0, 32;
    %ix/load 4, 3, 0;
    %flag_set/imm 4, 0;
    %store/vec4a v0x903126800, 4, 0;
    %pushi/vec4 14, 0, 32;
    %ix/load 4, 4, 0;
    %flag_set/imm 4, 0;
    %store/vec4a v0x903126800, 4, 0;
    %pushi/vec4 7, 0, 32;
    %ix/load 4, 5, 0;
    %flag_set/imm 4, 0;
    %store/vec4a v0x903126800, 4, 0;
    %pushi/vec4 2, 0, 32;
    %ix/load 4, 6, 0;
    %flag_set/imm 4, 0;
    %store/vec4a v0x903126800, 4, 0;
    %end;
    .thread T_42;
    .scope S_0x10119f480;
T_43 ;
    %wait E_0x902cd8540;
    %load/vec4 v0x903127160_0;
    %flag_set/vec4 9;
    %flag_get/vec4 9;
    %jmp/0 T_43.2, 9;
    %load/vec4 v0x903126ee0_0;
    %and;
T_43.2;
    %flag_set/vec4 8;
    %jmp/0xz  T_43.0, 8;
    %load/vec4 v0x903126e40_0;
    %load/vec4 v0x9031270c0_0;
    %cmpi/e 0, 0, 32;
    %flag_get/vec4 4;
    %jmp/0 T_43.5, 4;
    %load/vec4 v0x903126f80_0;
    %pushi/vec4 0, 0, 32;
    %cmp/e;
    %flag_get/vec4 4;
    %and;
T_43.5;
    %cmp/ne;
    %jmp/0xz  T_43.3, 6;
    %load/vec4 v0x903126940_0;
    %addi 1, 0, 32;
    %store/vec4 v0x903126940_0, 0, 32;
    %load/vec4 v0x903126940_0;
    %cmpi/s 10, 0, 32;
    %flag_or 5, 4;
    %jmp/0xz  T_43.6, 5;
    %load/vec4 v0x9031270c0_0;
    %cmpi/e 0, 0, 32;
    %flag_get/vec4 4;
    %jmp/0 T_43.8, 4;
    %load/vec4 v0x903126f80_0;
    %pushi/vec4 0, 0, 32;
    %cmp/e;
    %flag_get/vec4 4;
    %and;
T_43.8;
    %vpi_call/w 3 177 "$display", "ERR protocol tuser @ frame=%0d row=%0d col=%0d: got=%b exp=%b", v0x903127020_0, v0x9031270c0_0, v0x903126f80_0, v0x903126e40_0, S<0,vec4,u1> {1 0 0};
T_43.6 ;
T_43.3 ;
    %load/vec4 v0x903126da0_0;
    %load/vec4 v0x903126f80_0;
    %pad/s 130;
    %pushi/vec4 127, 0, 130;
    %cmp/e;
    %flag_get/vec4 4;
    %cmp/ne;
    %jmp/0xz  T_43.9, 6;
    %load/vec4 v0x903126940_0;
    %addi 1, 0, 32;
    %store/vec4 v0x903126940_0, 0, 32;
    %load/vec4 v0x903126940_0;
    %cmpi/s 10, 0, 32;
    %flag_or 5, 4;
    %jmp/0xz  T_43.11, 5;
    %load/vec4 v0x903126f80_0;
    %pad/s 130;
    %pushi/vec4 127, 0, 130;
    %cmp/e;
    %flag_get/vec4 4;
    %vpi_call/w 3 183 "$display", "ERR protocol tlast @ frame=%0d row=%0d col=%0d: got=%b exp=%b", v0x903127020_0, v0x9031270c0_0, v0x903126f80_0, v0x903126da0_0, S<0,vec4,u1> {1 0 0};
T_43.11 ;
T_43.9 ;
    %load/vec4 v0x903127020_0;
    %load/vec4 v0x9031270c0_0;
    %load/vec4 v0x903126f80_0;
    %store/vec4 v0x9030d0280_0, 0, 32;
    %store/vec4 v0x9030d0500_0, 0, 32;
    %store/vec4 v0x9030d0320_0, 0, 32;
    %callf/vec4 TD_tb_sbm_alg1_gaussian.gg, S_0x101199660;
    %store/vec4 v0x9031269e0_0, 0, 32;
    %load/vec4 v0x903126d00_0;
    %load/vec4 v0x9031269e0_0;
    %parti/s 8, 0, 2;
    %cmp/ne;
    %jmp/0xz  T_43.13, 6;
    %load/vec4 v0x903126940_0;
    %addi 1, 0, 32;
    %store/vec4 v0x903126940_0, 0, 32;
    %load/vec4 v0x903126940_0;
    %cmpi/s 10, 0, 32;
    %flag_or 5, 4;
    %jmp/0xz  T_43.15, 5;
    %vpi_call/w 3 191 "$display", "ERR pixel @ frame=%0d row=%0d col=%0d: got=%0d exp=%0d", v0x903127020_0, v0x9031270c0_0, v0x903126f80_0, v0x903126d00_0, v0x9031269e0_0 {0 0 0};
T_43.15 ;
T_43.13 ;
    %load/vec4 v0x9031275c0_0;
    %addi 1, 0, 32;
    %store/vec4 v0x9031275c0_0, 0, 32;
    %load/vec4 v0x903126f80_0;
    %pad/s 130;
    %cmpi/e 127, 0, 130;
    %jmp/0xz  T_43.17, 4;
    %pushi/vec4 0, 0, 32;
    %store/vec4 v0x903126f80_0, 0, 32;
    %load/vec4 v0x9031270c0_0;
    %pad/s 130;
    %cmpi/e 127, 0, 130;
    %jmp/0xz  T_43.19, 4;
    %pushi/vec4 0, 0, 32;
    %store/vec4 v0x9031270c0_0, 0, 32;
    %load/vec4 v0x903127020_0;
    %addi 1, 0, 32;
    %store/vec4 v0x903127020_0, 0, 32;
    %jmp T_43.20;
T_43.19 ;
    %load/vec4 v0x9031270c0_0;
    %addi 1, 0, 32;
    %store/vec4 v0x9031270c0_0, 0, 32;
T_43.20 ;
    %jmp T_43.18;
T_43.17 ;
    %load/vec4 v0x903126f80_0;
    %addi 1, 0, 32;
    %store/vec4 v0x903126f80_0, 0, 32;
T_43.18 ;
T_43.0 ;
    %jmp T_43;
    .thread T_43;
    .scope S_0x10119f480;
T_44 ;
    %pushi/vec4 0, 0, 1;
    %store/vec4 v0x903127160_0, 0, 1;
    %pushi/vec4 10, 0, 32;
T_44.0 %dup/vec4;
    %cmpi/s 0, 0, 32;
    %jmp/1xz T_44.1, 5;
    %jmp/1 T_44.1, 4;
    %subi 1, 0, 32;
    %wait E_0x902cd8540;
    %jmp T_44.0;
T_44.1 ;
    %pop/vec4 1;
    %pushi/vec4 1, 0, 1;
    %store/vec4 v0x903127160_0, 0, 1;
    %pushi/vec4 0, 0, 32;
    %store/vec4 v0x9030d14a0_0, 0, 32;
    %pushi/vec4 1, 0, 32;
    %store/vec4 v0x9030d1540_0, 0, 32;
    %fork TD_tb_sbm_alg1_gaussian.send_frame, S_0x10119da40;
    %join;
    %fork t_1, S_0x10119f480;
    %fork t_2, S_0x10119f480;
    %join;
    %join;
    %jmp t_0;
t_1 ;
    %pushi/vec4 1, 0, 32;
    %store/vec4 v0x9030d14a0_0, 0, 32;
    %pushi/vec4 0, 0, 32;
    %store/vec4 v0x9030d1540_0, 0, 32;
    %fork TD_tb_sbm_alg1_gaussian.send_frame, S_0x10119da40;
    %join;
    %end;
t_2 ;
    %fork t_4, S_0x902cfd200;
    %jmp t_3;
    .scope S_0x902cfd200;
t_4 ;
T_44.2 ;
    %load/vec4 v0x903127020_0;
    %cmpi/s 1, 0, 32;
    %jmp/0xz T_44.3, 5;
    %wait E_0x902cd8540;
    %load/vec4 v0x903127480_0;
    %flag_set/vec4 9;
    %flag_get/vec4 9;
    %jmp/0 T_44.6, 9;
    %load/vec4 v0x903127340_0;
    %nor/r;
    %and;
T_44.6;
    %flag_set/vec4 8;
    %jmp/0xz  T_44.4, 8;
    %pushi/vec4 1, 0, 32;
    %store/vec4 v0x903127520_0, 0, 32;
T_44.4 ;
    %jmp T_44.2;
T_44.3 ;
    %end;
    .scope S_0x10119f480;
t_3 %join;
    %end;
    .scope S_0x10119f480;
t_0 ;
    %pushi/vec4 1224, 0, 130;
T_44.7 %dup/vec4;
    %cmpi/s 0, 0, 130;
    %jmp/1xz T_44.8, 5;
    %jmp/1 T_44.8, 4;
    %subi 1, 0, 130;
    %wait E_0x902cd8540;
    %jmp T_44.7;
T_44.8 ;
    %pop/vec4 1;
    %load/vec4 v0x9031275c0_0;
    %pad/s 260;
    %cmpi/ne 32768, 0, 260;
    %jmp/0xz  T_44.9, 6;
    %vpi_call/w 3 233 "$display", "ERR output count: got=%0d exp=%0d", v0x9031275c0_0, 260'sb00000000000000000000000000000000000000000000000000000000000000000000000000000000000000000000000000000000000000000000000000000000000000000000000000000000000000000000000000000000000000000000000000000000000000000000000000000000000000000000000000001000000000000000 {0 0 0};
    %load/vec4 v0x903126940_0;
    %addi 1, 0, 32;
    %store/vec4 v0x903126940_0, 0, 32;
T_44.9 ;
    %load/vec4 v0x903127520_0;
    %nor/r;
    %flag_set/vec4 8;
    %jmp/0xz  T_44.11, 8;
    %vpi_call/w 3 237 "$display", "WARN: frame-2 backpressure window never observed (tready never deasserted while tvalid held)" {0 0 0};
T_44.11 ;
    %load/vec4 v0x903126940_0;
    %cmpi/e 0, 0, 32;
    %flag_get/vec4 4;
    %jmp/0 T_44.15, 4;
    %load/vec4 v0x9031275c0_0;
    %pad/s 260;
    %pushi/vec4 32768, 0, 260;
    %cmp/e;
    %flag_get/vec4 4;
    %and;
T_44.15;
    %flag_set/vec4 8;
    %jmp/0xz  T_44.13, 8;
    %vpi_call/w 3 240 "$display", "PASS: %0d pixels matched, protocol clean, backpressure observed=%0b", v0x9031275c0_0, v0x903127520_0 {0 0 0};
    %jmp T_44.14;
T_44.13 ;
    %vpi_call/w 3 242 "$display", "FAIL: err=%0d total=%0d (exp %0d)", v0x903126940_0, v0x9031275c0_0, 260'sb00000000000000000000000000000000000000000000000000000000000000000000000000000000000000000000000000000000000000000000000000000000000000000000000000000000000000000000000000000000000000000000000000000000000000000000000000000000000000000000000000001000000000000000 {0 0 0};
T_44.14 ;
    %vpi_call/w 3 243 "$finish" {0 0 0};
    %end;
    .thread T_44;
    .scope S_0x10119f480;
T_45 ;
    %delay 1345294336, 9;
    %vpi_call/w 3 249 "$display", "FAIL: TIMEOUT (simulation watchdog)" {0 0 0};
    %vpi_call/w 3 250 "$finish" {0 0 0};
    %end;
    .thread T_45;
# The file index is used to find the file name in the following table.
:file_names 8;
    "N/A";
    "<interactive>";
    "-";
    "tb_sbm_alg1_gaussian.v";
    "./sbm_alg1_gaussian.v";
    "sbm_gauss_h.v";
    "sbm_gauss_v.v";
    "xpm_memory_sdpram_beh.v";
